ISO-10303-21;
HEADER;
FILE_DESCRIPTION (( 'STEP AP214' ),
    '1' );
FILE_NAME ('MSS5131.STEP',
    '2026-06-03T12:03:42',
    ( '' ),
    ( '' ),
    'SwSTEP 2.0',
    'SolidWorks 2025',
    '' );
FILE_SCHEMA (( 'AUTOMOTIVE_DESIGN' ));
ENDSEC;

DATA;
#1 = ORIENTED_EDGE ( 'NONE', *, *, #505, .T. ) ;
#2 = VERTEX_POINT ( 'NONE', #4023 ) ;
#3 = SURFACE_STYLE_FILL_AREA ( #3659 ) ;
#4 = CARTESIAN_POINT ( 'NONE',  ( 2.299999999999998490, -0.2000000000000000111, 0.7999999999999994893 ) ) ;
#5 = CIRCLE ( 'NONE', #1687, 0.05000000000000007216 ) ;
#6 = SURFACE_STYLE_USAGE ( .BOTH. , #3322 ) ;
#7 =( NAMED_UNIT ( * ) PLANE_ANGLE_UNIT ( ) SI_UNIT ( $, .RADIAN. ) );
#8 = ADVANCED_FACE ( 'NONE', ( #629, #2007 ), #2725, .T. ) ;
#9 = CARTESIAN_POINT ( 'NONE',  ( -0.7753024544027340426, 2.889999999999999680, -0.5016459803518490412 ) ) ;
#10 = PRESENTATION_STYLE_ASSIGNMENT (( #2345 ) ) ;
#11 = DIRECTION ( 'NONE',  ( 8.673617379884051249E-15, 0.000000000000000000, 1.000000000000000000 ) ) ;
#12 = ORIENTED_EDGE ( 'NONE', *, *, #2525, .T. ) ;
#13 = FACE_OUTER_BOUND ( 'NONE', #1164, .T. ) ;
#14 = CARTESIAN_POINT ( 'NONE',  ( 0.000000000000000000, -0.2000000000000000111, 0.000000000000000000 ) ) ;
#15 = MECHANICAL_DESIGN_GEOMETRIC_PRESENTATION_REPRESENTATION (  '', ( #3764 ), #2307 ) ;
#16 = DIRECTION ( 'NONE',  ( 0.000000000000000000, 1.000000000000000000, 0.000000000000000000 ) ) ;
#17 = CARTESIAN_POINT ( 'NONE',  ( 0.7537468413719138338, 2.889999999999999680, 0.8082131745777283438 ) ) ;
#18 = SURFACE_SIDE_STYLE ('',( #2903 ) ) ;
#19 = ORIENTED_EDGE ( 'NONE', *, *, #801, .F. ) ;
#20 = SURFACE_STYLE_FILL_AREA ( #3233 ) ;
#21 = PRESENTATION_LAYER_ASSIGNMENT (  '', '', ( #1827 ) ) ;
#22 = EDGE_CURVE ( 'NONE', #1796, #3024, #2352, .T. ) ;
#23 = COLOUR_RGB ( '',0.8000000000000000444, 0.8078431372549019773, 0.8000000000000000444 ) ;
#24 = PRESENTATION_LAYER_ASSIGNMENT (  '', '', ( #4240 ) ) ;
#25 = PLANE ( 'NONE',  #841 ) ;
#26 = CARTESIAN_POINT ( 'NONE',  ( 1.168359517428251726, 2.899999999999999911, -0.5016459803518490412 ) ) ;
#27 =( GEOMETRIC_REPRESENTATION_CONTEXT ( 3 ) GLOBAL_UNCERTAINTY_ASSIGNED_CONTEXT ( ( #1181 ) ) GLOBAL_UNIT_ASSIGNED_CONTEXT ( ( #833, #1165, #509 ) ) REPRESENTATION_CONTEXT ( 'NONE', 'WORKASPACE' ) );
#28 = FILL_AREA_STYLE_COLOUR ( '', #1211 ) ;
#29 = DIRECTION ( 'NONE',  ( 1.000000000000000000, 0.000000000000000000, 0.000000000000000000 ) ) ;
#30 = ORIENTED_EDGE ( 'NONE', *, *, #2163, .T. ) ;
#31 = EDGE_CURVE ( 'NONE', #1102, #3287, #2035, .T. ) ;
#32 = ORIENTED_EDGE ( 'NONE', *, *, #1585, .F. ) ;
#33 = SURFACE_STYLE_USAGE ( .BOTH. , #265 ) ;
#34 = STYLED_ITEM ( 'NONE', ( #1899 ), #3874 ) ;
#35 = CARTESIAN_POINT ( 'NONE',  ( -1.481801948466048735, 0.7499999999999998890, -2.188908729652603302 ) ) ;
#36 = EDGE_CURVE ( 'NONE', #3160, #1382, #51, .T. ) ;
#37 = MECHANICAL_DESIGN_GEOMETRIC_PRESENTATION_REPRESENTATION (  '', ( #3144 ), #587 ) ;
#38 = EDGE_CURVE ( 'NONE', #1993, #2190, #72, .T. ) ;
#39 = SURFACE_SIDE_STYLE ('',( #1624 ) ) ;
#40 =( GEOMETRIC_REPRESENTATION_CONTEXT ( 3 ) GLOBAL_UNCERTAINTY_ASSIGNED_CONTEXT ( ( #230 ) ) GLOBAL_UNIT_ASSIGNED_CONTEXT ( ( #4259, #2918, #949 ) ) REPRESENTATION_CONTEXT ( 'NONE', 'WORKASPACE' ) );
#41 = DIRECTION ( 'NONE',  ( 1.000000000000000000, 0.000000000000000000, 0.000000000000000000 ) ) ;
#42 = SURFACE_STYLE_USAGE ( .BOTH. , #699 ) ;
#43 = COLOUR_RGB ( '',0.8000000000000000444, 0.8078431372549019773, 0.8000000000000000444 ) ;
#44 = EDGE_CURVE ( 'NONE', #3936, #720, #3469, .T. ) ;
#45 = CARTESIAN_POINT ( 'NONE',  ( 1.552512626584702682, -0.2000000000000000111, 2.188908729652602414 ) ) ;
#46 = EDGE_CURVE ( 'NONE', #2929, #4129, #2878, .T. ) ;
#47 =( GEOMETRIC_REPRESENTATION_CONTEXT ( 3 ) GLOBAL_UNCERTAINTY_ASSIGNED_CONTEXT ( ( #3876 ) ) GLOBAL_UNIT_ASSIGNED_CONTEXT ( ( #1120, #3781, #1506 ) ) REPRESENTATION_CONTEXT ( 'NONE', 'WORKASPACE' ) );
#48 = CARTESIAN_POINT ( 'NONE',  ( 1.099999999999994538, -0.2000000000000000111, -2.299999999999999822 ) ) ;
#49 = EDGE_LOOP ( 'NONE', ( #3658, #2207, #3110, #224 ) ) ;
#50 = EDGE_CURVE ( 'NONE', #4276, #375, #2466, .T. ) ;
#51 = LINE ( 'NONE', #2705, #1473 ) ;
#52 = LINE ( 'NONE', #2999, #2552 ) ;
#53 = ADVANCED_FACE ( 'NONE', ( #4143 ), #4138, .F. ) ;
#54 = ORIENTED_EDGE ( 'NONE', *, *, #2394, .F. ) ;
#55 = FILL_AREA_STYLE_COLOUR ( '', #2454 ) ;
#56 = SURFACE_SIDE_STYLE ('',( #2042 ) ) ;
#57 = UNCERTAINTY_MEASURE_WITH_UNIT (LENGTH_MEASURE( 1.000000000000000082E-05 ), #2422, 'distance_accuracy_value', 'NONE');
#58 = CARTESIAN_POINT ( 'NONE',  ( -1.517157287525376486, 0.7146446609406724715, -2.203553390593276262 ) ) ;
#59 = CARTESIAN_POINT ( 'NONE',  ( -1.189915130459072046, 2.899999999999999911, 0.8082131745777283438 ) ) ;
#60 = ADVANCED_FACE ( 'NONE', ( #852 ), #3859, .T. ) ;
#61 = VERTEX_POINT ( 'NONE', #2981 ) ;
#62 = VERTEX_POINT ( 'NONE', #984 ) ;
#63 = DIRECTION ( 'NONE',  ( 0.7071067811865462405, -0.000000000000000000, 0.7071067811865489050 ) ) ;
#64 = DIRECTION ( 'NONE',  ( 0.9104214723748158544, 0.000000000000000000, 0.4136819341461173138 ) ) ;
#65 = VECTOR ( 'NONE', #2448, 1000.000000000000000 ) ;
#66 = SURFACE_STYLE_USAGE ( .BOTH. , #39 ) ;
#67 = LINE ( 'NONE', #2991, #1143 ) ;
#68 = PRESENTATION_STYLE_ASSIGNMENT (( #3646 ) ) ;
#69 = VERTEX_POINT ( 'NONE', #936 ) ;
#70 = MECHANICAL_DESIGN_GEOMETRIC_PRESENTATION_REPRESENTATION (  '', ( #3116 ), #263 ) ;
#71 = PRESENTATION_STYLE_ASSIGNMENT (( #2703 ) ) ;
#72 = LINE ( 'NONE', #2275, #2219 ) ;
#73 = FILL_AREA_STYLE_COLOUR ( '', #2141 ) ;
#74 = VECTOR ( 'NONE', #867, 999.9999999999998863 ) ;
#75 = CARTESIAN_POINT ( 'NONE',  ( 0.3959123343296602204, 2.899999999999999911, -0.6706600648588912916 ) ) ;
#76 = ORIENTED_EDGE ( 'NONE', *, *, #2982, .T. ) ;
#77 = CARTESIAN_POINT ( 'NONE',  ( 0.000000000000000000, 1.899999999999999689, 0.000000000000000000 ) ) ;
#78 = DIRECTION ( 'NONE',  ( 0.7071067811865462405, 0.000000000000000000, -0.7071067811865489050 ) ) ;
#79 = LINE ( 'NONE', #2441, #2164 ) ;
#80 = SURFACE_SIDE_STYLE ('',( #1409 ) ) ;
#81 = ORIENTED_EDGE ( 'NONE', *, *, #1744, .T. ) ;
#82 = VERTEX_POINT ( 'NONE', #3313 ) ;
#83 =( GEOMETRIC_REPRESENTATION_CONTEXT ( 3 ) GLOBAL_UNCERTAINTY_ASSIGNED_CONTEXT ( ( #2203 ) ) GLOBAL_UNIT_ASSIGNED_CONTEXT ( ( #2023, #3710, #394 ) ) REPRESENTATION_CONTEXT ( 'NONE', 'WORKASPACE' ) );
#84 = FILL_AREA_STYLE ('',( #1600 ) ) ;
#85 = PRESENTATION_STYLE_ASSIGNMENT (( #3904 ) ) ;
#86 = MECHANICAL_DESIGN_GEOMETRIC_PRESENTATION_REPRESENTATION (  '', ( #4093 ), #2216 ) ;
#87 = DIRECTION ( 'NONE',  ( -1.000000000000000000, -0.000000000000000000, 3.431468728516636265E-16 ) ) ;
#88 = EDGE_CURVE ( 'NONE', #840, #2821, #3652, .T. ) ;
#89 = EDGE_CURVE ( 'NONE', #720, #2890, #785, .T. ) ;
#90 = VECTOR ( 'NONE', #750, 1000.000000000000000 ) ;
#91 = LINE ( 'NONE', #1108, #3238 ) ;
#92 =( NAMED_UNIT ( * ) PLANE_ANGLE_UNIT ( ) SI_UNIT ( $, .RADIAN. ) );
#93 = SURFACE_STYLE_FILL_AREA ( #1418 ) ;
#94 = VERTEX_POINT ( 'NONE', #3629 ) ;
#95 = PRESENTATION_STYLE_ASSIGNMENT (( #1791 ) ) ;
#96 =( GEOMETRIC_REPRESENTATION_CONTEXT ( 3 ) GLOBAL_UNCERTAINTY_ASSIGNED_CONTEXT ( ( #2828 ) ) GLOBAL_UNIT_ASSIGNED_CONTEXT ( ( #342, #1305, #3343 ) ) REPRESENTATION_CONTEXT ( 'NONE', 'WORKASPACE' ) );
#97 = DIRECTION ( 'NONE',  ( -1.000000000000000000, 0.000000000000000000, 0.000000000000000000 ) ) ;
#98 = SURFACE_STYLE_USAGE ( .BOTH. , #56 ) ;
#99 = UNCERTAINTY_MEASURE_WITH_UNIT (LENGTH_MEASURE( 1.000000000000000082E-05 ), #1609, 'distance_accuracy_value', 'NONE');
#100 = EDGE_CURVE ( 'NONE', #2167, #3717, #4290, .T. ) ;
#101 = EDGE_CURVE ( 'NONE', #3698, #2929, #657, .T. ) ;
#102 = CARTESIAN_POINT ( 'NONE',  ( 1.668082731761227899, -0.2000000000000000111, 0.7999999999999992673 ) ) ;
#103 = ORIENTED_EDGE ( 'NONE', *, *, #3436, .F. ) ;
#104 = VECTOR ( 'NONE', #717, 1000.000000000000000 ) ;
#105 = EDGE_LOOP ( 'NONE', ( #4288, #1633, #1039, #1671 ) ) ;
#106 = DIRECTION ( 'NONE',  ( 0.000000000000000000, 0.000000000000000000, 1.000000000000000000 ) ) ;
#107 = VECTOR ( 'NONE', #3149, 1000.000000000000000 ) ;
#108 = PLANE ( 'NONE',  #1373 ) ;
#109 =( GEOMETRIC_REPRESENTATION_CONTEXT ( 3 ) GLOBAL_UNCERTAINTY_ASSIGNED_CONTEXT ( ( #756 ) ) GLOBAL_UNIT_ASSIGNED_CONTEXT ( ( #636, #1922, #1594 ) ) REPRESENTATION_CONTEXT ( 'NONE', 'WORKASPACE' ) );
#110 = EDGE_CURVE ( 'NONE', #4129, #1522, #2010, .T. ) ;
#111 = CARTESIAN_POINT ( 'NONE',  ( -0.4775471727125933374, 2.899999999999999911, -0.5016459803518490412 ) ) ;
#112 = FILL_AREA_STYLE_COLOUR ( '', #865 ) ;
#113 = AXIS2_PLACEMENT_3D ( 'NONE', #1659, #4265, #2004 ) ;
#114 = MECHANICAL_DESIGN_GEOMETRIC_PRESENTATION_REPRESENTATION (  '', ( #168 ), #901 ) ;
#115 = CARTESIAN_POINT ( 'NONE',  ( -2.542462120245871038, 0.7999999999999998224, -1.835355339059331792 ) ) ;
#116 =( GEOMETRIC_REPRESENTATION_CONTEXT ( 3 ) GLOBAL_UNCERTAINTY_ASSIGNED_CONTEXT ( ( #1483 ) ) GLOBAL_UNIT_ASSIGNED_CONTEXT ( ( #1669, #2017, #3052 ) ) REPRESENTATION_CONTEXT ( 'NONE', 'WORKASPACE' ) );
#117 = CARTESIAN_POINT ( 'NONE',  ( -2.300000000000001155, -0.2000000000000000111, -0.7999999999999986011 ) ) ;
#118 =( GEOMETRIC_REPRESENTATION_CONTEXT ( 3 ) GLOBAL_UNCERTAINTY_ASSIGNED_CONTEXT ( ( #2751 ) ) GLOBAL_UNIT_ASSIGNED_CONTEXT ( ( #1508, #4142, #1878 ) ) REPRESENTATION_CONTEXT ( 'NONE', 'WORKASPACE' ) );
#119 = SURFACE_STYLE_FILL_AREA ( #2745 ) ;
#120 = CARTESIAN_POINT ( 'NONE',  ( 1.999999999999999112, 0.000000000000000000, -1.999999999999999556 ) ) ;
#121 = ORIENTED_EDGE ( 'NONE', *, *, #474, .T. ) ;
#122 = DIRECTION ( 'NONE',  ( 0.000000000000000000, 0.000000000000000000, -1.000000000000000000 ) ) ;
#123 =( LENGTH_UNIT ( ) NAMED_UNIT ( * ) SI_UNIT ( .MILLI., .METRE. ) );
#124 = CARTESIAN_POINT ( 'NONE',  ( -1.552512626584704014, 0.6999999999999997335, -2.188908729652604190 ) ) ;
#125 = ORIENTED_EDGE ( 'NONE', *, *, #773, .T. ) ;
#126 = ORIENTED_EDGE ( 'NONE', *, *, #1570, .T. ) ;
#127 = FILL_AREA_STYLE_COLOUR ( '', #395 ) ;
#128 = CARTESIAN_POINT ( 'NONE',  ( 2.299999999999998490, 0.000000000000000000, -0.7999999999999994893 ) ) ;
#129 = SURFACE_STYLE_USAGE ( .BOTH. , #455 ) ;
#130 = STYLED_ITEM ( 'NONE', ( #3638 ), #1767 ) ;
#131 = AXIS2_PLACEMENT_3D ( 'NONE', #117, #2032, #2997 ) ;
#132 = AXIS2_PLACEMENT_3D ( 'NONE', #214, #3307, #2706 ) ;
#133 = EDGE_LOOP ( 'NONE', ( #1926, #638, #878, #2904 ) ) ;
#134 = MECHANICAL_DESIGN_GEOMETRIC_PRESENTATION_REPRESENTATION (  '', ( #2015 ), #1245 ) ;
#135 = DIRECTION ( 'NONE',  ( 0.000000000000000000, 0.000000000000000000, -1.000000000000000000 ) ) ;
#136 = CARTESIAN_POINT ( 'NONE',  ( 0.000000000000000000, -0.2000000000000000111, 0.000000000000000000 ) ) ;
#137 = UNCERTAINTY_MEASURE_WITH_UNIT (LENGTH_MEASURE( 1.000000000000000082E-05 ), #373, 'distance_accuracy_value', 'NONE');
#138 = MECHANICAL_DESIGN_GEOMETRIC_PRESENTATION_REPRESENTATION (  '', ( #1398 ), #2833 ) ;
#139 = DIRECTION ( 'NONE',  ( 9.486769009248187463E-16, 1.000000000000000000, -9.486769009248151965E-16 ) ) ;
#140 = ORIENTED_EDGE ( 'NONE', *, *, #673, .F. ) ;
#141 = LINE ( 'NONE', #2717, #3611 ) ;
#142 = DIRECTION ( 'NONE',  ( -0.4132170265578689605, 0.000000000000000000, 0.9106325762691961367 ) ) ;
#143 = CARTESIAN_POINT ( 'NONE',  ( 1.668082731761227899, -0.2000000000000000111, -0.7999999999999992673 ) ) ;
#144 = ORIENTED_EDGE ( 'NONE', *, *, #4077, .F. ) ;
#145 = AXIS2_PLACEMENT_3D ( 'NONE', #3897, #4258, #561 ) ;
#146 = CARTESIAN_POINT ( 'NONE',  ( -1.517157287525376486, -6.009968850885412032E-17, -2.153553390593275996 ) ) ;
#147 = AXIS2_PLACEMENT_3D ( 'NONE', #2264, #3613, #2365 ) ;
#148 = LINE ( 'NONE', #2490, #1537 ) ;
#149 = EDGE_CURVE ( 'NONE', #1790, #1082, #2280, .T. ) ;
#150 = VECTOR ( 'NONE', #3081, 1000.000000000000000 ) ;
#151 = CARTESIAN_POINT ( 'NONE',  ( 1.517157287525375375, -5.685945951914587818E-17, 2.224264068711929720 ) ) ;
#152 = ORIENTED_EDGE ( 'NONE', *, *, #2343, .F. ) ;
#153 = CARTESIAN_POINT ( 'NONE',  ( -0.4775471727125933374, 2.889999999999999680, -0.5016459803518490412 ) ) ;
#154 = CARTESIAN_POINT ( 'NONE',  ( -0.5759186515858326638, 2.889999999999999680, -0.5448898183800181538 ) ) ;
#155 = DIRECTION ( 'NONE',  ( 0.7071067811865489050, -0.000000000000000000, 0.7071067811865462405 ) ) ;
#156 = EDGE_LOOP ( 'NONE', ( #507, #1841, #1255, #3000 ) ) ;
#157 = ADVANCED_FACE ( 'NONE', ( #2655 ), #1270, .T. ) ;
#158 = CARTESIAN_POINT ( 'NONE',  ( 2.299999999999998490, 0.000000000000000000, 0.7999999999999994893 ) ) ;
#159 = VECTOR ( 'NONE', #487, 1000.000000000000114 ) ;
#160 = EDGE_LOOP ( 'NONE', ( #944, #1365, #3957 ) ) ;
#161 = FILL_AREA_STYLE ('',( #2196 ) ) ;
#162 = VERTEX_POINT ( 'NONE', #3359 ) ;
#163 = DIRECTION ( 'NONE',  ( -1.000000000000000000, 0.000000000000000000, 0.000000000000000000 ) ) ;
#164 = AXIS2_PLACEMENT_3D ( 'NONE', #932, #4244, #4221 ) ;
#165 =( LENGTH_UNIT ( ) NAMED_UNIT ( * ) SI_UNIT ( .MILLI., .METRE. ) );
#166 = DIRECTION ( 'NONE',  ( 7.666467083416884249E-17, -1.000000000000000000, -7.666467083416855899E-17 ) ) ;
#167 = ADVANCED_FACE ( 'NONE', ( #2039 ), #2357, .F. ) ;
#168 = STYLED_ITEM ( 'NONE', ( #4070 ), #3898 ) ;
#169 =( GEOMETRIC_REPRESENTATION_CONTEXT ( 3 ) GLOBAL_UNCERTAINTY_ASSIGNED_CONTEXT ( ( #3130 ) ) GLOBAL_UNIT_ASSIGNED_CONTEXT ( ( #1302, #4185, #990 ) ) REPRESENTATION_CONTEXT ( 'NONE', 'WORKASPACE' ) );
#170 = VERTEX_POINT ( 'NONE', #3404 ) ;
#171 = COLOUR_RGB ( '',0.8000000000000000444, 0.8078431372549019773, 0.8000000000000000444 ) ;
#172 = AXIS2_PLACEMENT_3D ( 'NONE', #1335, #2344, #2627 ) ;
#173 = ADVANCED_FACE ( 'NONE', ( #383 ), #1055, .T. ) ;
#174 = MECHANICAL_DESIGN_GEOMETRIC_PRESENTATION_REPRESENTATION (  '', ( #941 ), #1301 ) ;
#175 = VERTEX_POINT ( 'NONE', #4043 ) ;
#176 = PRESENTATION_STYLE_ASSIGNMENT (( #1875 ) ) ;
#177 = UNCERTAINTY_MEASURE_WITH_UNIT (LENGTH_MEASURE( 1.000000000000000082E-05 ), #1485, 'distance_accuracy_value', 'NONE');
#178 = EDGE_CURVE ( 'NONE', #733, #1410, #2065, .T. ) ;
#179 = DIRECTION ( 'NONE',  ( 0.7071067811865469066, 0.000000000000000000, -0.7071067811865482389 ) ) ;
#180 = SURFACE_SIDE_STYLE ('',( #555 ) ) ;
#181 = VERTEX_POINT ( 'NONE', #1737 ) ;
#182 = ORIENTED_EDGE ( 'NONE', *, *, #3558, .F. ) ;
#183 = FACE_OUTER_BOUND ( 'NONE', #2523, .T. ) ;
#184 = DIRECTION ( 'NONE',  ( 0.000000000000000000, 0.000000000000000000, 1.000000000000000000 ) ) ;
#185 = FACE_OUTER_BOUND ( 'NONE', #133, .T. ) ;
#186 = PLANE ( 'NONE',  #3530 ) ;
#187 = STYLED_ITEM ( 'NONE', ( #71 ), #1126 ) ;
#188 = STYLED_ITEM ( 'NONE', ( #1578 ), #1622 ) ;
#189 = ORIENTED_EDGE ( 'NONE', *, *, #2940, .T. ) ;
#190 = LINE ( 'NONE', #1517, #2198 ) ;
#191 = LINE ( 'NONE', #2513, #4017 ) ;
#192 = CARTESIAN_POINT ( 'NONE',  ( 2.399999999999999467, 0.000000000000000000, 1.199999999999999734 ) ) ;
#193 = CARTESIAN_POINT ( 'NONE',  ( 0.7537468413719138338, 2.889999999999999680, 0.8082131745777283438 ) ) ;
#194 = ORIENTED_EDGE ( 'NONE', *, *, #3713, .T. ) ;
#195 =( LENGTH_UNIT ( ) NAMED_UNIT ( * ) SI_UNIT ( .MILLI., .METRE. ) );
#196 = LINE ( 'NONE', #1252, #1834 ) ;
#197 = SURFACE_STYLE_USAGE ( .BOTH. , #3181 ) ;
#198 = DIRECTION ( 'NONE',  ( -1.807003620809173892E-16, -0.000000000000000000, -1.000000000000000000 ) ) ;
#199 = CIRCLE ( 'NONE', #829, 0.4000000000000001887 ) ;
#200 = ORIENTED_EDGE ( 'NONE', *, *, #954, .F. ) ;
#201 = DIRECTION ( 'NONE',  ( -0.7071067811865474617, 0.000000000000000000, 0.7071067811865474617 ) ) ;
#202 = ORIENTED_EDGE ( 'NONE', *, *, #38, .F. ) ;
#203 = SURFACE_SIDE_STYLE ('',( #1511 ) ) ;
#204 = CARTESIAN_POINT ( 'NONE',  ( 2.399999999999999023, 0.000000000000000000, -1.999999999999999556 ) ) ;
#205 = SURFACE_STYLE_USAGE ( .BOTH. , #2221 ) ;
#206 = EDGE_CURVE ( 'NONE', #3759, #181, #464, .T. ) ;
#207 = FILL_AREA_STYLE_COLOUR ( '', #3997 ) ;
#208 = SURFACE_STYLE_FILL_AREA ( #4150 ) ;
#209 = ADVANCED_FACE ( 'NONE', ( #1112 ), #1773, .F. ) ;
#210 = ORIENTED_EDGE ( 'NONE', *, *, #2672, .T. ) ;
#211 = CARTESIAN_POINT ( 'NONE',  ( 1.199999999999994404, 2.899999999999999911, 2.400000000000000355 ) ) ;
#212 =( GEOMETRIC_REPRESENTATION_CONTEXT ( 3 ) GLOBAL_UNCERTAINTY_ASSIGNED_CONTEXT ( ( #1226 ) ) GLOBAL_UNIT_ASSIGNED_CONTEXT ( ( #3803, #3244, #4215 ) ) REPRESENTATION_CONTEXT ( 'NONE', 'WORKASPACE' ) );
#213 = EDGE_CURVE ( 'NONE', #926, #1859, #4084, .T. ) ;
#214 = CARTESIAN_POINT ( 'NONE',  ( -0.3986519262337201441, 2.889999999999999680, 0.8082131745777283438 ) ) ;
#215 = SURFACE_SIDE_STYLE ('',( #2188 ) ) ;
#216 = EDGE_CURVE ( 'NONE', #3038, #873, #4176, .T. ) ;
#217 = ORIENTED_EDGE ( 'NONE', *, *, #110, .F. ) ;
#218 = SURFACE_STYLE_FILL_AREA ( #853 ) ;
#219 = ADVANCED_FACE ( 'NONE', ( #4216 ), #2534, .T. ) ;
#220 = SURFACE_SIDE_STYLE ('',( #2592 ) ) ;
#221 = FILL_AREA_STYLE ('',( #554 ) ) ;
#222 = EDGE_LOOP ( 'NONE', ( #81, #1149, #3064, #2937, #1840, #1467, #3756, #3958, #2153, #4021, #3543, #76, #1062, #2695, #303, #804 ) ) ;
#223 = EDGE_CURVE ( 'NONE', #4222, #2996, #3593, .T. ) ;
#224 = ORIENTED_EDGE ( 'NONE', *, *, #4195, .T. ) ;
#225 = CARTESIAN_POINT ( 'NONE',  ( -2.153553390593271111, -0.2000000000000000111, -1.517157287525383369 ) ) ;
#226 = VECTOR ( 'NONE', #2634, 1000.000000000000000 ) ;
#227 = FILL_AREA_STYLE_COLOUR ( '', #2787 ) ;
#228 = PRESENTATION_LAYER_ASSIGNMENT (  '', '', ( #2057 ) ) ;
#229 =( GEOMETRIC_REPRESENTATION_CONTEXT ( 3 ) GLOBAL_UNCERTAINTY_ASSIGNED_CONTEXT ( ( #3860 ) ) GLOBAL_UNIT_ASSIGNED_CONTEXT ( ( #3067, #3677, #2040 ) ) REPRESENTATION_CONTEXT ( 'NONE', 'WORKASPACE' ) );
#230 = UNCERTAINTY_MEASURE_WITH_UNIT (LENGTH_MEASURE( 1.000000000000000082E-05 ), #4259, 'distance_accuracy_value', 'NONE');
#231 = COLOUR_RGB ( '',0.8000000000000000444, 0.8078431372549019773, 0.8000000000000000444 ) ;
#232 = LINE ( 'NONE', #2536, #3674 ) ;
#233 = ORIENTED_EDGE ( 'NONE', *, *, #1815, .T. ) ;
#234 = DIRECTION ( 'NONE',  ( -0.7071067811865462405, -0.000000000000000000, -0.7071067811865489050 ) ) ;
#235 = FACE_OUTER_BOUND ( 'NONE', #2195, .T. ) ;
#236 = FACE_OUTER_BOUND ( 'NONE', #4174, .T. ) ;
#237 = CARTESIAN_POINT ( 'NONE',  ( -0.3986519262337201441, 2.889999999999999680, 0.8082131745777283438 ) ) ;
#238 = ORIENTED_EDGE ( 'NONE', *, *, #685, .F. ) ;
#239 =( NAMED_UNIT ( * ) SI_UNIT ( $, .STERADIAN. ) SOLID_ANGLE_UNIT ( ) );
#240 = LINE ( 'NONE', #1835, #2869 ) ;
#241 = FACE_OUTER_BOUND ( 'NONE', #1779, .T. ) ;
#242 = AXIS2_PLACEMENT_3D ( 'NONE', #955, #726, #3096 ) ;
#243 =( NAMED_UNIT ( * ) PLANE_ANGLE_UNIT ( ) SI_UNIT ( $, .RADIAN. ) );
#244 = ORIENTED_EDGE ( 'NONE', *, *, #3571, .F. ) ;
#245 = DIRECTION ( 'NONE',  ( -0.000000000000000000, 1.000000000000000000, -0.000000000000000000 ) ) ;
#246 = ORIENTED_EDGE ( 'NONE', *, *, #1310, .T. ) ;
#247 = DIRECTION ( 'NONE',  ( -0.000000000000000000, 1.000000000000000000, -0.000000000000000000 ) ) ;
#248 = SURFACE_STYLE_USAGE ( .BOTH. , #2157 ) ;
#249 = DIRECTION ( 'NONE',  ( 0.7071067811865474617, 0.000000000000000000, -0.7071067811865474617 ) ) ;
#250 = ORIENTED_EDGE ( 'NONE', *, *, #1329, .T. ) ;
#251 =( LENGTH_UNIT ( ) NAMED_UNIT ( * ) SI_UNIT ( .MILLI., .METRE. ) );
#252 = SURFACE_STYLE_FILL_AREA ( #1243 ) ;
#253 = SURFACE_SIDE_STYLE ('',( #1401 ) ) ;
#254 = ORIENTED_EDGE ( 'NONE', *, *, #1884, .F. ) ;
#255 =( LENGTH_UNIT ( ) NAMED_UNIT ( * ) SI_UNIT ( .MILLI., .METRE. ) );
#256 =( NAMED_UNIT ( * ) PLANE_ANGLE_UNIT ( ) SI_UNIT ( $, .RADIAN. ) );
#257 = FACE_OUTER_BOUND ( 'NONE', #3858, .T. ) ;
#258 = UNCERTAINTY_MEASURE_WITH_UNIT (LENGTH_MEASURE( 1.000000000000000082E-05 ), #2078, 'distance_accuracy_value', 'NONE');
#259 = PLANE ( 'NONE',  #3489 ) ;
#260 = CARTESIAN_POINT ( 'NONE',  ( -2.224264068711926168, 6.236499140588131133E-17, -1.517157287525383813 ) ) ;
#261 = DIRECTION ( 'NONE',  ( 0.000000000000000000, 0.000000000000000000, -1.000000000000000000 ) ) ;
#262 = EDGE_LOOP ( 'NONE', ( #1598, #4231, #3984, #633 ) ) ;
#264 = VERTEX_POINT ( 'NONE', #1213 ) ;
#263 =( GEOMETRIC_REPRESENTATION_CONTEXT ( 3 ) GLOBAL_UNCERTAINTY_ASSIGNED_CONTEXT ( ( #1794 ) ) GLOBAL_UNIT_ASSIGNED_CONTEXT ( ( #3125, #824, #4197 ) ) REPRESENTATION_CONTEXT ( 'NONE', 'WORKASPACE' ) );
#265 = SURFACE_SIDE_STYLE ('',( #2986 ) ) ;
#266 = PLANE ( 'NONE',  #1198 ) ;
#267 = DIRECTION ( 'NONE',  ( 3.614007241618347785E-16, 0.000000000000000000, 1.000000000000000000 ) ) ;
#268 = EDGE_CURVE ( 'NONE', #3657, #2978, #899, .T. ) ;
#269 = STYLED_ITEM ( 'NONE', ( #1151 ), #365 ) ;
#270 = FILL_AREA_STYLE_COLOUR ( '', #2786 ) ;
#271 = CARTESIAN_POINT ( 'NONE',  ( -1.370482912149213028, 2.889999999999999680, 0.8082131745777283438 ) ) ;
#272 = LINE ( 'NONE', #925, #3594 ) ;
#273 = VERTEX_POINT ( 'NONE', #1287 ) ;
#274 = LINE ( 'NONE', #2252, #1739 ) ;
#275 = CARTESIAN_POINT ( 'NONE',  ( 2.299999999999998490, -0.2000000000000000111, -0.7999999999999994893 ) ) ;
#276 = FILL_AREA_STYLE_COLOUR ( '', #1799 ) ;
#277 = STYLED_ITEM ( 'NONE', ( #3426 ), #679 ) ;
#278 = DIRECTION ( 'NONE',  ( -0.000000000000000000, 1.000000000000000000, -0.000000000000000000 ) ) ;
#279 = ADVANCED_FACE ( 'NONE', ( #3547 ), #1579, .F. ) ;
#280 = ORIENTED_EDGE ( 'NONE', *, *, #2836, .T. ) ;
#281 =( NAMED_UNIT ( * ) PLANE_ANGLE_UNIT ( ) SI_UNIT ( $, .RADIAN. ) );
#282 = FILL_AREA_STYLE ('',( #2170 ) ) ;
#283 = AXIS2_PLACEMENT_3D ( 'NONE', #345, #1679, #11 ) ;
#284 = FILL_AREA_STYLE_COLOUR ( '', #231 ) ;
#285 = SURFACE_STYLE_USAGE ( .BOTH. , #4251 ) ;
#286 = VERTEX_POINT ( 'NONE', #1930 ) ;
#287 = ORIENTED_EDGE ( 'NONE', *, *, #1116, .F. ) ;
#288 = PLANE ( 'NONE',  #981 ) ;
#289 = DIRECTION ( 'NONE',  ( 0.7071067811865489050, -0.000000000000000000, -0.7071067811865462405 ) ) ;
#290 = DIRECTION ( 'NONE',  ( 0.000000000000000000, 1.000000000000000000, 0.000000000000000000 ) ) ;
#291 = DIRECTION ( 'NONE',  ( -0.7071067811865474617, -0.000000000000000000, -0.7071067811865474617 ) ) ;
#292 = FACE_OUTER_BOUND ( 'NONE', #3340, .T. ) ;
#293 = FILL_AREA_STYLE_COLOUR ( '', #43 ) ;
#294 = MECHANICAL_DESIGN_GEOMETRIC_PRESENTATION_REPRESENTATION (  '', ( #2312 ), #791 ) ;
#295 = VECTOR ( 'NONE', #1248, 1000.000000000000000 ) ;
#296 = ORIENTED_EDGE ( 'NONE', *, *, #2762, .F. ) ;
#297 = PRODUCT_DEFINITION_SHAPE ( 'NONE', 'NONE',  #2356 ) ;
#298 = VECTOR ( 'NONE', #3027, 1000.000000000000000 ) ;
#299 = LINE ( 'NONE', #706, #2248 ) ;
#300 = AXIS2_PLACEMENT_3D ( 'NONE', #1202, #2519, #3843 ) ;
#301 = VERTEX_POINT ( 'NONE', #3245 ) ;
#302 = CARTESIAN_POINT ( 'NONE',  ( -2.399999999999998579, 0.000000000000000000, 2.400000000000000355 ) ) ;
#303 = ORIENTED_EDGE ( 'NONE', *, *, #88, .T. ) ;
#304 = COLOUR_RGB ( '',0.8000000000000000444, 0.8078431372549019773, 0.8000000000000000444 ) ;
#305 = SURFACE_SIDE_STYLE ('',( #20 ) ) ;
#306 = DIRECTION ( 'NONE',  ( -1.084202172485504828E-15, 1.000000000000000000, 8.131516293641286213E-16 ) ) ;
#307 = AXIS2_PLACEMENT_3D ( 'NONE', #1699, #4037, #3619 ) ;
#308 = PRESENTATION_LAYER_ASSIGNMENT (  '', '', ( #168 ) ) ;
#309 = FILL_AREA_STYLE ('',( #284 ) ) ;
#310 = CARTESIAN_POINT ( 'NONE',  ( -1.449378158628086277, 2.889999999999999680, -0.5016459803518490412 ) ) ;
#311 = VECTOR ( 'NONE', #1718, 1000.000000000000000 ) ;
#312 = EDGE_LOOP ( 'NONE', ( #3303, #3480, #4164, #1500, #1656, #2974 ) ) ;
#313 = ORIENTED_EDGE ( 'NONE', *, *, #2049, .T. ) ;
#314 =( LENGTH_UNIT ( ) NAMED_UNIT ( * ) SI_UNIT ( .MILLI., .METRE. ) );
#315 = AXIS2_PLACEMENT_3D ( 'NONE', #2630, #3947, #2295 ) ;
#316 = ADVANCED_FACE ( 'NONE', ( #2202 ), #3529, .T. ) ;
#317 = CARTESIAN_POINT ( 'NONE',  ( -0.4775471727125933374, 2.889999999999999680, -0.6706600648588912916 ) ) ;
#318 = MECHANICAL_DESIGN_GEOMETRIC_PRESENTATION_REPRESENTATION (  '', ( #800 ), #118 ) ;
#319 = CARTESIAN_POINT ( 'NONE',  ( 2.224264068711924391, 0.7499999999999998890, 1.517157287525383591 ) ) ;
#320 = PRESENTATION_LAYER_ASSIGNMENT (  '', '', ( #741 ) ) ;
#321 = CARTESIAN_POINT ( 'NONE',  ( -2.300000000000000711, -0.2000000000000000111, 1.099999999999998979 ) ) ;
#322 =( LENGTH_UNIT ( ) NAMED_UNIT ( * ) SI_UNIT ( .MILLI., .METRE. ) );
#323 = FILL_AREA_STYLE_COLOUR ( '', #3054 ) ;
#324 = ORIENTED_EDGE ( 'NONE', *, *, #2159, .T. ) ;
#325 = CARTESIAN_POINT ( 'NONE',  ( 2.299999999999998490, -0.2000000000000000111, -1.100000000000000311 ) ) ;
#326 = ORIENTED_EDGE ( 'NONE', *, *, #1416, .F. ) ;
#327 = CARTESIAN_POINT ( 'NONE',  ( -0.4775471727125933374, 2.889999999999999680, -0.5016459803518490412 ) ) ;
#328 = ORIENTED_EDGE ( 'NONE', *, *, #2677, .F. ) ;
#329 = DIRECTION ( 'NONE',  ( 0.7071067811865475727, -6.133173666733493791E-15, 0.7071067811865475727 ) ) ;
#330 = CARTESIAN_POINT ( 'NONE',  ( -1.517157287525376486, -0.2000000000000000111, -2.203553390593276262 ) ) ;
#331 = VECTOR ( 'NONE', #1107, 1000.000000000000000 ) ;
#332 = DIRECTION ( 'NONE',  ( -0.7071067811865462405, 0.000000000000000000, -0.7071067811865487940 ) ) ;
#333 = FACE_OUTER_BOUND ( 'NONE', #817, .T. ) ;
#334 = SURFACE_STYLE_FILL_AREA ( #221 ) ;
#335 = PRESENTATION_STYLE_ASSIGNMENT (( #2088 ) ) ;
#336 = COLOUR_RGB ( '',1.000000000000000000, 1.000000000000000000, 1.000000000000000000 ) ;
#337 = ORIENTED_EDGE ( 'NONE', *, *, #1891, .F. ) ;
#338 =( GEOMETRIC_REPRESENTATION_CONTEXT ( 3 ) GLOBAL_UNCERTAINTY_ASSIGNED_CONTEXT ( ( #3091 ) ) GLOBAL_UNIT_ASSIGNED_CONTEXT ( ( #165, #3527, #1865 ) ) REPRESENTATION_CONTEXT ( 'NONE', 'WORKASPACE' ) );
#339 = EDGE_LOOP ( 'NONE', ( #3917, #1825, #2144, #1041 ) ) ;
#340 =( LENGTH_UNIT ( ) NAMED_UNIT ( * ) SI_UNIT ( .MILLI., .METRE. ) );
#341 = ADVANCED_FACE ( 'NONE', ( #292 ), #1379, .T. ) ;
#342 =( LENGTH_UNIT ( ) NAMED_UNIT ( * ) SI_UNIT ( .MILLI., .METRE. ) );
#343 = CARTESIAN_POINT ( 'NONE',  ( -1.870710678118649772, 0.7499999999999998890, -2.507106781186550393 ) ) ;
#344 = SURFACE_STYLE_USAGE ( .BOTH. , #2948 ) ;
#345 = CARTESIAN_POINT ( 'NONE',  ( -2.153553390593271111, -0.2000000000000000111, -1.517157287525383369 ) ) ;
#346 = ADVANCED_FACE ( 'NONE', ( #3013 ), #3641, .T. ) ;
#347 = ORIENTED_EDGE ( 'NONE', *, *, #1711, .T. ) ;
#348 = SURFACE_STYLE_FILL_AREA ( #2351 ) ;
#349 = EDGE_CURVE ( 'NONE', #775, #380, #2112, .T. ) ;
#350 = LINE ( 'NONE', #653, #1046 ) ;
#351 = DIRECTION ( 'NONE',  ( 1.000000000000000000, 0.000000000000000000, -3.614007241618347292E-16 ) ) ;
#352 = ORIENTED_EDGE ( 'NONE', *, *, #2804, .T. ) ;
#353 = EDGE_CURVE ( 'NONE', #4222, #721, #2486, .T. ) ;
#354 = ADVANCED_FACE ( 'NONE', ( #3732 ), #3767, .T. ) ;
#355 = SURFACE_STYLE_FILL_AREA ( #4291 ) ;
#356 = UNCERTAINTY_MEASURE_WITH_UNIT (LENGTH_MEASURE( 1.000000000000000082E-05 ), #1056, 'distance_accuracy_value', 'NONE');
#357 = VECTOR ( 'NONE', #1395, 1000.000000000000000 ) ;
#358 = EDGE_CURVE ( 'NONE', #170, #840, #2775, .T. ) ;
#359 =( NAMED_UNIT ( * ) SI_UNIT ( $, .STERADIAN. ) SOLID_ANGLE_UNIT ( ) );
#360 = CARTESIAN_POINT ( 'NONE',  ( -2.300000000000001155, -0.2000000000000000111, 0.7999999999999994893 ) ) ;
#361 = MECHANICAL_DESIGN_GEOMETRIC_PRESENTATION_REPRESENTATION (  '', ( #1263 ), #903 ) ;
#362 = EDGE_LOOP ( 'NONE', ( #851, #1756, #2559, #4009 ) ) ;
#363 = EDGE_LOOP ( 'NONE', ( #1217, #2161 ) ) ;
#364 =( NAMED_UNIT ( * ) SI_UNIT ( $, .STERADIAN. ) SOLID_ANGLE_UNIT ( ) );
#365 = ADVANCED_FACE ( 'NONE', ( #763 ), #475, .T. ) ;
#366 = PRESENTATION_LAYER_ASSIGNMENT (  '', '', ( #3472 ) ) ;
#367 = DIRECTION ( 'NONE',  ( -0.000000000000000000, 1.000000000000000000, 0.000000000000000000 ) ) ;
#368 = ADVANCED_FACE ( 'NONE', ( #2139 ), #4130, .T. ) ;
#369 = CARTESIAN_POINT ( 'NONE',  ( 0.3959123343296602204, 2.889999999999999680, -0.6706600648588912916 ) ) ;
#370 = CIRCLE ( 'NONE', #4155, 1.849999999999999867 ) ;
#371 = FACE_OUTER_BOUND ( 'NONE', #160, .T. ) ;
#372 = LINE ( 'NONE', #2290, #3381 ) ;
#373 =( LENGTH_UNIT ( ) NAMED_UNIT ( * ) SI_UNIT ( .MILLI., .METRE. ) );
#374 = LINE ( 'NONE', #2972, #1955 ) ;
#375 = VERTEX_POINT ( 'NONE', #1843 ) ;
#376 =( LENGTH_UNIT ( ) NAMED_UNIT ( * ) SI_UNIT ( .MILLI., .METRE. ) );
#377 = CARTESIAN_POINT ( 'NONE',  ( 2.399999999999999467, 2.899999999999999911, 1.199999999999999289 ) ) ;
#378 = MECHANICAL_DESIGN_GEOMETRIC_PRESENTATION_REPRESENTATION (  '', ( #445 ), #3289 ) ;
#379 = ADVANCED_FACE ( 'NONE', ( #1575 ), #266, .F. ) ;
#380 = VERTEX_POINT ( 'NONE', #1209 ) ;
#381 = LINE ( 'NONE', #17, #552 ) ;
#382 = ORIENTED_EDGE ( 'NONE', *, *, #44, .F. ) ;
#383 = FACE_OUTER_BOUND ( 'NONE', #585, .T. ) ;
#384 = PRESENTATION_STYLE_ASSIGNMENT (( #3738 ) ) ;
#385 = AXIS2_PLACEMENT_3D ( 'NONE', #1177, #1196, #3150 ) ;
#386 =( NAMED_UNIT ( * ) SI_UNIT ( $, .STERADIAN. ) SOLID_ANGLE_UNIT ( ) );
#387 = CARTESIAN_POINT ( 'NONE',  ( 2.299999999999998490, 0.000000000000000000, -0.7999999999999994893 ) ) ;
#388 = LINE ( 'NONE', #4028, #2451 ) ;
#389 = DIRECTION ( 'NONE',  ( 0.000000000000000000, 1.000000000000000000, 0.000000000000000000 ) ) ;
#390 = ORIENTED_EDGE ( 'NONE', *, *, #100, .T. ) ;
#391 = ORIENTED_EDGE ( 'NONE', *, *, #2664, .T. ) ;
#392 =( LENGTH_UNIT ( ) NAMED_UNIT ( * ) SI_UNIT ( .MILLI., .METRE. ) );
#393 = CARTESIAN_POINT ( 'NONE',  ( -0.6999999999999890754, 0.000000000000000000, 4.099999999999999645 ) ) ;
#394 =( NAMED_UNIT ( * ) SI_UNIT ( $, .STERADIAN. ) SOLID_ANGLE_UNIT ( ) );
#395 = COLOUR_RGB ( '',1.000000000000000000, 1.000000000000000000, 1.000000000000000000 ) ;
#396 =( NAMED_UNIT ( * ) PLANE_ANGLE_UNIT ( ) SI_UNIT ( $, .RADIAN. ) );
#397 = AXIS2_PLACEMENT_3D ( 'NONE', #2545, #389, #3070 ) ;
#398 = CARTESIAN_POINT ( 'NONE',  ( -2.400000000000000355, 2.899999999999999911, -2.399999999999999911 ) ) ;
#399 = VECTOR ( 'NONE', #1340, 1000.000000000000000 ) ;
#400 = SURFACE_STYLE_FILL_AREA ( #1067 ) ;
#401 =( GEOMETRIC_REPRESENTATION_CONTEXT ( 3 ) GLOBAL_UNCERTAINTY_ASSIGNED_CONTEXT ( ( #3047 ) ) GLOBAL_UNIT_ASSIGNED_CONTEXT ( ( #884, #4235, #4196 ) ) REPRESENTATION_CONTEXT ( 'NONE', 'WORKASPACE' ) );
#402 = COLOUR_RGB ( '',0.8000000000000000444, 0.8078431372549019773, 0.8000000000000000444 ) ;
#403 = LINE ( 'NONE', #1003, #1883 ) ;
#404 = ORIENTED_EDGE ( 'NONE', *, *, #2194, .F. ) ;
#405 = ORIENTED_EDGE ( 'NONE', *, *, #1440, .T. ) ;
#406 = SURFACE_STYLE_FILL_AREA ( #4267 ) ;
#407 = DIRECTION ( 'NONE',  ( -0.000000000000000000, -1.000000000000000000, -0.000000000000000000 ) ) ;
#408 = ORIENTED_EDGE ( 'NONE', *, *, #3101, .F. ) ;
#409 = FILL_AREA_STYLE_COLOUR ( '', #304 ) ;
#410 = SURFACE_SIDE_STYLE ('',( #2419 ) ) ;
#411 = UNCERTAINTY_MEASURE_WITH_UNIT (LENGTH_MEASURE( 1.000000000000000082E-05 ), #3741, 'distance_accuracy_value', 'NONE');
#412 = LINE ( 'NONE', #1408, #1427 ) ;
#413 = LINE ( 'NONE', #3051, #2240 ) ;
#414 = ORIENTED_EDGE ( 'NONE', *, *, #2208, .T. ) ;
#415 = ORIENTED_EDGE ( 'NONE', *, *, #31, .F. ) ;
#416 = ADVANCED_FACE ( 'NONE', ( #2573 ), #918, .T. ) ;
#417 = CARTESIAN_POINT ( 'NONE',  ( -2.507106781186544175, 0.7499999999999997780, -1.870710678118658876 ) ) ;
#418 = PRESENTATION_LAYER_ASSIGNMENT (  '', '', ( #1453 ) ) ;
#419 = MECHANICAL_DESIGN_GEOMETRIC_PRESENTATION_REPRESENTATION (  '', ( #476 ), #2827 ) ;
#420 = SURFACE_STYLE_USAGE ( .BOTH. , #2430 ) ;
#421 = ORIENTED_EDGE ( 'NONE', *, *, #954, .T. ) ;
#422 = STYLED_ITEM ( 'NONE', ( #3507 ), #2204 ) ;
#423 =( LENGTH_UNIT ( ) NAMED_UNIT ( * ) SI_UNIT ( .MILLI., .METRE. ) );
#424 = DIRECTION ( 'NONE',  ( -0.000000000000000000, 0.000000000000000000, -1.000000000000000000 ) ) ;
#425 = ORIENTED_EDGE ( 'NONE', *, *, #89, .F. ) ;
#426 = SURFACE_SIDE_STYLE ('',( #1074 ) ) ;
#427 = DIRECTION ( 'NONE',  ( 0.000000000000000000, -1.000000000000000000, 0.000000000000000000 ) ) ;
#428 = LINE ( 'NONE', #1751, #2722 ) ;
#429 = ADVANCED_FACE ( 'NONE', ( #2619 ), #4011, .F. ) ;
#430 = LINE ( 'NONE', #1016, #1712 ) ;
#431 = ORIENTED_EDGE ( 'NONE', *, *, #1777, .T. ) ;
#432 = EDGE_LOOP ( 'NONE', ( #4029, #2795, #2617, #1384, #3403 ) ) ;
#433 = DIRECTION ( 'NONE',  ( -0.7071067811865496822, 0.000000000000000000, 0.7071067811865453523 ) ) ;
#434 =( LENGTH_UNIT ( ) NAMED_UNIT ( * ) SI_UNIT ( .MILLI., .METRE. ) );
#435 = PRESENTATION_LAYER_ASSIGNMENT (  '', '', ( #277 ) ) ;
#436 = CYLINDRICAL_SURFACE ( 'NONE', #2702, 1.849999999999999867 ) ;
#437 = FILL_AREA_STYLE_COLOUR ( '', #623 ) ;
#438 = STYLED_ITEM ( 'NONE', ( #2541 ), #1271 ) ;
#439 = DIRECTION ( 'NONE',  ( 0.000000000000000000, 0.000000000000000000, 1.000000000000000000 ) ) ;
#440 = SURFACE_STYLE_USAGE ( .BOTH. , #2099 ) ;
#441 = ORIENTED_EDGE ( 'NONE', *, *, #22, .T. ) ;
#442 =( NAMED_UNIT ( * ) SI_UNIT ( $, .STERADIAN. ) SOLID_ANGLE_UNIT ( ) );
#443 =( GEOMETRIC_REPRESENTATION_CONTEXT ( 3 ) GLOBAL_UNCERTAINTY_ASSIGNED_CONTEXT ( ( #2565 ) ) GLOBAL_UNIT_ASSIGNED_CONTEXT ( ( #4165, #2598, #2527 ) ) REPRESENTATION_CONTEXT ( 'NONE', 'WORKASPACE' ) );
#444 =( LENGTH_UNIT ( ) NAMED_UNIT ( * ) SI_UNIT ( .MILLI., .METRE. ) );
#445 = STYLED_ITEM ( 'NONE', ( #1442 ), #173 ) ;
#446 = SURFACE_STYLE_USAGE ( .BOTH. , #2236 ) ;
#447 = UNCERTAINTY_MEASURE_WITH_UNIT (LENGTH_MEASURE( 1.000000000000000082E-05 ), #2945, 'distance_accuracy_value', 'NONE');
#448 = CARTESIAN_POINT ( 'NONE',  ( -4.099999999999998757, 0.000000000000000000, 0.7000000000000031752 ) ) ;
#449 = ORIENTED_EDGE ( 'NONE', *, *, #2090, .T. ) ;
#450 = PRESENTATION_LAYER_ASSIGNMENT (  '', '', ( #2312 ) ) ;
#451 = STYLED_ITEM ( 'NONE', ( #176 ), #815 ) ;
#452 = ORIENTED_EDGE ( 'NONE', *, *, #1122, .F. ) ;
#453 = VECTOR ( 'NONE', #2718, 1000.000000000000114 ) ;
#454 = DIRECTION ( 'NONE',  ( 0.7071067811865474617, 0.000000000000000000, -0.7071067811865474617 ) ) ;
#455 = SURFACE_SIDE_STYLE ('',( #1653 ) ) ;
#456 = EDGE_CURVE ( 'NONE', #2323, #1375, #723, .T. ) ;
#457 = PRESENTATION_LAYER_ASSIGNMENT (  '', '', ( #1978 ) ) ;
#458 =( NAMED_UNIT ( * ) SI_UNIT ( $, .STERADIAN. ) SOLID_ANGLE_UNIT ( ) );
#459 = DIRECTION ( 'NONE',  ( -0.7071067811865496822, 0.000000000000000000, 0.7071067811865453523 ) ) ;
#460 = DIRECTION ( 'NONE',  ( -0.7071067811865487940, 1.084202172485504557E-16, 0.7071067811865463515 ) ) ;
#461 = COLOUR_RGB ( '',0.1921568627450980227, 0.2039215686274509776, 0.2039215686274509776 ) ;
#462 =( NAMED_UNIT ( * ) SI_UNIT ( $, .STERADIAN. ) SOLID_ANGLE_UNIT ( ) );
#463 = EDGE_LOOP ( 'NONE', ( #2385, #3134, #2048, #296 ) ) ;
#464 = LINE ( 'NONE', #734, #4057 ) ;
#465 = FACE_OUTER_BOUND ( 'NONE', #1405, .T. ) ;
#466 = DIRECTION ( 'NONE',  ( -0.7071067811865469066, -0.000000000000000000, 0.7071067811865482389 ) ) ;
#467 = LINE ( 'NONE', #448, #104 ) ;
#468 = ORIENTED_EDGE ( 'NONE', *, *, #2582, .T. ) ;
#469 = CARTESIAN_POINT ( 'NONE',  ( -1.449378158628086277, 2.889999999999999680, -0.5016459803518490412 ) ) ;
#470 = LINE ( 'NONE', #1104, #4068 ) ;
#471 = ADVANCED_BREP_SHAPE_REPRESENTATION ( 'MSS5131', ( #1161, #710 ), #83 ) ;
#472 = SURFACE_STYLE_USAGE ( .BOTH. , #180 ) ;
#473 = PLANE ( 'NONE',  #3854 ) ;
#474 = EDGE_CURVE ( 'NONE', #1680, #2825, #947, .T. ) ;
#475 = CYLINDRICAL_SURFACE ( 'NONE', #485, 0.05000000000000012768 ) ;
#476 = STYLED_ITEM ( 'NONE', ( #2759 ), #1772 ) ;
#477 = AXIS2_PLACEMENT_3D ( 'NONE', #1051, #2761, #2417 ) ;
#478 = AXIS2_PLACEMENT_3D ( 'NONE', #1258, #3821, #2818 ) ;
#479 = ADVANCED_FACE ( 'NONE', ( #1118 ), #2446, .T. ) ;
#480 = VERTEX_POINT ( 'NONE', #2674 ) ;
#481 = CARTESIAN_POINT ( 'NONE',  ( -0.7753024544027340426, 2.899999999999999911, -0.5016459803518490412 ) ) ;
#482 = CARTESIAN_POINT ( 'NONE',  ( -1.449378158628086277, 2.889999999999999680, -0.6706600648588912916 ) ) ;
#483 = UNCERTAINTY_MEASURE_WITH_UNIT (LENGTH_MEASURE( 1.000000000000000082E-05 ), #2111, 'distance_accuracy_value', 'NONE');
#484 = SURFACE_STYLE_USAGE ( .BOTH. , #3458 ) ;
#485 = AXIS2_PLACEMENT_3D ( 'NONE', #146, #3784, #818 ) ;
#486 = EDGE_LOOP ( 'NONE', ( #2616, #1924, #3694, #1721 ) ) ;
#487 = DIRECTION ( 'NONE',  ( 0.7071067811865465735, 0.000000000000000000, 0.7071067811865483499 ) ) ;
#488 = UNCERTAINTY_MEASURE_WITH_UNIT (LENGTH_MEASURE( 1.000000000000000082E-05 ), #3252, 'distance_accuracy_value', 'NONE');
#489 = CARTESIAN_POINT ( 'NONE',  ( 1.699999999999992406, 0.000000000000000000, -1.700000000000005285 ) ) ;
#490 = LINE ( 'NONE', #1203, #3498 ) ;
#491 = CARTESIAN_POINT ( 'NONE',  ( -2.300000000000000266, -0.000000000000000000, -2.299999999999999822 ) ) ;
#492 = DIRECTION ( 'NONE',  ( -0.7071067811865462405, -0.000000000000000000, -0.7071067811865489050 ) ) ;
#493 = ADVANCED_FACE ( 'NONE', ( #371 ), #1949, .T. ) ;
#494 = EDGE_LOOP ( 'NONE', ( #2962, #3610, #382, #2654, #1750 ) ) ;
#495 =( GEOMETRIC_REPRESENTATION_CONTEXT ( 3 ) GLOBAL_UNCERTAINTY_ASSIGNED_CONTEXT ( ( #2472 ) ) GLOBAL_UNIT_ASSIGNED_CONTEXT ( ( #4085, #2087, #786 ) ) REPRESENTATION_CONTEXT ( 'NONE', 'WORKASPACE' ) );
#496 = FILL_AREA_STYLE ('',( #3465 ) ) ;
#497 = COLOUR_RGB ( '',0.8000000000000000444, 0.8078431372549019773, 0.8000000000000000444 ) ;
#498 = CARTESIAN_POINT ( 'NONE',  ( -2.053553390593271022, 0.000000000000000000, -1.346446609406728667 ) ) ;
#499 = PRESENTATION_LAYER_ASSIGNMENT (  '', '', ( #3129 ) ) ;
#500 = EDGE_CURVE ( 'NONE', #69, #1986, #3212, .T. ) ;
#501 = AXIS2_PLACEMENT_3D ( 'NONE', #153, #4170, #3851 ) ;
#502 = MECHANICAL_DESIGN_GEOMETRIC_PRESENTATION_REPRESENTATION (  '', ( #1266 ), #3752 ) ;
#503 = FACE_OUTER_BOUND ( 'NONE', #3813, .T. ) ;
#504 = EDGE_LOOP ( 'NONE', ( #3829, #2780, #917, #4188, #1081, #2299, #2984 ) ) ;
#505 = EDGE_CURVE ( 'NONE', #982, #3581, #67, .T. ) ;
#506 =( NAMED_UNIT ( * ) SI_UNIT ( $, .STERADIAN. ) SOLID_ANGLE_UNIT ( ) );
#507 = ORIENTED_EDGE ( 'NONE', *, *, #1334, .T. ) ;
#508 = CARTESIAN_POINT ( 'NONE',  ( 1.367743320245153216, 2.899999999999999911, -0.6706600648588912916 ) ) ;
#509 =( NAMED_UNIT ( * ) SI_UNIT ( $, .STERADIAN. ) SOLID_ANGLE_UNIT ( ) );
#510 = SURFACE_STYLE_USAGE ( .BOTH. , #4158 ) ;
#511 = FILL_AREA_STYLE_COLOUR ( '', #593 ) ;
#512 =( LENGTH_UNIT ( ) NAMED_UNIT ( * ) SI_UNIT ( .MILLI., .METRE. ) );
#513 = DIRECTION ( 'NONE',  ( -1.000000000000000000, 9.486769009248177603E-16, 0.000000000000000000 ) ) ;
#514 = AXIS2_PLACEMENT_3D ( 'NONE', #2477, #2842, #2540 ) ;
#515 = PRESENTATION_LAYER_ASSIGNMENT (  '', '', ( #4238 ) ) ;
#516 = ORIENTED_EDGE ( 'NONE', *, *, #860, .F. ) ;
#517 = VECTOR ( 'NONE', #97, 1000.000000000000000 ) ;
#518 = ORIENTED_EDGE ( 'NONE', *, *, #848, .T. ) ;
#519 = STYLED_ITEM ( 'NONE', ( #1037 ), #2442 ) ;
#520 =( GEOMETRIC_REPRESENTATION_CONTEXT ( 3 ) GLOBAL_UNCERTAINTY_ASSIGNED_CONTEXT ( ( #3214 ) ) GLOBAL_UNIT_ASSIGNED_CONTEXT ( ( #755, #769, #442 ) ) REPRESENTATION_CONTEXT ( 'NONE', 'WORKASPACE' ) );
#521 = MECHANICAL_DESIGN_GEOMETRIC_PRESENTATION_REPRESENTATION (  '', ( #3835 ), #3087 ) ;
#522 = DIRECTION ( 'NONE',  ( 0.000000000000000000, 1.000000000000000000, 0.000000000000000000 ) ) ;
#523 = AXIS2_PLACEMENT_3D ( 'NONE', #120, #407, #2707 ) ;
#524 = EDGE_LOOP ( 'NONE', ( #1957, #1338, #449, #683 ) ) ;
#525 = AXIS2_PLACEMENT_3D ( 'NONE', #1946, #290, #3290 ) ;
#526 = PRESENTATION_STYLE_ASSIGNMENT (( #3468 ) ) ;
#527 = CIRCLE ( 'NONE', #242, 0.05000000000000007216 ) ;
#528 = CARTESIAN_POINT ( 'NONE',  ( 1.870710678118649328, 0.7499999999999997780, 2.507106781186549949 ) ) ;
#529 = VECTOR ( 'NONE', #3415, 1000.000000000000000 ) ;
#530 = ORIENTED_EDGE ( 'NONE', *, *, #4189, .T. ) ;
#531 = SURFACE_STYLE_FILL_AREA ( #1855 ) ;
#532 = CARTESIAN_POINT ( 'NONE',  ( 2.542462120245870594, 0.7499999999999998890, 1.835355339059330904 ) ) ;
#533 = CARTESIAN_POINT ( 'NONE',  ( 1.531801948466047891, 0.6999999999999996225, 2.209619407771257205 ) ) ;
#534 = ADVANCED_FACE ( 'NONE', ( #3270 ), #3921, .T. ) ;
#535 = SURFACE_STYLE_USAGE ( .BOTH. , #1526 ) ;
#536 = EDGE_CURVE ( 'NONE', #1986, #3148, #1625, .T. ) ;
#537 = EDGE_LOOP ( 'NONE', ( #337, #1551, #639, #2789, #3140 ) ) ;
#538 = CARTESIAN_POINT ( 'NONE',  ( 1.870710678118649106, 0.7499999999999997780, 2.507106781186550393 ) ) ;
#539 = FILL_AREA_STYLE_COLOUR ( '', #4014 ) ;
#540 = CYLINDRICAL_SURFACE ( 'NONE', #3021, 0.05000000000000007216 ) ;
#541 =( LENGTH_UNIT ( ) NAMED_UNIT ( * ) SI_UNIT ( .MILLI., .METRE. ) );
#542 = STYLED_ITEM ( 'NONE', ( #3533 ), #2041 ) ;
#543 = ORIENTED_EDGE ( 'NONE', *, *, #2092, .T. ) ;
#544 = EDGE_CURVE ( 'NONE', #550, #677, #3297, .T. ) ;
#545 = EDGE_CURVE ( 'NONE', #1540, #1584, #3640, .T. ) ;
#546 = LINE ( 'NONE', #2822, #2624 ) ;
#547 = PRESENTATION_STYLE_ASSIGNMENT (( #1915 ) ) ;
#548 = DIRECTION ( 'NONE',  ( 0.7071067811865540120, -0.000000000000000000, -0.7071067811865410224 ) ) ;
#549 = DIRECTION ( 'NONE',  ( -0.000000000000000000, 1.000000000000000000, -0.000000000000000000 ) ) ;
#550 = VERTEX_POINT ( 'NONE', #3824 ) ;
#551 = FACE_OUTER_BOUND ( 'NONE', #2286, .T. ) ;
#552 = VECTOR ( 'NONE', #2979, 1000.000000000000000 ) ;
#553 = PRESENTATION_STYLE_ASSIGNMENT (( #4160 ) ) ;
#554 = FILL_AREA_STYLE_COLOUR ( '', #4242 ) ;
#555 = SURFACE_STYLE_FILL_AREA ( #3139 ) ;
#556 =( GEOMETRIC_REPRESENTATION_CONTEXT ( 3 ) GLOBAL_UNCERTAINTY_ASSIGNED_CONTEXT ( ( #2223 ) ) GLOBAL_UNIT_ASSIGNED_CONTEXT ( ( #2648, #3623, #645 ) ) REPRESENTATION_CONTEXT ( 'NONE', 'WORKASPACE' ) );
#557 = ORIENTED_EDGE ( 'NONE', *, *, #2682, .F. ) ;
#558 = SURFACE_STYLE_USAGE ( .BOTH. , #3522 ) ;
#559 = ORIENTED_EDGE ( 'NONE', *, *, #2529, .F. ) ;
#560 =( NAMED_UNIT ( * ) PLANE_ANGLE_UNIT ( ) SI_UNIT ( $, .RADIAN. ) );
#561 = DIRECTION ( 'NONE',  ( -0.7071067811865474617, 0.000000000000000000, 0.7071067811865474617 ) ) ;
#562 = FILL_AREA_STYLE_COLOUR ( '', #1313 ) ;
#563 = SURFACE_STYLE_USAGE ( .BOTH. , #3271 ) ;
#564 = VECTOR ( 'NONE', #2120, 1000.000000000000000 ) ;
#565 = FACE_OUTER_BOUND ( 'NONE', #3998, .T. ) ;
#566 = ORIENTED_EDGE ( 'NONE', *, *, #1711, .F. ) ;
#567 = CARTESIAN_POINT ( 'NONE',  ( 2.507106781186543287, 0.7499999999999997780, 1.870710678118657988 ) ) ;
#568 = DIRECTION ( 'NONE',  ( 0.000000000000000000, -0.000000000000000000, -1.000000000000000000 ) ) ;
#569 = LINE ( 'NONE', #3471, #3009 ) ;
#570 =( GEOMETRIC_REPRESENTATION_CONTEXT ( 3 ) GLOBAL_UNCERTAINTY_ASSIGNED_CONTEXT ( ( #875 ) ) GLOBAL_UNIT_ASSIGNED_CONTEXT ( ( #376, #3379, #1681 ) ) REPRESENTATION_CONTEXT ( 'NONE', 'WORKASPACE' ) );
#571 = ORIENTED_EDGE ( 'NONE', *, *, #860, .T. ) ;
#572 = UNCERTAINTY_MEASURE_WITH_UNIT (LENGTH_MEASURE( 1.000000000000000082E-05 ), #255, 'distance_accuracy_value', 'NONE');
#573 =( NAMED_UNIT ( * ) SI_UNIT ( $, .STERADIAN. ) SOLID_ANGLE_UNIT ( ) );
#574 = LINE ( 'NONE', #3564, #1518 ) ;
#575 = DIRECTION ( 'NONE',  ( 0.000000000000000000, 0.000000000000000000, 1.000000000000000000 ) ) ;
#576 = VERTEX_POINT ( 'NONE', #3100 ) ;
#577 = SURFACE_SIDE_STYLE ('',( #1553 ) ) ;
#578 = DIRECTION ( 'NONE',  ( 0.000000000000000000, 0.000000000000000000, 1.000000000000000000 ) ) ;
#579 = MECHANICAL_DESIGN_GEOMETRIC_PRESENTATION_REPRESENTATION (  '', ( #1827 ), #3147 ) ;
#580 = DIRECTION ( 'NONE',  ( 0.000000000000000000, 0.000000000000000000, 1.000000000000000000 ) ) ;
#581 = STYLED_ITEM ( 'NONE', ( #2767 ), #912 ) ;
#582 = MECHANICAL_DESIGN_GEOMETRIC_PRESENTATION_REPRESENTATION (  '', ( #2455 ), #3980 ) ;
#583 = UNCERTAINTY_MEASURE_WITH_UNIT (LENGTH_MEASURE( 1.000000000000000082E-05 ), #2823, 'distance_accuracy_value', 'NONE');
#584 = DIRECTION ( 'NONE',  ( 0.000000000000000000, 0.000000000000000000, 1.000000000000000000 ) ) ;
#585 = EDGE_LOOP ( 'NONE', ( #3847, #740, #4121, #2074 ) ) ;
#586 = PRESENTATION_STYLE_ASSIGNMENT (( #649 ) ) ;
#587 =( GEOMETRIC_REPRESENTATION_CONTEXT ( 3 ) GLOBAL_UNCERTAINTY_ASSIGNED_CONTEXT ( ( #4045 ) ) GLOBAL_UNIT_ASSIGNED_CONTEXT ( ( #3580, #2653, #632 ) ) REPRESENTATION_CONTEXT ( 'NONE', 'WORKASPACE' ) );
#588 = STYLED_ITEM ( 'NONE', ( #85 ), #3747 ) ;
#589 = ORIENTED_EDGE ( 'NONE', *, *, #46, .F. ) ;
#590 = VECTOR ( 'NONE', #2272, 1000.000000000000000 ) ;
#591 = DIRECTION ( 'NONE',  ( 1.000000000000000000, 0.000000000000000000, 0.000000000000000000 ) ) ;
#592 = FILL_AREA_STYLE ('',( #1251 ) ) ;
#593 = COLOUR_RGB ( '',1.000000000000000000, 1.000000000000000000, 1.000000000000000000 ) ;
#594 = SURFACE_STYLE_FILL_AREA ( #1900 ) ;
#595 =( NAMED_UNIT ( * ) SI_UNIT ( $, .STERADIAN. ) SOLID_ANGLE_UNIT ( ) );
#596 = ORIENTED_EDGE ( 'NONE', *, *, #676, .F. ) ;
#597 = DIRECTION ( 'NONE',  ( 0.000000000000000000, 0.000000000000000000, -1.000000000000000000 ) ) ;
#598 = ORIENTED_EDGE ( 'NONE', *, *, #3111, .F. ) ;
#599 = DIRECTION ( 'NONE',  ( -0.000000000000000000, 0.000000000000000000, -1.000000000000000000 ) ) ;
#600 = LINE ( 'NONE', #1257, #1809 ) ;
#601 = LINE ( 'NONE', #317, #1089 ) ;
#602 = SURFACE_SIDE_STYLE ('',( #2553 ) ) ;
#603 = FILL_AREA_STYLE ('',( #227 ) ) ;
#604 = EDGE_LOOP ( 'NONE', ( #598, #1224, #2914, #244 ) ) ;
#605 = LINE ( 'NONE', #275, #659 ) ;
#606 = ADVANCED_FACE ( 'NONE', ( #4112 ), #1694, .F. ) ;
#607 = PRESENTATION_LAYER_ASSIGNMENT (  '', '', ( #2768 ) ) ;
#608 = PRESENTATION_LAYER_ASSIGNMENT (  '', '', ( #1389 ) ) ;
#609 = FACE_OUTER_BOUND ( 'NONE', #1447, .T. ) ;
#610 = FILL_AREA_STYLE_COLOUR ( '', #3430 ) ;
#611 = VERTEX_POINT ( 'NONE', #695 ) ;
#612 = CARTESIAN_POINT ( 'NONE',  ( -2.300000000000000266, -0.2000000000000000111, -2.299999999999999822 ) ) ;
#613 = FACE_OUTER_BOUND ( 'NONE', #4230, .T. ) ;
#614 = SURFACE_SIDE_STYLE ('',( #2934 ) ) ;
#615 = SURFACE_STYLE_FILL_AREA ( #282 ) ;
#616 = LINE ( 'NONE', #1273, #4055 ) ;
#617 = FILL_AREA_STYLE_COLOUR ( '', #461 ) ;
#618 = ORIENTED_EDGE ( 'NONE', *, *, #1580, .T. ) ;
#619 = ORIENTED_EDGE ( 'NONE', *, *, #213, .F. ) ;
#620 = CARTESIAN_POINT ( 'NONE',  ( -2.400000000000000355, 0.000000000000000000, -2.399999999999999911 ) ) ;
#621 = DIRECTION ( 'NONE',  ( -0.7071067811865462405, 0.000000000000000000, -0.7071067811865489050 ) ) ;
#622 = CARTESIAN_POINT ( 'NONE',  ( 1.906066017177976635, 0.6999999999999997335, 2.542462120245877255 ) ) ;
#623 = COLOUR_RGB ( '',0.8000000000000000444, 0.8078431372549019773, 0.8000000000000000444 ) ;
#624 = PRESENTATION_STYLE_ASSIGNMENT (( #1807 ) ) ;
#625 = VERTEX_POINT ( 'NONE', #3937 ) ;
#626 = ADVANCED_FACE ( 'NONE', ( #4256 ), #288, .F. ) ;
#627 = LINE ( 'NONE', #1563, #886 ) ;
#628 = LINE ( 'NONE', #1935, #4116 ) ;
#629 = FACE_BOUND ( 'NONE', #2606, .T. ) ;
#630 = LINE ( 'NONE', #1318, #4213 ) ;
#631 = COLOUR_RGB ( '',0.8000000000000000444, 0.8078431372549019773, 0.8000000000000000444 ) ;
#632 =( NAMED_UNIT ( * ) SI_UNIT ( $, .STERADIAN. ) SOLID_ANGLE_UNIT ( ) );
#633 = ORIENTED_EDGE ( 'NONE', *, *, #2977, .F. ) ;
#634 = ADVANCED_FACE ( 'NONE', ( #1647 ), #2915, .F. ) ;
#635 = SURFACE_STYLE_FILL_AREA ( #2233 ) ;
#636 =( LENGTH_UNIT ( ) NAMED_UNIT ( * ) SI_UNIT ( .MILLI., .METRE. ) );
#637 = DIRECTION ( 'NONE',  ( -0.000000000000000000, -1.000000000000000000, -0.000000000000000000 ) ) ;
#638 = ORIENTED_EDGE ( 'NONE', *, *, #3436, .T. ) ;
#639 = ORIENTED_EDGE ( 'NONE', *, *, #2849, .F. ) ;
#640 = SURFACE_STYLE_FILL_AREA ( #2287 ) ;
#641 = CARTESIAN_POINT ( 'NONE',  ( -2.224264068711926168, -0.2000000000000000111, -1.517157287525383813 ) ) ;
#642 =( GEOMETRIC_REPRESENTATION_CONTEXT ( 3 ) GLOBAL_UNCERTAINTY_ASSIGNED_CONTEXT ( ( #3315 ) ) GLOBAL_UNIT_ASSIGNED_CONTEXT ( ( #2857, #560, #879 ) ) REPRESENTATION_CONTEXT ( 'NONE', 'WORKASPACE' ) );
#643 = FILL_AREA_STYLE_COLOUR ( '', #2176 ) ;
#644 = CARTESIAN_POINT ( 'NONE',  ( -2.153553390593271111, 6.236499140588131133E-17, -1.446446609406728978 ) ) ;
#645 =( NAMED_UNIT ( * ) SI_UNIT ( $, .STERADIAN. ) SOLID_ANGLE_UNIT ( ) );
#646 = AXIS2_PLACEMENT_3D ( 'NONE', #3029, #3108, #1100 ) ;
#647 = AXIS2_PLACEMENT_3D ( 'NONE', #2093, #3094, #3056 ) ;
#648 = EDGE_LOOP ( 'NONE', ( #2435, #1943, #2681, #2326, #783, #969, #4217 ) ) ;
#649 = SURFACE_STYLE_USAGE ( .BOTH. , #2293 ) ;
#650 = LINE ( 'NONE', #1707, #2810 ) ;
#651 = AXIS2_PLACEMENT_3D ( 'NONE', #260, #3338, #1965 ) ;
#652 = CARTESIAN_POINT ( 'NONE',  ( -2.399999999999998579, 2.899999999999999911, 2.400000000000000355 ) ) ;
#653 = CARTESIAN_POINT ( 'NONE',  ( 0.4942838132028996578, 2.889999999999999680, -0.6706600648588912916 ) ) ;
#654 =( NAMED_UNIT ( * ) SI_UNIT ( $, .STERADIAN. ) SOLID_ANGLE_UNIT ( ) );
#655 = ORIENTED_EDGE ( 'NONE', *, *, #2470, .F. ) ;
#656 = VECTOR ( 'NONE', #1033, 1000.000000000000114 ) ;
#657 = LINE ( 'NONE', #4269, #226 ) ;
#658 =( NAMED_UNIT ( * ) SI_UNIT ( $, .STERADIAN. ) SOLID_ANGLE_UNIT ( ) );
#659 = VECTOR ( 'NONE', #1315, 1000.000000000000000 ) ;
#660 =( NAMED_UNIT ( * ) SI_UNIT ( $, .STERADIAN. ) SOLID_ANGLE_UNIT ( ) );
#661 = UNCERTAINTY_MEASURE_WITH_UNIT (LENGTH_MEASURE( 1.000000000000000082E-05 ), #2503, 'distance_accuracy_value', 'NONE');
#662 =( NAMED_UNIT ( * ) PLANE_ANGLE_UNIT ( ) SI_UNIT ( $, .RADIAN. ) );
#663 = STYLED_ITEM ( 'NONE', ( #3762 ), #3862 ) ;
#664 = CARTESIAN_POINT ( 'NONE',  ( -2.400000000000000355, 0.000000000000000000, -2.399999999999999911 ) ) ;
#665 = VECTOR ( 'NONE', #2423, 1000.000000000000000 ) ;
#666 = ORIENTED_EDGE ( 'NONE', *, *, #3113, .F. ) ;
#667 = VERTEX_POINT ( 'NONE', #1994 ) ;
#668 = DIRECTION ( 'NONE',  ( 0.000000000000000000, 0.000000000000000000, 1.000000000000000000 ) ) ;
#669 = VECTOR ( 'NONE', #3622, 1000.000000000000000 ) ;
#670 = ADVANCED_FACE ( 'NONE', ( #2964 ), #2618, .F. ) ;
#671 = CARTESIAN_POINT ( 'NONE',  ( -2.224264068711926168, 0.000000000000000000, -1.517157287525383813 ) ) ;
#672 = FILL_AREA_STYLE_COLOUR ( '', #4249 ) ;
#673 = EDGE_CURVE ( 'NONE', #3521, #1745, #1412, .T. ) ;
#674 = PRESENTATION_STYLE_ASSIGNMENT (( #129 ) ) ;
#675 = CARTESIAN_POINT ( 'NONE',  ( 1.346446609406722672, 0.000000000000000000, 2.053553390593276351 ) ) ;
#676 = EDGE_CURVE ( 'NONE', #1562, #1375, #2461, .T. ) ;
#677 = VERTEX_POINT ( 'NONE', #3780 ) ;
#678 = EDGE_CURVE ( 'NONE', #692, #1645, #141, .T. ) ;
#679 = ADVANCED_FACE ( 'NONE', ( #1429 ), #3392, .F. ) ;
#680 = DIRECTION ( 'NONE',  ( 0.7071067811865489050, 0.000000000000000000, 0.7071067811865462405 ) ) ;
#681 = ORIENTED_EDGE ( 'NONE', *, *, #1328, .T. ) ;
#682 = EDGE_CURVE ( 'NONE', #4083, #4152, #1782, .T. ) ;
#683 = ORIENTED_EDGE ( 'NONE', *, *, #4025, .T. ) ;
#684 = SURFACE_STYLE_USAGE ( .BOTH. , #305 ) ;
#685 = EDGE_CURVE ( 'NONE', #1522, #4041, #1204, .T. ) ;
#686 = CIRCLE ( 'NONE', #4078, 1.849999999999999867 ) ;
#687 =( LENGTH_UNIT ( ) NAMED_UNIT ( * ) SI_UNIT ( .MILLI., .METRE. ) );
#688 = CARTESIAN_POINT ( 'NONE',  ( -0.2180841445435792725, 2.899999999999999911, 0.8082131745777283438 ) ) ;
#689 = DIRECTION ( 'NONE',  ( 0.000000000000000000, 1.000000000000000000, 0.000000000000000000 ) ) ;
#690 = LINE ( 'NONE', #3030, #3299 ) ;
#691 =( GEOMETRIC_REPRESENTATION_CONTEXT ( 3 ) GLOBAL_UNCERTAINTY_ASSIGNED_CONTEXT ( ( #4007 ) ) GLOBAL_UNIT_ASSIGNED_CONTEXT ( ( #2186, #3775, #1826 ) ) REPRESENTATION_CONTEXT ( 'NONE', 'WORKASPACE' ) );
#692 = VERTEX_POINT ( 'NONE', #4052 ) ;
#693 = COLOUR_RGB ( '',1.000000000000000000, 1.000000000000000000, 1.000000000000000000 ) ;
#694 = ORIENTED_EDGE ( 'NONE', *, *, #1996, .T. ) ;
#695 = CARTESIAN_POINT ( 'NONE',  ( 0.000000000000000000, 2.899999999999999911, 2.348000000000000309 ) ) ;
#696 = SURFACE_STYLE_FILL_AREA ( #3960 ) ;
#697 = CARTESIAN_POINT ( 'NONE',  ( 0.000000000000000000, 0.000000000000000000, 0.000000000000000000 ) ) ;
#698 = SURFACE_STYLE_FILL_AREA ( #2268 ) ;
#699 = SURFACE_SIDE_STYLE ('',( #400 ) ) ;
#700 = COLOUR_RGB ( '',0.8000000000000000444, 0.8078431372549019773, 0.8000000000000000444 ) ;
#701 = SURFACE_STYLE_USAGE ( .BOTH. , #3995 ) ;
#702 = DIRECTION ( 'NONE',  ( 0.7071067811865469066, 0.000000000000000000, -0.7071067811865482389 ) ) ;
#703 = CARTESIAN_POINT ( 'NONE',  ( -2.399999999999998579, 0.000000000000000000, 2.400000000000000355 ) ) ;
#704 = VERTEX_POINT ( 'NONE', #469 ) ;
#705 = SURFACE_SIDE_STYLE ('',( #2059 ) ) ;
#706 = CARTESIAN_POINT ( 'NONE',  ( 1.835355339059322022, 0.6999999999999997335, 2.542462120245877255 ) ) ;
#707 = DIRECTION ( 'NONE',  ( 1.000000000000000000, 0.000000000000000000, 0.000000000000000000 ) ) ;
#708 = DIRECTION ( 'NONE',  ( -0.000000000000000000, 1.000000000000000000, -0.000000000000000000 ) ) ;
#709 = VERTEX_POINT ( 'NONE', #1797 ) ;
#710 = AXIS2_PLACEMENT_3D ( 'NONE', #3394, #3370, #1648 ) ;
#711 = SURFACE_STYLE_USAGE ( .BOTH. , #2118 ) ;
#712 = CARTESIAN_POINT ( 'NONE',  ( -1.449378158628086277, 2.899999999999999911, -0.6706600648588912916 ) ) ;
#713 = CARTESIAN_POINT ( 'NONE',  ( 1.870710678118648884, 0.7999999999999999334, 2.507106781186549949 ) ) ;
#714 = UNCERTAINTY_MEASURE_WITH_UNIT (LENGTH_MEASURE( 1.000000000000000082E-05 ), #2993, 'distance_accuracy_value', 'NONE');
#715 = AXIS2_PLACEMENT_3D ( 'NONE', #1277, #946, #1616 ) ;
#716 = DIRECTION ( 'NONE',  ( 0.000000000000000000, 0.000000000000000000, 1.000000000000000000 ) ) ;
#717 = DIRECTION ( 'NONE',  ( -0.7071067811865469066, -0.000000000000000000, 0.7071067811865482389 ) ) ;
#718 = PLANE ( 'NONE',  #2949 ) ;
#719 = VECTOR ( 'NONE', #2173, 1000.000000000000000 ) ;
#720 = VERTEX_POINT ( 'NONE', #1468 ) ;
#721 = VERTEX_POINT ( 'NONE', #3730 ) ;
#722 = DIRECTION ( 'NONE',  ( -0.7071067811865462405, 0.000000000000000000, 0.7071067811865489050 ) ) ;
#723 = LINE ( 'NONE', #393, #453 ) ;
#724 =( NAMED_UNIT ( * ) SI_UNIT ( $, .STERADIAN. ) SOLID_ANGLE_UNIT ( ) );
#725 = CIRCLE ( 'NONE', #283, 0.04999999999999991257 ) ;
#726 = DIRECTION ( 'NONE',  ( -0.7071067811865462405, -0.000000000000000000, -0.7071067811865487940 ) ) ;
#727 = CARTESIAN_POINT ( 'NONE',  ( 2.153553390593270223, 1.217690693098911626E-15, 1.517157287525382703 ) ) ;
#728 = ORIENTED_EDGE ( 'NONE', *, *, #2973, .T. ) ;
#729 = VECTOR ( 'NONE', #809, 999.9999999999998863 ) ;
#730 =( GEOMETRIC_REPRESENTATION_CONTEXT ( 3 ) GLOBAL_UNCERTAINTY_ASSIGNED_CONTEXT ( ( #4292 ) ) GLOBAL_UNIT_ASSIGNED_CONTEXT ( ( #1504, #4139, #2809 ) ) REPRESENTATION_CONTEXT ( 'NONE', 'WORKASPACE' ) );
#731 = CARTESIAN_POINT ( 'NONE',  ( 1.870710678118648884, 0.7499999999999998890, 2.507106781186549949 ) ) ;
#732 = SURFACE_SIDE_STYLE ('',( #2377 ) ) ;
#733 = VERTEX_POINT ( 'NONE', #4031 ) ;
#734 = CARTESIAN_POINT ( 'NONE',  ( 2.299999999999998490, -0.2000000000000000111, 0.7999999999999994893 ) ) ;
#735 = FACE_OUTER_BOUND ( 'NONE', #2522, .T. ) ;
#736 = MECHANICAL_DESIGN_GEOMETRIC_PRESENTATION_REPRESENTATION (  '', ( #3634 ), #1360 ) ;
#737 = CARTESIAN_POINT ( 'NONE',  ( 1.367743320245153216, 2.889999999999999680, -0.5448898183800181538 ) ) ;
#738 = CARTESIAN_POINT ( 'NONE',  ( 1.367743320245153216, 2.899999999999999911, -0.5448898183800181538 ) ) ;
#739 = LINE ( 'NONE', #4048, #665 ) ;
#740 = ORIENTED_EDGE ( 'NONE', *, *, #1328, .F. ) ;
#741 = STYLED_ITEM ( 'NONE', ( #988 ), #3485 ) ;
#742 = EDGE_LOOP ( 'NONE', ( #103, #2379, #2362, #2263 ) ) ;
#743 = SURFACE_SIDE_STYLE ('',( #3707 ) ) ;
#744 = PRESENTATION_LAYER_ASSIGNMENT (  '', '', ( #1709 ) ) ;
#745 =( LENGTH_UNIT ( ) NAMED_UNIT ( * ) SI_UNIT ( .MILLI., .METRE. ) );
#746 = COLOUR_RGB ( '',1.000000000000000000, 1.000000000000000000, 1.000000000000000000 ) ;
#747 =( NAMED_UNIT ( * ) SI_UNIT ( $, .STERADIAN. ) SOLID_ANGLE_UNIT ( ) );
#748 = VECTOR ( 'NONE', #1952, 1000.000000000000000 ) ;
#749 = VECTOR ( 'NONE', #142, 1000.000000000000227 ) ;
#750 = DIRECTION ( 'NONE',  ( -1.000000000000000000, -0.000000000000000000, 3.431468728516636265E-16 ) ) ;
#751 = ORIENTED_EDGE ( 'NONE', *, *, #2531, .T. ) ;
#752 = EDGE_CURVE ( 'NONE', #1374, #2746, #1550, .T. ) ;
#753 = DIRECTION ( 'NONE',  ( -0.7071067811865462405, 0.000000000000000000, -0.7071067811865489050 ) ) ;
#754 = ORIENTED_EDGE ( 'NONE', *, *, #4036, .T. ) ;
#755 =( LENGTH_UNIT ( ) NAMED_UNIT ( * ) SI_UNIT ( .MILLI., .METRE. ) );
#756 = UNCERTAINTY_MEASURE_WITH_UNIT (LENGTH_MEASURE( 1.000000000000000082E-05 ), #636, 'distance_accuracy_value', 'NONE');
#757 = DIRECTION ( 'NONE',  ( -0.9106325762691962478, 0.000000000000000000, -0.4132170265578689050 ) ) ;
#758 = DIRECTION ( 'NONE',  ( 0.000000000000000000, -1.000000000000000000, -0.000000000000000000 ) ) ;
#759 = ORIENTED_EDGE ( 'NONE', *, *, #3755, .T. ) ;
#760 = EDGE_LOOP ( 'NONE', ( #2109, #313, #3514, #681 ) ) ;
#761 =( GEOMETRIC_REPRESENTATION_CONTEXT ( 3 ) GLOBAL_UNCERTAINTY_ASSIGNED_CONTEXT ( ( #835 ) ) GLOBAL_UNIT_ASSIGNED_CONTEXT ( ( #251, #4264, #2607 ) ) REPRESENTATION_CONTEXT ( 'NONE', 'WORKASPACE' ) );
#762 = VECTOR ( 'NONE', #3662, 1000.000000000000000 ) ;
#763 = FACE_OUTER_BOUND ( 'NONE', #339, .T. ) ;
#764 = MECHANICAL_DESIGN_GEOMETRIC_PRESENTATION_REPRESENTATION (  '', ( #422 ), #1868 ) ;
#765 =( NAMED_UNIT ( * ) PLANE_ANGLE_UNIT ( ) SI_UNIT ( $, .RADIAN. ) );
#766 = CYLINDRICAL_SURFACE ( 'NONE', #2487, 0.05000000000000007216 ) ;
#767 = VECTOR ( 'NONE', #3484, 1000.000000000000000 ) ;
#768 = EDGE_LOOP ( 'NONE', ( #3650, #3675, #30, #1914 ) ) ;
#769 =( NAMED_UNIT ( * ) PLANE_ANGLE_UNIT ( ) SI_UNIT ( $, .RADIAN. ) );
#770 = LINE ( 'NONE', #1738, #517 ) ;
#771 = DIRECTION ( 'NONE',  ( -0.000000000000000000, 0.000000000000000000, -1.000000000000000000 ) ) ;
#772 = DIRECTION ( 'NONE',  ( -1.807003620809173892E-16, -0.000000000000000000, -1.000000000000000000 ) ) ;
#773 = EDGE_CURVE ( 'NONE', #1644, #3985, #1758, .T. ) ;
#774 = ORIENTED_EDGE ( 'NONE', *, *, #1459, .T. ) ;
#775 = VERTEX_POINT ( 'NONE', #508 ) ;
#776 =( NAMED_UNIT ( * ) PLANE_ANGLE_UNIT ( ) SI_UNIT ( $, .RADIAN. ) );
#777 = AXIS2_PLACEMENT_3D ( 'NONE', #538, #2339, #1043 ) ;
#778 = PRESENTATION_STYLE_ASSIGNMENT (( #420 ) ) ;
#779 = AXIS2_PLACEMENT_3D ( 'NONE', #1359, #2679, #3692 ) ;
#780 = MECHANICAL_DESIGN_GEOMETRIC_PRESENTATION_REPRESENTATION (  '', ( #908 ), #2998 ) ;
#781 = CARTESIAN_POINT ( 'NONE',  ( -0.4775471727125933374, 2.889999999999999680, -0.6706600648588912916 ) ) ;
#782 =( LENGTH_UNIT ( ) NAMED_UNIT ( * ) SI_UNIT ( .MILLI., .METRE. ) );
#783 = ORIENTED_EDGE ( 'NONE', *, *, #3518, .T. ) ;
#784 = PRESENTATION_LAYER_ASSIGNMENT (  '', '', ( #2305 ) ) ;
#785 = CIRCLE ( 'NONE', #2662, 0.05000000000000007216 ) ;
#786 =( NAMED_UNIT ( * ) SI_UNIT ( $, .STERADIAN. ) SOLID_ANGLE_UNIT ( ) );
#787 = UNCERTAINTY_MEASURE_WITH_UNIT (LENGTH_MEASURE( 1.000000000000000082E-05 ), #745, 'distance_accuracy_value', 'NONE');
#788 = EDGE_CURVE ( 'NONE', #4008, #3399, #3705, .T. ) ;
#789 =( NAMED_UNIT ( * ) SI_UNIT ( $, .STERADIAN. ) SOLID_ANGLE_UNIT ( ) );
#790 = ORIENTED_EDGE ( 'NONE', *, *, #536, .F. ) ;
#791 =( GEOMETRIC_REPRESENTATION_CONTEXT ( 3 ) GLOBAL_UNCERTAINTY_ASSIGNED_CONTEXT ( ( #2068 ) ) GLOBAL_UNIT_ASSIGNED_CONTEXT ( ( #3230, #2298, #654 ) ) REPRESENTATION_CONTEXT ( 'NONE', 'WORKASPACE' ) );
#792 = AXIS2_PLACEMENT_3D ( 'NONE', #1591, #937, #1640 ) ;
#793 = SURFACE_STYLE_USAGE ( .BOTH. , #743 ) ;
#794 = VECTOR ( 'NONE', #1482, 1000.000000000000000 ) ;
#795 = VECTOR ( 'NONE', #3590, 1000.000000000000000 ) ;
#796 = CARTESIAN_POINT ( 'NONE',  ( -0.4775471727125933374, 2.889999999999999680, -0.5016459803518490412 ) ) ;
#797 = CARTESIAN_POINT ( 'NONE',  ( -2.224264068711925280, 0.7499999999999998890, -1.517157287525384479 ) ) ;
#798 = EDGE_CURVE ( 'NONE', #982, #1833, #812, .T. ) ;
#799 = DIRECTION ( 'NONE',  ( 0.7071067811865469066, -0.000000000000000000, -0.7071067811865482389 ) ) ;
#800 = STYLED_ITEM ( 'NONE', ( #1798 ), #3203 ) ;
#801 = EDGE_CURVE ( 'NONE', #709, #3148, #3482, .T. ) ;
#802 = CIRCLE ( 'NONE', #3223, 0.04999999999999991951 ) ;
#803 = EDGE_CURVE ( 'NONE', #2549, #3213, #3793, .T. ) ;
#804 = ORIENTED_EDGE ( 'NONE', *, *, #1884, .T. ) ;
#805 = ADVANCED_FACE ( 'NONE', ( #551 ), #1547, .T. ) ;
#806 = LINE ( 'NONE', #3190, #107 ) ;
#807 = EDGE_CURVE ( 'NONE', #3031, #82, #240, .T. ) ;
#808 = APPLICATION_CONTEXT ( 'automotive_design' ) ;
#809 = DIRECTION ( 'NONE',  ( -0.7071067811865489050, -0.000000000000000000, 0.7071067811865462405 ) ) ;
#810 = PRESENTATION_STYLE_ASSIGNMENT (( #558 ) ) ;
#811 = VERTEX_POINT ( 'NONE', #3175 ) ;
#812 = LINE ( 'NONE', #2479, #159 ) ;
#813 = EDGE_CURVE ( 'NONE', #1410, #832, #2388, .T. ) ;
#814 = DIRECTION ( 'NONE',  ( 0.000000000000000000, 0.000000000000000000, -1.000000000000000000 ) ) ;
#815 = ADVANCED_FACE ( 'NONE', ( #2563 ), #3539, .F. ) ;
#816 = CARTESIAN_POINT ( 'NONE',  ( -1.481801948466048957, 0.7999999999999999334, -2.118198051533948689 ) ) ;
#817 = EDGE_LOOP ( 'NONE', ( #3273, #2364, #3390, #328 ) ) ;
#818 = DIRECTION ( 'NONE',  ( 0.000000000000000000, 0.000000000000000000, -1.000000000000000000 ) ) ;
#819 = COLOUR_RGB ( '',0.8000000000000000444, 0.8078431372549019773, 0.8000000000000000444 ) ;
#820 = FACE_OUTER_BOUND ( 'NONE', #3799, .T. ) ;
#821 = ADVANCED_FACE ( 'NONE', ( #2612 ), #1688, .T. ) ;
#822 = DIRECTION ( 'NONE',  ( 0.7071067811865486830, -1.084202172485504434E-16, -0.7071067811865464625 ) ) ;
#823 = MECHANICAL_DESIGN_GEOMETRIC_PRESENTATION_REPRESENTATION (  '', ( #2135 ), #1240 ) ;
#824 =( NAMED_UNIT ( * ) PLANE_ANGLE_UNIT ( ) SI_UNIT ( $, .RADIAN. ) );
#825 = MECHANICAL_DESIGN_GEOMETRIC_PRESENTATION_REPRESENTATION (  '', ( #2632 ), #3407 ) ;
#826 = ORIENTED_EDGE ( 'NONE', *, *, #2159, .F. ) ;
#827 =( NAMED_UNIT ( * ) SI_UNIT ( $, .STERADIAN. ) SOLID_ANGLE_UNIT ( ) );
#828 = UNCERTAINTY_MEASURE_WITH_UNIT (LENGTH_MEASURE( 1.000000000000000082E-05 ), #434, 'distance_accuracy_value', 'NONE');
#829 = AXIS2_PLACEMENT_3D ( 'NONE', #1867, #522, #3166 ) ;
#830 = LINE ( 'NONE', #3490, #4110 ) ;
#831 = FACE_OUTER_BOUND ( 'NONE', #2418, .T. ) ;
#832 = VERTEX_POINT ( 'NONE', #330 ) ;
#833 =( LENGTH_UNIT ( ) NAMED_UNIT ( * ) SI_UNIT ( .MILLI., .METRE. ) );
#834 = FILL_AREA_STYLE_COLOUR ( '', #2122 ) ;
#835 = UNCERTAINTY_MEASURE_WITH_UNIT (LENGTH_MEASURE( 1.000000000000000082E-05 ), #251, 'distance_accuracy_value', 'NONE');
#836 = LINE ( 'NONE', #489, #2817 ) ;
#837 = DIRECTION ( 'NONE',  ( -0.000000000000000000, 1.000000000000000000, -0.000000000000000000 ) ) ;
#838 = DIRECTION ( 'NONE',  ( -0.000000000000000000, 1.000000000000000000, -0.000000000000000000 ) ) ;
#839 = DIRECTION ( 'NONE',  ( 0.7071067811865388020, 0.000000000000000000, -0.7071067811865563435 ) ) ;
#840 = VERTEX_POINT ( 'NONE', #3335 ) ;
#841 = AXIS2_PLACEMENT_3D ( 'NONE', #1370, #78, #3405 ) ;
#842 = PRESENTATION_STYLE_ASSIGNMENT (( #2449 ) ) ;
#843 = VECTOR ( 'NONE', #1749, 1000.000000000000000 ) ;
#844 = SURFACE_STYLE_FILL_AREA ( #3576 ) ;
#845 = ORIENTED_EDGE ( 'NONE', *, *, #2100, .T. ) ;
#846 = DIRECTION ( 'NONE',  ( 0.000000000000000000, 1.000000000000000000, 0.000000000000000000 ) ) ;
#847 = ADVANCED_FACE ( 'NONE', ( #613 ), #3910, .T. ) ;
#848 = EDGE_CURVE ( 'NONE', #576, #1880, #3314, .T. ) ;
#849 =( NAMED_UNIT ( * ) PLANE_ANGLE_UNIT ( ) SI_UNIT ( $, .RADIAN. ) );
#850 = LINE ( 'NONE', #3153, #1478 ) ;
#851 = ORIENTED_EDGE ( 'NONE', *, *, #1589, .F. ) ;
#852 = FACE_OUTER_BOUND ( 'NONE', #2570, .T. ) ;
#853 = FILL_AREA_STYLE ('',( #3815 ) ) ;
#854 = DIRECTION ( 'NONE',  ( -0.7071067811865486830, 0.000000000000000000, 0.7071067811865463515 ) ) ;
#855 = DIRECTION ( 'NONE',  ( 0.7071067811865482389, -0.000000000000000000, 0.7071067811865469066 ) ) ;
#856 = FILL_AREA_STYLE_COLOUR ( '', #2884 ) ;
#857 = ORIENTED_EDGE ( 'NONE', *, *, #178, .F. ) ;
#858 = AXIS2_PLACEMENT_3D ( 'NONE', #1423, #4102, #1890 ) ;
#859 = EDGE_LOOP ( 'NONE', ( #2588, #2063, #3306, #2338 ) ) ;
#860 = EDGE_CURVE ( 'NONE', #704, #1796, #2930, .T. ) ;
#861 =( LENGTH_UNIT ( ) NAMED_UNIT ( * ) SI_UNIT ( .MILLI., .METRE. ) );
#862 = ADVANCED_FACE ( 'NONE', ( #3951 ), #962, .F. ) ;
#863 = FACE_OUTER_BOUND ( 'NONE', #3071, .T. ) ;
#864 = AXIS2_PLACEMENT_3D ( 'NONE', #2660, #3002, #2043 ) ;
#865 = COLOUR_RGB ( '',1.000000000000000000, 1.000000000000000000, 1.000000000000000000 ) ;
#866 = MECHANICAL_DESIGN_GEOMETRIC_PRESENTATION_REPRESENTATION (  '', ( #1709 ), #1150 ) ;
#867 = DIRECTION ( 'NONE',  ( 0.7071067811865462405, 0.000000000000000000, 0.7071067811865489050 ) ) ;
#868 = AXIS2_PLACEMENT_3D ( 'NONE', #310, #1571, #2893 ) ;
#869 = EDGE_CURVE ( 'NONE', #1102, #2957, #2104, .T. ) ;
#870 = ORIENTED_EDGE ( 'NONE', *, *, #216, .F. ) ;
#871 = FILL_AREA_STYLE ('',( #3192 ) ) ;
#872 = PRESENTATION_LAYER_ASSIGNMENT (  '', '', ( #2392 ) ) ;
#873 = VERTEX_POINT ( 'NONE', #1034 ) ;
#874 = CARTESIAN_POINT ( 'NONE',  ( -2.188908729652597529, 0.7499999999999997780, -1.552512626584711564 ) ) ;
#875 = UNCERTAINTY_MEASURE_WITH_UNIT (LENGTH_MEASURE( 1.000000000000000082E-05 ), #376, 'distance_accuracy_value', 'NONE');
#876 = PRESENTATION_STYLE_ASSIGNMENT (( #2935 ) ) ;
#877 = FACE_BOUND ( 'NONE', #2080, .T. ) ;
#878 = ORIENTED_EDGE ( 'NONE', *, *, #3713, .F. ) ;
#879 =( NAMED_UNIT ( * ) SI_UNIT ( $, .STERADIAN. ) SOLID_ANGLE_UNIT ( ) );
#880 = CARTESIAN_POINT ( 'NONE',  ( -2.203553390593271377, -0.2000000000000000111, -1.517157287525383813 ) ) ;
#881 = DIRECTION ( 'NONE',  ( -0.7071067811865474617, 0.000000000000000000, 0.7071067811865474617 ) ) ;
#882 = FILL_AREA_STYLE ('',( #1950 ) ) ;
#883 = STYLED_ITEM ( 'NONE', ( #778 ), #1856 ) ;
#884 =( LENGTH_UNIT ( ) NAMED_UNIT ( * ) SI_UNIT ( .MILLI., .METRE. ) );
#885 =( NAMED_UNIT ( * ) PLANE_ANGLE_UNIT ( ) SI_UNIT ( $, .RADIAN. ) );
#886 = VECTOR ( 'NONE', #2927, 1000.000000000000000 ) ;
#887 = ORIENTED_EDGE ( 'NONE', *, *, #1735, .F. ) ;
#888 = DIRECTION ( 'NONE',  ( -0.000000000000000000, 1.000000000000000000, -0.000000000000000000 ) ) ;
#889 = CARTESIAN_POINT ( 'NONE',  ( -2.203553390593270045, 0.7051425210512166641, -1.530595342628618960 ) ) ;
#890 = DIRECTION ( 'NONE',  ( 9.486769009248185491E-16, -1.000000000000000000, -9.486769009248151965E-16 ) ) ;
#891 = ORIENTED_EDGE ( 'NONE', *, *, #2341, .T. ) ;
#892 = PRESENTATION_LAYER_ASSIGNMENT (  '', '', ( #3116 ) ) ;
#893 = EDGE_CURVE ( 'NONE', #4152, #2596, #1774, .T. ) ;
#894 = LINE ( 'NONE', #2238, #1871 ) ;
#895 = LINE ( 'NONE', #4229, #2399 ) ;
#896 = ORIENTED_EDGE ( 'NONE', *, *, #3518, .F. ) ;
#897 = DIRECTION ( 'NONE',  ( 0.7071067811865462405, -0.000000000000000000, 0.7071067811865489050 ) ) ;
#898 = SURFACE_SIDE_STYLE ('',( #2578 ) ) ;
#899 = LINE ( 'NONE', #481, #3688 ) ;
#900 = STYLED_ITEM ( 'NONE', ( #3007 ), #626 ) ;
#901 =( GEOMETRIC_REPRESENTATION_CONTEXT ( 3 ) GLOBAL_UNCERTAINTY_ASSIGNED_CONTEXT ( ( #2360 ) ) GLOBAL_UNIT_ASSIGNED_CONTEXT ( ( #123, #3068, #386 ) ) REPRESENTATION_CONTEXT ( 'NONE', 'WORKASPACE' ) );
#902 = CARTESIAN_POINT ( 'NONE',  ( -1.481801948466048735, -6.009968850885412032E-17, -2.188908729652603302 ) ) ;
#903 =( GEOMETRIC_REPRESENTATION_CONTEXT ( 3 ) GLOBAL_UNCERTAINTY_ASSIGNED_CONTEXT ( ( #4159 ) ) GLOBAL_UNIT_ASSIGNED_CONTEXT ( ( #4181, #1812, #239 ) ) REPRESENTATION_CONTEXT ( 'NONE', 'WORKASPACE' ) );
#904 = VERTEX_POINT ( 'NONE', #1075 ) ;
#905 = LINE ( 'NONE', #1606, #1660 ) ;
#906 = VECTOR ( 'NONE', #2532, 1000.000000000000000 ) ;
#907 = CARTESIAN_POINT ( 'NONE',  ( 1.367743320245153216, 2.889999999999999680, -0.5448898183800181538 ) ) ;
#908 = STYLED_ITEM ( 'NONE', ( #1832 ), #1173 ) ;
#909 = DIRECTION ( 'NONE',  ( -0.7071067811865486830, -0.000000000000000000, 0.7071067811865463515 ) ) ;
#910 = ORIENTED_EDGE ( 'NONE', *, *, #3228, .F. ) ;
#911 = DIRECTION ( 'NONE',  ( 0.000000000000000000, 0.000000000000000000, -1.000000000000000000 ) ) ;
#912 = ADVANCED_FACE ( 'NONE', ( #735 ), #3388, .T. ) ;
#913 = SURFACE_STYLE_FILL_AREA ( #3888 ) ;
#914 = UNCERTAINTY_MEASURE_WITH_UNIT (LENGTH_MEASURE( 1.000000000000000082E-05 ), #2515, 'distance_accuracy_value', 'NONE');
#915 = DIRECTION ( 'NONE',  ( 0.000000000000000000, 1.000000000000000000, 0.000000000000000000 ) ) ;
#916 = ORIENTED_EDGE ( 'NONE', *, *, #2847, .T. ) ;
#917 = ORIENTED_EDGE ( 'NONE', *, *, #2090, .F. ) ;
#918 = PLANE ( 'NONE',  #2863 ) ;
#919 = LINE ( 'NONE', #1945, #3124 ) ;
#920 = SURFACE_STYLE_FILL_AREA ( #2861 ) ;
#921 = CARTESIAN_POINT ( 'NONE',  ( 0.000000000000000000, 1.899999999999999689, 0.000000000000000000 ) ) ;
#922 = EDGE_CURVE ( 'NONE', #1615, #4209, #770, .T. ) ;
#923 = DIRECTION ( 'NONE',  ( 0.000000000000000000, 1.000000000000000000, 0.000000000000000000 ) ) ;
#924 = DIRECTION ( 'NONE',  ( -0.000000000000000000, 1.000000000000000000, -0.000000000000000000 ) ) ;
#925 = CARTESIAN_POINT ( 'NONE',  ( 1.168359517428251726, 2.889999999999999680, -0.5016459803518490412 ) ) ;
#926 = VERTEX_POINT ( 'NONE', #712 ) ;
#927 = SURFACE_SIDE_STYLE ('',( #3881 ) ) ;
#928 = CIRCLE ( 'NONE', #2946, 0.05000000000000007216 ) ;
#929 = CARTESIAN_POINT ( 'NONE',  ( -2.198410869542053891, 0.7365619448967654082, -1.491304088355512203 ) ) ;
#930 = CIRCLE ( 'NONE', #523, 0.3999999999999999667 ) ;
#931 = FILL_AREA_STYLE_COLOUR ( '', #1661 ) ;
#932 = CARTESIAN_POINT ( 'NONE',  ( -2.399999999999999911, 2.899999999999999911, -1.200000000000001066 ) ) ;
#933 = CIRCLE ( 'NONE', #315, 0.04999999999999991951 ) ;
#934 = ORIENTED_EDGE ( 'NONE', *, *, #2194, .T. ) ;
#935 = STYLED_ITEM ( 'NONE', ( #1309 ), #3112 ) ;
#936 = CARTESIAN_POINT ( 'NONE',  ( -1.668082731761227899, -0.2000000000000000111, 0.7999999999999994893 ) ) ;
#937 = DIRECTION ( 'NONE',  ( 1.000000000000000000, 0.000000000000000000, 0.000000000000000000 ) ) ;
#938 = ADVANCED_FACE ( 'NONE', ( #465 ), #2782, .T. ) ;
#939 = SURFACE_STYLE_USAGE ( .BOTH. , #3653 ) ;
#940 = DIRECTION ( 'NONE',  ( 0.7071067811865432429, 0.000000000000000000, -0.7071067811865519026 ) ) ;
#941 = STYLED_ITEM ( 'NONE', ( #553 ), #3438 ) ;
#942 = CARTESIAN_POINT ( 'NONE',  ( -1.491304088355504653, 0.7365619448967655192, -2.198410869542058776 ) ) ;
#943 = CARTESIAN_POINT ( 'NONE',  ( -1.999999999999998224, 0.000000000000000000, 2.000000000000000000 ) ) ;
#944 = ORIENTED_EDGE ( 'NONE', *, *, #2849, .T. ) ;
#945 = ORIENTED_EDGE ( 'NONE', *, *, #986, .F. ) ;
#946 = DIRECTION ( 'NONE',  ( -0.000000000000000000, 1.000000000000000000, -0.000000000000000000 ) ) ;
#947 = LINE ( 'NONE', #2265, #795 ) ;
#948 = CARTESIAN_POINT ( 'NONE',  ( -2.399999999999999911, 0.000000000000000000, -1.200000000000001066 ) ) ;
#949 =( NAMED_UNIT ( * ) SI_UNIT ( $, .STERADIAN. ) SOLID_ANGLE_UNIT ( ) );
#950 = EDGE_CURVE ( 'NONE', #2175, #960, #2870, .T. ) ;
#951 = CARTESIAN_POINT ( 'NONE',  ( -2.507106781186544175, 0.7499999999999997780, -1.870710678118658876 ) ) ;
#952 = DIRECTION ( 'NONE',  ( 9.486769009248187463E-16, 1.000000000000000000, -9.486769009248151965E-16 ) ) ;
#953 = FILL_AREA_STYLE_COLOUR ( '', #2320 ) ;
#954 = EDGE_CURVE ( 'NONE', #1796, #926, #1135, .T. ) ;
#955 = CARTESIAN_POINT ( 'NONE',  ( 1.481801948466048069, 0.7499999999999998890, 2.118198051533947801 ) ) ;
#956 = ORIENTED_EDGE ( 'NONE', *, *, #3709, .F. ) ;
#957 = CARTESIAN_POINT ( 'NONE',  ( 0.000000000000000000, -0.2000000000000000111, 0.000000000000000000 ) ) ;
#958 = DIRECTION ( 'NONE',  ( -0.000000000000000000, 1.000000000000000000, -0.000000000000000000 ) ) ;
#959 =( NAMED_UNIT ( * ) PLANE_ANGLE_UNIT ( ) SI_UNIT ( $, .RADIAN. ) );
#960 = VERTEX_POINT ( 'NONE', #4175 ) ;
#961 = DIRECTION ( 'NONE',  ( -0.000000000000000000, 1.000000000000000000, -0.000000000000000000 ) ) ;
#962 = PLANE ( 'NONE',  #1623 ) ;
#963 = UNCERTAINTY_MEASURE_WITH_UNIT (LENGTH_MEASURE( 1.000000000000000082E-05 ), #3909, 'distance_accuracy_value', 'NONE');
#964 = CYLINDRICAL_SURFACE ( 'NONE', #864, 0.3999999999999999667 ) ;
#965 = FACE_OUTER_BOUND ( 'NONE', #1968, .T. ) ;
#966 = SURFACE_STYLE_FILL_AREA ( #2215 ) ;
#967 = VERTEX_POINT ( 'NONE', #3532 ) ;
#969 = ORIENTED_EDGE ( 'NONE', *, *, #3312, .T. ) ;
#968 = COLOUR_RGB ( '',0.8000000000000000444, 0.8078431372549019773, 0.8000000000000000444 ) ;
#970 = FILL_AREA_STYLE_COLOUR ( '', #497 ) ;
#971 = CARTESIAN_POINT ( 'NONE',  ( -0.4775471727125933374, 2.889999999999999680, -0.5016459803518490412 ) ) ;
#972 = DIRECTION ( 'NONE',  ( 0.7071067811865474617, 0.000000000000000000, 0.7071067811865474617 ) ) ;
#973 = SURFACE_STYLE_FILL_AREA ( #1675 ) ;
#974 = FILL_AREA_STYLE ('',( #270 ) ) ;
#975 = DIRECTION ( 'NONE',  ( -9.486769009248187463E-16, 1.000000000000000000, 9.486769009248151965E-16 ) ) ;
#976 = VERTEX_POINT ( 'NONE', #3790 ) ;
#977 =( NAMED_UNIT ( * ) PLANE_ANGLE_UNIT ( ) SI_UNIT ( $, .RADIAN. ) );
#978 = CARTESIAN_POINT ( 'NONE',  ( 1.552512626584702682, 0.7999999999999999334, 2.188908729652602414 ) ) ;
#979 =( NAMED_UNIT ( * ) PLANE_ANGLE_UNIT ( ) SI_UNIT ( $, .RADIAN. ) );
#980 = LINE ( 'NONE', #2779, #2558 ) ;
#981 = AXIS2_PLACEMENT_3D ( 'NONE', #3683, #722, #3986 ) ;
#982 = VERTEX_POINT ( 'NONE', #4153 ) ;
#983 = PRESENTATION_LAYER_ASSIGNMENT (  '', '', ( #3615 ) ) ;
#984 = CARTESIAN_POINT ( 'NONE',  ( -0.5759186515858326638, 2.899999999999999911, -0.5448898183800181538 ) ) ;
#985 = SURFACE_STYLE_USAGE ( .BOTH. , #1321 ) ;
#986 = EDGE_CURVE ( 'NONE', #1159, #3459, #1194, .T. ) ;
#987 =( NAMED_UNIT ( * ) PLANE_ANGLE_UNIT ( ) SI_UNIT ( $, .RADIAN. ) );
#988 = PRESENTATION_STYLE_ASSIGNMENT (( #3337 ) ) ;
#989 = DIRECTION ( 'NONE',  ( 0.000000000000000000, 0.000000000000000000, 1.000000000000000000 ) ) ;
#990 =( NAMED_UNIT ( * ) SI_UNIT ( $, .STERADIAN. ) SOLID_ANGLE_UNIT ( ) );
#991 = ORIENTED_EDGE ( 'NONE', *, *, #545, .T. ) ;
#992 = EDGE_CURVE ( 'NONE', #3266, #3420, #806, .T. ) ;
#993 = ORIENTED_EDGE ( 'NONE', *, *, #456, .T. ) ;
#994 = EDGE_CURVE ( 'NONE', #3287, #1375, #2209, .T. ) ;
#995 = ADVANCED_FACE ( 'NONE', ( #2803 ), #4117, .T. ) ;
#996 = LINE ( 'NONE', #2316, #762 ) ;
#997 = DIRECTION ( 'NONE',  ( 0.000000000000000000, 0.000000000000000000, -1.000000000000000000 ) ) ;
#998 = STYLED_ITEM ( 'NONE', ( #3614 ), #429 ) ;
#999 =( GEOMETRIC_REPRESENTATION_CONTEXT ( 3 ) GLOBAL_UNCERTAINTY_ASSIGNED_CONTEXT ( ( #572 ) ) GLOBAL_UNIT_ASSIGNED_CONTEXT ( ( #255, #1989, #1665 ) ) REPRESENTATION_CONTEXT ( 'NONE', 'WORKASPACE' ) );
#1000 = EDGE_CURVE ( 'NONE', #2746, #3154, #546, .T. ) ;
#1001 = CYLINDRICAL_SURFACE ( 'NONE', #1091, 0.05000000000000012768 ) ;
#1002 = SURFACE_STYLE_FILL_AREA ( #2995 ) ;
#1003 = CARTESIAN_POINT ( 'NONE',  ( -2.224264068711925724, 0.6999999999999997335, -1.517157287525385145 ) ) ;
#1004 = ORIENTED_EDGE ( 'NONE', *, *, #798, .T. ) ;
#1005 = EDGE_CURVE ( 'NONE', #2460, #3237, #3809, .T. ) ;
#1006 = STYLED_ITEM ( 'NONE', ( #526 ), #995 ) ;
#1007 = FILL_AREA_STYLE ('',( #4286 ) ) ;
#1008 = CARTESIAN_POINT ( 'NONE',  ( -0.7753024544027340426, 2.889999999999999680, -0.5016459803518490412 ) ) ;
#1009 = VERTEX_POINT ( 'NONE', #1541 ) ;
#1010 = ORIENTED_EDGE ( 'NONE', *, *, #3439, .F. ) ;
#1011 = SURFACE_STYLE_USAGE ( .BOTH. , #1962 ) ;
#1012 = FILL_AREA_STYLE ('',( #3976 ) ) ;
#1013 = UNCERTAINTY_MEASURE_WITH_UNIT (LENGTH_MEASURE( 1.000000000000000082E-05 ), #2445, 'distance_accuracy_value', 'NONE');
#1014 =( LENGTH_UNIT ( ) NAMED_UNIT ( * ) SI_UNIT ( .MILLI., .METRE. ) );
#1015 = VECTOR ( 'NONE', #367, 1000.000000000000000 ) ;
#1016 = CARTESIAN_POINT ( 'NONE',  ( -0.2180841445435792725, 2.889999999999999680, 0.8082131745777283438 ) ) ;
#1017 =( GEOMETRIC_REPRESENTATION_CONTEXT ( 3 ) GLOBAL_UNCERTAINTY_ASSIGNED_CONTEXT ( ( #411 ) ) GLOBAL_UNIT_ASSIGNED_CONTEXT ( ( #3741, #3165, #3877 ) ) REPRESENTATION_CONTEXT ( 'NONE', 'WORKASPACE' ) );
#1018 = VERTEX_POINT ( 'NONE', #3168 ) ;
#1019 = ORIENTED_EDGE ( 'NONE', *, *, #22, .F. ) ;
#1020 = FILL_AREA_STYLE_COLOUR ( '', #1533 ) ;
#1021 = FACE_OUTER_BOUND ( 'NONE', #2840, .T. ) ;
#1022 = PRESENTATION_LAYER_ASSIGNMENT (  '', '', ( #2330 ) ) ;
#1023 = CARTESIAN_POINT ( 'NONE',  ( -0.3986519262337201441, 2.889999999999999680, 0.8082131745777283438 ) ) ;
#1024 = CARTESIAN_POINT ( 'NONE',  ( -2.153553390593271111, 1.214450464109203433E-15, -1.517157287525383591 ) ) ;
#1025 = FILL_AREA_STYLE ('',( #293 ) ) ;
#1026 =( LENGTH_UNIT ( ) NAMED_UNIT ( * ) SI_UNIT ( .MILLI., .METRE. ) );
#1027 = ORIENTED_EDGE ( 'NONE', *, *, #44, .T. ) ;
#1028 = PRESENTATION_STYLE_ASSIGNMENT (( #440 ) ) ;
#1029 = DIRECTION ( 'NONE',  ( 0.7071067811865486830, -0.000000000000000000, -0.7071067811865463515 ) ) ;
#1030 = EDGE_LOOP ( 'NONE', ( #3385, #3464, #2408, #2845 ) ) ;
#1031 = SURFACE_STYLE_USAGE ( .BOTH. , #732 ) ;
#1032 = ORIENTED_EDGE ( 'NONE', *, *, #3106, .T. ) ;
#1033 = DIRECTION ( 'NONE',  ( 0.7071067811865489050, -0.000000000000000000, -0.7071067811865461294 ) ) ;
#1034 = CARTESIAN_POINT ( 'NONE',  ( 2.877919977996279827E-16, 2.899999999999999911, -2.350000000000000089 ) ) ;
#1035 = CARTESIAN_POINT ( 'NONE',  ( 0.5731790596817729622, 2.889999999999999680, 0.8082131745777283438 ) ) ;
#1036 = LINE ( 'NONE', #3363, #2744 ) ;
#1037 = PRESENTATION_STYLE_ASSIGNMENT (( #2016 ) ) ;
#1038 = COLOUR_RGB ( '',0.8000000000000000444, 0.8078431372549019773, 0.8000000000000000444 ) ;
#1039 = ORIENTED_EDGE ( 'NONE', *, *, #3555, .F. ) ;
#1040 = STYLED_ITEM ( 'NONE', ( #547 ), #1940 ) ;
#1041 = ORIENTED_EDGE ( 'NONE', *, *, #1728, .F. ) ;
#1042 = CARTESIAN_POINT ( 'NONE',  ( 2.299999999999998490, -0.2000000000000000111, 0.7999999999999994893 ) ) ;
#1043 = DIRECTION ( 'NONE',  ( 0.000000000000000000, 0.000000000000000000, -1.000000000000000000 ) ) ;
#1044 = CARTESIAN_POINT ( 'NONE',  ( -0.7753024544027340426, 2.889999999999999680, -0.5016459803518490412 ) ) ;
#1045 =( NAMED_UNIT ( * ) PLANE_ANGLE_UNIT ( ) SI_UNIT ( $, .RADIAN. ) );
#1046 = VECTOR ( 'NONE', #2955, 1000.000000000000000 ) ;
#1047 = FACE_OUTER_BOUND ( 'NONE', #604, .T. ) ;
#1048 =( GEOMETRIC_REPRESENTATION_CONTEXT ( 3 ) GLOBAL_UNCERTAINTY_ASSIGNED_CONTEXT ( ( #1371 ) ) GLOBAL_UNIT_ASSIGNED_CONTEXT ( ( #4092, #2431, #458 ) ) REPRESENTATION_CONTEXT ( 'NONE', 'WORKASPACE' ) );
#1049 = DIRECTION ( 'NONE',  ( 0.000000000000000000, 0.000000000000000000, 1.000000000000000000 ) ) ;
#1050 = EDGE_LOOP ( 'NONE', ( #4145, #233, #3864, #3636 ) ) ;
#1051 = CARTESIAN_POINT ( 'NONE',  ( -1.449378158628086277, 2.889999999999999680, -0.5016459803518490412 ) ) ;
#1052 = EDGE_CURVE ( 'NONE', #3508, #3041, #190, .T. ) ;
#1053 = ORIENTED_EDGE ( 'NONE', *, *, #1646, .T. ) ;
#1054 = VECTOR ( 'NONE', #3591, 1000.000000000000000 ) ;
#1055 = CYLINDRICAL_SURFACE ( 'NONE', #2171, 0.05000000000000012768 ) ;
#1056 =( LENGTH_UNIT ( ) NAMED_UNIT ( * ) SI_UNIT ( .MILLI., .METRE. ) );
#1057 = CARTESIAN_POINT ( 'NONE',  ( 1.668082731761227899, 0.000000000000000000, 0.7999999999999994893 ) ) ;
#1058 = UNCERTAINTY_MEASURE_WITH_UNIT (LENGTH_MEASURE( 1.000000000000000082E-05 ), #2297, 'distance_accuracy_value', 'NONE');
#1059 = STYLED_ITEM ( 'NONE', ( #2641 ), #670 ) ;
#1060 = DIRECTION ( 'NONE',  ( 0.000000000000000000, -1.000000000000000000, 0.000000000000000000 ) ) ;
#1061 = VERTEX_POINT ( 'NONE', #3599 ) ;
#1062 = ORIENTED_EDGE ( 'NONE', *, *, #3575, .T. ) ;
#1063 = CARTESIAN_POINT ( 'NONE',  ( 1.517157287525375375, 0.000000000000000000, 2.224264068711929720 ) ) ;
#1064 = LINE ( 'NONE', #3711, #1559 ) ;
#1065 = PRESENTATION_LAYER_ASSIGNMENT (  '', '', ( #1266 ) ) ;
#1066 = FILL_AREA_STYLE ('',( #2126 ) ) ;
#1067 = FILL_AREA_STYLE ('',( #643 ) ) ;
#1068 =( NAMED_UNIT ( * ) SI_UNIT ( $, .STERADIAN. ) SOLID_ANGLE_UNIT ( ) );
#1069 = ORIENTED_EDGE ( 'NONE', *, *, #1580, .F. ) ;
#1070 = VECTOR ( 'NONE', #278, 1000.000000000000000 ) ;
#1071 = DIRECTION ( 'NONE',  ( -0.000000000000000000, 0.000000000000000000, 1.000000000000000000 ) ) ;
#1072 = PRESENTATION_LAYER_ASSIGNMENT (  '', '', ( #1284 ) ) ;
#1073 = VERTEX_POINT ( 'NONE', #1631 ) ;
#1074 = SURFACE_STYLE_FILL_AREA ( #2729 ) ;
#1075 = CARTESIAN_POINT ( 'NONE',  ( -1.346446609406723338, -0.2000000000000000111, -2.053553390593277239 ) ) ;
#1076 =( GEOMETRIC_REPRESENTATION_CONTEXT ( 3 ) GLOBAL_UNCERTAINTY_ASSIGNED_CONTEXT ( ( #2785 ) ) GLOBAL_UNIT_ASSIGNED_CONTEXT ( ( #2304, #1941, #359 ) ) REPRESENTATION_CONTEXT ( 'NONE', 'WORKASPACE' ) );
#1077 = LINE ( 'NONE', #2254, #3637 ) ;
#1078 = LINE ( 'NONE', #738, #2739 ) ;
#1079 = CARTESIAN_POINT ( 'NONE',  ( 1.481801948466047847, 0.7499999999999998890, 2.188908729652602414 ) ) ;
#1080 = AXIS2_PLACEMENT_3D ( 'NONE', #3204, #923, #580 ) ;
#1081 = ORIENTED_EDGE ( 'NONE', *, *, #773, .F. ) ;
#1082 = VERTEX_POINT ( 'NONE', #1934 ) ;
#1083 = CARTESIAN_POINT ( 'NONE',  ( 1.668082731761227899, 0.000000000000000000, -0.7999999999999992673 ) ) ;
#1084 = PRESENTATION_STYLE_ASSIGNMENT (( #4053 ) ) ;
#1085 = VECTOR ( 'NONE', #1477, 1000.000000000000000 ) ;
#1086 = MECHANICAL_DESIGN_GEOMETRIC_PRESENTATION_REPRESENTATION (  '', ( #4179 ), #1493 ) ;
#1087 = AXIS2_PLACEMENT_3D ( 'NONE', #3317, #758, #2046 ) ;
#1088 = FACE_OUTER_BOUND ( 'NONE', #262, .T. ) ;
#1089 = VECTOR ( 'NONE', #3920, 1000.000000000000000 ) ;
#1090 =( NAMED_UNIT ( * ) SI_UNIT ( $, .STERADIAN. ) SOLID_ANGLE_UNIT ( ) );
#1091 = AXIS2_PLACEMENT_3D ( 'NONE', #3765, #3844, #513 ) ;
#1092 = MECHANICAL_DESIGN_GEOMETRIC_PRESENTATION_REPRESENTATION (  '', ( #2392 ), #1990 ) ;
#1093 = LINE ( 'NONE', #3899, #2222 ) ;
#1094 = ADVANCED_FACE ( 'NONE', ( #1339 ), #2003, .T. ) ;
#1095 =( LENGTH_UNIT ( ) NAMED_UNIT ( * ) SI_UNIT ( .MILLI., .METRE. ) );
#1096 = ORIENTED_EDGE ( 'NONE', *, *, #3111, .T. ) ;
#1097 = FILL_AREA_STYLE_COLOUR ( '', #1769 ) ;
#1098 = LINE ( 'NONE', #2400, #3804 ) ;
#1099 = UNCERTAINTY_MEASURE_WITH_UNIT (LENGTH_MEASURE( 1.000000000000000082E-05 ), #2721, 'distance_accuracy_value', 'NONE');
#1100 = DIRECTION ( 'NONE',  ( -0.7071067811865462405, 0.000000000000000000, -0.7071067811865489050 ) ) ;
#1101 = ORIENTED_EDGE ( 'NONE', *, *, #1122, .T. ) ;
#1102 = VERTEX_POINT ( 'NONE', #2952 ) ;
#1103 = DIRECTION ( 'NONE',  ( -2.891205793294677833E-16, 0.000000000000000000, 1.000000000000000000 ) ) ;
#1104 = CARTESIAN_POINT ( 'NONE',  ( -2.399999999999998579, 2.899999999999999911, 2.400000000000000355 ) ) ;
#1105 =( GEOMETRIC_REPRESENTATION_CONTEXT ( 3 ) GLOBAL_UNCERTAINTY_ASSIGNED_CONTEXT ( ( #3137 ) ) GLOBAL_UNIT_ASSIGNED_CONTEXT ( ( #423, #765, #1706 ) ) REPRESENTATION_CONTEXT ( 'NONE', 'WORKASPACE' ) );
#1106 =( GEOMETRIC_REPRESENTATION_CONTEXT ( 3 ) GLOBAL_UNCERTAINTY_ASSIGNED_CONTEXT ( ( #2711 ) ) GLOBAL_UNIT_ASSIGNED_CONTEXT ( ( #4243, #959, #3556 ) ) REPRESENTATION_CONTEXT ( 'NONE', 'WORKASPACE' ) );
#1107 = DIRECTION ( 'NONE',  ( 0.000000000000000000, 0.000000000000000000, -1.000000000000000000 ) ) ;
#1108 = CARTESIAN_POINT ( 'NONE',  ( -1.370482912149213028, 2.889999999999999680, 0.8082131745777283438 ) ) ;
#1109 = LINE ( 'NONE', #3060, #3811 ) ;
#1110 = EDGE_CURVE ( 'NONE', #3788, #1464, #905, .T. ) ;
#1111 = ORIENTED_EDGE ( 'NONE', *, *, #2657, .T. ) ;
#1112 = FACE_OUTER_BOUND ( 'NONE', #156, .T. ) ;
#1113 = CARTESIAN_POINT ( 'NONE',  ( 1.481801948466047847, -5.685945951914587818E-17, 2.188908729652602414 ) ) ;
#1114 = PRESENTATION_STYLE_ASSIGNMENT (( #2404 ) ) ;
#1115 = VERTEX_POINT ( 'NONE', #3227 ) ;
#1116 = EDGE_CURVE ( 'NONE', #286, #2825, #627, .T. ) ;
#1117 = FILL_AREA_STYLE ('',( #4091 ) ) ;
#1118 = FACE_OUTER_BOUND ( 'NONE', #1588, .T. ) ;
#1119 = CIRCLE ( 'NONE', #2567, 0.04999999999999991257 ) ;
#1120 =( LENGTH_UNIT ( ) NAMED_UNIT ( * ) SI_UNIT ( .MILLI., .METRE. ) );
#1121 = PRESENTATION_STYLE_ASSIGNMENT (( #197 ) ) ;
#1122 = EDGE_CURVE ( 'NONE', #550, #2501, #274, .T. ) ;
#1123 =( NAMED_UNIT ( * ) SI_UNIT ( $, .STERADIAN. ) SOLID_ANGLE_UNIT ( ) );
#1124 = COLOUR_RGB ( '',0.8000000000000000444, 0.8078431372549019773, 0.8000000000000000444 ) ;
#1125 = ADVANCED_FACE ( 'NONE', ( #2228 ), #1981, .F. ) ;
#1126 = ADVANCED_FACE ( 'NONE', ( #1658 ), #2975, .F. ) ;
#1127 = EDGE_CURVE ( 'NONE', #1880, #2175, #3669, .T. ) ;
#1128 = VECTOR ( 'NONE', #155, 999.9999999999998863 ) ;
#1129 = SURFACE_STYLE_USAGE ( .BOTH. , #2760 ) ;
#1130 = ADVANCED_FACE ( 'NONE', ( #13 ), #2081, .F. ) ;
#1131 = SURFACE_STYLE_USAGE ( .BOTH. , #3754 ) ;
#1132 = ADVANCED_FACE ( 'NONE', ( #3040 ), #3182, .T. ) ;
#1133 = ORIENTED_EDGE ( 'NONE', *, *, #1000, .F. ) ;
#1134 = FILL_AREA_STYLE ('',( #953 ) ) ;
#1135 = LINE ( 'NONE', #482, #3281 ) ;
#1136 = AXIS2_PLACEMENT_3D ( 'NONE', #4246, #4069, #3045 ) ;
#1137 = FACE_OUTER_BOUND ( 'NONE', #742, .T. ) ;
#1138 = UNCERTAINTY_MEASURE_WITH_UNIT (LENGTH_MEASURE( 1.000000000000000082E-05 ), #1901, 'distance_accuracy_value', 'NONE');
#1139 =( NAMED_UNIT ( * ) PLANE_ANGLE_UNIT ( ) SI_UNIT ( $, .RADIAN. ) );
#1140 = ORIENTED_EDGE ( 'NONE', *, *, #268, .F. ) ;
#1141 = VECTOR ( 'NONE', #3791, 1000.000000000000000 ) ;
#1142 = CARTESIAN_POINT ( 'NONE',  ( -4.200000000000000178, 2.899999999999999911, 0.5999999999999924283 ) ) ;
#1143 = VECTOR ( 'NONE', #1727, 999.9999999999998863 ) ;
#1144 = PLANE ( 'NONE',  #2246 ) ;
#1145 = DIRECTION ( 'NONE',  ( -0.7071067811865489050, 0.000000000000000000, -0.7071067811865462405 ) ) ;
#1146 = EDGE_CURVE ( 'NONE', #3148, #3923, #370, .T. ) ;
#1147 =( NAMED_UNIT ( * ) PLANE_ANGLE_UNIT ( ) SI_UNIT ( $, .RADIAN. ) );
#1148 = DIRECTION ( 'NONE',  ( -1.000000000000000000, 0.000000000000000000, 3.431468728516649577E-16 ) ) ;
#1149 = ORIENTED_EDGE ( 'NONE', *, *, #4187, .T. ) ;
#1150 =( GEOMETRIC_REPRESENTATION_CONTEXT ( 3 ) GLOBAL_UNCERTAINTY_ASSIGNED_CONTEXT ( ( #2105 ) ) GLOBAL_UNIT_ASSIGNED_CONTEXT ( ( #1759, #2757, #724 ) ) REPRESENTATION_CONTEXT ( 'NONE', 'WORKASPACE' ) );
#1151 = PRESENTATION_STYLE_ASSIGNMENT (( #1436 ) ) ;
#1152 = VECTOR ( 'NONE', #3893, 1000.000000000000000 ) ;
#1153 = COLOUR_RGB ( '',0.8000000000000000444, 0.8078431372549019773, 0.8000000000000000444 ) ;
#1154 = DIRECTION ( 'NONE',  ( -0.7071067811865462405, -0.000000000000000000, -0.7071067811865487940 ) ) ;
#1155 = CARTESIAN_POINT ( 'NONE',  ( 2.399999999999999023, 2.899999999999999911, -1.999999999999999556 ) ) ;
#1156 = MECHANICAL_DESIGN_GEOMETRIC_PRESENTATION_REPRESENTATION (  '', ( #935 ), #2250 ) ;
#1157 = AXIS2_PLACEMENT_3D ( 'NONE', #1489, #2094, #454 ) ;
#1158 = FILL_AREA_STYLE_COLOUR ( '', #968 ) ;
#1159 = VERTEX_POINT ( 'NONE', #1528 ) ;
#1160 = CARTESIAN_POINT ( 'NONE',  ( -1.370482912149213028, 2.889999999999999680, 0.8082131745777283438 ) ) ;
#1161 = MANIFOLD_SOLID_BREP ( 'Extrude10', #3865 ) ;
#1162 = FILL_AREA_STYLE ('',( #3777 ) ) ;
#1163 = CARTESIAN_POINT ( 'NONE',  ( -1.699999999999999289, 0.000000000000000000, 1.699999999999998401 ) ) ;
#1164 = EDGE_LOOP ( 'NONE', ( #2089, #2894, #3412, #559, #1069, #1019, #516 ) ) ;
#1165 =( NAMED_UNIT ( * ) PLANE_ANGLE_UNIT ( ) SI_UNIT ( $, .RADIAN. ) );
#1166 = FILL_AREA_STYLE_COLOUR ( '', #3944 ) ;
#1167 = CARTESIAN_POINT ( 'NONE',  ( 0.000000000000000000, 0.000000000000000000, 1.849999999999999867 ) ) ;
#1168 = ORIENTED_EDGE ( 'NONE', *, *, #3922, .T. ) ;
#1169 = EDGE_LOOP ( 'NONE', ( #2649, #3926, #2808, #1010 ) ) ;
#1170 = STYLED_ITEM ( 'NONE', ( #1028 ), #1132 ) ;
#1171 = CARTESIAN_POINT ( 'NONE',  ( -1.999999999999998224, 0.000000000000000000, 2.400000000000000355 ) ) ;
#1172 = CARTESIAN_POINT ( 'NONE',  ( 1.552512626584703348, 0.6999999999999997335, 2.188908729652602858 ) ) ;
#1173 = ADVANCED_FACE ( 'NONE', ( #3193 ), #1925, .T. ) ;
#1174 = STYLED_ITEM ( 'NONE', ( #1463 ), #2142 ) ;
#1175 = EDGE_LOOP ( 'NONE', ( #431, #4254, #4049, #1670, #991, #1032 ) ) ;
#1176 = COLOUR_RGB ( '',0.8000000000000000444, 0.8078431372549019773, 0.8000000000000000444 ) ;
#1177 = CARTESIAN_POINT ( 'NONE',  ( 2.507106781186542843, 0.7499999999999997780, 1.870710678118658210 ) ) ;
#1178 =( NAMED_UNIT ( * ) SI_UNIT ( $, .STERADIAN. ) SOLID_ANGLE_UNIT ( ) );
#1179 = ORIENTED_EDGE ( 'NONE', *, *, #2529, .T. ) ;
#1180 = CARTESIAN_POINT ( 'NONE',  ( 1.100000000000000089, -0.2000000000000000111, 2.300000000000000266 ) ) ;
#1181 = UNCERTAINTY_MEASURE_WITH_UNIT (LENGTH_MEASURE( 1.000000000000000082E-05 ), #833, 'distance_accuracy_value', 'NONE');
#1182 = CARTESIAN_POINT ( 'NONE',  ( -1.449378158628086277, 2.889999999999999680, -0.6706600648588912916 ) ) ;
#1183 =( NAMED_UNIT ( * ) SI_UNIT ( $, .STERADIAN. ) SOLID_ANGLE_UNIT ( ) );
#1184 = FACE_OUTER_BOUND ( 'NONE', #2103, .T. ) ;
#1185 = ORIENTED_EDGE ( 'NONE', *, *, #3177, .F. ) ;
#1186 = ORIENTED_EDGE ( 'NONE', *, *, #223, .T. ) ;
#1187 = MECHANICAL_DESIGN_GEOMETRIC_PRESENTATION_REPRESENTATION (  '', ( #4220 ), #3345 ) ;
#1188 = EDGE_CURVE ( 'NONE', #2501, #69, #850, .T. ) ;
#1189 = LINE ( 'NONE', #3186, #906 ) ;
#1190 = PRESENTATION_LAYER_ASSIGNMENT (  '', '', ( #3133 ) ) ;
#1191 = VECTOR ( 'NONE', #3667, 1000.000000000000000 ) ;
#1192 = CARTESIAN_POINT ( 'NONE',  ( 0.000000000000000000, 1.899999999999999689, 0.000000000000000000 ) ) ;
#1193 = EDGE_LOOP ( 'NONE', ( #1241, #1746, #4289, #3668 ) ) ;
#1194 = LINE ( 'NONE', #1501, #1421 ) ;
#1195 = CARTESIAN_POINT ( 'NONE',  ( 0.5731790596817729622, 2.889999999999999680, 0.8082131745777283438 ) ) ;
#1196 = DIRECTION ( 'NONE',  ( 0.7071067811865432429, 0.000000000000000000, 0.7071067811865519026 ) ) ;
#1197 = DIRECTION ( 'NONE',  ( -1.000000000000000000, 0.000000000000000000, 0.000000000000000000 ) ) ;
#1198 = AXIS2_PLACEMENT_3D ( 'NONE', #4232, #1278, #2156 ) ;
#1199 = ORIENTED_EDGE ( 'NONE', *, *, #2977, .T. ) ;
#1200 = DIRECTION ( 'NONE',  ( 0.7071067811865496822, 0.000000000000000000, -0.7071067811865453523 ) ) ;
#1201 = CARTESIAN_POINT ( 'NONE',  ( -1.481801948466048735, -0.2000000000000000111, -2.188908729652603302 ) ) ;
#1202 = CARTESIAN_POINT ( 'NONE',  ( 0.000000000000000000, 1.899999999999999689, 0.000000000000000000 ) ) ;
#1203 = CARTESIAN_POINT ( 'NONE',  ( 0.3959123343296602204, 2.899999999999999911, -0.6706600648588912916 ) ) ;
#1204 = CIRCLE ( 'NONE', #647, 0.3999999999999999667 ) ;
#1205 = EDGE_LOOP ( 'NONE', ( #3103, #2723, #518, #2854 ) ) ;
#1206 = PRESENTATION_LAYER_ASSIGNMENT (  '', '', ( #581 ) ) ;
#1207 = ORIENTED_EDGE ( 'NONE', *, *, #2208, .F. ) ;
#1208 = STYLED_ITEM ( 'NONE', ( #1084 ), #479 ) ;
#1209 = CARTESIAN_POINT ( 'NONE',  ( 1.367743320245153216, 2.899999999999999911, -0.5448898183800181538 ) ) ;
#1210 = CARTESIAN_POINT ( 'NONE',  ( -1.189915130459072046, 2.889999999999999680, 0.8082131745777283438 ) ) ;
#1211 = COLOUR_RGB ( '',0.8000000000000000444, 0.8078431372549019773, 0.8000000000000000444 ) ;
#1212 = CIRCLE ( 'NONE', #3832, 2.348000000000000309 ) ;
#1213 = CARTESIAN_POINT ( 'NONE',  ( 1.668082731761227899, -0.2000000000000000111, 0.7999999999999992673 ) ) ;
#1214 = SURFACE_SIDE_STYLE ('',( #844 ) ) ;
#1215 = DIRECTION ( 'NONE',  ( 0.7071067811865474617, 0.000000000000000000, -0.7071067811865474617 ) ) ;
#1216 = PRESENTATION_LAYER_ASSIGNMENT (  '', '', ( #1844 ) ) ;
#1217 = ORIENTED_EDGE ( 'NONE', *, *, #3555, .T. ) ;
#1218 = DIRECTION ( 'NONE',  ( 1.000000000000000000, 0.000000000000000000, 0.000000000000000000 ) ) ;
#1219 = EDGE_CURVE ( 'NONE', #677, #1275, #1810, .T. ) ;
#1220 = COLOUR_RGB ( '',1.000000000000000000, 1.000000000000000000, 1.000000000000000000 ) ;
#1221 = DIRECTION ( 'NONE',  ( -0.4132170265578689050, 0.000000000000000000, 0.9106325762691962478 ) ) ;
#1222 = CARTESIAN_POINT ( 'NONE',  ( 2.188908729652597529, 6.560522039558955347E-17, 1.481801948466055396 ) ) ;
#1223 = FILL_AREA_STYLE_COLOUR ( '', #2294 ) ;
#1224 = ORIENTED_EDGE ( 'NONE', *, *, #4187, .F. ) ;
#1225 = CARTESIAN_POINT ( 'NONE',  ( 2.507106781186543287, 0.7499999999999997780, 1.870710678118658210 ) ) ;
#1226 = UNCERTAINTY_MEASURE_WITH_UNIT (LENGTH_MEASURE( 1.000000000000000082E-05 ), #3803, 'distance_accuracy_value', 'NONE');
#1227 = CARTESIAN_POINT ( 'NONE',  ( 2.507106781186542843, 0.7499999999999997780, 1.870710678118657988 ) ) ;
#1228 = DIRECTION ( 'NONE',  ( 0.7071067811865462405, 6.162975822039156098E-33, 0.7071067811865489050 ) ) ;
#1229 = PLANE ( 'NONE',  #397 ) ;
#1230 = ORIENTED_EDGE ( 'NONE', *, *, #3719, .T. ) ;
#1231 = ORIENTED_EDGE ( 'NONE', *, *, #2797, .F. ) ;
#1232 = SURFACE_STYLE_USAGE ( .BOTH. , #3142 ) ;
#1233 = DIRECTION ( 'NONE',  ( -0.000000000000000000, 1.000000000000000000, -0.000000000000000000 ) ) ;
#1234 = DIRECTION ( 'NONE',  ( 0.000000000000000000, 1.000000000000000000, 0.000000000000000000 ) ) ;
#1235 =( NAMED_UNIT ( * ) PLANE_ANGLE_UNIT ( ) SI_UNIT ( $, .RADIAN. ) );
#1236 =( GEOMETRIC_REPRESENTATION_CONTEXT ( 3 ) GLOBAL_UNCERTAINTY_ASSIGNED_CONTEXT ( ( #447 ) ) GLOBAL_UNIT_ASSIGNED_CONTEXT ( ( #2945, #1045, #2368 ) ) REPRESENTATION_CONTEXT ( 'NONE', 'WORKASPACE' ) );
#1237 = UNCERTAINTY_MEASURE_WITH_UNIT (LENGTH_MEASURE( 1.000000000000000082E-05 ), #4248, 'distance_accuracy_value', 'NONE');
#1238 = CARTESIAN_POINT ( 'NONE',  ( -1.099999999999995204, -0.2000000000000000111, 2.299999999999999822 ) ) ;
#1239 = MECHANICAL_DESIGN_GEOMETRIC_PRESENTATION_REPRESENTATION (  '', ( #2768 ), #3457 ) ;
#1240 =( GEOMETRIC_REPRESENTATION_CONTEXT ( 3 ) GLOBAL_UNCERTAINTY_ASSIGNED_CONTEXT ( ( #2401 ) ) GLOBAL_UNIT_ASSIGNED_CONTEXT ( ( #861, #3572, #2530 ) ) REPRESENTATION_CONTEXT ( 'NONE', 'WORKASPACE' ) );
#1241 = ORIENTED_EDGE ( 'NONE', *, *, #1892, .F. ) ;
#1242 = EDGE_CURVE ( 'NONE', #1562, #2460, #1521, .T. ) ;
#1243 = FILL_AREA_STYLE ('',( #276 ) ) ;
#1244 = DIRECTION ( 'NONE',  ( 0.7071067811865388020, 0.000000000000000000, 0.7071067811865563435 ) ) ;
#1245 =( GEOMETRIC_REPRESENTATION_CONTEXT ( 3 ) GLOBAL_UNCERTAINTY_ASSIGNED_CONTEXT ( ( #1323 ) ) GLOBAL_UNIT_ASSIGNED_CONTEXT ( ( #2631, #979, #3382 ) ) REPRESENTATION_CONTEXT ( 'NONE', 'WORKASPACE' ) );
#1246 = FILL_AREA_STYLE ('',( #1381 ) ) ;
#1247 = ORIENTED_EDGE ( 'NONE', *, *, #1254, .T. ) ;
#1248 = DIRECTION ( 'NONE',  ( -1.000000000000000000, 0.000000000000000000, 0.000000000000000000 ) ) ;
#1249 = PRESENTATION_LAYER_ASSIGNMENT (  '', '', ( #1174 ) ) ;
#1250 = PLANE ( 'NONE',  #1530 ) ;
#1251 = FILL_AREA_STYLE_COLOUR ( '', #402 ) ;
#1252 = CARTESIAN_POINT ( 'NONE',  ( -1.189915130459072046, 2.889999999999999680, 0.8082131745777283438 ) ) ;
#1253 = SURFACE_STYLE_USAGE ( .BOTH. , #3284 ) ;
#1254 = EDGE_CURVE ( 'NONE', #1082, #1303, #3537, .T. ) ;
#1255 = ORIENTED_EDGE ( 'NONE', *, *, #3743, .T. ) ;
#1256 = ORIENTED_EDGE ( 'NONE', *, *, #2778, .F. ) ;
#1257 = CARTESIAN_POINT ( 'NONE',  ( 2.299999999999999822, -0.2000000000000000111, 2.300000000000000266 ) ) ;
#1258 = CARTESIAN_POINT ( 'NONE',  ( 2.399999999999999467, 2.899999999999999911, 1.199999999999999734 ) ) ;
#1259 = DIRECTION ( 'NONE',  ( 0.000000000000000000, 0.000000000000000000, 1.000000000000000000 ) ) ;
#1260 = VECTOR ( 'NONE', #2620, 1000.000000000000000 ) ;
#1261 = MECHANICAL_DESIGN_GEOMETRIC_PRESENTATION_REPRESENTATION (  '', ( #900 ), #3534 ) ;
#1262 = DIRECTION ( 'NONE',  ( -0.000000000000000000, 1.000000000000000000, -0.000000000000000000 ) ) ;
#1263 = STYLED_ITEM ( 'NONE', ( #2546 ), #53 ) ;
#1264 = ORIENTED_EDGE ( 'NONE', *, *, #3558, .T. ) ;
#1265 = EDGE_CURVE ( 'NONE', #1644, #775, #2807, .T. ) ;
#1266 = STYLED_ITEM ( 'NONE', ( #68 ), #1280 ) ;
#1267 = PLANE ( 'NONE',  #3300 ) ;
#1268 = CARTESIAN_POINT ( 'NONE',  ( -2.188908729652597973, 0.6999999999999997335, -1.552512626584712230 ) ) ;
#1269 = VERTEX_POINT ( 'NONE', #2459 ) ;
#1270 = PLANE ( 'NONE',  #1136 ) ;
#1271 = ADVANCED_FACE ( 'NONE', ( #831 ), #1873, .F. ) ;
#1272 = FACE_OUTER_BOUND ( 'NONE', #3971, .T. ) ;
#1273 = CARTESIAN_POINT ( 'NONE',  ( -1.100000000000001199, -0.2000000000000000111, -2.299999999999999822 ) ) ;
#1274 = FACE_OUTER_BOUND ( 'NONE', #363, .T. ) ;
#1275 = VERTEX_POINT ( 'NONE', #2056 ) ;
#1276 = ORIENTED_EDGE ( 'NONE', *, *, #349, .T. ) ;
#1277 = CARTESIAN_POINT ( 'NONE',  ( 0.000000000000000000, 1.899999999999999689, 0.000000000000000000 ) ) ;
#1278 = DIRECTION ( 'NONE',  ( 0.000000000000000000, -1.000000000000000000, -0.000000000000000000 ) ) ;
#1279 = CARTESIAN_POINT ( 'NONE',  ( -2.300000000000001155, -0.2000000000000000111, 0.7999999999999994893 ) ) ;
#1280 = ADVANCED_FACE ( 'NONE', ( #1730 ), #3353, .T. ) ;
#1281 = LINE ( 'NONE', #3660, #1716 ) ;
#1282 =( GEOMETRIC_REPRESENTATION_CONTEXT ( 3 ) GLOBAL_UNCERTAINTY_ASSIGNED_CONTEXT ( ( #99 ) ) GLOBAL_UNIT_ASSIGNED_CONTEXT ( ( #1609, #1342, #3925 ) ) REPRESENTATION_CONTEXT ( 'NONE', 'WORKASPACE' ) );
#1283 = PRESENTATION_LAYER_ASSIGNMENT (  '', '', ( #451 ) ) ;
#1284 = STYLED_ITEM ( 'NONE', ( #384 ), #938 ) ;
#1285 = DIRECTION ( 'NONE',  ( -0.7071067811865475727, 9.199760500100240687E-15, -0.7071067811865475727 ) ) ;
#1286 = STYLED_ITEM ( 'NONE', ( #3794 ), #2350 ) ;
#1287 = CARTESIAN_POINT ( 'NONE',  ( 2.153553390593269334, 0.7499999999999998890, 1.446446609406728756 ) ) ;
#1288 =( NAMED_UNIT ( * ) PLANE_ANGLE_UNIT ( ) SI_UNIT ( $, .RADIAN. ) );
#1289 = ORIENTED_EDGE ( 'NONE', *, *, #2860, .F. ) ;
#1290 = DIRECTION ( 'NONE',  ( -1.734723475976806108E-15, 0.000000000000000000, -1.000000000000000000 ) ) ;
#1291 = MECHANICAL_DESIGN_GEOMETRIC_PRESENTATION_REPRESENTATION (  '', ( #3294 ), #1748 ) ;
#1292 = LINE ( 'NONE', #3274, #2950 ) ;
#1293 = STYLED_ITEM ( 'NONE', ( #3585 ), #2838 ) ;
#1294 =( NAMED_UNIT ( * ) PLANE_ANGLE_UNIT ( ) SI_UNIT ( $, .RADIAN. ) );
#1295 = SURFACE_STYLE_FILL_AREA ( #2278 ) ;
#1296 = PRESENTATION_LAYER_ASSIGNMENT (  '', '', ( #588 ) ) ;
#1297 = ORIENTED_EDGE ( 'NONE', *, *, #1450, .F. ) ;
#1298 =( GEOMETRIC_REPRESENTATION_CONTEXT ( 3 ) GLOBAL_UNCERTAINTY_ASSIGNED_CONTEXT ( ( #714 ) ) GLOBAL_UNIT_ASSIGNED_CONTEXT ( ( #2993, #1147, #3452 ) ) REPRESENTATION_CONTEXT ( 'NONE', 'WORKASPACE' ) );
#1299 =( NAMED_UNIT ( * ) SI_UNIT ( $, .STERADIAN. ) SOLID_ANGLE_UNIT ( ) );
#1300 =( NAMED_UNIT ( * ) SI_UNIT ( $, .STERADIAN. ) SOLID_ANGLE_UNIT ( ) );
#1301 =( GEOMETRIC_REPRESENTATION_CONTEXT ( 3 ) GLOBAL_UNCERTAINTY_ASSIGNED_CONTEXT ( ( #3362 ) ) GLOBAL_UNIT_ASSIGNED_CONTEXT ( ( #1548, #3861, #573 ) ) REPRESENTATION_CONTEXT ( 'NONE', 'WORKASPACE' ) );
#1302 =( LENGTH_UNIT ( ) NAMED_UNIT ( * ) SI_UNIT ( .MILLI., .METRE. ) );
#1303 = VERTEX_POINT ( 'NONE', #1895 ) ;
#1304 = ORIENTED_EDGE ( 'NONE', *, *, #994, .F. ) ;
#1305 =( NAMED_UNIT ( * ) PLANE_ANGLE_UNIT ( ) SI_UNIT ( $, .RADIAN. ) );
#1306 = LINE ( 'NONE', #3569, #1260 ) ;
#1307 = CARTESIAN_POINT ( 'NONE',  ( 1.099999999999994538, 0.000000000000000000, -2.299999999999999822 ) ) ;
#1308 = PRESENTATION_STYLE_ASSIGNMENT (( #3992 ) ) ;
#1309 = PRESENTATION_STYLE_ASSIGNMENT (( #701 ) ) ;
#1310 = EDGE_CURVE ( 'NONE', #1073, #1993, #3376, .T. ) ;
#1311 = EDGE_CURVE ( 'NONE', #873, #3038, #2579, .T. ) ;
#1312 = EDGE_LOOP ( 'NONE', ( #910, #3968, #891, #1614 ) ) ;
#1313 = COLOUR_RGB ( '',0.8000000000000000444, 0.8078431372549019773, 0.8000000000000000444 ) ;
#1314 = DIRECTION ( 'NONE',  ( -0.000000000000000000, 1.000000000000000000, -0.000000000000000000 ) ) ;
#1315 = DIRECTION ( 'NONE',  ( -2.891205793294677833E-16, -0.000000000000000000, 1.000000000000000000 ) ) ;
#1316 = MECHANICAL_DESIGN_GEOMETRIC_PRESENTATION_REPRESENTATION (  '', ( #187 ), #1105 ) ;
#1317 = CIRCLE ( 'NONE', #3588, 2.350000000000000089 ) ;
#1318 = CARTESIAN_POINT ( 'NONE',  ( 0.4942838132028996578, 2.889999999999999680, -0.5016459803518490412 ) ) ;
#1319 = ORIENTED_EDGE ( 'NONE', *, *, #1451, .F. ) ;
#1320 = CARTESIAN_POINT ( 'NONE',  ( 0.7537468413719138338, 2.889999999999999680, 0.8082131745777283438 ) ) ;
#1321 = SURFACE_SIDE_STYLE ('',( #4270 ) ) ;
#1322 = PRESENTATION_STYLE_ASSIGNMENT (( #2658 ) ) ;
#1323 = UNCERTAINTY_MEASURE_WITH_UNIT (LENGTH_MEASURE( 1.000000000000000082E-05 ), #2631, 'distance_accuracy_value', 'NONE');
#1324 = CARTESIAN_POINT ( 'NONE',  ( 1.668082731761227899, -0.2000000000000000111, 0.7999999999999994893 ) ) ;
#1325 = VERTEX_POINT ( 'NONE', #1567 ) ;
#1326 = EDGE_LOOP ( 'NONE', ( #2562, #4040, #1638, #1961 ) ) ;
#1327 = SURFACE_SIDE_STYLE ('',( #640 ) ) ;
#1328 = EDGE_CURVE ( 'NONE', #1426, #3092, #3016, .T. ) ;
#1329 = EDGE_CURVE ( 'NONE', #704, #2978, #374, .T. ) ;
#1330 = DIRECTION ( 'NONE',  ( -0.7071067811865474617, 0.000000000000000000, -0.7071067811865474617 ) ) ;
#1331 = AXIS2_PLACEMENT_3D ( 'NONE', #727, #975, #1654 ) ;
#1332 = CARTESIAN_POINT ( 'NONE',  ( 0.4942838132028996578, 2.889999999999999680, -0.6706600648588912916 ) ) ;
#1333 = CARTESIAN_POINT ( 'NONE',  ( 0.000000000000000000, -0.2000000000000000111, 1.849999999999999867 ) ) ;
#1334 = EDGE_CURVE ( 'NONE', #1645, #1115, #403, .T. ) ;
#1335 = CARTESIAN_POINT ( 'NONE',  ( 0.000000000000000000, 1.899999999999999689, 0.000000000000000000 ) ) ;
#1336 =( NAMED_UNIT ( * ) PLANE_ANGLE_UNIT ( ) SI_UNIT ( $, .RADIAN. ) );
#1337 = DIRECTION ( 'NONE',  ( 0.000000000000000000, 1.000000000000000000, 0.000000000000000000 ) ) ;
#1338 = ORIENTED_EDGE ( 'NONE', *, *, #100, .F. ) ;
#1339 = FACE_OUTER_BOUND ( 'NONE', #3334, .T. ) ;
#1340 = DIRECTION ( 'NONE',  ( -1.000000000000000000, -0.000000000000000000, -0.000000000000000000 ) ) ;
#1341 = SURFACE_STYLE_USAGE ( .BOTH. , #2296 ) ;
#1342 =( NAMED_UNIT ( * ) PLANE_ANGLE_UNIT ( ) SI_UNIT ( $, .RADIAN. ) );
#1343 = ORIENTED_EDGE ( 'NONE', *, *, #922, .T. ) ;
#1344 = AXIS2_PLACEMENT_3D ( 'NONE', #3967, #2889, #1049 ) ;
#1345 = DIRECTION ( 'NONE',  ( -0.7071067811865455743, -0.000000000000000000, 0.7071067811865495711 ) ) ;
#1346 = DIRECTION ( 'NONE',  ( 0.7071067811865487940, 1.084202172485504557E-16, -0.7071067811865463515 ) ) ;
#1347 = FILL_AREA_STYLE ('',( #3584 ) ) ;
#1348 = LINE ( 'NONE', #3656, #2179 ) ;
#1349 = EDGE_LOOP ( 'NONE', ( #3950, #566, #2407, #3722, #1605, #1967, #2478 ) ) ;
#1350 = ORIENTED_EDGE ( 'NONE', *, *, #3441, .F. ) ;
#1351 = DIRECTION ( 'NONE',  ( -1.000000000000000000, 0.000000000000000000, 0.000000000000000000 ) ) ;
#1352 = PRODUCT_CONTEXT ( 'NONE', #808, 'mechanical' ) ;
#1353 = DIRECTION ( 'NONE',  ( -0.7071067811865540120, 0.000000000000000000, -0.7071067811865410224 ) ) ;
#1354 = DIRECTION ( 'NONE',  ( 0.000000000000000000, 1.000000000000000000, -0.000000000000000000 ) ) ;
#1355 = COLOUR_RGB ( '',1.000000000000000000, 1.000000000000000000, 1.000000000000000000 ) ;
#1356 =( NAMED_UNIT ( * ) PLANE_ANGLE_UNIT ( ) SI_UNIT ( $, .RADIAN. ) );
#1357 = CARTESIAN_POINT ( 'NONE',  ( -2.203553390593271377, 1.261884309155444449E-15, -1.517157287525383591 ) ) ;
#1358 = DIRECTION ( 'NONE',  ( -1.734723475976806306E-15, 0.000000000000000000, -1.000000000000000000 ) ) ;
#1359 = CARTESIAN_POINT ( 'NONE',  ( -1.517157287525376486, -0.2000000000000000111, -2.153553390593275996 ) ) ;
#1360 =( GEOMETRIC_REPRESENTATION_CONTEXT ( 3 ) GLOBAL_UNCERTAINTY_ASSIGNED_CONTEXT ( ( #1407 ) ) GLOBAL_UNIT_ASSIGNED_CONTEXT ( ( #4071, #2070, #4088 ) ) REPRESENTATION_CONTEXT ( 'NONE', 'WORKASPACE' ) );
#1361 = PRESENTATION_LAYER_ASSIGNMENT (  '', '', ( #3210 ) ) ;
#1362 = EDGE_LOOP ( 'NONE', ( #3318, #1394, #1492, #2936, #2329 ) ) ;
#1363 = COLOUR_RGB ( '',0.8000000000000000444, 0.8078431372549019773, 0.8000000000000000444 ) ;
#1364 = LINE ( 'NONE', #2325, #399 ) ;
#1365 = ORIENTED_EDGE ( 'NONE', *, *, #3409, .T. ) ;
#1366 =( NAMED_UNIT ( * ) PLANE_ANGLE_UNIT ( ) SI_UNIT ( $, .RADIAN. ) );
#1367 = ORIENTED_EDGE ( 'NONE', *, *, #752, .F. ) ;
#1368 = PRESENTATION_STYLE_ASSIGNMENT (( #1666 ) ) ;
#1369 = PRESENTATION_LAYER_ASSIGNMENT (  '', '', ( #1985 ) ) ;
#1370 = CARTESIAN_POINT ( 'NONE',  ( -2.300000000000000711, -0.2000000000000000111, 1.099999999999998979 ) ) ;
#1371 = UNCERTAINTY_MEASURE_WITH_UNIT (LENGTH_MEASURE( 1.000000000000000082E-05 ), #4092, 'distance_accuracy_value', 'NONE');
#1372 = FACE_OUTER_BOUND ( 'NONE', #859, .T. ) ;
#1373 = AXIS2_PLACEMENT_3D ( 'NONE', #4126, #3138, #814 ) ;
#1374 = VERTEX_POINT ( 'NONE', #2322 ) ;
#1375 = VERTEX_POINT ( 'NONE', #675 ) ;
#1376 = DIRECTION ( 'NONE',  ( -0.7071067811865388020, 0.000000000000000000, 0.7071067811865563435 ) ) ;
#1377 = VECTOR ( 'NONE', #4075, 1000.000000000000000 ) ;
#1378 = DIRECTION ( 'NONE',  ( -0.000000000000000000, 1.000000000000000000, -0.000000000000000000 ) ) ;
#1379 = SPHERICAL_SURFACE ( 'NONE', #2524, 0.05000000000000000278 ) ;
#1380 = FILL_AREA_STYLE ('',( #3272 ) ) ;
#1381 = FILL_AREA_STYLE_COLOUR ( '', #2038 ) ;
#1382 = VERTEX_POINT ( 'NONE', #48 ) ;
#1383 = SURFACE_SIDE_STYLE ('',( #93 ) ) ;
#1384 = ORIENTED_EDGE ( 'NONE', *, *, #1127, .F. ) ;
#1385 = FACE_OUTER_BOUND ( 'NONE', #2985, .T. ) ;
#1386 = EDGE_LOOP ( 'NONE', ( #1869, #2285, #3440, #3818 ) ) ;
#1387 = FILL_AREA_STYLE_COLOUR ( '', #1698 ) ;
#1388 = SURFACE_SIDE_STYLE ('',( #3724 ) ) ;
#1389 = STYLED_ITEM ( 'NONE', ( #1534 ), #1894 ) ;
#1390 = PRESENTATION_STYLE_ASSIGNMENT (( #4293 ) ) ;
#1391 = SURFACE_SIDE_STYLE ('',( #1466 ) ) ;
#1392 = FILL_AREA_STYLE_COLOUR ( '', #3839 ) ;
#1393 = ORIENTED_EDGE ( 'NONE', *, *, #893, .T. ) ;
#1394 = ORIENTED_EDGE ( 'NONE', *, *, #2346, .F. ) ;
#1395 = DIRECTION ( 'NONE',  ( -1.000000000000000000, -0.000000000000000000, 3.431468728516649577E-16 ) ) ;
#1396 =( NAMED_UNIT ( * ) SI_UNIT ( $, .STERADIAN. ) SOLID_ANGLE_UNIT ( ) );
#1397 = EDGE_CURVE ( 'NONE', #3420, #611, #3961, .T. ) ;
#1398 = STYLED_ITEM ( 'NONE', ( #1663 ), #2101 ) ;
#1399 = CARTESIAN_POINT ( 'NONE',  ( 0.000000000000000000, -0.2000000000000000111, 0.000000000000000000 ) ) ;
#1400 =( GEOMETRIC_REPRESENTATION_CONTEXT ( 3 ) GLOBAL_UNCERTAINTY_ASSIGNED_CONTEXT ( ( #4086 ) ) GLOBAL_UNIT_ASSIGNED_CONTEXT ( ( #4282, #1336, #2678 ) ) REPRESENTATION_CONTEXT ( 'NONE', 'WORKASPACE' ) );
#1401 = SURFACE_STYLE_FILL_AREA ( #1246 ) ;
#1402 = ORIENTED_EDGE ( 'NONE', *, *, #2664, .F. ) ;
#1403 = DIRECTION ( 'NONE',  ( -0.7071067811865462405, 0.000000000000000000, -0.7071067811865489050 ) ) ;
#1404 = SURFACE_STYLE_USAGE ( .BOTH. , #1958 ) ;
#1405 = EDGE_LOOP ( 'NONE', ( #1889, #2061, #2279 ) ) ;
#1406 = VECTOR ( 'NONE', #289, 999.9999999999998863 ) ;
#1407 = UNCERTAINTY_MEASURE_WITH_UNIT (LENGTH_MEASURE( 1.000000000000000082E-05 ), #4071, 'distance_accuracy_value', 'NONE');
#1408 = CARTESIAN_POINT ( 'NONE',  ( -2.300000000000001155, -0.2000000000000000111, -0.7999999999999986011 ) ) ;
#1409 = SURFACE_STYLE_FILL_AREA ( #1743 ) ;
#1410 = VERTEX_POINT ( 'NONE', #3326 ) ;
#1411 = ORIENTED_EDGE ( 'NONE', *, *, #31, .T. ) ;
#1412 = LINE ( 'NONE', #1083, #357 ) ;
#1413 = EDGE_CURVE ( 'NONE', #4042, #733, #725, .T. ) ;
#1414 = AXIS2_PLACEMENT_3D ( 'NONE', #2230, #2373, #2000 ) ;
#1415 = DIRECTION ( 'NONE',  ( -0.000000000000000000, 1.000000000000000000, -0.000000000000000000 ) ) ;
#1416 = EDGE_CURVE ( 'NONE', #832, #3425, #3351, .T. ) ;
#1417 = DIRECTION ( 'NONE',  ( 1.533293416683367137E-15, 1.000000000000000000, -1.533293416683376603E-15 ) ) ;
#1418 = FILL_AREA_STYLE ('',( #1732 ) ) ;
#1419 = PRESENTATION_LAYER_ASSIGNMENT (  '', '', ( #3280 ) ) ;
#1420 = FACE_OUTER_BOUND ( 'NONE', #1362, .T. ) ;
#1421 = VECTOR ( 'NONE', #2145, 1000.000000000000227 ) ;
#1422 = ORIENTED_EDGE ( 'NONE', *, *, #682, .F. ) ;
#1423 = CARTESIAN_POINT ( 'NONE',  ( -1.870710678118649994, 0.7499999999999998890, -2.507106781186550837 ) ) ;
#1424 = MECHANICAL_DESIGN_GEOMETRIC_PRESENTATION_REPRESENTATION (  '', ( #519 ), #109 ) ;
#1425 = LINE ( 'NONE', #102, #311 ) ;
#1426 = VERTEX_POINT ( 'NONE', #1172 ) ;
#1427 = VECTOR ( 'NONE', #2731, 1000.000000000000000 ) ;
#1428 = ORIENTED_EDGE ( 'NONE', *, *, #2106, .T. ) ;
#1429 = FACE_OUTER_BOUND ( 'NONE', #3651, .T. ) ;
#1430 = PRESENTATION_LAYER_ASSIGNMENT (  '', '', ( #3835 ) ) ;
#1431 = AXIS2_PLACEMENT_3D ( 'NONE', #343, #1353, #1376 ) ;
#1432 = LINE ( 'NONE', #128, #1377 ) ;
#1433 = VECTOR ( 'NONE', #2336, 1000.000000000000000 ) ;
#1434 = SURFACE_STYLE_FILL_AREA ( #1066 ) ;
#1435 = MECHANICAL_DESIGN_GEOMETRIC_PRESENTATION_REPRESENTATION (  '', ( #1635 ), #40 ) ;
#1436 = SURFACE_STYLE_USAGE ( .BOTH. , #3453 ) ;
#1437 = STYLED_ITEM ( 'NONE', ( #2535 ), #3036 ) ;
#1438 = COLOUR_RGB ( '',0.1921568627450980227, 0.2039215686274509776, 0.2039215686274509776 ) ;
#1439 = FACE_OUTER_BOUND ( 'NONE', #1205, .T. ) ;
#1440 = EDGE_CURVE ( 'NONE', #1545, #2746, #3541, .T. ) ;
#1441 = VERTEX_POINT ( 'NONE', #3099 ) ;
#1442 = PRESENTATION_STYLE_ASSIGNMENT (( #711 ) ) ;
#1443 = EDGE_CURVE ( 'NONE', #3936, #811, #1109, .T. ) ;
#1444 = CARTESIAN_POINT ( 'NONE',  ( 2.542462120245870594, 0.7499999999999997780, 1.906066017177985517 ) ) ;
#1445 = UNCERTAINTY_MEASURE_WITH_UNIT (LENGTH_MEASURE( 1.000000000000000082E-05 ), #541, 'distance_accuracy_value', 'NONE');
#1446 = FILL_AREA_STYLE ('',( #3702 ) ) ;
#1447 = EDGE_LOOP ( 'NONE', ( #3779, #144, #1704, #390 ) ) ;
#1448 = ADVANCED_FACE ( 'NONE', ( #3417 ), #3750, .T. ) ;
#1449 = ORIENTED_EDGE ( 'NONE', *, *, #3693, .T. ) ;
#1450 = EDGE_CURVE ( 'NONE', #2895, #301, #148, .T. ) ;
#1451 = EDGE_CURVE ( 'NONE', #4030, #286, #2127, .T. ) ;
#1452 = SURFACE_STYLE_USAGE ( .BOTH. , #2447 ) ;
#1453 = STYLED_ITEM ( 'NONE', ( #4199 ), #1094 ) ;
#1454 = FILL_AREA_STYLE_COLOUR ( '', #2181 ) ;
#1455 = PRESENTATION_LAYER_ASSIGNMENT (  '', '', ( #1040 ) ) ;
#1456 = EDGE_CURVE ( 'NONE', #1441, #4276, #2777, .T. ) ;
#1457 = CARTESIAN_POINT ( 'NONE',  ( 0.1965285315127587862, 2.889999999999999680, -0.5016459803518490412 ) ) ;
#1458 = EDGE_CURVE ( 'NONE', #2175, #3226, #2415, .T. ) ;
#1459 = EDGE_CURVE ( 'NONE', #2190, #1806, #3434, .T. ) ;
#1460 = LINE ( 'NONE', #2776, #1581 ) ;
#1461 =( NAMED_UNIT ( * ) SI_UNIT ( $, .STERADIAN. ) SOLID_ANGLE_UNIT ( ) );
#1462 = VECTOR ( 'NONE', #2327, 1000.000000000000000 ) ;
#1463 = PRESENTATION_STYLE_ASSIGNMENT (( #2143 ) ) ;
#1464 = VERTEX_POINT ( 'NONE', #3122 ) ;
#1465 = FILL_AREA_STYLE_COLOUR ( '', #1153 ) ;
#1466 = SURFACE_STYLE_FILL_AREA ( #1446 ) ;
#1467 = ORIENTED_EDGE ( 'NONE', *, *, #1416, .T. ) ;
#1468 = CARTESIAN_POINT ( 'NONE',  ( 1.835355339059321800, 0.7499999999999998890, 2.542462120245877699 ) ) ;
#1469 = FILL_AREA_STYLE_COLOUR ( '', #3632 ) ;
#1470 = PRODUCT_DEFINITION_FORMATION_WITH_SPECIFIED_SOURCE ( 'ANY', '', #2235, .NOT_KNOWN. ) ;
#1471 = CARTESIAN_POINT ( 'NONE',  ( 0.3959123343296602204, 2.889999999999999680, -0.6706600648588912916 ) ) ;
#1472 = PRESENTATION_STYLE_ASSIGNMENT (( #2498 ) ) ;
#1473 = VECTOR ( 'NONE', #2376, 1000.000000000000000 ) ;
#1474 = CARTESIAN_POINT ( 'NONE',  ( 1.668082731761227899, 0.000000000000000000, 0.7999999999999994893 ) ) ;
#1475 = FILL_AREA_STYLE_COLOUR ( '', #819 ) ;
#1476 = ORIENTED_EDGE ( 'NONE', *, *, #545, .F. ) ;
#1477 = DIRECTION ( 'NONE',  ( 0.000000000000000000, 0.000000000000000000, 1.000000000000000000 ) ) ;
#1478 = VECTOR ( 'NONE', #3857, 1000.000000000000000 ) ;
#1479 = FILL_AREA_STYLE ('',( #1787 ) ) ;
#1480 = ORIENTED_EDGE ( 'NONE', *, *, #3684, .T. ) ;
#1481 = PRESENTATION_STYLE_ASSIGNMENT (( #563 ) ) ;
#1482 = DIRECTION ( 'NONE',  ( -0.000000000000000000, 1.000000000000000000, -0.000000000000000000 ) ) ;
#1483 = UNCERTAINTY_MEASURE_WITH_UNIT (LENGTH_MEASURE( 1.000000000000000082E-05 ), #1669, 'distance_accuracy_value', 'NONE');
#1484 = LINE ( 'NONE', #1222, #2509 ) ;
#1485 =( LENGTH_UNIT ( ) NAMED_UNIT ( * ) SI_UNIT ( .MILLI., .METRE. ) );
#1486 = ORIENTED_EDGE ( 'NONE', *, *, #1242, .T. ) ;
#1487 = PRESENTATION_STYLE_ASSIGNMENT (( #3840 ) ) ;
#1488 = UNCERTAINTY_MEASURE_WITH_UNIT (LENGTH_MEASURE( 1.000000000000000082E-05 ), #3618, 'distance_accuracy_value', 'NONE');
#1489 = CARTESIAN_POINT ( 'NONE',  ( -1.481801948466048957, 0.7499999999999998890, -2.118198051533948689 ) ) ;
#1490 = DIRECTION ( 'NONE',  ( 3.614007241618347785E-16, 0.000000000000000000, 1.000000000000000000 ) ) ;
#1491 = CARTESIAN_POINT ( 'NONE',  ( 2.224264068711925280, 6.560522039558955347E-17, 1.517157287525382925 ) ) ;
#1492 = ORIENTED_EDGE ( 'NONE', *, *, #1577, .F. ) ;
#1493 =( GEOMETRIC_REPRESENTATION_CONTEXT ( 3 ) GLOBAL_UNCERTAINTY_ASSIGNED_CONTEXT ( ( #3445 ) ) GLOBAL_UNIT_ASSIGNED_CONTEXT ( ( #687, #987, #2591 ) ) REPRESENTATION_CONTEXT ( 'NONE', 'WORKASPACE' ) );
#1494 = CARTESIAN_POINT ( 'NONE',  ( 2.224264068711925280, 0.000000000000000000, 1.517157287525382925 ) ) ;
#1495 = PRESENTATION_LAYER_ASSIGNMENT (  '', '', ( #3144 ) ) ;
#1496 =( GEOMETRIC_REPRESENTATION_CONTEXT ( 3 ) GLOBAL_UNCERTAINTY_ASSIGNED_CONTEXT ( ( #1829 ) ) GLOBAL_UNIT_ASSIGNED_CONTEXT ( ( #2050, #2643, #1396 ) ) REPRESENTATION_CONTEXT ( 'NONE', 'WORKASPACE' ) );
#1497 = CARTESIAN_POINT ( 'NONE',  ( -2.507106781186544175, 0.7499999999999997780, -1.870710678118659098 ) ) ;
#1498 = STYLED_ITEM ( 'NONE', ( #674 ), #3123 ) ;
#1499 = SURFACE_SIDE_STYLE ('',( #4082 ) ) ;
#1500 = ORIENTED_EDGE ( 'NONE', *, *, #2022, .T. ) ;
#1501 = CARTESIAN_POINT ( 'NONE',  ( 0.3959123343296602204, 2.899999999999999911, -0.5448898183800181538 ) ) ;
#1502 = FILL_AREA_STYLE ('',( #3778 ) ) ;
#1503 = ORIENTED_EDGE ( 'NONE', *, *, #2366, .F. ) ;
#1504 =( LENGTH_UNIT ( ) NAMED_UNIT ( * ) SI_UNIT ( .MILLI., .METRE. ) );
#1505 = ADVANCED_FACE ( 'NONE', ( #1439 ), #3770, .F. ) ;
#1506 =( NAMED_UNIT ( * ) SI_UNIT ( $, .STERADIAN. ) SOLID_ANGLE_UNIT ( ) );
#1507 = FACE_OUTER_BOUND ( 'NONE', #3742, .T. ) ;
#1508 =( LENGTH_UNIT ( ) NAMED_UNIT ( * ) SI_UNIT ( .MILLI., .METRE. ) );
#1509 = ORIENTED_EDGE ( 'NONE', *, *, #223, .F. ) ;
#1510 = ORIENTED_EDGE ( 'NONE', *, *, #3830, .F. ) ;
#1511 = SURFACE_STYLE_FILL_AREA ( #3820 ) ;
#1512 = VECTOR ( 'NONE', #492, 999.9999999999998863 ) ;
#1513 = CARTESIAN_POINT ( 'NONE',  ( -2.153553390593271111, 0.000000000000000000, -1.446446609406729200 ) ) ;
#1514 = FILL_AREA_STYLE_COLOUR ( '', #1176 ) ;
#1515 = AXIS2_PLACEMENT_3D ( 'NONE', #1789, #424, #2763 ) ;
#1516 = VERTEX_POINT ( 'NONE', #2450 ) ;
#1517 = CARTESIAN_POINT ( 'NONE',  ( 0.3959123343296602204, 2.889999999999999680, -0.5448898183800181538 ) ) ;
#1518 = VECTOR ( 'NONE', #4141, 999.9999999999998863 ) ;
#1519 = FILL_AREA_STYLE ('',( #931 ) ) ;
#1520 =( NAMED_UNIT ( * ) SI_UNIT ( $, .STERADIAN. ) SOLID_ANGLE_UNIT ( ) );
#1521 = LINE ( 'NONE', #2844, #2044 ) ;
#1522 = VERTEX_POINT ( 'NONE', #1155 ) ;
#1523 = UNCERTAINTY_MEASURE_WITH_UNIT (LENGTH_MEASURE( 1.000000000000000082E-05 ), #1536, 'distance_accuracy_value', 'NONE');
#1524 = CARTESIAN_POINT ( 'NONE',  ( -1.517157287525376264, -6.009968850885412032E-17, -2.224264068711930609 ) ) ;
#1525 = DIRECTION ( 'NONE',  ( -1.000000000000000000, 0.000000000000000000, 0.000000000000000000 ) ) ;
#1526 = SURFACE_SIDE_STYLE ('',( #3845 ) ) ;
#1527 = ORIENTED_EDGE ( 'NONE', *, *, #2582, .F. ) ;
#1528 = CARTESIAN_POINT ( 'NONE',  ( 0.3959123343296602204, 2.899999999999999911, -0.5448898183800181538 ) ) ;
#1529 = ORIENTED_EDGE ( 'NONE', *, *, #2100, .F. ) ;
#1530 = AXIS2_PLACEMENT_3D ( 'NONE', #2421, #771, #1776 ) ;
#1531 = CARTESIAN_POINT ( 'NONE',  ( -0.5759186515858326638, 2.889999999999999680, -0.5448898183800181538 ) ) ;
#1532 = LINE ( 'NONE', #2917, #3955 ) ;
#1533 = COLOUR_RGB ( '',0.8000000000000000444, 0.8078431372549019773, 0.8000000000000000444 ) ;
#1534 = PRESENTATION_STYLE_ASSIGNMENT (( #3802 ) ) ;
#1535 = EDGE_CURVE ( 'NONE', #3936, #2020, #2728, .T. ) ;
#1536 =( LENGTH_UNIT ( ) NAMED_UNIT ( * ) SI_UNIT ( .MILLI., .METRE. ) );
#1537 = VECTOR ( 'NONE', #460, 999.9999999999998863 ) ;
#1538 = PRESENTATION_LAYER_ASSIGNMENT (  '', '', ( #3757 ) ) ;
#1539 = SURFACE_SIDE_STYLE ('',( #208 ) ) ;
#1540 = VERTEX_POINT ( 'NONE', #498 ) ;
#1541 = CARTESIAN_POINT ( 'NONE',  ( 2.299999999999998490, -0.2000000000000000111, -0.7999999999999994893 ) ) ;
#1542 =( LENGTH_UNIT ( ) NAMED_UNIT ( * ) SI_UNIT ( .MILLI., .METRE. ) );
#1543 = SURFACE_STYLE_FILL_AREA ( #1502 ) ;
#1544 = COLOUR_RGB ( '',1.000000000000000000, 1.000000000000000000, 1.000000000000000000 ) ;
#1545 = VERTEX_POINT ( 'NONE', #3143 ) ;
#1546 = PRESENTATION_LAYER_ASSIGNMENT (  '', '', ( #3764 ) ) ;
#1547 = CYLINDRICAL_SURFACE ( 'NONE', #3769, 0.04999999999999991951 ) ;
#1548 =( LENGTH_UNIT ( ) NAMED_UNIT ( * ) SI_UNIT ( .MILLI., .METRE. ) );
#1549 =( BOUNDED_CURVE ( )  B_SPLINE_CURVE ( 3, ( #58, #1742, #4047, #124 ),
 .UNSPECIFIED., .F., .T. ) 
 B_SPLINE_CURVE_WITH_KNOTS ( ( 4, 4 ),
 ( 5.497787143782135288, 6.283185307179586232 ),
 .UNSPECIFIED. ) 
 CURVE ( )  GEOMETRIC_REPRESENTATION_ITEM ( )  RATIONAL_B_SPLINE_CURVE ( ( 1.000000000000000000, 0.9492530216741907889, 0.9492530216741907889, 1.000000000000000000 ) ) 
 REPRESENTATION_ITEM ( '' )  );
#1550 = CIRCLE ( 'NONE', #3977, 0.04999999999999991951 ) ;
#1551 = ORIENTED_EDGE ( 'NONE', *, *, #2348, .F. ) ;
#1552 = ORIENTED_EDGE ( 'NONE', *, *, #4064, .F. ) ;
#1553 = SURFACE_STYLE_FILL_AREA ( #3201 ) ;
#1554 = DIRECTION ( 'NONE',  ( 0.000000000000000000, 0.000000000000000000, -1.000000000000000000 ) ) ;
#1555 = STYLED_ITEM ( 'NONE', ( #2261 ), #2413 ) ;
#1556 = EDGE_CURVE ( 'NONE', #3973, #775, #4131, .T. ) ;
#1557 = DIRECTION ( 'NONE',  ( 1.000000000000000000, 0.000000000000000000, 0.000000000000000000 ) ) ;
#1558 =( LENGTH_UNIT ( ) NAMED_UNIT ( * ) SI_UNIT ( .MILLI., .METRE. ) );
#1559 = VECTOR ( 'NONE', #2075, 1000.000000000000000 ) ;
#1560 = DIRECTION ( 'NONE',  ( -0.000000000000000000, 1.000000000000000000, -0.000000000000000000 ) ) ;
#1561 =( GEOMETRIC_REPRESENTATION_CONTEXT ( 3 ) GLOBAL_UNCERTAINTY_ASSIGNED_CONTEXT ( ( #1138 ) ) GLOBAL_UNIT_ASSIGNED_CONTEXT ( ( #1901, #3609, #595 ) ) REPRESENTATION_CONTEXT ( 'NONE', 'WORKASPACE' ) );
#1562 = VERTEX_POINT ( 'NONE', #4060 ) ;
#1563 = CARTESIAN_POINT ( 'NONE',  ( -0.4775471727125933374, 2.899999999999999911, -0.6706600648588912916 ) ) ;
#1564 = AXIS2_PLACEMENT_3D ( 'NONE', #2700, #2055, #3643 ) ;
#1565 = EDGE_CURVE ( 'NONE', #2957, #61, #1093, .T. ) ;
#1566 = PRESENTATION_STYLE_ASSIGNMENT (( #2871 ) ) ;
#1567 = CARTESIAN_POINT ( 'NONE',  ( -1.100000000000001199, 0.000000000000000000, -2.299999999999999822 ) ) ;
#1568 = ORIENTED_EDGE ( 'NONE', *, *, #3312, .F. ) ;
#1569 = SURFACE_SIDE_STYLE ('',( #218 ) ) ;
#1570 = EDGE_CURVE ( 'NONE', #1680, #3508, #3871, .T. ) ;
#1571 = DIRECTION ( 'NONE',  ( 1.000000000000000000, 0.000000000000000000, 0.000000000000000000 ) ) ;
#1572 = ADVANCED_FACE ( 'NONE', ( #863 ), #2245, .T. ) ;
#1573 = EDGE_LOOP ( 'NONE', ( #666, #3704, #1428, #246 ) ) ;
#1574 = EDGE_CURVE ( 'NONE', #2323, #1275, #1189, .T. ) ;
#1575 = FACE_OUTER_BOUND ( 'NONE', #504, .T. ) ;
#1576 = CARTESIAN_POINT ( 'NONE',  ( 2.299999999999998490, -0.2000000000000000111, 0.7999999999999994893 ) ) ;
#1577 = EDGE_CURVE ( 'NONE', #2746, #3226, #5, .T. ) ;
#1578 = PRESENTATION_STYLE_ASSIGNMENT (( #205 ) ) ;
#1579 = PLANE ( 'NONE',  #501 ) ;
#1580 = EDGE_CURVE ( 'NONE', #3024, #2639, #2883, .T. ) ;
#1581 = VECTOR ( 'NONE', #4095, 1000.000000000000000 ) ;
#1582 = CARTESIAN_POINT ( 'NONE',  ( -0.5759186515858326638, 2.889999999999999680, -0.6706600648588912916 ) ) ;
#1583 =( NAMED_UNIT ( * ) SI_UNIT ( $, .STERADIAN. ) SOLID_ANGLE_UNIT ( ) );
#1584 = VERTEX_POINT ( 'NONE', #1513 ) ;
#1585 = EDGE_CURVE ( 'NONE', #61, #1562, #3528, .T. ) ;
#1586 = SURFACE_SIDE_STYLE ('',( #252 ) ) ;
#1587 = DIRECTION ( 'NONE',  ( 1.000000000000000000, 0.000000000000000000, 0.000000000000000000 ) ) ;
#1588 = EDGE_LOOP ( 'NONE', ( #896, #2716, #618, #3908 ) ) ;
#1589 = EDGE_CURVE ( 'NONE', #3681, #625, #1317, .T. ) ;
#1590 = DIRECTION ( 'NONE',  ( 5.782411586589351722E-16, -0.000000000000000000, -1.000000000000000000 ) ) ;
#1591 = CARTESIAN_POINT ( 'NONE',  ( 0.4942838132028996578, 2.889999999999999680, -0.5016459803518490412 ) ) ;
#1592 = DIRECTION ( 'NONE',  ( -0.7071067811865474617, 0.000000000000000000, 0.7071067811865474617 ) ) ;
#1593 = DIRECTION ( 'NONE',  ( 0.7071067811865462405, 0.000000000000000000, 0.7071067811865489050 ) ) ;
#1594 =( NAMED_UNIT ( * ) SI_UNIT ( $, .STERADIAN. ) SOLID_ANGLE_UNIT ( ) );
#1595 = AXIS2_PLACEMENT_3D ( 'NONE', #1457, #2414, #3120 ) ;
#1596 = CARTESIAN_POINT ( 'NONE',  ( 1.870710678118649106, 0.6999999999999997335, 2.507106781186549949 ) ) ;
#1597 = ORIENTED_EDGE ( 'NONE', *, *, #2525, .F. ) ;
#1598 = ORIENTED_EDGE ( 'NONE', *, *, #3560, .F. ) ;
#1599 = DIRECTION ( 'NONE',  ( -1.000000000000000000, 0.000000000000000000, 0.000000000000000000 ) ) ;
#1600 = FILL_AREA_STYLE_COLOUR ( '', #3562 ) ;
#1601 = DIRECTION ( 'NONE',  ( -0.000000000000000000, -1.000000000000000000, -0.000000000000000000 ) ) ;
#1602 = VECTOR ( 'NONE', #897, 999.9999999999998863 ) ;
#1603 = DIRECTION ( 'NONE',  ( -1.000000000000000000, 0.000000000000000000, 0.000000000000000000 ) ) ;
#1604 = AXIS2_PLACEMENT_3D ( 'NONE', #1180, #2495, #3814 ) ;
#1605 = ORIENTED_EDGE ( 'NONE', *, *, #1570, .F. ) ;
#1606 = CARTESIAN_POINT ( 'NONE',  ( -1.517157287525376264, 0.7499999999999997780, -2.224264068711930609 ) ) ;
#1607 = COLOUR_RGB ( '',1.000000000000000000, 1.000000000000000000, 1.000000000000000000 ) ;
#1608 = CARTESIAN_POINT ( 'NONE',  ( 1.367743320245153216, 2.889999999999999680, -0.5448898183800181538 ) ) ;
#1609 =( LENGTH_UNIT ( ) NAMED_UNIT ( * ) SI_UNIT ( .MILLI., .METRE. ) );
#1610 = ORIENTED_EDGE ( 'NONE', *, *, #1589, .T. ) ;
#1611 =( NAMED_UNIT ( * ) PLANE_ANGLE_UNIT ( ) SI_UNIT ( $, .RADIAN. ) );
#1612 = SURFACE_SIDE_STYLE ('',( #615 ) ) ;
#1613 = PRESENTATION_STYLE_ASSIGNMENT (( #285 ) ) ;
#1614 = ORIENTED_EDGE ( 'NONE', *, *, #216, .T. ) ;
#1615 = VERTEX_POINT ( 'NONE', #4234 ) ;
#1616 = DIRECTION ( 'NONE',  ( 0.000000000000000000, 0.000000000000000000, 1.000000000000000000 ) ) ;
#1617 = SURFACE_STYLE_USAGE ( .BOTH. , #3987 ) ;
#1618 = CARTESIAN_POINT ( 'NONE',  ( 1.999999999999999112, 2.899999999999999911, -2.399999999999999911 ) ) ;
#1619 = DIRECTION ( 'NONE',  ( -0.000000000000000000, 1.000000000000000000, -0.000000000000000000 ) ) ;
#1620 = COLOUR_RGB ( '',0.8000000000000000444, 0.8078431372549019773, 0.8000000000000000444 ) ;
#1621 = AXIS2_PLACEMENT_3D ( 'NONE', #1813, #3259, #591 ) ;
#1622 = ADVANCED_FACE ( 'NONE', ( #4168 ), #2835, .F. ) ;
#1623 = AXIS2_PLACEMENT_3D ( 'NONE', #4044, #2438, #3046 ) ;
#1624 = SURFACE_STYLE_FILL_AREA ( #2989 ) ;
#1625 = LINE ( 'NONE', #1333, #3807 ) ;
#1626 = CIRCLE ( 'NONE', #300, 2.348000000000000309 ) ;
#1627 =( LENGTH_UNIT ( ) NAMED_UNIT ( * ) SI_UNIT ( .MILLI., .METRE. ) );
#1628 = PRESENTATION_STYLE_ASSIGNMENT (( #1999 ) ) ;
#1629 = VECTOR ( 'NONE', #854, 1000.000000000000114 ) ;
#1630 = ORIENTED_EDGE ( 'NONE', *, *, #4002, .T. ) ;
#1631 = CARTESIAN_POINT ( 'NONE',  ( -0.3986519262337201441, 2.889999999999999680, 0.8082131745777283438 ) ) ;
#1632 = DIRECTION ( 'NONE',  ( 0.000000000000000000, 0.000000000000000000, -1.000000000000000000 ) ) ;
#1633 = ORIENTED_EDGE ( 'NONE', *, *, #992, .T. ) ;
#1634 = CARTESIAN_POINT ( 'NONE',  ( -0.4775471727125933374, 2.889999999999999680, -0.6706600648588912916 ) ) ;
#1635 = STYLED_ITEM ( 'NONE', ( #2288 ), #3748 ) ;
#1636 = EDGE_CURVE ( 'NONE', #1745, #1441, #686, .T. ) ;
#1637 = EDGE_CURVE ( 'NONE', #4115, #1644, #4279, .T. ) ;
#1638 = ORIENTED_EDGE ( 'NONE', *, *, #1219, .F. ) ;
#1639 = PRESENTATION_STYLE_ASSIGNMENT (( #684 ) ) ;
#1640 = DIRECTION ( 'NONE',  ( 0.000000000000000000, 0.000000000000000000, -1.000000000000000000 ) ) ;
#1641 = FILL_AREA_STYLE ('',( #1964 ) ) ;
#1642 = CARTESIAN_POINT ( 'NONE',  ( 1.199999999999994404, 0.000000000000000000, 2.400000000000000355 ) ) ;
#1643 = LINE ( 'NONE', #2306, #1152 ) ;
#1644 = VERTEX_POINT ( 'NONE', #3592 ) ;
#1645 = VERTEX_POINT ( 'NONE', #2621 ) ;
#1646 = EDGE_CURVE ( 'NONE', #1545, #1374, #4134, .T. ) ;
#1647 = FACE_OUTER_BOUND ( 'NONE', #362, .T. ) ;
#1648 = DIRECTION ( 'NONE',  ( 1.000000000000000000, 0.000000000000000000, 0.000000000000000000 ) ) ;
#1649 = DIRECTION ( 'NONE',  ( 0.7071067811865487940, 0.000000000000000000, -0.7071067811865464625 ) ) ;
#1650 = DIRECTION ( 'NONE',  ( -0.7071067811865462405, 0.000000000000000000, -0.7071067811865489050 ) ) ;
#1651 = DIRECTION ( 'NONE',  ( 0.000000000000000000, 1.000000000000000000, 0.000000000000000000 ) ) ;
#1652 =( NAMED_UNIT ( * ) SI_UNIT ( $, .STERADIAN. ) SOLID_ANGLE_UNIT ( ) );
#1653 = SURFACE_STYLE_FILL_AREA ( #1025 ) ;
#1654 = DIRECTION ( 'NONE',  ( -1.000000000000000000, -9.486769009248177603E-16, 0.000000000000000000 ) ) ;
#1655 = CARTESIAN_POINT ( 'NONE',  ( 1.906066017177976413, 0.7499999999999997780, 2.542462120245877255 ) ) ;
#1656 = ORIENTED_EDGE ( 'NONE', *, *, #353, .T. ) ;
#1657 = CIRCLE ( 'NONE', #2086, 0.04999999999999991951 ) ;
#1658 = FACE_OUTER_BOUND ( 'NONE', #4266, .T. ) ;
#1659 = CARTESIAN_POINT ( 'NONE',  ( 0.000000000000000000, -0.2000000000000000111, 0.000000000000000000 ) ) ;
#1660 = VECTOR ( 'NONE', #234, 999.9999999999998863 ) ;
#1661 = COLOUR_RGB ( '',1.000000000000000000, 1.000000000000000000, 1.000000000000000000 ) ;
#1662 = EDGE_LOOP ( 'NONE', ( #1568, #3141, #1179, #3568 ) ) ;
#1663 = PRESENTATION_STYLE_ASSIGNMENT (( #1404 ) ) ;
#1664 = VERTEX_POINT ( 'NONE', #1307 ) ;
#1665 =( NAMED_UNIT ( * ) SI_UNIT ( $, .STERADIAN. ) SOLID_ANGLE_UNIT ( ) );
#1666 = SURFACE_STYLE_USAGE ( .BOTH. , #3583 ) ;
#1667 = UNCERTAINTY_MEASURE_WITH_UNIT (LENGTH_MEASURE( 1.000000000000000082E-05 ), #2622, 'distance_accuracy_value', 'NONE');
#1668 = PLANE ( 'NONE',  #646 ) ;
#1669 =( LENGTH_UNIT ( ) NAMED_UNIT ( * ) SI_UNIT ( .MILLI., .METRE. ) );
#1670 = ORIENTED_EDGE ( 'NONE', *, *, #3941, .T. ) ;
#1671 = ORIENTED_EDGE ( 'NONE', *, *, #2163, .F. ) ;
#1672 =( NAMED_UNIT ( * ) PLANE_ANGLE_UNIT ( ) SI_UNIT ( $, .RADIAN. ) );
#1673 = STYLED_ITEM ( 'NONE', ( #3352 ), #2328 ) ;
#1674 = CARTESIAN_POINT ( 'NONE',  ( -1.100000000000001199, -0.2000000000000000111, -2.299999999999999822 ) ) ;
#1675 = FILL_AREA_STYLE ('',( #3663 ) ) ;
#1676 = PRESENTATION_STYLE_ASSIGNMENT (( #344 ) ) ;
#1677 = EDGE_CURVE ( 'NONE', #2890, #1426, #2025, .T. ) ;
#1678 = CARTESIAN_POINT ( 'NONE',  ( 1.100000000000000089, 0.000000000000000000, 2.300000000000000266 ) ) ;
#1679 = DIRECTION ( 'NONE',  ( 0.000000000000000000, -1.000000000000000000, 0.000000000000000000 ) ) ;
#1680 = VERTEX_POINT ( 'NONE', #369 ) ;
#1681 =( NAMED_UNIT ( * ) SI_UNIT ( $, .STERADIAN. ) SOLID_ANGLE_UNIT ( ) );
#1682 = VECTOR ( 'NONE', #3919, 1000.000000000000000 ) ;
#1683 = LINE ( 'NONE', #1008, #2521 ) ;
#1684 = SPHERICAL_SURFACE ( 'NONE', #3905, 0.05000000000000000278 ) ;
#1685 = VERTEX_POINT ( 'NONE', #3035 ) ;
#1686 = VECTOR ( 'NONE', #2603, 1000.000000000000114 ) ;
#1687 = AXIS2_PLACEMENT_3D ( 'NONE', #3850, #1285, #881 ) ;
#1688 = PLANE ( 'NONE',  #792 ) ;
#1689 = AXIS2_PLACEMENT_3D ( 'NONE', #1860, #3798, #201 ) ;
#1690 = LINE ( 'NONE', #664, #3082 ) ;
#1691 = FACE_OUTER_BOUND ( 'NONE', #432, .T. ) ;
#1692 = ORIENTED_EDGE ( 'NONE', *, *, #3159, .T. ) ;
#1693 = ORIENTED_EDGE ( 'NONE', *, *, #358, .F. ) ;
#1694 = PLANE ( 'NONE',  #147 ) ;
#1695 = DIRECTION ( 'NONE',  ( 1.000000000000000000, 0.000000000000000000, -0.000000000000000000 ) ) ;
#1696 = DIRECTION ( 'NONE',  ( 0.000000000000000000, -1.000000000000000000, 0.000000000000000000 ) ) ;
#1697 = FILL_AREA_STYLE_COLOUR ( '', #3433 ) ;
#1698 = COLOUR_RGB ( '',0.8000000000000000444, 0.8078431372549019773, 0.8000000000000000444 ) ;
#1699 = CARTESIAN_POINT ( 'NONE',  ( -1.906066017177977523, 0.7499999999999997780, -2.542462120245878143 ) ) ;
#1700 = EDGE_CURVE ( 'NONE', #273, #667, #3990, .T. ) ;
#1701 = DIRECTION ( 'NONE',  ( -1.000000000000000000, 0.000000000000000000, 0.000000000000000000 ) ) ;
#1702 = DIRECTION ( 'NONE',  ( 0.000000000000000000, -0.000000000000000000, 1.000000000000000000 ) ) ;
#1703 = CIRCLE ( 'NONE', #385, 0.04999999999999991951 ) ;
#1704 = ORIENTED_EDGE ( 'NONE', *, *, #3563, .T. ) ;
#1705 = AXIS2_PLACEMENT_3D ( 'NONE', #2748, #427, #135 ) ;
#1706 =( NAMED_UNIT ( * ) SI_UNIT ( $, .STERADIAN. ) SOLID_ANGLE_UNIT ( ) );
#1707 = CARTESIAN_POINT ( 'NONE',  ( -1.668082731761227899, -0.2000000000000000111, 0.7999999999999994893 ) ) ;
#1708 = EDGE_LOOP ( 'NONE', ( #2628, #2640, #1552, #2292 ) ) ;
#1709 = STYLED_ITEM ( 'NONE', ( #3686 ), #3853 ) ;
#1710 =( NAMED_UNIT ( * ) SI_UNIT ( $, .STERADIAN. ) SOLID_ANGLE_UNIT ( ) );
#1711 = EDGE_CURVE ( 'NONE', #1073, #2549, #3295, .T. ) ;
#1712 = VECTOR ( 'NONE', #2694, 1000.000000000000000 ) ;
#1713 = FACE_OUTER_BOUND ( 'NONE', #1326, .T. ) ;
#1714 = UNCERTAINTY_MEASURE_WITH_UNIT (LENGTH_MEASURE( 1.000000000000000082E-05 ), #1095, 'distance_accuracy_value', 'NONE');
#1715 = CARTESIAN_POINT ( 'NONE',  ( -1.099999999999994982, -0.2000000000000000111, 2.300000000000000266 ) ) ;
#1716 = VECTOR ( 'NONE', #1619, 1000.000000000000000 ) ;
#1717 = LINE ( 'NONE', #3535, #3078 ) ;
#1718 = DIRECTION ( 'NONE',  ( -0.000000000000000000, 1.000000000000000000, -0.000000000000000000 ) ) ;
#1719 = AXIS2_PLACEMENT_3D ( 'NONE', #4261, #3665, #3942 ) ;
#1720 = ORIENTED_EDGE ( 'NONE', *, *, #4064, .T. ) ;
#1721 = ORIENTED_EDGE ( 'NONE', *, *, #4255, .T. ) ;
#1722 =( NAMED_UNIT ( * ) SI_UNIT ( $, .STERADIAN. ) SOLID_ANGLE_UNIT ( ) );
#1723 = SURFACE_STYLE_FILL_AREA ( #3008 ) ;
#1724 = APPLICATION_PROTOCOL_DEFINITION ( 'draft international standard', 'automotive_design', 1998, #808 ) ;
#1725 = CARTESIAN_POINT ( 'NONE',  ( 0.5731790596817729622, 2.889999999999999680, 0.8082131745777283438 ) ) ;
#1726 = DIRECTION ( 'NONE',  ( -0.7071067811865475727, 0.000000000000000000, 0.7071067811865475727 ) ) ;
#1727 = DIRECTION ( 'NONE',  ( 0.7071067811865489050, -0.000000000000000000, -0.7071067811865462405 ) ) ;
#1728 = EDGE_CURVE ( 'NONE', #1645, #1410, #2342, .T. ) ;
#1729 = PLANE ( 'NONE',  #2281 ) ;
#1730 = FACE_OUTER_BOUND ( 'NONE', #1906, .T. ) ;
#1731 = ORIENTED_EDGE ( 'NONE', *, *, #1456, .F. ) ;
#1732 = FILL_AREA_STYLE_COLOUR ( '', #336 ) ;
#1733 = ORIENTED_EDGE ( 'NONE', *, *, #1996, .F. ) ;
#1734 = LINE ( 'NONE', #302, #1462 ) ;
#1735 = EDGE_CURVE ( 'NONE', #904, #3160, #3616, .T. ) ;
#1736 = ORIENTED_EDGE ( 'NONE', *, *, #2626, .T. ) ;
#1737 = CARTESIAN_POINT ( 'NONE',  ( 2.299999999999998490, 0.000000000000000000, 0.7999999999999994893 ) ) ;
#1738 = CARTESIAN_POINT ( 'NONE',  ( 1.168359517428251726, 2.889999999999999680, -0.5016459803518490412 ) ) ;
#1739 = VECTOR ( 'NONE', #1290, 1000.000000000000000 ) ;
#1740 = VECTOR ( 'NONE', #1947, 999.9999999999998863 ) ;
#1741 = CARTESIAN_POINT ( 'NONE',  ( -2.053553390593271022, -0.2000000000000000111, -1.346446609406728667 ) ) ;
#1742 = CARTESIAN_POINT ( 'NONE',  ( -1.530595342628610966, 0.7051425210512166641, -2.203553390593276262 ) ) ;
#1743 = FILL_AREA_STYLE ('',( #1392 ) ) ;
#1744 = EDGE_CURVE ( 'NONE', #2, #976, #1997, .T. ) ;
#1745 = VERTEX_POINT ( 'NONE', #3962 ) ;
#1746 = ORIENTED_EDGE ( 'NONE', *, *, #807, .F. ) ;
#1747 = FILL_AREA_STYLE ('',( #112 ) ) ;
#1748 =( GEOMETRIC_REPRESENTATION_CONTEXT ( 3 ) GLOBAL_UNCERTAINTY_ASSIGNED_CONTEXT ( ( #3953 ) ) GLOBAL_UNIT_ASSIGNED_CONTEXT ( ( #2816, #2096, #1090 ) ) REPRESENTATION_CONTEXT ( 'NONE', 'WORKASPACE' ) );
#1749 = DIRECTION ( 'NONE',  ( 1.000000000000000000, 0.000000000000000000, 0.000000000000000000 ) ) ;
#1750 = ORIENTED_EDGE ( 'NONE', *, *, #3118, .F. ) ;
#1751 = CARTESIAN_POINT ( 'NONE',  ( 2.299999999999998490, -0.2000000000000000111, -0.7999999999999994893 ) ) ;
#1752 = UNCERTAINTY_MEASURE_WITH_UNIT (LENGTH_MEASURE( 1.000000000000000082E-05 ), #1014, 'distance_accuracy_value', 'NONE');
#1753 = CARTESIAN_POINT ( 'NONE',  ( 0.3959123343296602204, 2.889999999999999680, -0.5448898183800181538 ) ) ;
#1754 = PRESENTATION_STYLE_ASSIGNMENT (( #2661 ) ) ;
#1755 = MECHANICAL_DESIGN_GEOMETRIC_PRESENTATION_REPRESENTATION (  '', ( #3615 ), #212 ) ;
#1756 = ORIENTED_EDGE ( 'NONE', *, *, #3228, .T. ) ;
#1757 = ORIENTED_EDGE ( 'NONE', *, *, #4025, .F. ) ;
#1758 = LINE ( 'NONE', #3073, #2313 ) ;
#1759 =( LENGTH_UNIT ( ) NAMED_UNIT ( * ) SI_UNIT ( .MILLI., .METRE. ) );
#1760 = COLOUR_RGB ( '',1.000000000000000000, 1.000000000000000000, 1.000000000000000000 ) ;
#1761 = SURFACE_STYLE_FILL_AREA ( #2133 ) ;
#1762 = LINE ( 'NONE', #3075, #331 ) ;
#1763 = SURFACE_STYLE_FILL_AREA ( #2796 ) ;
#1764 = EDGE_CURVE ( 'NONE', #1664, #1382, #996, .T. ) ;
#1765 = STYLED_ITEM ( 'NONE', ( #1927 ), #379 ) ;
#1766 = CARTESIAN_POINT ( 'NONE',  ( -2.300000000000001155, -0.000000000000000000, -0.7999999999999986011 ) ) ;
#1767 = ADVANCED_FACE ( 'NONE', ( #2051 ), #3373, .F. ) ;
#1768 = PLANE ( 'NONE',  #1937 ) ;
#1769 = COLOUR_RGB ( '',0.8000000000000000444, 0.8078431372549019773, 0.8000000000000000444 ) ;
#1770 = AXIS2_PLACEMENT_3D ( 'NONE', #4123, #2645, #3687 ) ;
#1771 = ORIENTED_EDGE ( 'NONE', *, *, #3755, .F. ) ;
#1772 = ADVANCED_FACE ( 'NONE', ( #1088 ), #436, .F. ) ;
#1773 = PLANE ( 'NONE',  #3831 ) ;
#1774 = LINE ( 'NONE', #3090, #298 ) ;
#1775 =( GEOMETRIC_REPRESENTATION_CONTEXT ( 3 ) GLOBAL_UNCERTAINTY_ASSIGNED_CONTEXT ( ( #2475 ) ) GLOBAL_UNIT_ASSIGNED_CONTEXT ( ( #512, #243, #1183 ) ) REPRESENTATION_CONTEXT ( 'NONE', 'WORKASPACE' ) );
#1776 = DIRECTION ( 'NONE',  ( -1.000000000000000000, 0.000000000000000000, 0.000000000000000000 ) ) ;
#1777 = EDGE_CURVE ( 'NONE', #2708, #3154, #3097, .T. ) ;
#1778 = DIRECTION ( 'NONE',  ( -0.4132170265578689605, 0.000000000000000000, 0.9106325762691962478 ) ) ;
#1779 = EDGE_LOOP ( 'NONE', ( #4073, #1720, #2031, #557 ) ) ;
#1780 = CIRCLE ( 'NONE', #3084, 1.849999999999999867 ) ;
#1781 = ORIENTED_EDGE ( 'NONE', *, *, #1960, .F. ) ;
#1782 = LINE ( 'NONE', #1142, #2511 ) ;
#1783 = EDGE_CURVE ( 'NONE', #3354, #3973, #1762, .T. ) ;
#1784 = MECHANICAL_DESIGN_GEOMETRIC_PRESENTATION_REPRESENTATION (  '', ( #663 ), #2806 ) ;
#1785 = LINE ( 'NONE', #9, #590 ) ;
#1786 = VECTOR ( 'NONE', #2465, 1000.000000000000000 ) ;
#1787 = FILL_AREA_STYLE_COLOUR ( '', #1124 ) ;
#1788 = DIRECTION ( 'NONE',  ( -0.7071067811865474617, -0.000000000000000000, -0.7071067811865474617 ) ) ;
#1789 = CARTESIAN_POINT ( 'NONE',  ( 2.299999999999999822, -0.2000000000000000111, 2.300000000000000266 ) ) ;
#1790 = VERTEX_POINT ( 'NONE', #2077 ) ;
#1791 = SURFACE_STYLE_USAGE ( .BOTH. , #426 ) ;
#1792 =( NAMED_UNIT ( * ) PLANE_ANGLE_UNIT ( ) SI_UNIT ( $, .RADIAN. ) );
#1793 = CARTESIAN_POINT ( 'NONE',  ( -0.5759186515858326638, 2.889999999999999680, -0.6706600648588912916 ) ) ;
#1794 = UNCERTAINTY_MEASURE_WITH_UNIT (LENGTH_MEASURE( 1.000000000000000082E-05 ), #3125, 'distance_accuracy_value', 'NONE');
#1795 = FACE_OUTER_BOUND ( 'NONE', #2308, .T. ) ;
#1796 = VERTEX_POINT ( 'NONE', #1800 ) ;
#1797 = CARTESIAN_POINT ( 'NONE',  ( -1.668082731761227677, 0.000000000000000000, 0.7999999999999993783 ) ) ;
#1798 = PRESENTATION_STYLE_ASSIGNMENT (( #472 ) ) ;
#1799 = COLOUR_RGB ( '',1.000000000000000000, 1.000000000000000000, 1.000000000000000000 ) ;
#1800 = CARTESIAN_POINT ( 'NONE',  ( -1.449378158628086277, 2.889999999999999680, -0.6706600648588912916 ) ) ;
#1801 = ORIENTED_EDGE ( 'NONE', *, *, #2847, .F. ) ;
#1802 = PRESENTATION_LAYER_ASSIGNMENT (  '', '', ( #2015 ) ) ;
#1803 = DIRECTION ( 'NONE',  ( 0.4136819341461172583, 0.000000000000000000, -0.9104214723748158544 ) ) ;
#1804 = SURFACE_STYLE_FILL_AREA ( #1479 ) ;
#1805 = VECTOR ( 'NONE', #3188, 1000.000000000000000 ) ;
#1806 = VERTEX_POINT ( 'NONE', #111 ) ;
#1807 = SURFACE_STYLE_USAGE ( .BOTH. , #1885 ) ;
#1808 = DIRECTION ( 'NONE',  ( -0.7071067811865489050, -0.000000000000000000, 0.7071067811865461294 ) ) ;
#1809 = VECTOR ( 'NONE', #1599, 1000.000000000000000 ) ;
#1810 = LINE ( 'NONE', #1163, #1128 ) ;
#1811 = EDGE_LOOP ( 'NONE', ( #1140, #408, #3119, #250 ) ) ;
#1812 =( NAMED_UNIT ( * ) PLANE_ANGLE_UNIT ( ) SI_UNIT ( $, .RADIAN. ) );
#1813 = CARTESIAN_POINT ( 'NONE',  ( 1.668082731761227899, -0.2000000000000000111, 0.7999999999999994893 ) ) ;
#1814 = DIRECTION ( 'NONE',  ( -0.000000000000000000, 0.000000000000000000, 1.000000000000000000 ) ) ;
#1815 = EDGE_CURVE ( 'NONE', #2020, #4008, #3396, .T. ) ;
#1816 = VECTOR ( 'NONE', #1403, 1000.000000000000000 ) ;
#1817 = CARTESIAN_POINT ( 'NONE',  ( -2.188908729652597529, 0.7499999999999998890, -1.481801948466056729 ) ) ;
#1818 = DIRECTION ( 'NONE',  ( 0.7071067811865540120, -0.000000000000000000, 0.7071067811865410224 ) ) ;
#1819 = FACE_OUTER_BOUND ( 'NONE', #3448, .T. ) ;
#1820 = ORIENTED_EDGE ( 'NONE', *, *, #500, .F. ) ;
#1821 = MECHANICAL_DESIGN_GEOMETRIC_PRESENTATION_REPRESENTATION (  '', ( #2220 ), #2920 ) ;
#1822 = SURFACE_STYLE_FILL_AREA ( #496 ) ;
#1823 = SURFACE_SIDE_STYLE ('',( #3570 ) ) ;
#1824 = FILL_AREA_STYLE_COLOUR ( '', #700 ) ;
#1825 = ORIENTED_EDGE ( 'NONE', *, *, #3222, .T. ) ;
#1826 =( NAMED_UNIT ( * ) SI_UNIT ( $, .STERADIAN. ) SOLID_ANGLE_UNIT ( ) );
#1827 = STYLED_ITEM ( 'NONE', ( #1114 ), #2518 ) ;
#1828 =( GEOMETRIC_REPRESENTATION_CONTEXT ( 3 ) GLOBAL_UNCERTAINTY_ASSIGNED_CONTEXT ( ( #2481 ) ) GLOBAL_UNIT_ASSIGNED_CONTEXT ( ( #392, #2426, #3745 ) ) REPRESENTATION_CONTEXT ( 'NONE', 'WORKASPACE' ) );
#1829 = UNCERTAINTY_MEASURE_WITH_UNIT (LENGTH_MEASURE( 1.000000000000000082E-05 ), #2050, 'distance_accuracy_value', 'NONE');
#1830 =( GEOMETRIC_REPRESENTATION_CONTEXT ( 3 ) GLOBAL_UNCERTAINTY_ASSIGNED_CONTEXT ( ( #3654 ) ) GLOBAL_UNIT_ASSIGNED_CONTEXT ( ( #1919, #281, #1299 ) ) REPRESENTATION_CONTEXT ( 'NONE', 'WORKASPACE' ) );
#1831 = LINE ( 'NONE', #192, #729 ) ;
#1832 = PRESENTATION_STYLE_ASSIGNMENT (( #2213 ) ) ;
#1833 = VERTEX_POINT ( 'NONE', #3766 ) ;
#1834 = VECTOR ( 'NONE', #1525, 1000.000000000000000 ) ;
#1835 = CARTESIAN_POINT ( 'NONE',  ( -1.370482912149213028, 2.889999999999999680, 0.8082131745777283438 ) ) ;
#1836 = UNCERTAINTY_MEASURE_WITH_UNIT (LENGTH_MEASURE( 1.000000000000000082E-05 ), #2824, 'distance_accuracy_value', 'NONE');
#1837 =( NAMED_UNIT ( * ) PLANE_ANGLE_UNIT ( ) SI_UNIT ( $, .RADIAN. ) );
#1838 = LINE ( 'NONE', #1474, #1913 ) ;
#1839 = STYLED_ITEM ( 'NONE', ( #876 ), #3431 ) ;
#1840 = ORIENTED_EDGE ( 'NONE', *, *, #813, .T. ) ;
#1841 = ORIENTED_EDGE ( 'NONE', *, *, #3749, .T. ) ;
#1842 =( GEOMETRIC_REPRESENTATION_CONTEXT ( 3 ) GLOBAL_UNCERTAINTY_ASSIGNED_CONTEXT ( ( #3911 ) ) GLOBAL_UNIT_ASSIGNED_CONTEXT ( ( #1627, #1356, #1652 ) ) REPRESENTATION_CONTEXT ( 'NONE', 'WORKASPACE' ) );
#1843 = CARTESIAN_POINT ( 'NONE',  ( -2.300000000000001155, 0.000000000000000000, -1.099999999999997646 ) ) ;
#1844 = STYLED_ITEM ( 'NONE', ( #1613 ), #2901 ) ;
#1845 = CIRCLE ( 'NONE', #2462, 0.05000000000000006523 ) ;
#1846 = VECTOR ( 'NONE', #3325, 1000.000000000000000 ) ;
#1847 = COLOUR_RGB ( '',0.8000000000000000444, 0.8078431372549019773, 0.8000000000000000444 ) ;
#1848 = CARTESIAN_POINT ( 'NONE',  ( -2.188908729652597529, 0.7499999999999997780, -1.552512626584711786 ) ) ;
#1849 = ORIENTED_EDGE ( 'NONE', *, *, #1329, .F. ) ;
#1850 = DIRECTION ( 'NONE',  ( 0.4136819341461172583, 0.000000000000000000, -0.9104214723748157434 ) ) ;
#1851 = LINE ( 'NONE', #327, #1070 ) ;
#1852 =( NAMED_UNIT ( * ) PLANE_ANGLE_UNIT ( ) SI_UNIT ( $, .RADIAN. ) );
#1853 = ORIENTED_EDGE ( 'NONE', *, *, #4032, .F. ) ;
#1854 = FILL_AREA_STYLE_COLOUR ( '', #2575 ) ;
#1855 = FILL_AREA_STYLE ('',( #2875 ) ) ;
#1856 = ADVANCED_FACE ( 'NONE', ( #1819 ), #473, .F. ) ;
#1857 = CARTESIAN_POINT ( 'NONE',  ( -1.100000000000001199, -0.2000000000000000111, -2.299999999999999822 ) ) ;
#1858 = SURFACE_STYLE_FILL_AREA ( #3500 ) ;
#1859 = VERTEX_POINT ( 'NONE', #2467 ) ;
#1860 = CARTESIAN_POINT ( 'NONE',  ( 1.552512626584702682, 0.7499999999999998890, 2.188908729652602414 ) ) ;
#1861 = COLOUR_RGB ( '',0.1921568627450980227, 0.2039215686274509776, 0.2039215686274509776 ) ;
#1862 = VERTEX_POINT ( 'NONE', #3782 ) ;
#1863 = DIRECTION ( 'NONE',  ( 8.673617379884030542E-16, 0.000000000000000000, 1.000000000000000000 ) ) ;
#1864 = MECHANICAL_DESIGN_GEOMETRIC_PRESENTATION_REPRESENTATION (  '', ( #542 ), #1106 ) ;
#1865 =( NAMED_UNIT ( * ) SI_UNIT ( $, .STERADIAN. ) SOLID_ANGLE_UNIT ( ) );
#1866 = LINE ( 'NONE', #3827, #3773 ) ;
#1867 = CARTESIAN_POINT ( 'NONE',  ( -1.999999999999998224, 2.899999999999999911, 2.000000000000000000 ) ) ;
#1868 =( GEOMETRIC_REPRESENTATION_CONTEXT ( 3 ) GLOBAL_UNCERTAINTY_ASSIGNED_CONTEXT ( ( #1445 ) ) GLOBAL_UNIT_ASSIGNED_CONTEXT ( ( #541, #885, #1583 ) ) REPRESENTATION_CONTEXT ( 'NONE', 'WORKASPACE' ) );
#1869 = ORIENTED_EDGE ( 'NONE', *, *, #1459, .F. ) ;
#1870 = DIRECTION ( 'NONE',  ( 0.7071067811865462405, 0.000000000000000000, 0.7071067811865489050 ) ) ;
#1871 = VECTOR ( 'NONE', #837, 1000.000000000000000 ) ;
#1872 = PRESENTATION_STYLE_ASSIGNMENT (( #484 ) ) ;
#1873 = PLANE ( 'NONE',  #4227 ) ;
#1874 = ORIENTED_EDGE ( 'NONE', *, *, #474, .F. ) ;
#1875 = SURFACE_STYLE_USAGE ( .BOTH. , #4182 ) ;
#1876 = UNCERTAINTY_MEASURE_WITH_UNIT (LENGTH_MEASURE( 1.000000000000000082E-05 ), #314, 'distance_accuracy_value', 'NONE');
#1877 = DIRECTION ( 'NONE',  ( 0.000000000000000000, -0.000000000000000000, 1.000000000000000000 ) ) ;
#1878 =( NAMED_UNIT ( * ) SI_UNIT ( $, .STERADIAN. ) SOLID_ANGLE_UNIT ( ) );
#1879 = CARTESIAN_POINT ( 'NONE',  ( 2.399999999999999023, 0.000000000000000000, -2.399999999999999911 ) ) ;
#1880 = VERTEX_POINT ( 'NONE', #816 ) ;
#1881 = ORIENTED_EDGE ( 'NONE', *, *, #1005, .T. ) ;
#1882 = CARTESIAN_POINT ( 'NONE',  ( 1.517157287525375375, 0.7499999999999997780, 2.224264068711929720 ) ) ;
#1883 = VECTOR ( 'NONE', #909, 1000.000000000000114 ) ;
#1884 = EDGE_CURVE ( 'NONE', #2821, #2, #2136, .T. ) ;
#1885 = SURFACE_SIDE_STYLE ('',( #2923 ) ) ;
#1886 = PRESENTATION_LAYER_ASSIGNMENT (  '', '', ( #1170 ) ) ;
#1887 = DIRECTION ( 'NONE',  ( 0.7071067811865462405, 0.000000000000000000, 0.7071067811865487940 ) ) ;
#1888 = EDGE_CURVE ( 'NONE', #3031, #3808, #91, .T. ) ;
#1889 = ORIENTED_EDGE ( 'NONE', *, *, #3875, .T. ) ;
#1890 = DIRECTION ( 'NONE',  ( -0.7071067811865474617, 1.301042606982603428E-14, -0.7071067811865474617 ) ) ;
#1891 = EDGE_CURVE ( 'NONE', #2895, #273, #1657, .T. ) ;
#1892 = EDGE_CURVE ( 'NONE', #82, #3657, #1460, .T. ) ;
#1893 = SURFACE_STYLE_FILL_AREA ( #1162 ) ;
#1894 = ADVANCED_FACE ( 'NONE', ( #820 ), #3163, .F. ) ;
#1895 = CARTESIAN_POINT ( 'NONE',  ( 2.188908729652597529, -0.2000000000000000111, 1.481801948466055396 ) ) ;
#1896 = ORIENTED_EDGE ( 'NONE', *, *, #4148, .F. ) ;
#1897 = DIRECTION ( 'NONE',  ( 0.000000000000000000, 0.000000000000000000, -1.000000000000000000 ) ) ;
#1898 = EDGE_CURVE ( 'NONE', #1938, #982, #2882, .T. ) ;
#1899 = PRESENTATION_STYLE_ASSIGNMENT (( #510 ) ) ;
#1900 = FILL_AREA_STYLE ('',( #1166 ) ) ;
#1901 =( LENGTH_UNIT ( ) NAMED_UNIT ( * ) SI_UNIT ( .MILLI., .METRE. ) );
#1902 =( GEOMETRIC_REPRESENTATION_CONTEXT ( 3 ) GLOBAL_UNCERTAINTY_ASSIGNED_CONTEXT ( ( #3816 ) ) GLOBAL_UNIT_ASSIGNED_CONTEXT ( ( #195, #2543, #2517 ) ) REPRESENTATION_CONTEXT ( 'NONE', 'WORKASPACE' ) );
#1903 = VERTEX_POINT ( 'NONE', #1171 ) ;
#1904 = ADVANCED_FACE ( 'NONE', ( #183 ), #3545, .T. ) ;
#1905 = AXIS2_PLACEMENT_3D ( 'NONE', #567, #2162, #1218 ) ;
#1906 = EDGE_LOOP ( 'NONE', ( #425, #3474, #2009, #2537 ) ) ;
#1907 = PRESENTATION_LAYER_ASSIGNMENT (  '', '', ( #1208 ) ) ;
#1908 = PRESENTATION_STYLE_ASSIGNMENT (( #3866 ) ) ;
#1909 = LINE ( 'NONE', #3220, #1682 ) ;
#1910 =( NAMED_UNIT ( * ) SI_UNIT ( $, .STERADIAN. ) SOLID_ANGLE_UNIT ( ) );
#1911 = AXIS2_PLACEMENT_3D ( 'NONE', #3506, #3247, #249 ) ;
#1912 = STYLED_ITEM ( 'NONE', ( #1322 ), #3882 ) ;
#1913 = VECTOR ( 'NONE', #4162, 1000.000000000000000 ) ;
#1914 = ORIENTED_EDGE ( 'NONE', *, *, #1397, .F. ) ;
#1915 = SURFACE_STYLE_USAGE ( .BOTH. , #2187 ) ;
#1916 =( NAMED_UNIT ( * ) PLANE_ANGLE_UNIT ( ) SI_UNIT ( $, .RADIAN. ) );
#1917 = ORIENTED_EDGE ( 'NONE', *, *, #2933, .T. ) ;
#1918 = CARTESIAN_POINT ( 'NONE',  ( -1.517157287525376486, -6.009968850885412032E-17, -2.153553390593275996 ) ) ;
#1919 =( LENGTH_UNIT ( ) NAMED_UNIT ( * ) SI_UNIT ( .MILLI., .METRE. ) );
#1920 = CARTESIAN_POINT ( 'NONE',  ( 2.507106781186543287, 0.7499999999999997780, 1.870710678118657988 ) ) ;
#1921 = UNCERTAINTY_MEASURE_WITH_UNIT (LENGTH_MEASURE( 1.000000000000000082E-05 ), #2709, 'distance_accuracy_value', 'NONE');
#1922 =( NAMED_UNIT ( * ) PLANE_ANGLE_UNIT ( ) SI_UNIT ( $, .RADIAN. ) );
#1923 = CARTESIAN_POINT ( 'NONE',  ( 2.507106781186543287, 0.7499999999999997780, 1.870710678118658210 ) ) ;
#1924 = ORIENTED_EDGE ( 'NONE', *, *, #2657, .F. ) ;
#1925 = PLANE ( 'NONE',  #3896 ) ;
#1926 = ORIENTED_EDGE ( 'NONE', *, *, #950, .T. ) ;
#1927 = PRESENTATION_STYLE_ASSIGNMENT (( #4146 ) ) ;
#1928 = DIRECTION ( 'NONE',  ( 0.7071067811865462405, -0.000000000000000000, 0.7071067811865489050 ) ) ;
#1929 = FILL_AREA_STYLE_COLOUR ( '', #171 ) ;
#1930 = CARTESIAN_POINT ( 'NONE',  ( -0.4775471727125933374, 2.899999999999999911, -0.6706600648588912916 ) ) ;
#1931 = PRESENTATION_LAYER_ASSIGNMENT (  '', '', ( #476 ) ) ;
#1932 = CARTESIAN_POINT ( 'NONE',  ( -2.399999999999998579, 2.899999999999999911, 2.400000000000000355 ) ) ;
#1933 = ORIENTED_EDGE ( 'NONE', *, *, #2926, .T. ) ;
#1934 = CARTESIAN_POINT ( 'NONE',  ( 2.053553390593268801, -0.2000000000000000111, 1.346446609406726225 ) ) ;
#1935 = CARTESIAN_POINT ( 'NONE',  ( -1.517157287525376264, -0.2000000000000000111, -2.224264068711930609 ) ) ;
#1936 = CARTESIAN_POINT ( 'NONE',  ( 2.053553390593268801, -0.2000000000000000111, 1.346446609406726225 ) ) ;
#1937 = AXIS2_PLACEMENT_3D ( 'NONE', #151, #753, #3736 ) ;
#1938 = VERTEX_POINT ( 'NONE', #4219 ) ;
#1939 = MECHANICAL_DESIGN_GEOMETRIC_PRESENTATION_REPRESENTATION (  '', ( #2636 ), #556 ) ;
#1940 = ADVANCED_FACE ( 'NONE', ( #609 ), #2560, .T. ) ;
#1941 =( NAMED_UNIT ( * ) PLANE_ANGLE_UNIT ( ) SI_UNIT ( $, .RADIAN. ) );
#1942 = MECHANICAL_DESIGN_GEOMETRIC_PRESENTATION_REPRESENTATION (  '', ( #269 ), #1048 ) ;
#1943 = ORIENTED_EDGE ( 'NONE', *, *, #268, .T. ) ;
#1944 = ORIENTED_EDGE ( 'NONE', *, *, #3546, .T. ) ;
#1945 = CARTESIAN_POINT ( 'NONE',  ( 1.367743320245153216, 2.889999999999999680, -0.5448898183800181538 ) ) ;
#1946 = CARTESIAN_POINT ( 'NONE',  ( 0.000000000000000000, 1.899999999999999689, 0.000000000000000000 ) ) ;
#1947 = DIRECTION ( 'NONE',  ( 0.7071067811865462405, -0.000000000000000000, 0.7071067811865489050 ) ) ;
#1948 = STYLED_ITEM ( 'NONE', ( #2710 ), #4013 ) ;
#1949 = SPHERICAL_SURFACE ( 'NONE', #2671, 0.05000000000000000278 ) ;
#1950 = FILL_AREA_STYLE_COLOUR ( '', #1607 ) ;
#1951 = VECTOR ( 'NONE', #1788, 1000.000000000000114 ) ;
#1952 = DIRECTION ( 'NONE',  ( -1.000000000000000000, 0.000000000000000000, 0.000000000000000000 ) ) ;
#1953 = ORIENTED_EDGE ( 'NONE', *, *, #798, .F. ) ;
#1954 = DIRECTION ( 'NONE',  ( -0.7071067811865486830, 0.000000000000000000, 0.7071067811865464625 ) ) ;
#1955 = VECTOR ( 'NONE', #2561, 1000.000000000000000 ) ;
#1956 = CARTESIAN_POINT ( 'NONE',  ( -1.870710678118650216, 0.7499999999999997780, -2.507106781186550393 ) ) ;
#1957 = ORIENTED_EDGE ( 'NONE', *, *, #3121, .F. ) ;
#1958 = SURFACE_SIDE_STYLE ('',( #406 ) ) ;
#1959 = FACE_OUTER_BOUND ( 'NONE', #2456, .T. ) ;
#1960 = EDGE_CURVE ( 'NONE', #375, #2821, #191, .T. ) ;
#1961 = ORIENTED_EDGE ( 'NONE', *, *, #544, .F. ) ;
#1962 = SURFACE_SIDE_STYLE ('',( #635 ) ) ;
#1963 = PLANE ( 'NONE',  #2684 ) ;
#1964 = FILL_AREA_STYLE_COLOUR ( '', #1847 ) ;
#1965 = DIRECTION ( 'NONE',  ( -0.7071067811865462405, 0.000000000000000000, -0.7071067811865489050 ) ) ;
#1966 = FILL_AREA_STYLE_COLOUR ( '', #746 ) ;
#1967 = ORIENTED_EDGE ( 'NONE', *, *, #3753, .F. ) ;
#1968 = EDGE_LOOP ( 'NONE', ( #415, #3055, #4180, #3792, #3194, #1304 ) ) ;
#1969 = DIRECTION ( 'NONE',  ( -1.000000000000000000, 0.000000000000000000, 8.673617379884031528E-16 ) ) ;
#1970 = CARTESIAN_POINT ( 'NONE',  ( -1.835355339059322910, 0.7499999999999997780, -2.542462120245878143 ) ) ;
#1971 = VECTOR ( 'NONE', #2514, 1000.000000000000000 ) ;
#1972 = MECHANICAL_DESIGN_GEOMETRIC_PRESENTATION_REPRESENTATION (  '', ( #3280 ), #2668 ) ;
#1973 = MECHANICAL_DESIGN_GEOMETRIC_PRESENTATION_REPRESENTATION (  '', ( #1284 ), #2741 ) ;
#1974 = DIRECTION ( 'NONE',  ( 0.000000000000000000, 0.000000000000000000, 1.000000000000000000 ) ) ;
#1975 = DIRECTION ( 'NONE',  ( -0.000000000000000000, 1.000000000000000000, -0.000000000000000000 ) ) ;
#1976 = PRESENTATION_STYLE_ASSIGNMENT (( #2699 ) ) ;
#1977 = DIRECTION ( 'NONE',  ( 9.486769009248187463E-16, 1.000000000000000000, -9.486769009248151965E-16 ) ) ;
#1978 = STYLED_ITEM ( 'NONE', ( #624 ), #219 ) ;
#1979 = CIRCLE ( 'NONE', #113, 1.849999999999999867 ) ;
#1980 = VERTEX_POINT ( 'NONE', #1195 ) ;
#1981 = CYLINDRICAL_SURFACE ( 'NONE', #4133, 1.849999999999999867 ) ;
#1982 = PRESENTATION_LAYER_ASSIGNMENT (  '', '', ( #3294 ) ) ;
#1983 = AXIS2_PLACEMENT_3D ( 'NONE', #3260, #332, #1592 ) ;
#1984 = DIRECTION ( 'NONE',  ( -0.7071067811865540120, -0.000000000000000000, 0.7071067811865410224 ) ) ;
#1985 = STYLED_ITEM ( 'NONE', ( #335 ), #2987 ) ;
#1986 = VERTEX_POINT ( 'NONE', #2841 ) ;
#1987 = SURFACE_STYLE_USAGE ( .BOTH. , #2610 ) ;
#1988 = ORIENTED_EDGE ( 'NONE', *, *, #1577, .T. ) ;
#1989 =( NAMED_UNIT ( * ) PLANE_ANGLE_UNIT ( ) SI_UNIT ( $, .RADIAN. ) );
#1990 =( GEOMETRIC_REPRESENTATION_CONTEXT ( 3 ) GLOBAL_UNCERTAINTY_ASSIGNED_CONTEXT ( ( #3470 ) ) GLOBAL_UNIT_ASSIGNED_CONTEXT ( ( #3655, #2960, #3048 ) ) REPRESENTATION_CONTEXT ( 'NONE', 'WORKASPACE' ) );
#1991 = DIRECTION ( 'NONE',  ( -1.000000000000000000, -0.000000000000000000, -0.000000000000000000 ) ) ;
#1992 = ORIENTED_EDGE ( 'NONE', *, *, #3552, .F. ) ;
#1993 = VERTEX_POINT ( 'NONE', #3191 ) ;
#1994 = CARTESIAN_POINT ( 'NONE',  ( 2.188908729652596641, 0.7499999999999998890, 1.481801948466055840 ) ) ;
#1995 = APPLICATION_PROTOCOL_DEFINITION ( 'draft international standard', 'automotive_design', 1998, #2735 ) ;
#1996 = EDGE_CURVE ( 'NONE', #1115, #94, #2859, .T. ) ;
#1997 = LINE ( 'NONE', #641, #3400 ) ;
#1998 = SURFACE_STYLE_FILL_AREA ( #1380 ) ;
#1999 = SURFACE_STYLE_USAGE ( .BOTH. , #3644 ) ;
#2000 = DIRECTION ( 'NONE',  ( 0.000000000000000000, 0.000000000000000000, 1.000000000000000000 ) ) ;
#2001 = ORIENTED_EDGE ( 'NONE', *, *, #4183, .F. ) ;
#2002 = AXIS2_PLACEMENT_3D ( 'NONE', #3346, #1354, #1974 ) ;
#2003 = CYLINDRICAL_SURFACE ( 'NONE', #3037, 0.05000000000000007216 ) ;
#2004 = DIRECTION ( 'NONE',  ( 0.000000000000000000, 0.000000000000000000, 1.000000000000000000 ) ) ;
#2005 =( GEOMETRIC_REPRESENTATION_CONTEXT ( 3 ) GLOBAL_UNCERTAINTY_ASSIGNED_CONTEXT ( ( #488 ) ) GLOBAL_UNIT_ASSIGNED_CONTEXT ( ( #3252, #977, #3648 ) ) REPRESENTATION_CONTEXT ( 'NONE', 'WORKASPACE' ) );
#2006 = AXIS2_PLACEMENT_3D ( 'NONE', #907, #3170, #1221 ) ;
#2007 = FACE_OUTER_BOUND ( 'NONE', #3286, .T. ) ;
#2008 = CARTESIAN_POINT ( 'NONE',  ( -2.400000000000000355, 2.899999999999999911, -2.399999999999999911 ) ) ;
#2009 = ORIENTED_EDGE ( 'NONE', *, *, #2358, .T. ) ;
#2010 = LINE ( 'NONE', #2905, #3004 ) ;
#2011 = DIRECTION ( 'NONE',  ( 0.000000000000000000, 1.000000000000000000, 0.000000000000000000 ) ) ;
#2012 = DIRECTION ( 'NONE',  ( 1.000000000000000000, 0.000000000000000000, 0.000000000000000000 ) ) ;
#2013 = UNCERTAINTY_MEASURE_WITH_UNIT (LENGTH_MEASURE( 1.000000000000000082E-05 ), #444, 'distance_accuracy_value', 'NONE');
#2014 = SURFACE_STYLE_FILL_AREA ( #3631 ) ;
#2015 = STYLED_ITEM ( 'NONE', ( #2954 ), #8 ) ;
#2016 = SURFACE_STYLE_USAGE ( .BOTH. , #4228 ) ;
#2017 =( NAMED_UNIT ( * ) PLANE_ANGLE_UNIT ( ) SI_UNIT ( $, .RADIAN. ) );
#2018 = ORIENTED_EDGE ( 'NONE', *, *, #1783, .F. ) ;
#2020 = VERTEX_POINT ( 'NONE', #3579 ) ;
#2019 = PRESENTATION_LAYER_ASSIGNMENT (  '', '', ( #1398 ) ) ;
#2021 = SURFACE_STYLE_USAGE ( .BOTH. , #1327 ) ;
#2022 = EDGE_CURVE ( 'NONE', #1082, #4222, #3229, .T. ) ;
#2023 =( LENGTH_UNIT ( ) NAMED_UNIT ( * ) SI_UNIT ( .MILLI., .METRE. ) );
#2024 = PLANE ( 'NONE',  #3639 ) ;
#2025 = LINE ( 'NONE', #622, #3176 ) ;
#2026 = CARTESIAN_POINT ( 'NONE',  ( 2.507106781186543287, 0.7499999999999997780, 1.870710678118657988 ) ) ;
#2027 = VECTOR ( 'NONE', #2730, 1000.000000000000000 ) ;
#2028 = SURFACE_STYLE_USAGE ( .BOTH. , #3966 ) ;
#2029 =( NAMED_UNIT ( * ) SI_UNIT ( $, .STERADIAN. ) SOLID_ANGLE_UNIT ( ) );
#2030 = EDGE_CURVE ( 'NONE', #4157, #709, #2211, .T. ) ;
#2031 = ORIENTED_EDGE ( 'NONE', *, *, #3873, .F. ) ;
#2032 = DIRECTION ( 'NONE',  ( -3.431468728516636758E-16, 0.000000000000000000, -1.000000000000000000 ) ) ;
#2033 = DIRECTION ( 'NONE',  ( -0.7071067811865486830, 0.000000000000000000, 0.7071067811865464625 ) ) ;
#2034 = COLOUR_RGB ( '',0.8000000000000000444, 0.8078431372549019773, 0.8000000000000000444 ) ;
#2035 = LINE ( 'NONE', #3356, #1816 ) ;
#2036 = FILL_AREA_STYLE ('',( #4001 ) ) ;
#2037 = EDGE_LOOP ( 'NONE', ( #887, #3553, #1527, #3264 ) ) ;
#2038 = COLOUR_RGB ( '',0.8000000000000000444, 0.8078431372549019773, 0.8000000000000000444 ) ;
#2039 = FACE_OUTER_BOUND ( 'NONE', #1312, .T. ) ;
#2040 =( NAMED_UNIT ( * ) SI_UNIT ( $, .STERADIAN. ) SOLID_ANGLE_UNIT ( ) );
#2041 = ADVANCED_FACE ( 'NONE', ( #235 ), #2276, .T. ) ;
#2042 = SURFACE_STYLE_FILL_AREA ( #2770 ) ;
#2043 = DIRECTION ( 'NONE',  ( 0.000000000000000000, 0.000000000000000000, -1.000000000000000000 ) ) ;
#2044 = VECTOR ( 'NONE', #4156, 999.9999999999998863 ) ;
#2045 = CARTESIAN_POINT ( 'NONE',  ( -2.399999999999999911, 0.000000000000000000, -1.200000000000001066 ) ) ;
#2046 = DIRECTION ( 'NONE',  ( 0.000000000000000000, 0.000000000000000000, -1.000000000000000000 ) ) ;
#2047 = ORIENTED_EDGE ( 'NONE', *, *, #2531, .F. ) ;
#2048 = ORIENTED_EDGE ( 'NONE', *, *, #456, .F. ) ;
#2049 = EDGE_CURVE ( 'NONE', #3032, #2597, #52, .T. ) ;
#2050 =( LENGTH_UNIT ( ) NAMED_UNIT ( * ) SI_UNIT ( .MILLI., .METRE. ) );
#2051 = FACE_OUTER_BOUND ( 'NONE', #3257, .T. ) ;
#2052 =( NAMED_UNIT ( * ) PLANE_ANGLE_UNIT ( ) SI_UNIT ( $, .RADIAN. ) );
#2053 = DIRECTION ( 'NONE',  ( 1.000000000000000000, 0.000000000000000000, 0.000000000000000000 ) ) ;
#2054 = ADVANCED_FACE ( 'NONE', ( #1385 ), #3673, .T. ) ;
#2055 = DIRECTION ( 'NONE',  ( -0.000000000000000000, 0.000000000000000000, 1.000000000000000000 ) ) ;
#2056 = CARTESIAN_POINT ( 'NONE',  ( -1.099999999999994982, 0.000000000000000000, 2.300000000000000266 ) ) ;
#2057 = STYLED_ITEM ( 'NONE', ( #3256 ), #2798 ) ;
#2058 = ORIENTED_EDGE ( 'NONE', *, *, #2205, .T. ) ;
#2059 = SURFACE_STYLE_FILL_AREA ( #1007 ) ;
#2060 = EDGE_CURVE ( 'NONE', #4115, #3973, #350, .T. ) ;
#2061 = ORIENTED_EDGE ( 'NONE', *, *, #2682, .T. ) ;
#2062 = CARTESIAN_POINT ( 'NONE',  ( -1.870710678118649994, 0.7499999999999998890, -2.507106781186550837 ) ) ;
#2063 = ORIENTED_EDGE ( 'NONE', *, *, #1960, .T. ) ;
#2064 = COLOUR_RGB ( '',0.1921568627450980227, 0.2039215686274509776, 0.2039215686274509776 ) ;
#2065 = LINE ( 'NONE', #3699, #656 ) ;
#2066 = FILL_AREA_STYLE ('',( #55 ) ) ;
#2067 = CIRCLE ( 'NONE', #3495, 0.05000000000000007216 ) ;
#2068 = UNCERTAINTY_MEASURE_WITH_UNIT (LENGTH_MEASURE( 1.000000000000000082E-05 ), #3230, 'distance_accuracy_value', 'NONE');
#2069 = DIRECTION ( 'NONE',  ( 0.7071067811865462405, 0.000000000000000000, 0.7071067811865487940 ) ) ;
#2070 =( NAMED_UNIT ( * ) PLANE_ANGLE_UNIT ( ) SI_UNIT ( $, .RADIAN. ) );
#2071 = LINE ( 'NONE', #59, #1433 ) ;
#2072 = CIRCLE ( 'NONE', #1719, 0.05000000000000012768 ) ;
#2073 = ORIENTED_EDGE ( 'NONE', *, *, #2982, .F. ) ;
#2074 = ORIENTED_EDGE ( 'NONE', *, *, #869, .F. ) ;
#2075 = DIRECTION ( 'NONE',  ( -0.000000000000000000, 1.000000000000000000, -0.000000000000000000 ) ) ;
#2076 = CIRCLE ( 'NONE', #1157, 0.05000000000000007216 ) ;
#2077 = CARTESIAN_POINT ( 'NONE',  ( 2.299999999999998934, -0.2000000000000000111, 1.099999999999994316 ) ) ;
#2078 =( LENGTH_UNIT ( ) NAMED_UNIT ( * ) SI_UNIT ( .MILLI., .METRE. ) );
#2079 = PRESENTATION_STYLE_ASSIGNMENT (( #1129 ) ) ;
#2080 = EDGE_LOOP ( 'NONE', ( #3624, #54 ) ) ;
#2081 = PLANE ( 'NONE',  #477 ) ;
#2082 = FILL_AREA_STYLE ('',( #1158 ) ) ;
#2083 = ORIENTED_EDGE ( 'NONE', *, *, #101, .F. ) ;
#2084 = SURFACE_STYLE_USAGE ( .BOTH. , #1388 ) ;
#2085 = COLOUR_RGB ( '',0.8000000000000000444, 0.8078431372549019773, 0.8000000000000000444 ) ;
#2086 = AXIS2_PLACEMENT_3D ( 'NONE', #3080, #1154, #459 ) ;
#2087 =( NAMED_UNIT ( * ) PLANE_ANGLE_UNIT ( ) SI_UNIT ( $, .RADIAN. ) );
#2088 = SURFACE_STYLE_USAGE ( .BOTH. , #80 ) ;
#2089 = ORIENTED_EDGE ( 'NONE', *, *, #3606, .F. ) ;
#2090 = EDGE_CURVE ( 'NONE', #2167, #1980, #381, .T. ) ;
#2091 = ORIENTED_EDGE ( 'NONE', *, *, #2210, .T. ) ;
#2092 = EDGE_CURVE ( 'NONE', #4209, #3354, #630, .T. ) ;
#2093 = CARTESIAN_POINT ( 'NONE',  ( 1.999999999999999112, 2.899999999999999911, -1.999999999999999556 ) ) ;
#2094 = DIRECTION ( 'NONE',  ( 0.7071067811865462405, 0.000000000000000000, 0.7071067811865487940 ) ) ;
#2095 = FILL_AREA_STYLE ('',( #1475 ) ) ;
#2096 =( NAMED_UNIT ( * ) PLANE_ANGLE_UNIT ( ) SI_UNIT ( $, .RADIAN. ) );
#2097 = MECHANICAL_DESIGN_GEOMETRIC_PRESENTATION_REPRESENTATION (  '', ( #1673 ), #2837 ) ;
#2098 = DIRECTION ( 'NONE',  ( 0.000000000000000000, -2.168404344971012812E-15, -1.000000000000000000 ) ) ;
#2099 = SURFACE_SIDE_STYLE ('',( #3695 ) ) ;
#2100 = EDGE_CURVE ( 'NONE', #1903, #2460, #1734, .T. ) ;
#2101 = ADVANCED_FACE ( 'NONE', ( #3042 ), #3972, .T. ) ;
#2102 = PRESENTATION_STYLE_ASSIGNMENT (( #3102 ) ) ;
#2103 = EDGE_LOOP ( 'NONE', ( #1289, #1231, #2214, #3647 ) ) ;
#2104 = LINE ( 'NONE', #1113, #2389 ) ;
#2105 = UNCERTAINTY_MEASURE_WITH_UNIT (LENGTH_MEASURE( 1.000000000000000082E-05 ), #1759, 'distance_accuracy_value', 'NONE');
#2106 = EDGE_CURVE ( 'NONE', #3041, #1073, #980, .T. ) ;
#2107 = CARTESIAN_POINT ( 'NONE',  ( -0.6000000000000085265, 2.899999999999999911, 4.199999999999997513 ) ) ;
#2108 = ORIENTED_EDGE ( 'NONE', *, *, #3106, .F. ) ;
#2109 = ORIENTED_EDGE ( 'NONE', *, *, #2626, .F. ) ;
#2110 = CARTESIAN_POINT ( 'NONE',  ( 1.517157287525375375, 0.7999999999999999334, 2.224264068711929720 ) ) ;
#2111 =( LENGTH_UNIT ( ) NAMED_UNIT ( * ) SI_UNIT ( .MILLI., .METRE. ) );
#2112 = LINE ( 'NONE', #4058, #1085 ) ;
#2113 = COLOUR_RGB ( '',1.000000000000000000, 1.000000000000000000, 1.000000000000000000 ) ;
#2114 = AXIS2_PLACEMENT_3D ( 'NONE', #1225, #3460, #4204 ) ;
#2115 = FILL_AREA_STYLE ('',( #1824 ) ) ;
#2116 = PRESENTATION_LAYER_ASSIGNMENT (  '', '', ( #2455 ) ) ;
#2117 = EDGE_LOOP ( 'NONE', ( #1692, #3852, #3566, #3208 ) ) ;
#2118 = SURFACE_SIDE_STYLE ('',( #3676 ) ) ;
#2119 = AXIS2_PLACEMENT_3D ( 'NONE', #3679, #3283, #989 ) ;
#2120 = DIRECTION ( 'NONE',  ( -0.000000000000000000, 1.000000000000000000, -0.000000000000000000 ) ) ;
#2121 = ORIENTED_EDGE ( 'NONE', *, *, #2489, .F. ) ;
#2122 = COLOUR_RGB ( '',0.8000000000000000444, 0.8078431372549019773, 0.8000000000000000444 ) ;
#2123 = CARTESIAN_POINT ( 'NONE',  ( 1.346446609406722672, -0.2000000000000000111, 2.053553390593276351 ) ) ;
#2124 = MECHANICAL_DESIGN_GEOMETRIC_PRESENTATION_REPRESENTATION (  '', ( #2330 ), #3221 ) ;
#2125 = CARTESIAN_POINT ( 'NONE',  ( -2.507106781186543731, 0.7999999999999998224, -1.870710678118658876 ) ) ;
#2126 = FILL_AREA_STYLE_COLOUR ( '', #2480 ) ;
#2127 = LINE ( 'NONE', #781, #150 ) ;
#2128 = ORIENTED_EDGE ( 'NONE', *, *, #1334, .F. ) ;
#2129 = UNCERTAINTY_MEASURE_WITH_UNIT (LENGTH_MEASURE( 1.000000000000000082E-05 ), #3383, 'distance_accuracy_value', 'NONE');
#2130 = FILL_AREA_STYLE ('',( #1223 ) ) ;
#2131 = ORIENTED_EDGE ( 'NONE', *, *, #2988, .T. ) ;
#2132 = DIRECTION ( 'NONE',  ( -0.000000000000000000, 1.000000000000000000, -0.000000000000000000 ) ) ;
#2133 = FILL_AREA_STYLE ('',( #511 ) ) ;
#2134 = DIRECTION ( 'NONE',  ( -0.7071067811865489050, -1.341631739597953049E-15, 0.7071067811865462405 ) ) ;
#2135 = STYLED_ITEM ( 'NONE', ( #2244 ), #1904 ) ;
#2136 = LINE ( 'NONE', #3463, #3321 ) ;
#2137 = ADVANCED_FACE ( 'NONE', ( #503 ), #3772, .F. ) ;
#2138 = ORIENTED_EDGE ( 'NONE', *, *, #89, .T. ) ;
#2139 = FACE_OUTER_BOUND ( 'NONE', #1662, .T. ) ;
#2140 = DIRECTION ( 'NONE',  ( 0.7071067811865475727, -6.133173666733493791E-15, -0.7071067811865475727 ) ) ;
#2141 = COLOUR_RGB ( '',0.8000000000000000444, 0.8078431372549019773, 0.8000000000000000444 ) ;
#2142 = ADVANCED_FACE ( 'NONE', ( #3721 ), #1768, .F. ) ;
#2143 = SURFACE_STYLE_USAGE ( .BOTH. , #1499 ) ;
#2144 = ORIENTED_EDGE ( 'NONE', *, *, #813, .F. ) ;
#2145 = DIRECTION ( 'NONE',  ( -0.4132170265578689605, 0.000000000000000000, 0.9106325762691961367 ) ) ;
#2146 = FACE_OUTER_BOUND ( 'NONE', #1050, .T. ) ;
#2147 = PRESENTATION_LAYER_ASSIGNMENT (  '', '', ( #1948 ) ) ;
#2148 = SURFACE_STYLE_USAGE ( .BOTH. , #2788 ) ;
#2149 = ORIENTED_EDGE ( 'NONE', *, *, #2022, .F. ) ;
#2150 = COLOUR_RGB ( '',0.8000000000000000444, 0.8078431372549019773, 0.8000000000000000444 ) ;
#2151 = FACE_OUTER_BOUND ( 'NONE', #2831, .T. ) ;
#2152 = CARTESIAN_POINT ( 'NONE',  ( 1.199999999999994849, 2.899999999999999911, 2.400000000000000355 ) ) ;
#2153 = ORIENTED_EDGE ( 'NONE', *, *, #36, .T. ) ;
#2154 = ADVANCED_FACE ( 'NONE', ( #1420 ), #766, .T. ) ;
#2155 = VERTEX_POINT ( 'NONE', #1238 ) ;
#2156 = DIRECTION ( 'NONE',  ( 0.000000000000000000, 0.000000000000000000, -1.000000000000000000 ) ) ;
#2157 = SURFACE_SIDE_STYLE ('',( #920 ) ) ;
#2158 = CARTESIAN_POINT ( 'NONE',  ( 1.870710678118649106, 0.7499999999999998890, 2.507106781186550393 ) ) ;
#2159 = EDGE_CURVE ( 'NONE', #1615, #967, #272, .T. ) ;
#2160 = SURFACE_STYLE_FILL_AREA ( #2206 ) ;
#2161 = ORIENTED_EDGE ( 'NONE', *, *, #1397, .T. ) ;
#2162 = DIRECTION ( 'NONE',  ( 0.000000000000000000, 1.000000000000000000, 0.000000000000000000 ) ) ;
#2163 = EDGE_CURVE ( 'NONE', #1061, #611, #232, .T. ) ;
#2164 = VECTOR ( 'NONE', #3408, 1000.000000000000227 ) ;
#2165 = COLOUR_RGB ( '',0.8000000000000000444, 0.8078431372549019773, 0.8000000000000000444 ) ;
#2166 = CARTESIAN_POINT ( 'NONE',  ( 0.4942838132028996578, 2.889999999999999680, -0.5016459803518490412 ) ) ;
#2167 = VERTEX_POINT ( 'NONE', #3878 ) ;
#2168 = PRESENTATION_LAYER_ASSIGNMENT (  '', '', ( #1286 ) ) ;
#2169 = UNCERTAINTY_MEASURE_WITH_UNIT (LENGTH_MEASURE( 1.000000000000000082E-05 ), #1026, 'distance_accuracy_value', 'NONE');
#2170 = FILL_AREA_STYLE_COLOUR ( '', #3162 ) ;
#2171 = AXIS2_PLACEMENT_3D ( 'NONE', #4004, #2437, #122 ) ;
#2172 = PLANE ( 'NONE',  #3435 ) ;
#2173 = DIRECTION ( 'NONE',  ( 5.782411586589351722E-16, -0.000000000000000000, -1.000000000000000000 ) ) ;
#2174 = PRESENTATION_LAYER_ASSIGNMENT (  '', '', ( #3712 ) ) ;
#2175 = VERTEX_POINT ( 'NONE', #3207 ) ;
#2176 = COLOUR_RGB ( '',0.8000000000000000444, 0.8078431372549019773, 0.8000000000000000444 ) ;
#2177 = COLOUR_RGB ( '',1.000000000000000000, 1.000000000000000000, 1.000000000000000000 ) ;
#2178 = FILL_AREA_STYLE_COLOUR ( '', #1544 ) ;
#2179 = VECTOR ( 'NONE', #3365, 1000.000000000000114 ) ;
#2180 = STYLED_ITEM ( 'NONE', ( #2942 ), #3789 ) ;
#2181 = COLOUR_RGB ( '',0.8000000000000000444, 0.8078431372549019773, 0.8000000000000000444 ) ;
#2182 = VECTOR ( 'NONE', #2283, 1000.000000000000000 ) ;
#2183 = CARTESIAN_POINT ( 'NONE',  ( 2.299999999999998934, 0.000000000000000000, 1.099999999999994760 ) ) ;
#2184 = FACE_OUTER_BOUND ( 'NONE', #768, .T. ) ;
#2185 = ORIENTED_EDGE ( 'NONE', *, *, #1219, .T. ) ;
#2186 =( LENGTH_UNIT ( ) NAMED_UNIT ( * ) SI_UNIT ( .MILLI., .METRE. ) );
#2187 = SURFACE_SIDE_STYLE ('',( #2586 ) ) ;
#2188 = SURFACE_STYLE_FILL_AREA ( #871 ) ;
#2189 = DIRECTION ( 'NONE',  ( 0.7071067811865470176, -0.000000000000000000, 0.7071067811865479058 ) ) ;
#2190 = VERTEX_POINT ( 'NONE', #3551 ) ;
#2191 = DIRECTION ( 'NONE',  ( -0.7071067811865496822, 0.000000000000000000, 0.7071067811865453523 ) ) ;
#2192 = CARTESIAN_POINT ( 'NONE',  ( -2.400000000000000355, 2.899999999999999911, -2.399999999999999911 ) ) ;
#2193 = DIRECTION ( 'NONE',  ( 0.7071067811865462405, 0.000000000000000000, 0.7071067811865489050 ) ) ;
#2194 = EDGE_CURVE ( 'NONE', #3425, #3788, #2887, .T. ) ;
#2195 = EDGE_LOOP ( 'NONE', ( #202, #2493, #347, #2131 ) ) ;
#2196 = FILL_AREA_STYLE_COLOUR ( '', #2791 ) ;
#2197 = ORIENTED_EDGE ( 'NONE', *, *, #3098, .T. ) ;
#2198 = VECTOR ( 'NONE', #2867, 1000.000000000000227 ) ;
#2199 = PRESENTATION_LAYER_ASSIGNMENT (  '', '', ( #2135 ) ) ;
#2200 = ADVANCED_FACE ( 'NONE', ( #2184 ), #2557, .T. ) ;
#2201 = CARTESIAN_POINT ( 'NONE',  ( 1.446446609406720762, -5.685945951914587818E-17, 2.153553390593275108 ) ) ;
#2202 = FACE_OUTER_BOUND ( 'NONE', #3774, .T. ) ;
#2203 = UNCERTAINTY_MEASURE_WITH_UNIT (LENGTH_MEASURE( 1.000000000000000082E-05 ), #2023, 'distance_accuracy_value', 'NONE');
#2204 = ADVANCED_FACE ( 'NONE', ( #2492 ), #2865, .F. ) ;
#2205 = EDGE_CURVE ( 'NONE', #3788, #1938, #3248, .T. ) ;
#2206 = FILL_AREA_STYLE ('',( #2839 ) ) ;
#2207 = ORIENTED_EDGE ( 'NONE', *, *, #3719, .F. ) ;
#2208 = EDGE_CURVE ( 'NONE', #480, #967, #4236, .T. ) ;
#2209 = LINE ( 'NONE', #3209, #794 ) ;
#2210 = EDGE_CURVE ( 'NONE', #162, #1685, #199, .T. ) ;
#2211 = LINE ( 'NONE', #3833, #2704 ) ;
#2212 = DIRECTION ( 'NONE',  ( 0.000000000000000000, 1.000000000000000000, 0.000000000000000000 ) ) ;
#2213 = SURFACE_STYLE_USAGE ( .BOTH. , #3493 ) ;
#2214 = ORIENTED_EDGE ( 'NONE', *, *, #4192, .T. ) ;
#2215 = FILL_AREA_STYLE ('',( #617 ) ) ;
#2216 =( GEOMETRIC_REPRESENTATION_CONTEXT ( 3 ) GLOBAL_UNCERTAINTY_ASSIGNED_CONTEXT ( ( #4125 ) ) GLOBAL_UNIT_ASSIGNED_CONTEXT ( ( #340, #3288, #364 ) ) REPRESENTATION_CONTEXT ( 'NONE', 'WORKASPACE' ) );
#2217 = ORIENTED_EDGE ( 'NONE', *, *, #3118, .T. ) ;
#2218 = CARTESIAN_POINT ( 'NONE',  ( 2.542462120245870150, 0.6999999999999997335, 1.906066017177985739 ) ) ;
#2219 = VECTOR ( 'NONE', #3696, 1000.000000000000000 ) ;
#2220 = STYLED_ITEM ( 'NONE', ( #1976 ), #316 ) ;
#2221 = SURFACE_SIDE_STYLE ('',( #2554 ) ) ;
#2222 = VECTOR ( 'NONE', #2504, 999.9999999999998863 ) ;
#2223 = UNCERTAINTY_MEASURE_WITH_UNIT (LENGTH_MEASURE( 1.000000000000000082E-05 ), #2648, 'distance_accuracy_value', 'NONE');
#2224 =( GEOMETRIC_REPRESENTATION_CONTEXT ( 3 ) GLOBAL_UNCERTAINTY_ASSIGNED_CONTEXT ( ( #914 ) ) GLOBAL_UNIT_ASSIGNED_CONTEXT ( ( #2515, #1852, #506 ) ) REPRESENTATION_CONTEXT ( 'NONE', 'WORKASPACE' ) );
#2225 = SURFACE_STYLE_USAGE ( .BOTH. , #1214 ) ;
#2226 = DIRECTION ( 'NONE',  ( -0.000000000000000000, 1.000000000000000000, -0.000000000000000000 ) ) ;
#2227 = ORIENTED_EDGE ( 'NONE', *, *, #3868, .F. ) ;
#2228 = FACE_OUTER_BOUND ( 'NONE', #486, .T. ) ;
#2229 = DIRECTION ( 'NONE',  ( 0.000000000000000000, -1.000000000000000000, 0.000000000000000000 ) ) ;
#2230 = CARTESIAN_POINT ( 'NONE',  ( 0.000000000000000000, 2.899999999999999911, 0.000000000000000000 ) ) ;
#2231 = ORIENTED_EDGE ( 'NONE', *, *, #3177, .T. ) ;
#2232 = PRESENTATION_LAYER_ASSIGNMENT (  '', '', ( #445 ) ) ;
#2233 = FILL_AREA_STYLE ('',( #3975 ) ) ;
#2234 = CARTESIAN_POINT ( 'NONE',  ( -1.446446609406721651, 0.7999999999999999334, -2.153553390593275996 ) ) ;
#2235 = PRODUCT ( 'MSS5131', 'MSS5131', '', ( #1352 ) ) ;
#2236 = SURFACE_SIDE_STYLE ('',( #913 ) ) ;
#2237 = LINE ( 'NONE', #4226, #3723 ) ;
#2238 = CARTESIAN_POINT ( 'NONE',  ( 0.000000000000000000, 1.899999999999999689, 2.350000000000000089 ) ) ;
#2239 = PLANE ( 'NONE',  #868 ) ;
#2240 = VECTOR ( 'NONE', #772, 1000.000000000000000 ) ;
#2241 = EDGE_LOOP ( 'NONE', ( #1207, #1757, #1480, #324 ) ) ;
#2242 = CARTESIAN_POINT ( 'NONE',  ( 1.168359517428251726, 2.889999999999999680, -0.5016459803518490412 ) ) ;
#2243 = CARTESIAN_POINT ( 'NONE',  ( -2.400000000000000355, 2.899999999999999911, -1.200000000000000178 ) ) ;
#2244 = PRESENTATION_STYLE_ASSIGNMENT (( #248 ) ) ;
#2245 = SPHERICAL_SURFACE ( 'NONE', #2647, 0.05000000000000000278 ) ;
#2246 = AXIS2_PLACEMENT_3D ( 'NONE', #1725, #64, #4033 ) ;
#2247 =( NAMED_UNIT ( * ) SI_UNIT ( $, .STERADIAN. ) SOLID_ANGLE_UNIT ( ) );
#2248 = VECTOR ( 'NONE', #2033, 1000.000000000000000 ) ;
#2249 = SURFACE_SIDE_STYLE ('',( #2160 ) ) ;
#2250 =( GEOMETRIC_REPRESENTATION_CONTEXT ( 3 ) GLOBAL_UNCERTAINTY_ASSIGNED_CONTEXT ( ( #2440 ) ) GLOBAL_UNIT_ASSIGNED_CONTEXT ( ( #322, #3014, #3965 ) ) REPRESENTATION_CONTEXT ( 'NONE', 'WORKASPACE' ) );
#2251 = EDGE_LOOP ( 'NONE', ( #2018, #3797, #3358, #2900 ) ) ;
#2252 = CARTESIAN_POINT ( 'NONE',  ( -2.299999999999998490, -0.2000000000000000111, 2.300000000000000266 ) ) ;
#2253 =( GEOMETRIC_REPRESENTATION_CONTEXT ( 3 ) GLOBAL_UNCERTAINTY_ASSIGNED_CONTEXT ( ( #4119 ) ) GLOBAL_UNIT_ASSIGNED_CONTEXT ( ( #3195, #3180, #1300 ) ) REPRESENTATION_CONTEXT ( 'NONE', 'WORKASPACE' ) );
#2254 = CARTESIAN_POINT ( 'NONE',  ( -2.299999999999998490, 0.000000000000000000, 2.300000000000000266 ) ) ;
#2255 = CARTESIAN_POINT ( 'NONE',  ( -2.198410869542053003, 0.6999999999999996225, -1.543010486695255867 ) ) ;
#2256 = CARTESIAN_POINT ( 'NONE',  ( 1.870710678118649106, 0.7499999999999997780, 2.507106781186550393 ) ) ;
#2257 = EDGE_LOOP ( 'NONE', ( #3093, #2516, #254, #1781 ) ) ;
#2258 = SURFACE_STYLE_FILL_AREA ( #3278 ) ;
#2259 = DIRECTION ( 'NONE',  ( -1.000000000000000000, 0.000000000000000000, 1.807003620809173646E-16 ) ) ;
#2260 = UNCERTAINTY_MEASURE_WITH_UNIT (LENGTH_MEASURE( 1.000000000000000082E-05 ), #2992, 'distance_accuracy_value', 'NONE');
#2261 = PRESENTATION_STYLE_ASSIGNMENT (( #3931 ) ) ;
#2262 = ORIENTED_EDGE ( 'NONE', *, *, #1764, .T. ) ;
#2263 = ORIENTED_EDGE ( 'NONE', *, *, #1646, .F. ) ;
#2264 = CARTESIAN_POINT ( 'NONE',  ( -1.517157287525376264, -6.009968850885412032E-17, -2.224264068711930609 ) ) ;
#2265 = CARTESIAN_POINT ( 'NONE',  ( 0.3959123343296602204, 2.889999999999999680, -0.6706600648588912916 ) ) ;
#2266 = DIRECTION ( 'NONE',  ( -0.000000000000000000, 1.000000000000000000, -0.000000000000000000 ) ) ;
#2267 = SURFACE_STYLE_USAGE ( .BOTH. , #1823 ) ;
#2268 = FILL_AREA_STYLE ('',( #1697 ) ) ;
#2269 = DIRECTION ( 'NONE',  ( 0.000000000000000000, 0.000000000000000000, 1.000000000000000000 ) ) ;
#2270 = AXIS2_PLACEMENT_3D ( 'NONE', #951, #1726, #972 ) ;
#2271 = ADVANCED_FACE ( 'NONE', ( #565 ), #186, .F. ) ;
#2272 = DIRECTION ( 'NONE',  ( -0.000000000000000000, 1.000000000000000000, -0.000000000000000000 ) ) ;
#2273 = EDGE_LOOP ( 'NONE', ( #3424, #2888, #3167 ) ) ;
#2274 = DIRECTION ( 'NONE',  ( -1.734723475976806108E-15, 0.000000000000000000, -1.000000000000000000 ) ) ;
#2275 = CARTESIAN_POINT ( 'NONE',  ( -0.3986519262337201441, 2.899999999999999911, 0.8082131745777283438 ) ) ;
#2276 = PLANE ( 'NONE',  #132 ) ;
#2277 = COLOUR_RGB ( '',0.1921568627450980227, 0.2039215686274509776, 0.2039215686274509776 ) ;
#2278 = FILL_AREA_STYLE ('',( #2956 ) ) ;
#2279 = ORIENTED_EDGE ( 'NONE', *, *, #788, .F. ) ;
#2280 = LINE ( 'NONE', #3604, #3206 ) ;
#2281 = AXIS2_PLACEMENT_3D ( 'NONE', #3666, #3302, #702 ) ;
#2282 = DIRECTION ( 'NONE',  ( 1.807003620809173646E-16, 0.000000000000000000, 1.000000000000000000 ) ) ;
#2283 = DIRECTION ( 'NONE',  ( -1.000000000000000000, 0.000000000000000000, 0.000000000000000000 ) ) ;
#2284 = COLOUR_RGB ( '',1.000000000000000000, 1.000000000000000000, 1.000000000000000000 ) ;
#2285 = ORIENTED_EDGE ( 'NONE', *, *, #2988, .F. ) ;
#2286 = EDGE_LOOP ( 'NONE', ( #3005, #694, #3945, #1133, #1367 ) ) ;
#2287 = FILL_AREA_STYLE ('',( #970 ) ) ;
#2288 = PRESENTATION_STYLE_ASSIGNMENT (( #2267 ) ) ;
#2289 = DIRECTION ( 'NONE',  ( 0.000000000000000000, 0.000000000000000000, 1.000000000000000000 ) ) ;
#2290 = CARTESIAN_POINT ( 'NONE',  ( 0.7537468413719138338, 2.899999999999999911, 0.8082131745777283438 ) ) ;
#2291 = FILL_AREA_STYLE ('',( #2971 ) ) ;
#2292 = ORIENTED_EDGE ( 'NONE', *, *, #2049, .F. ) ;
#2293 = SURFACE_SIDE_STYLE ('',( #3554 ) ) ;
#2294 = COLOUR_RGB ( '',0.1921568627450980227, 0.2039215686274509776, 0.2039215686274509776 ) ;
#2295 = DIRECTION ( 'NONE',  ( 0.7071067811865496822, 0.000000000000000000, 0.7071067811865453523 ) ) ;
#2296 = SURFACE_SIDE_STYLE ('',( #3330 ) ) ;
#2297 =( LENGTH_UNIT ( ) NAMED_UNIT ( * ) SI_UNIT ( .MILLI., .METRE. ) );
#2298 =( NAMED_UNIT ( * ) PLANE_ANGLE_UNIT ( ) SI_UNIT ( $, .RADIAN. ) );
#2299 = ORIENTED_EDGE ( 'NONE', *, *, #1637, .F. ) ;
#2300 = ADVANCED_FACE ( 'NONE', ( #3996 ), #1729, .F. ) ;
#2301 = CARTESIAN_POINT ( 'NONE',  ( 1.870710678118649106, 0.7499999999999997780, 2.507106781186550393 ) ) ;
#2302 = CARTESIAN_POINT ( 'NONE',  ( -2.507106781186544175, 0.7499999999999997780, -1.870710678118658876 ) ) ;
#2303 = DIRECTION ( 'NONE',  ( 0.000000000000000000, 1.000000000000000000, 0.000000000000000000 ) ) ;
#2304 =( LENGTH_UNIT ( ) NAMED_UNIT ( * ) SI_UNIT ( .MILLI., .METRE. ) );
#2305 = STYLED_ITEM ( 'NONE', ( #1908 ), #416 ) ;
#2306 = CARTESIAN_POINT ( 'NONE',  ( 1.999999999999999112, 2.899999999999999911, -2.399999999999999911 ) ) ;
#2307 =( GEOMETRIC_REPRESENTATION_CONTEXT ( 3 ) GLOBAL_UNCERTAINTY_ASSIGNED_CONTEXT ( ( #963 ) ) GLOBAL_UNIT_ASSIGNED_CONTEXT ( ( #3909, #1611, #3582 ) ) REPRESENTATION_CONTEXT ( 'NONE', 'WORKASPACE' ) );
#2308 = EDGE_LOOP ( 'NONE', ( #945, #1771, #3250, #1917 ) ) ;
#2309 = ORIENTED_EDGE ( 'NONE', *, *, #4076, .F. ) ;
#2310 = PRESENTATION_STYLE_ASSIGNMENT (( #2938 ) ) ;
#2311 = CARTESIAN_POINT ( 'NONE',  ( 2.299999999999998934, -0.2000000000000000111, -2.299999999999999822 ) ) ;
#2312 = STYLED_ITEM ( 'NONE', ( #1566 ), #2790 ) ;
#2313 = VECTOR ( 'NONE', #106, 1000.000000000000000 ) ;
#2314 = VECTOR ( 'NONE', #3605, 1000.000000000000000 ) ;
#2315 = COLOUR_RGB ( '',0.8000000000000000444, 0.8078431372549019773, 0.8000000000000000444 ) ;
#2316 = CARTESIAN_POINT ( 'NONE',  ( 1.099999999999994538, -0.2000000000000000111, -2.299999999999999822 ) ) ;
#2317 = DIRECTION ( 'NONE',  ( -1.000000000000000000, 9.486769009248177603E-16, 0.000000000000000000 ) ) ;
#2318 = PRESENTATION_LAYER_ASSIGNMENT (  '', '', ( #3634 ) ) ;
#2319 = CARTESIAN_POINT ( 'NONE',  ( -1.870710678118649994, 0.7499999999999997780, -2.507106781186550837 ) ) ;
#2320 = COLOUR_RGB ( '',1.000000000000000000, 1.000000000000000000, 1.000000000000000000 ) ;
#2321 = SURFACE_STYLE_FILL_AREA ( #2291 ) ;
#2322 = CARTESIAN_POINT ( 'NONE',  ( -2.507106781186544175, 0.6999999999999997335, -1.870710678118658876 ) ) ;
#2323 = VERTEX_POINT ( 'NONE', #1678 ) ;
#2324 = FILL_AREA_STYLE_COLOUR ( '', #2420 ) ;
#2325 = CARTESIAN_POINT ( 'NONE',  ( -2.400000000000000355, 2.899999999999999911, -2.399999999999999911 ) ) ;
#2326 = ORIENTED_EDGE ( 'NONE', *, *, #213, .T. ) ;
#2327 = DIRECTION ( 'NONE',  ( 1.000000000000000000, 0.000000000000000000, 0.000000000000000000 ) ) ;
#2328 = ADVANCED_FACE ( 'NONE', ( #3691 ), #3943, .T. ) ;
#2329 = ORIENTED_EDGE ( 'NONE', *, *, #1777, .F. ) ;
#2330 = STYLED_ITEM ( 'NONE', ( #1121 ), #3243 ) ;
#2331 = PRESENTATION_STYLE_ASSIGNMENT (( #1011 ) ) ;
#2332 = SURFACE_STYLE_USAGE ( .BOTH. , #3928 ) ;
#2333 = DIRECTION ( 'NONE',  ( 0.7071067811865475727, -9.199760500100240687E-15, -0.7071067811865475727 ) ) ;
#2334 = SURFACE_SIDE_STYLE ('',( #2014 ) ) ;
#2335 = SURFACE_SIDE_STYLE ('',( #334 ) ) ;
#2336 = DIRECTION ( 'NONE',  ( -1.000000000000000000, 0.000000000000000000, 0.000000000000000000 ) ) ;
#2337 = ORIENTED_EDGE ( 'NONE', *, *, #4077, .T. ) ;
#2338 = ORIENTED_EDGE ( 'NONE', *, *, #3552, .T. ) ;
#2339 = DIRECTION ( 'NONE',  ( 0.000000000000000000, -1.000000000000000000, 0.000000000000000000 ) ) ;
#2340 = CARTESIAN_POINT ( 'NONE',  ( -2.542462120245871482, 0.6999999999999997335, -1.906066017177986627 ) ) ;
#2341 = EDGE_CURVE ( 'NONE', #625, #3038, #894, .T. ) ;
#2342 = LINE ( 'NONE', #3269, #4200 ) ;
#2343 = EDGE_CURVE ( 'NONE', #2996, #1790, #2499, .T. ) ;
#2344 = DIRECTION ( 'NONE',  ( 0.000000000000000000, 1.000000000000000000, 0.000000000000000000 ) ) ;
#2345 = SURFACE_STYLE_USAGE ( .BOTH. , #1539 ) ;
#2346 = EDGE_CURVE ( 'NONE', #3226, #576, #2877, .T. ) ;
#2347 = ORIENTED_EDGE ( 'NONE', *, *, #893, .F. ) ;
#2348 = EDGE_CURVE ( 'NONE', #811, #2895, #574, .T. ) ;
#2349 = MECHANICAL_DESIGN_GEOMETRIC_PRESENTATION_REPRESENTATION (  '', ( #188 ), #3787 ) ;
#2350 = ADVANCED_FACE ( 'NONE', ( #2482 ), #2892, .F. ) ;
#2351 = FILL_AREA_STYLE ('',( #3649 ) ) ;
#2352 = LINE ( 'NONE', #3672, #4224 ) ;
#2353 = DIRECTION ( 'NONE',  ( -9.486769009248187463E-16, 1.000000000000000000, 9.486769009248151965E-16 ) ) ;
#2354 = EDGE_CURVE ( 'NONE', #4128, #3031, #196, .T. ) ;
#2355 = EDGE_LOOP ( 'NONE', ( #3022, #2227, #3367, #3218 ) ) ;
#2356 = PRODUCT_DEFINITION ( 'UNKNOWN', '', #1470, #3548 ) ;
#2357 = CYLINDRICAL_SURFACE ( 'NONE', #4106, 2.350000000000000089 ) ;
#2358 = EDGE_CURVE ( 'NONE', #2957, #1426, #3305, .T. ) ;
#2359 = DIRECTION ( 'NONE',  ( -0.000000000000000000, 1.000000000000000000, -0.000000000000000000 ) ) ;
#2360 = UNCERTAINTY_MEASURE_WITH_UNIT (LENGTH_MEASURE( 1.000000000000000082E-05 ), #123, 'distance_accuracy_value', 'NONE');
#2361 = CARTESIAN_POINT ( 'NONE',  ( -1.189915130459072046, 2.899999999999999911, 0.8082131745777283438 ) ) ;
#2362 = ORIENTED_EDGE ( 'NONE', *, *, #3743, .F. ) ;
#2364 = ORIENTED_EDGE ( 'NONE', *, *, #3293, .F. ) ;
#2363 = PRESENTATION_LAYER_ASSIGNMENT (  '', '', ( #2632 ) ) ;
#2365 = DIRECTION ( 'NONE',  ( 0.7071067811865489050, 0.000000000000000000, -0.7071067811865462405 ) ) ;
#2366 = EDGE_CURVE ( 'NONE', #4152, #162, #2568, .T. ) ;
#2367 = PRESENTATION_LAYER_ASSIGNMENT (  '', '', ( #269 ) ) ;
#2368 =( NAMED_UNIT ( * ) SI_UNIT ( $, .STERADIAN. ) SOLID_ANGLE_UNIT ( ) );
#2369 = PRESENTATION_STYLE_ASSIGNMENT (( #6 ) ) ;
#2370 = ADVANCED_FACE ( 'NONE', ( #877, #1507 ), #2172, .T. ) ;
#2371 = MECHANICAL_DESIGN_GEOMETRIC_PRESENTATION_REPRESENTATION (  '', ( #1948 ), #495 ) ;
#2372 = CARTESIAN_POINT ( 'NONE',  ( -0.2180841445435792725, 2.889999999999999680, 0.8082131745777283438 ) ) ;
#2373 = DIRECTION ( 'NONE',  ( 0.000000000000000000, 1.000000000000000000, 0.000000000000000000 ) ) ;
#2374 = EDGE_LOOP ( 'NONE', ( #3612, #2633, #125, #2337 ) ) ;
#2375 = DIRECTION ( 'NONE',  ( -0.7071067811865462405, -6.162975822039156098E-33, -0.7071067811865489050 ) ) ;
#2376 = DIRECTION ( 'NONE',  ( 1.000000000000000000, 0.000000000000000000, -0.000000000000000000 ) ) ;
#2377 = SURFACE_STYLE_FILL_AREA ( #2036 ) ;
#2378 = DIRECTION ( 'NONE',  ( 0.000000000000000000, -1.000000000000000000, 0.000000000000000000 ) ) ;
#2379 = ORIENTED_EDGE ( 'NONE', *, *, #3627, .T. ) ;
#2380 =( GEOMETRIC_REPRESENTATION_CONTEXT ( 3 ) GLOBAL_UNCERTAINTY_ASSIGNED_CONTEXT ( ( #177 ) ) GLOBAL_UNIT_ASSIGNED_CONTEXT ( ( #1485, #3231, #1068 ) ) REPRESENTATION_CONTEXT ( 'NONE', 'WORKASPACE' ) );
#2381 = LINE ( 'NONE', #1793, #564 ) ;
#2382 = DIRECTION ( 'NONE',  ( 5.782411586589351722E-16, 0.000000000000000000, -1.000000000000000000 ) ) ;
#2383 = FILL_AREA_STYLE ('',( #3680 ) ) ;
#2384 = ORIENTED_EDGE ( 'NONE', *, *, #2030, .F. ) ;
#2385 = ORIENTED_EDGE ( 'NONE', *, *, #2973, .F. ) ;
#2386 = FILL_AREA_STYLE ('',( #1469 ) ) ;
#2387 = FILL_AREA_STYLE ('',( #127 ) ) ;
#2388 = CIRCLE ( 'NONE', #3901, 0.05000000000000012768 ) ;
#2389 = VECTOR ( 'NONE', #3360, 1000.000000000000000 ) ;
#2390 = ORIENTED_EDGE ( 'NONE', *, *, #1188, .T. ) ;
#2391 = VECTOR ( 'NONE', #2885, 1000.000000000000000 ) ;
#2392 = STYLED_ITEM ( 'NONE', ( #1390 ), #3446 ) ;
#2393 =( NAMED_UNIT ( * ) PLANE_ANGLE_UNIT ( ) SI_UNIT ( $, .RADIAN. ) );
#2394 = EDGE_CURVE ( 'NONE', #3266, #1061, #1626, .T. ) ;
#2395 = ORIENTED_EDGE ( 'NONE', *, *, #38, .T. ) ;
#2396 = VECTOR ( 'NONE', #4109, 1000.000000000000114 ) ;
#2397 = VECTOR ( 'NONE', #2410, 999.9999999999998863 ) ;
#2398 = PRESENTATION_STYLE_ASSIGNMENT (( #985 ) ) ;
#2399 = VECTOR ( 'NONE', #261, 1000.000000000000000 ) ;
#2400 = CARTESIAN_POINT ( 'NONE',  ( -4.099999999999998757, 0.000000000000000000, 0.7000000000000031752 ) ) ;
#2401 = UNCERTAINTY_MEASURE_WITH_UNIT (LENGTH_MEASURE( 1.000000000000000082E-05 ), #861, 'distance_accuracy_value', 'NONE');
#2402 = DIRECTION ( 'NONE',  ( 0.000000000000000000, 1.000000000000000000, 0.000000000000000000 ) ) ;
#2403 = VECTOR ( 'NONE', #1029, 1000.000000000000114 ) ;
#2404 = SURFACE_STYLE_USAGE ( .BOTH. , #1391 ) ;
#2405 = CARTESIAN_POINT ( 'NONE',  ( -1.449378158628086277, 2.899999999999999911, -0.5016459803518490412 ) ) ;
#2406 = MECHANICAL_DESIGN_GEOMETRIC_PRESENTATION_REPRESENTATION (  '', ( #1498 ), #1298 ) ;
#2407 = ORIENTED_EDGE ( 'NONE', *, *, #2106, .F. ) ;
#2408 = ORIENTED_EDGE ( 'NONE', *, *, #1637, .T. ) ;
#2409 = DIRECTION ( 'NONE',  ( -0.7071067811865453523, -0.000000000000000000, -0.7071067811865497932 ) ) ;
#2410 = DIRECTION ( 'NONE',  ( -0.7071067811865462405, 0.000000000000000000, -0.7071067811865489050 ) ) ;
#2411 = MECHANICAL_DESIGN_GEOMETRIC_PRESENTATION_REPRESENTATION (  '', ( #3712 ), #47 ) ;
#2412 = SURFACE_SIDE_STYLE ('',( #3058 ) ) ;
#2413 = ADVANCED_FACE ( 'NONE', ( #3197 ), #3519, .F. ) ;
#2414 = DIRECTION ( 'NONE',  ( -0.000000000000000000, 0.000000000000000000, -1.000000000000000000 ) ) ;
#2415 = LINE ( 'NONE', #115, #4098 ) ;
#2416 = EDGE_CURVE ( 'NONE', #3160, #1325, #616, .T. ) ;
#2417 = DIRECTION ( 'NONE',  ( 0.000000000000000000, 0.000000000000000000, -1.000000000000000000 ) ) ;
#2418 = EDGE_LOOP ( 'NONE', ( #2663, #352, #589, #391, #4108, #1186, #2765, #2542, #3531, #19, #2384, #182, #2185, #3587, #993, #596, #1486, #1529, #280, #2309, #3311, #1476, #1630, #2830, #1731, #4253, #140, #3173, #2734, #4203, #468, #1953, #1 ) ) ;
#2419 = SURFACE_STYLE_FILL_AREA ( #3104 ) ;
#2420 = COLOUR_RGB ( '',0.8000000000000000444, 0.8078431372549019773, 0.8000000000000000444 ) ;
#2421 = CARTESIAN_POINT ( 'NONE',  ( -1.189915130459072046, 2.889999999999999680, 0.8082131745777283438 ) ) ;
#2422 =( LENGTH_UNIT ( ) NAMED_UNIT ( * ) SI_UNIT ( .MILLI., .METRE. ) );
#2423 = DIRECTION ( 'NONE',  ( 1.000000000000000000, 0.000000000000000000, -0.000000000000000000 ) ) ;
#2424 = EDGE_LOOP ( 'NONE', ( #3885, #3628, #2572, #1853 ) ) ;
#2425 = ORIENTED_EDGE ( 'NONE', *, *, #4194, .F. ) ;
#2426 =( NAMED_UNIT ( * ) PLANE_ANGLE_UNIT ( ) SI_UNIT ( $, .RADIAN. ) );
#2427 = CARTESIAN_POINT ( 'NONE',  ( 2.224264068711924391, 0.7499999999999998890, 1.517157287525383591 ) ) ;
#2428 = DIRECTION ( 'NONE',  ( 1.000000000000000000, 0.000000000000000000, 0.000000000000000000 ) ) ;
#2429 = AXIS2_PLACEMENT_3D ( 'NONE', #1932, #2506, #3225 ) ;
#2430 = SURFACE_SIDE_STYLE ('',( #1434 ) ) ;
#2431 =( NAMED_UNIT ( * ) PLANE_ANGLE_UNIT ( ) SI_UNIT ( $, .RADIAN. ) );
#2432 = PRESENTATION_LAYER_ASSIGNMENT (  '', '', ( #2636 ) ) ;
#2433 = DIRECTION ( 'NONE',  ( -0.7071067811865486830, -1.084202172485504434E-16, 0.7071067811865463515 ) ) ;
#2434 = CARTESIAN_POINT ( 'NONE',  ( 2.153553390593270223, -0.2000000000000000111, 1.517157287525382481 ) ) ;
#2435 = ORIENTED_EDGE ( 'NONE', *, *, #1892, .T. ) ;
#2436 = VECTOR ( 'NONE', #1233, 1000.000000000000000 ) ;
#2437 = DIRECTION ( 'NONE',  ( 0.000000000000000000, -1.000000000000000000, 0.000000000000000000 ) ) ;
#2438 = DIRECTION ( 'NONE',  ( -0.7071067811865495711, 0.000000000000000000, -0.7071067811865455743 ) ) ;
#2439 = CARTESIAN_POINT ( 'NONE',  ( -1.699999999999995515, -0.2000000000000000111, 1.700000000000001732 ) ) ;
#2440 = UNCERTAINTY_MEASURE_WITH_UNIT (LENGTH_MEASURE( 1.000000000000000082E-05 ), #322, 'distance_accuracy_value', 'NONE');
#2441 = CARTESIAN_POINT ( 'NONE',  ( -0.5759186515858326638, 2.889999999999999680, -0.5448898183800181538 ) ) ;
#2442 = ADVANCED_FACE ( 'NONE', ( #3262 ), #2593, .F. ) ;
#2443 = VECTOR ( 'NONE', #1259, 1000.000000000000000 ) ;
#2444 = ORIENTED_EDGE ( 'NONE', *, *, #4148, .T. ) ;
#2445 =( LENGTH_UNIT ( ) NAMED_UNIT ( * ) SI_UNIT ( .MILLI., .METRE. ) );
#2446 = PLANE ( 'NONE',  #1770 ) ;
#2447 = SURFACE_SIDE_STYLE ('',( #2719 ) ) ;
#2448 = DIRECTION ( 'NONE',  ( 0.7071067811865486830, -0.000000000000000000, -0.7071067811865464625 ) ) ;
#2449 = SURFACE_STYLE_USAGE ( .BOTH. , #3059 ) ;
#2450 = CARTESIAN_POINT ( 'NONE',  ( 1.999999999999999112, 0.000000000000000000, -2.399999999999999911 ) ) ;
#2451 = VECTOR ( 'NONE', #139, 1000.000000000000000 ) ;
#2452 = MECHANICAL_DESIGN_GEOMETRIC_PRESENTATION_REPRESENTATION (  '', ( #3210 ), #1830 ) ;
#2453 = DIRECTION ( 'NONE',  ( 1.000000000000000000, 0.000000000000000000, 0.000000000000000000 ) ) ;
#2454 = COLOUR_RGB ( '',0.1921568627450980227, 0.2039215686274509776, 0.2039215686274509776 ) ;
#2455 = STYLED_ITEM ( 'NONE', ( #1308 ), #493 ) ;
#2456 = EDGE_LOOP ( 'NONE', ( #3486, #3523, #1503, #1393 ) ) ;
#2457 = EDGE_CURVE ( 'NONE', #1516, #3581, #1690, .T. ) ;
#2458 = CARTESIAN_POINT ( 'NONE',  ( -2.300000000000001155, -0.2000000000000000111, 0.7999999999999994893 ) ) ;
#2459 = CARTESIAN_POINT ( 'NONE',  ( 1.668082731761227899, -0.2000000000000000111, -0.7999999999999992673 ) ) ;
#2460 = VERTEX_POINT ( 'NONE', #1642 ) ;
#2461 = LINE ( 'NONE', #1063, #4151 ) ;
#2462 = AXIS2_PLACEMENT_3D ( 'NONE', #1956, #1984, #3355 ) ;
#2463 = CARTESIAN_POINT ( 'NONE',  ( 0.4942838132028996578, 2.899999999999999911, -0.5016459803518490412 ) ) ;
#2464 = PRESENTATION_LAYER_ASSIGNMENT (  '', '', ( #800 ) ) ;
#2465 = DIRECTION ( 'NONE',  ( 0.000000000000000000, -1.000000000000000000, 0.000000000000000000 ) ) ;
#2466 = LINE ( 'NONE', #491, #719 ) ;
#2467 = CARTESIAN_POINT ( 'NONE',  ( -0.5759186515858326638, 2.899999999999999911, -0.6706600648588912916 ) ) ;
#2468 = ORIENTED_EDGE ( 'NONE', *, *, #4280, .T. ) ;
#2469 = AXIS2_PLACEMENT_3D ( 'NONE', #1182, #1814, #2428 ) ;
#2470 = EDGE_CURVE ( 'NONE', #3788, #175, #2755, .T. ) ;
#2471 = DIRECTION ( 'NONE',  ( -1.000000000000000000, 0.000000000000000000, 0.000000000000000000 ) ) ;
#2472 = UNCERTAINTY_MEASURE_WITH_UNIT (LENGTH_MEASURE( 1.000000000000000082E-05 ), #4085, 'distance_accuracy_value', 'NONE');
#2473 = ORIENTED_EDGE ( 'NONE', *, *, #801, .T. ) ;
#2474 = DIRECTION ( 'NONE',  ( 0.9104214723748158544, 0.000000000000000000, 0.4136819341461173138 ) ) ;
#2475 = UNCERTAINTY_MEASURE_WITH_UNIT (LENGTH_MEASURE( 1.000000000000000082E-05 ), #512, 'distance_accuracy_value', 'NONE');
#2476 = ADVANCED_FACE ( 'NONE', ( #965 ), #1668, .F. ) ;
#2477 = CARTESIAN_POINT ( 'NONE',  ( 1.835355339059322022, 0.7499999999999998890, 2.542462120245877255 ) ) ;
#2478 = ORIENTED_EDGE ( 'NONE', *, *, #4192, .F. ) ;
#2479 = CARTESIAN_POINT ( 'NONE',  ( -1.517157287525376264, 0.000000000000000000, -2.224264068711930609 ) ) ;
#2480 = COLOUR_RGB ( '',0.8000000000000000444, 0.8078431372549019773, 0.8000000000000000444 ) ;
#2481 = UNCERTAINTY_MEASURE_WITH_UNIT (LENGTH_MEASURE( 1.000000000000000082E-05 ), #392, 'distance_accuracy_value', 'NONE');
#2482 = FACE_OUTER_BOUND ( 'NONE', #2257, .T. ) ;
#2483 = ORIENTED_EDGE ( 'NONE', *, *, #3621, .T. ) ;
#2484 = EDGE_CURVE ( 'NONE', #380, #3717, #1078, .T. ) ;
#2485 = ORIENTED_EDGE ( 'NONE', *, *, #2860, .T. ) ;
#2486 = LINE ( 'NONE', #1494, #2396 ) ;
#2487 = AXIS2_PLACEMENT_3D ( 'NONE', #1848, #1887, #1215 ) ;
#2488 = DIRECTION ( 'NONE',  ( -0.000000000000000000, -1.000000000000000000, -0.000000000000000000 ) ) ;
#2489 = EDGE_CURVE ( 'NONE', #733, #1115, #388, .T. ) ;
#2490 = CARTESIAN_POINT ( 'NONE',  ( 1.446446609406720762, 0.7999999999999999334, 2.153553390593275108 ) ) ;
#2491 = MECHANICAL_DESIGN_GEOMETRIC_PRESENTATION_REPRESENTATION (  '', ( #3253 ), #3600 ) ;
#2492 = FACE_OUTER_BOUND ( 'NONE', #2912, .T. ) ;
#2493 = ORIENTED_EDGE ( 'NONE', *, *, #1310, .F. ) ;
#2494 = ORIENTED_EDGE ( 'NONE', *, *, #848, .F. ) ;
#2495 = DIRECTION ( 'NONE',  ( -0.7071067811865495711, 0.000000000000000000, -0.7071067811865455743 ) ) ;
#2496 = CARTESIAN_POINT ( 'NONE',  ( 0.1965285315127587862, 2.889999999999999680, -0.5016459803518490412 ) ) ;
#2497 = PRESENTATION_LAYER_ASSIGNMENT (  '', '', ( #4093 ) ) ;
#2498 = SURFACE_STYLE_USAGE ( .BOTH. , #3095 ) ;
#2499 = LINE ( 'NONE', #3157, #3411 ) ;
#2500 = DIRECTION ( 'NONE',  ( 0.000000000000000000, 0.000000000000000000, 1.000000000000000000 ) ) ;
#2501 = VERTEX_POINT ( 'NONE', #2458 ) ;
#2502 = VECTOR ( 'NONE', #184, 1000.000000000000000 ) ;
#2503 =( LENGTH_UNIT ( ) NAMED_UNIT ( * ) SI_UNIT ( .MILLI., .METRE. ) );
#2504 = DIRECTION ( 'NONE',  ( -0.7071067811865462405, 0.000000000000000000, -0.7071067811865489050 ) ) ;
#2505 = PRESENTATION_LAYER_ASSIGNMENT (  '', '', ( #1765 ) ) ;
#2506 = DIRECTION ( 'NONE',  ( 0.000000000000000000, 0.000000000000000000, -1.000000000000000000 ) ) ;
#2507 = ORIENTED_EDGE ( 'NONE', *, *, #1456, .T. ) ;
#2508 = FILL_AREA_STYLE_COLOUR ( '', #4171 ) ;
#2509 = VECTOR ( 'NONE', #890, 1000.000000000000000 ) ;
#2510 = EDGE_CURVE ( 'NONE', #175, #1645, #1549, .T. ) ;
#2511 = VECTOR ( 'NONE', #4105, 999.9999999999998863 ) ;
#2512 = VECTOR ( 'NONE', #1346, 999.9999999999998863 ) ;
#2513 = CARTESIAN_POINT ( 'NONE',  ( -2.300000000000001155, -0.2000000000000000111, -1.099999999999997646 ) ) ;
#2514 = DIRECTION ( 'NONE',  ( 0.000000000000000000, 0.000000000000000000, -1.000000000000000000 ) ) ;
#2515 =( LENGTH_UNIT ( ) NAMED_UNIT ( * ) SI_UNIT ( .MILLI., .METRE. ) );
#2516 = ORIENTED_EDGE ( 'NONE', *, *, #3941, .F. ) ;
#2517 =( NAMED_UNIT ( * ) SI_UNIT ( $, .STERADIAN. ) SOLID_ANGLE_UNIT ( ) );
#2518 = ADVANCED_FACE ( 'NONE', ( #1795 ), #3727, .T. ) ;
#2519 = DIRECTION ( 'NONE',  ( 0.000000000000000000, 1.000000000000000000, 0.000000000000000000 ) ) ;
#2520 = FACE_OUTER_BOUND ( 'NONE', #312, .T. ) ;
#2521 = VECTOR ( 'NONE', #2976, 1000.000000000000000 ) ;
#2522 = EDGE_LOOP ( 'NONE', ( #238, #217, #4074, #1801 ) ) ;
#2523 = EDGE_LOOP ( 'NONE', ( #1247, #3598, #1736, #2197, #1411, #728, #3277, #1168, #1101, #2390, #3199, #2980, #4275, #530, #3559 ) ) ;
#2525 = EDGE_CURVE ( 'NONE', #3698, #1522, #413, .T. ) ;
#2524 = AXIS2_PLACEMENT_3D ( 'NONE', #2319, #2623, #2053 ) ;
#2526 = AXIS2_PLACEMENT_3D ( 'NONE', #2311, #668, #1695 ) ;
#2527 =( NAMED_UNIT ( * ) SI_UNIT ( $, .STERADIAN. ) SOLID_ANGLE_UNIT ( ) );
#2528 = LINE ( 'NONE', #948, #1406 ) ;
#2529 = EDGE_CURVE ( 'NONE', #2639, #4128, #79, .T. ) ;
#2530 =( NAMED_UNIT ( * ) SI_UNIT ( $, .STERADIAN. ) SOLID_ANGLE_UNIT ( ) );
#2531 = EDGE_CURVE ( 'NONE', #3237, #3698, #3069, .T. ) ;
#2532 = DIRECTION ( 'NONE',  ( -1.000000000000000000, 0.000000000000000000, 0.000000000000000000 ) ) ;
#2533 = PRESENTATION_LAYER_ASSIGNMENT (  '', '', ( #1437 ) ) ;
#2534 = PLANE ( 'NONE',  #3132 ) ;
#2535 = PRESENTATION_STYLE_ASSIGNMENT (( #2225 ) ) ;
#2536 = CARTESIAN_POINT ( 'NONE',  ( 0.000000000000000000, 1.899999999999999689, 2.348000000000000309 ) ) ;
#2537 = ORIENTED_EDGE ( 'NONE', *, *, #1677, .F. ) ;
#2538 =( NAMED_UNIT ( * ) PLANE_ANGLE_UNIT ( ) SI_UNIT ( $, .RADIAN. ) );
#2539 = CARTESIAN_POINT ( 'NONE',  ( -2.203553390593270489, 0.7146446609406722494, -1.517157287525384257 ) ) ;
#2540 = DIRECTION ( 'NONE',  ( -0.7071067811865474617, 0.000000000000000000, -0.7071067811865474617 ) ) ;
#2541 = PRESENTATION_STYLE_ASSIGNMENT (( #2148 ) ) ;
#2542 = ORIENTED_EDGE ( 'NONE', *, *, #3128, .F. ) ;
#2543 =( NAMED_UNIT ( * ) PLANE_ANGLE_UNIT ( ) SI_UNIT ( $, .RADIAN. ) );
#2544 = CARTESIAN_POINT ( 'NONE',  ( 2.875470684397985866E-16, 2.899999999999999911, -2.348000000000000309 ) ) ;
#2545 = CARTESIAN_POINT ( 'NONE',  ( -2.399999999999998579, 2.899999999999999911, 2.400000000000000355 ) ) ;
#2546 = PRESENTATION_STYLE_ASSIGNMENT (( #535 ) ) ;
#2547 = ORIENTED_EDGE ( 'NONE', *, *, #1728, .T. ) ;
#2548 = VECTOR ( 'NONE', #3939, 1000.000000000000000 ) ;
#2549 = VERTEX_POINT ( 'NONE', #3423 ) ;
#2550 = LINE ( 'NONE', #620, #2843 ) ;
#2551 = VECTOR ( 'NONE', #2375, 999.9999999999998863 ) ;
#2552 = VECTOR ( 'NONE', #2353, 1000.000000000000000 ) ;
#2553 = SURFACE_STYLE_FILL_AREA ( #3185 ) ;
#2554 = SURFACE_STYLE_FILL_AREA ( #4149 ) ;
#2555 = CARTESIAN_POINT ( 'NONE',  ( 1.367743320245153216, 2.889999999999999680, -0.6706600648588912916 ) ) ;
#2556 = CARTESIAN_POINT ( 'NONE',  ( -1.835355339059322910, 0.7499999999999998890, -2.542462120245878143 ) ) ;
#2557 = CYLINDRICAL_SURFACE ( 'NONE', #3049, 2.348000000000000309 ) ;
#2558 = VECTOR ( 'NONE', #2820, 1000.000000000000000 ) ;
#2559 = ORIENTED_EDGE ( 'NONE', *, *, #1311, .T. ) ;
#2560 = PLANE ( 'NONE',  #2006 ) ;
#2561 = DIRECTION ( 'NONE',  ( -0.000000000000000000, 1.000000000000000000, -0.000000000000000000 ) ) ;
#2562 = ORIENTED_EDGE ( 'NONE', *, *, #3922, .F. ) ;
#2563 = FACE_OUTER_BOUND ( 'NONE', #2611, .T. ) ;
#2564 = FILL_AREA_STYLE_COLOUR ( '', #2177 ) ;
#2565 = UNCERTAINTY_MEASURE_WITH_UNIT (LENGTH_MEASURE( 1.000000000000000082E-05 ), #4165, 'distance_accuracy_value', 'NONE');
#2566 = LINE ( 'NONE', #3889, #4059 ) ;
#2567 = AXIS2_PLACEMENT_3D ( 'NONE', #225, #2896, #578 ) ;
#2568 = LINE ( 'NONE', #2192, #3826 ) ;
#2569 = DIRECTION ( 'NONE',  ( 0.7071067811865475727, 9.199760500100240687E-15, 0.7071067811865475727 ) ) ;
#2570 = EDGE_LOOP ( 'NONE', ( #3846, #655, #404, #326 ) ) ;
#2571 = VECTOR ( 'NONE', #1651, 1000.000000000000000 ) ;
#2572 = ORIENTED_EDGE ( 'NONE', *, *, #3309, .T. ) ;
#2573 = FACE_OUTER_BOUND ( 'NONE', #3275, .T. ) ;
#2574 = LINE ( 'NONE', #1279, #2436 ) ;
#2575 = COLOUR_RGB ( '',0.8000000000000000444, 0.8078431372549019773, 0.8000000000000000444 ) ;
#2576 = DIRECTION ( 'NONE',  ( 0.000000000000000000, -1.000000000000000000, 0.000000000000000000 ) ) ;
#2577 = MECHANICAL_DESIGN_GEOMETRIC_PRESENTATION_REPRESENTATION (  '', ( #3472 ), #4097 ) ;
#2578 = SURFACE_STYLE_FILL_AREA ( #603 ) ;
#2579 = CIRCLE ( 'NONE', #1344, 2.350000000000000089 ) ;
#2580 = SURFACE_STYLE_FILL_AREA ( #882 ) ;
#2581 = VECTOR ( 'NONE', #2189, 1000.000000000000114 ) ;
#2582 = EDGE_CURVE ( 'NONE', #1325, #1833, #467, .T. ) ;
#2583 = ORIENTED_EDGE ( 'NONE', *, *, #149, .F. ) ;
#2584 = CARTESIAN_POINT ( 'NONE',  ( 1.835355339059322022, 0.7499999999999997780, 2.542462120245877255 ) ) ;
#2585 = SURFACE_SIDE_STYLE ('',( #348 ) ) ;
#2586 = SURFACE_STYLE_FILL_AREA ( #1519 ) ;
#2587 = PLANE ( 'NONE',  #164 ) ;
#2588 = ORIENTED_EDGE ( 'NONE', *, *, #50, .T. ) ;
#2589 = DIRECTION ( 'NONE',  ( 1.000000000000000000, 0.000000000000000000, 0.000000000000000000 ) ) ;
#2590 = MECHANICAL_DESIGN_GEOMETRIC_PRESENTATION_REPRESENTATION (  '', ( #4238 ), #730 ) ;
#2591 =( NAMED_UNIT ( * ) SI_UNIT ( $, .STERADIAN. ) SOLID_ANGLE_UNIT ( ) );
#2592 = SURFACE_STYLE_FILL_AREA ( #592 ) ;
#2593 = PLANE ( 'NONE',  #651 ) ;
#2594 = FACE_BOUND ( 'NONE', #648, .T. ) ;
#2595 = COLOUR_RGB ( '',0.1921568627450980227, 0.2039215686274509776, 0.2039215686274509776 ) ;
#2596 = VERTEX_POINT ( 'NONE', #2045 ) ;
#2597 = VERTEX_POINT ( 'NONE', #3364 ) ;
#2598 =( NAMED_UNIT ( * ) PLANE_ANGLE_UNIT ( ) SI_UNIT ( $, .RADIAN. ) );
#2599 = CARTESIAN_POINT ( 'NONE',  ( 2.053553390593268801, 0.000000000000000000, 1.346446609406726225 ) ) ;
#2600 = DIRECTION ( 'NONE',  ( 0.000000000000000000, 0.000000000000000000, 1.000000000000000000 ) ) ;
#2601 =( GEOMETRIC_REPRESENTATION_CONTEXT ( 3 ) GLOBAL_UNCERTAINTY_ASSIGNED_CONTEXT ( ( #2886 ) ) GLOBAL_UNIT_ASSIGNED_CONTEXT ( ( #3178, #4206, #660 ) ) REPRESENTATION_CONTEXT ( 'NONE', 'WORKASPACE' ) );
#2602 =( NAMED_UNIT ( * ) SI_UNIT ( $, .STERADIAN. ) SOLID_ANGLE_UNIT ( ) );
#2603 = DIRECTION ( 'NONE',  ( 0.7071067811865455743, -0.000000000000000000, -0.7071067811865495711 ) ) ;
#2604 = STYLED_ITEM ( 'NONE', ( #1754 ), #2911 ) ;
#2605 = PLANE ( 'NONE',  #1564 ) ;
#2606 = EDGE_LOOP ( 'NONE', ( #870, #3863 ) ) ;
#2607 =( NAMED_UNIT ( * ) SI_UNIT ( $, .STERADIAN. ) SOLID_ANGLE_UNIT ( ) );
#2608 = AXIS2_PLACEMENT_3D ( 'NONE', #4207, #3817, #2191 ) ;
#2609 = LINE ( 'NONE', #1608, #4178 ) ;
#2610 = SURFACE_SIDE_STYLE ('',( #1295 ) ) ;
#2611 = EDGE_LOOP ( 'NONE', ( #3838, #3341, #3391, #1199 ) ) ;
#2612 = FACE_OUTER_BOUND ( 'NONE', #2251, .T. ) ;
#2613 = UNCERTAINTY_MEASURE_WITH_UNIT (LENGTH_MEASURE( 1.000000000000000082E-05 ), #2802, 'distance_accuracy_value', 'NONE');
#2614 = PLANE ( 'NONE',  #3504 ) ;
#2615 = CARTESIAN_POINT ( 'NONE',  ( -1.503719232422141783, 0.7241468008301281678, -2.203553390593276262 ) ) ;
#2616 = ORIENTED_EDGE ( 'NONE', *, *, #1636, .T. ) ;
#2617 = ORIENTED_EDGE ( 'NONE', *, *, #3801, .F. ) ;
#2618 = PLANE ( 'NONE',  #2724 ) ;
#2619 = FACE_OUTER_BOUND ( 'NONE', #2117, .T. ) ;
#2620 = DIRECTION ( 'NONE',  ( 0.000000000000000000, 0.000000000000000000, -1.000000000000000000 ) ) ;
#2621 = CARTESIAN_POINT ( 'NONE',  ( -1.552512626584704014, 0.6999999999999997335, -2.188908729652604190 ) ) ;
#2622 =( LENGTH_UNIT ( ) NAMED_UNIT ( * ) SI_UNIT ( .MILLI., .METRE. ) );
#2623 = DIRECTION ( 'NONE',  ( 0.000000000000000000, 1.000000000000000000, 0.000000000000000000 ) ) ;
#2624 = VECTOR ( 'NONE', #1870, 999.9999999999998863 ) ;
#2625 = VECTOR ( 'NONE', #2673, 1000.000000000000000 ) ;
#2626 = EDGE_CURVE ( 'NONE', #3032, #3092, #1717, .T. ) ;
#2627 = DIRECTION ( 'NONE',  ( 0.000000000000000000, 0.000000000000000000, 1.000000000000000000 ) ) ;
#2628 = ORIENTED_EDGE ( 'NONE', *, *, #2812, .F. ) ;
#2629 = DIRECTION ( 'NONE',  ( 0.000000000000000000, 0.000000000000000000, 1.000000000000000000 ) ) ;
#2630 = CARTESIAN_POINT ( 'NONE',  ( -2.507106781186543731, 0.7499999999999997780, -1.870710678118658876 ) ) ;
#2631 =( LENGTH_UNIT ( ) NAMED_UNIT ( * ) SI_UNIT ( .MILLI., .METRE. ) );
#2632 = STYLED_ITEM ( 'NONE', ( #2102 ), #2137 ) ;
#2633 = ORIENTED_EDGE ( 'NONE', *, *, #1265, .F. ) ;
#2634 = DIRECTION ( 'NONE',  ( 0.000000000000000000, -1.000000000000000000, 0.000000000000000000 ) ) ;
#2635 = FILL_AREA_STYLE ('',( #4225 ) ) ;
#2636 = STYLED_ITEM ( 'NONE', ( #1628 ), #2300 ) ;
#2637 = SURFACE_SIDE_STYLE ('',( #3981 ) ) ;
#2638 = LINE ( 'NONE', #1324, #3994 ) ;
#2639 = VERTEX_POINT ( 'NONE', #154 ) ;
#2640 = ORIENTED_EDGE ( 'NONE', *, *, #2669, .F. ) ;
#2641 = PRESENTATION_STYLE_ASSIGNMENT (( #2021 ) ) ;
#2642 = LINE ( 'NONE', #2340, #4257 ) ;
#2643 =( NAMED_UNIT ( * ) PLANE_ANGLE_UNIT ( ) SI_UNIT ( $, .RADIAN. ) );
#2644 = DIRECTION ( 'NONE',  ( 0.7071067811865469066, -0.000000000000000000, -0.7071067811865482389 ) ) ;
#2645 = DIRECTION ( 'NONE',  ( -1.000000000000000000, 0.000000000000000000, 0.000000000000000000 ) ) ;
#2646 = SURFACE_SIDE_STYLE ('',( #3964 ) ) ;
#2647 = AXIS2_PLACEMENT_3D ( 'NONE', #2158, #1234, #1557 ) ;
#2648 =( LENGTH_UNIT ( ) NAMED_UNIT ( * ) SI_UNIT ( .MILLI., .METRE. ) );
#2649 = ORIENTED_EDGE ( 'NONE', *, *, #3567, .F. ) ;
#2650 = FILL_AREA_STYLE ('',( #3946 ) ) ;
#2651 = PRESENTATION_LAYER_ASSIGNMENT (  '', '', ( #908 ) ) ;
#2652 = CARTESIAN_POINT ( 'NONE',  ( -1.835355339059322910, 0.6999999999999997335, -2.542462120245878143 ) ) ;
#2653 =( NAMED_UNIT ( * ) PLANE_ANGLE_UNIT ( ) SI_UNIT ( $, .RADIAN. ) );
#2654 = ORIENTED_EDGE ( 'NONE', *, *, #3621, .F. ) ;
#2655 = FACE_OUTER_BOUND ( 'NONE', #1811, .T. ) ;
#2656 = CARTESIAN_POINT ( 'NONE',  ( -1.449378158628086277, 2.889999999999999680, -0.5016459803518490412 ) ) ;
#2657 = EDGE_CURVE ( 'NONE', #170, #1441, #569, .T. ) ;
#2658 = SURFACE_STYLE_USAGE ( .BOTH. , #614 ) ;
#2659 = UNCERTAINTY_MEASURE_WITH_UNIT (LENGTH_MEASURE( 1.000000000000000082E-05 ), #2906, 'distance_accuracy_value', 'NONE');
#2660 = CARTESIAN_POINT ( 'NONE',  ( -1.999999999999998224, 2.899999999999999911, 2.000000000000000000 ) ) ;
#2661 = SURFACE_STYLE_USAGE ( .BOTH. , #2732 ) ;
#2662 = AXIS2_PLACEMENT_3D ( 'NONE', #2301, #329, #3886 ) ;
#2663 = ORIENTED_EDGE ( 'NONE', *, *, #2457, .F. ) ;
#2664 = EDGE_CURVE ( 'NONE', #2929, #721, #1831, .T. ) ;
#2665 = EDGE_LOOP ( 'NONE', ( #210, #754, #2771, #3183 ) ) ;
#2666 = LINE ( 'NONE', #3988, #1015 ) ;
#2667 = VECTOR ( 'NONE', #4154, 1000.000000000000000 ) ;
#2668 =( GEOMETRIC_REPRESENTATION_CONTEXT ( 3 ) GLOBAL_UNCERTAINTY_ASSIGNED_CONTEXT ( ( #2659 ) ) GLOBAL_UNIT_ASSIGNED_CONTEXT ( ( #2906, #256, #658 ) ) REPRESENTATION_CONTEXT ( 'NONE', 'WORKASPACE' ) );
#2669 = EDGE_CURVE ( 'NONE', #667, #1303, #1484, .T. ) ;
#2670 = ADVANCED_FACE ( 'NONE', ( #2146 ), #3211, .T. ) ;
#2671 = AXIS2_PLACEMENT_3D ( 'NONE', #2026, #3963, #41 ) ;
#2672 = EDGE_CURVE ( 'NONE', #1426, #2597, #3856, .T. ) ;
#2673 = DIRECTION ( 'NONE',  ( 1.000000000000000000, 0.000000000000000000, 0.000000000000000000 ) ) ;
#2674 = CARTESIAN_POINT ( 'NONE',  ( 0.5731790596817729622, 2.899999999999999911, 0.8082131745777283438 ) ) ;
#2675 = AXIS2_PLACEMENT_3D ( 'NONE', #1857, #855, #179 ) ;
#2676 =( NAMED_UNIT ( * ) PLANE_ANGLE_UNIT ( ) SI_UNIT ( $, .RADIAN. ) );
#2677 = EDGE_CURVE ( 'NONE', #1685, #1903, #3131, .T. ) ;
#2678 =( NAMED_UNIT ( * ) SI_UNIT ( $, .STERADIAN. ) SOLID_ANGLE_UNIT ( ) );
#2679 = DIRECTION ( 'NONE',  ( 0.000000000000000000, -1.000000000000000000, 0.000000000000000000 ) ) ;
#2680 = CIRCLE ( 'NONE', #1087, 0.05000000000000012768 ) ;
#2681 = ORIENTED_EDGE ( 'NONE', *, *, #4177, .T. ) ;
#2682 = EDGE_CURVE ( 'NONE', #3161, #3399, #1703, .T. ) ;
#2683 =( NAMED_UNIT ( * ) PLANE_ANGLE_UNIT ( ) SI_UNIT ( $, .RADIAN. ) );
#2684 = AXIS2_PLACEMENT_3D ( 'NONE', #3336, #2259, #2282 ) ;
#2685 = CARTESIAN_POINT ( 'NONE',  ( -2.188908729652597529, 0.7499999999999998890, -1.481801948466056729 ) ) ;
#2686 = FILL_AREA_STYLE_COLOUR ( '', #3670 ) ;
#2687 = DIRECTION ( 'NONE',  ( 0.000000000000000000, 1.000000000000000000, 0.000000000000000000 ) ) ;
#2688 = ORIENTED_EDGE ( 'NONE', *, *, #4032, .T. ) ;
#2689 = VECTOR ( 'NONE', #1060, 1000.000000000000000 ) ;
#2690 =( NAMED_UNIT ( * ) PLANE_ANGLE_UNIT ( ) SI_UNIT ( $, .RADIAN. ) );
#2691 = LINE ( 'NONE', #2439, #4094 ) ;
#2692 =( NAMED_UNIT ( * ) SI_UNIT ( $, .STERADIAN. ) SOLID_ANGLE_UNIT ( ) );
#2693 = SURFACE_STYLE_FILL_AREA ( #309 ) ;
#2694 = DIRECTION ( 'NONE',  ( -0.000000000000000000, 1.000000000000000000, -0.000000000000000000 ) ) ;
#2695 = ORIENTED_EDGE ( 'NONE', *, *, #358, .T. ) ;
#2696 = ORIENTED_EDGE ( 'NONE', *, *, #2510, .T. ) ;
#2697 = SURFACE_SIDE_STYLE ('',( #696 ) ) ;
#2698 = DIRECTION ( 'NONE',  ( -0.000000000000000000, 1.000000000000000000, -0.000000000000000000 ) ) ;
#2699 = SURFACE_STYLE_USAGE ( .BOTH. , #2646 ) ;
#2700 = CARTESIAN_POINT ( 'NONE',  ( 0.4942838132028996578, 2.889999999999999680, -0.6706600648588912916 ) ) ;
#2701 = ORIENTED_EDGE ( 'NONE', *, *, #1413, .F. ) ;
#2702 = AXIS2_PLACEMENT_3D ( 'NONE', #1399, #1415, #4056 ) ;
#2703 = SURFACE_STYLE_USAGE ( .BOTH. , #705 ) ;
#2704 = VECTOR ( 'NONE', #3255, 1000.000000000000000 ) ;
#2705 = CARTESIAN_POINT ( 'NONE',  ( 2.299999999999998934, -0.2000000000000000111, -2.299999999999999822 ) ) ;
#2706 = DIRECTION ( 'NONE',  ( 0.4136819341461172583, 0.000000000000000000, -0.9104214723748157434 ) ) ;
#2707 = DIRECTION ( 'NONE',  ( 0.000000000000000000, 0.000000000000000000, 1.000000000000000000 ) ) ;
#2708 = VERTEX_POINT ( 'NONE', #4120 ) ;
#2709 =( LENGTH_UNIT ( ) NAMED_UNIT ( * ) SI_UNIT ( .MILLI., .METRE. ) );
#2710 = PRESENTATION_STYLE_ASSIGNMENT (( #98 ) ) ;
#2711 = UNCERTAINTY_MEASURE_WITH_UNIT (LENGTH_MEASURE( 1.000000000000000082E-05 ), #4243, 'distance_accuracy_value', 'NONE');
#2712 = CARTESIAN_POINT ( 'NONE',  ( -2.300000000000000266, -0.2000000000000000111, -2.299999999999999822 ) ) ;
#2713 = MECHANICAL_DESIGN_GEOMETRIC_PRESENTATION_REPRESENTATION (  '', ( #3246 ), #3332 ) ;
#2714 = FACE_OUTER_BOUND ( 'NONE', #49, .T. ) ;
#2715 = ORIENTED_EDGE ( 'NONE', *, *, #1898, .F. ) ;
#2716 = ORIENTED_EDGE ( 'NONE', *, *, #3974, .F. ) ;
#2717 = CARTESIAN_POINT ( 'NONE',  ( -1.906066017177977523, 0.6999999999999997335, -2.542462120245878143 ) ) ;
#2718 = DIRECTION ( 'NONE',  ( 0.7071067811865455743, -0.000000000000000000, -0.7071067811865495711 ) ) ;
#2719 = SURFACE_STYLE_FILL_AREA ( #2387 ) ;
#2720 = COLOUR_RGB ( '',1.000000000000000000, 1.000000000000000000, 1.000000000000000000 ) ;
#2721 =( LENGTH_UNIT ( ) NAMED_UNIT ( * ) SI_UNIT ( .MILLI., .METRE. ) );
#2722 = VECTOR ( 'NONE', #247, 1000.000000000000000 ) ;
#2723 = ORIENTED_EDGE ( 'NONE', *, *, #2346, .T. ) ;
#2724 = AXIS2_PLACEMENT_3D ( 'NONE', #3033, #3760, #1103 ) ;
#2725 = PLANE ( 'NONE',  #3349 ) ;
#2726 = CARTESIAN_POINT ( 'NONE',  ( -2.300000000000001599, -0.2000000000000000111, -1.099999999999997202 ) ) ;
#2727 = VERTEX_POINT ( 'NONE', #3810 ) ;
#2728 = CIRCLE ( 'NONE', #3062, 0.05000000000000007216 ) ;
#2729 = FILL_AREA_STYLE ('',( #409 ) ) ;
#2730 = DIRECTION ( 'NONE',  ( -0.000000000000000000, 1.000000000000000000, -0.000000000000000000 ) ) ;
#2731 = DIRECTION ( 'NONE',  ( -0.000000000000000000, 1.000000000000000000, -0.000000000000000000 ) ) ;
#2732 = SURFACE_SIDE_STYLE ('',( #3339 ) ) ;
#2733 = ORIENTED_EDGE ( 'NONE', *, *, #544, .T. ) ;
#2734 = ORIENTED_EDGE ( 'NONE', *, *, #3251, .T. ) ;
#2735 = APPLICATION_CONTEXT ( 'automotive_design' ) ;
#2736 = DIRECTION ( 'NONE',  ( -1.000000000000000000, 0.000000000000000000, 0.000000000000000000 ) ) ;
#2737 = EDGE_CURVE ( 'NONE', #4209, #4115, #4201, .T. ) ;
#2738 = SURFACE_STYLE_FILL_AREA ( #1747 ) ;
#2739 = VECTOR ( 'NONE', #1778, 1000.000000000000114 ) ;
#2740 = AXIS2_PLACEMENT_3D ( 'NONE', #2110, #3368, #3449 ) ;
#2741 =( GEOMETRIC_REPRESENTATION_CONTEXT ( 3 ) GLOBAL_UNCERTAINTY_ASSIGNED_CONTEXT ( ( #356 ) ) GLOBAL_UNIT_ASSIGNED_CONTEXT ( ( #1056, #2538, #827 ) ) REPRESENTATION_CONTEXT ( 'NONE', 'WORKASPACE' ) );
#2742 = DIRECTION ( 'NONE',  ( -0.000000000000000000, 1.000000000000000000, -0.000000000000000000 ) ) ;
#2743 = STYLED_ITEM ( 'NONE', ( #95 ), #209 ) ;
#2744 = VECTOR ( 'NONE', #716, 1000.000000000000000 ) ;
#2745 = FILL_AREA_STYLE ('',( #3085 ) ) ;
#2746 = VERTEX_POINT ( 'NONE', #3834 ) ;
#2747 = DIRECTION ( 'NONE',  ( 0.000000000000000000, 0.000000000000000000, 1.000000000000000000 ) ) ;
#2748 = CARTESIAN_POINT ( 'NONE',  ( 1.999999999999999112, 2.899999999999999911, -1.999999999999999556 ) ) ;
#2749 = MECHANICAL_DESIGN_GEOMETRIC_PRESENTATION_REPRESENTATION (  '', ( #2604 ), #116 ) ;
#2750 = FILL_AREA_STYLE_COLOUR ( '', #2990 ) ;
#2751 = UNCERTAINTY_MEASURE_WITH_UNIT (LENGTH_MEASURE( 1.000000000000000082E-05 ), #1508, 'distance_accuracy_value', 'NONE');
#2752 = COLOUR_RGB ( '',0.8000000000000000444, 0.8078431372549019773, 0.8000000000000000444 ) ;
#2753 = DIRECTION ( 'NONE',  ( -0.4132170265578689050, 0.000000000000000000, 0.9106325762691962478 ) ) ;
#2754 = EDGE_LOOP ( 'NONE', ( #857, #2855, #2128, #2547 ) ) ;
#2755 =( BOUNDED_CURVE ( )  B_SPLINE_CURVE ( 3, ( #3913, #942, #2615, #2961 ),
 .UNSPECIFIED., .F., .T. ) 
 B_SPLINE_CURVE_WITH_KNOTS ( ( 4, 4 ),
 ( 4.712388980384683457, 5.497787143782135288 ),
 .UNSPECIFIED. ) 
 CURVE ( )  GEOMETRIC_REPRESENTATION_ITEM ( )  RATIONAL_B_SPLINE_CURVE ( ( 1.000000000000000000, 0.9492530216741906779, 0.9492530216741906779, 1.000000000000000000 ) ) 
 REPRESENTATION_ITEM ( '' )  );
#2756 = ORIENTED_EDGE ( 'NONE', *, *, #3540, .T. ) ;
#2757 =( NAMED_UNIT ( * ) PLANE_ANGLE_UNIT ( ) SI_UNIT ( $, .RADIAN. ) );
#2758 = PRESENTATION_LAYER_ASSIGNMENT (  '', '', ( #1839 ) ) ;
#2759 = PRESENTATION_STYLE_ASSIGNMENT (( #4035 ) ) ;
#2760 = SURFACE_SIDE_STYLE ('',( #1804 ) ) ;
#2761 = DIRECTION ( 'NONE',  ( 0.000000000000000000, -1.000000000000000000, -0.000000000000000000 ) ) ;
#2762 = EDGE_CURVE ( 'NONE', #1862, #2323, #830, .T. ) ;
#2763 = DIRECTION ( 'NONE',  ( -1.000000000000000000, 0.000000000000000000, 0.000000000000000000 ) ) ;
#2764 =( GEOMETRIC_REPRESENTATION_CONTEXT ( 3 ) GLOBAL_UNCERTAINTY_ASSIGNED_CONTEXT ( ( #483 ) ) GLOBAL_UNIT_ASSIGNED_CONTEXT ( ( #2111, #4107, #2774 ) ) REPRESENTATION_CONTEXT ( 'NONE', 'WORKASPACE' ) );
#2765 = ORIENTED_EDGE ( 'NONE', *, *, #3159, .F. ) ;
#2766 = DIRECTION ( 'NONE',  ( 0.000000000000000000, -0.000000000000000000, 1.000000000000000000 ) ) ;
#2767 = PRESENTATION_STYLE_ASSIGNMENT (( #2084 ) ) ;
#2768 = STYLED_ITEM ( 'NONE', ( #3328 ), #1130 ) ;
#2769 = VECTOR ( 'NONE', #2488, 1000.000000000000000 ) ;
#2770 = FILL_AREA_STYLE ('',( #2750 ) ) ;
#2771 = ORIENTED_EDGE ( 'NONE', *, *, #3709, .T. ) ;
#2772 =( NAMED_UNIT ( * ) SI_UNIT ( $, .STERADIAN. ) SOLID_ANGLE_UNIT ( ) );
#2773 = LINE ( 'NONE', #4127, #1786 ) ;
#2774 =( NAMED_UNIT ( * ) SI_UNIT ( $, .STERADIAN. ) SOLID_ANGLE_UNIT ( ) );
#2775 = LINE ( 'NONE', #3416, #2902 ) ;
#2776 = CARTESIAN_POINT ( 'NONE',  ( -1.370482912149213028, 2.899999999999999911, 0.8082131745777283438 ) ) ;
#2777 = LINE ( 'NONE', #1766, #90 ) ;
#2778 = EDGE_CURVE ( 'NONE', #2020, #2890, #2868, .T. ) ;
#2779 = CARTESIAN_POINT ( 'NONE',  ( -0.2180841445435792725, 2.889999999999999680, 0.8082131745777283438 ) ) ;
#2780 = ORIENTED_EDGE ( 'NONE', *, *, #3684, .F. ) ;
#2781 = VECTOR ( 'NONE', #2359, 1000.000000000000000 ) ;
#2782 = SPHERICAL_SURFACE ( 'NONE', #1905, 0.05000000000000000278 ) ;
#2783 = PRESENTATION_LAYER_ASSIGNMENT (  '', '', ( #1263 ) ) ;
#2784 = DIRECTION ( 'NONE',  ( 0.000000000000000000, 0.000000000000000000, 1.000000000000000000 ) ) ;
#2785 = UNCERTAINTY_MEASURE_WITH_UNIT (LENGTH_MEASURE( 1.000000000000000082E-05 ), #2304, 'distance_accuracy_value', 'NONE');
#2786 = COLOUR_RGB ( '',0.8000000000000000444, 0.8078431372549019773, 0.8000000000000000444 ) ;
#2787 = COLOUR_RGB ( '',0.8000000000000000444, 0.8078431372549019773, 0.8000000000000000444 ) ;
#2788 = SURFACE_SIDE_STYLE ('',( #3109 ) ) ;
#2789 = ORIENTED_EDGE ( 'NONE', *, *, #3873, .T. ) ;
#2790 = ADVANCED_FACE ( 'NONE', ( #236 ), #1684, .T. ) ;
#2791 = COLOUR_RGB ( '',0.7960784313725489669, 0.8235294117647058432, 0.9372549019607843146 ) ;
#2792 = CARTESIAN_POINT ( 'NONE',  ( 2.875470684397985866E-16, 1.899999999999999689, -2.348000000000000309 ) ) ;
#2793 = PLANE ( 'NONE',  #3645 ) ;
#2794 = DIRECTION ( 'NONE',  ( -3.431468728516649577E-16, 0.000000000000000000, -1.000000000000000000 ) ) ;
#2795 = ORIENTED_EDGE ( 'NONE', *, *, #1110, .T. ) ;
#2796 = FILL_AREA_STYLE ('',( #437 ) ) ;
#2797 = EDGE_CURVE ( 'NONE', #3213, #1806, #1851, .T. ) ;
#2798 = ADVANCED_FACE ( 'NONE', ( #3949 ), #2587, .F. ) ;
#2799 = PRESENTATION_STYLE_ASSIGNMENT (( #1131 ) ) ;
#2800 = ADVANCED_FACE ( 'NONE', ( #1959 ), #3907, .F. ) ;
#2801 = ORIENTED_EDGE ( 'NONE', *, *, #4280, .F. ) ;
#2802 =( LENGTH_UNIT ( ) NAMED_UNIT ( * ) SI_UNIT ( .MILLI., .METRE. ) );
#2803 = FACE_OUTER_BOUND ( 'NONE', #1193, .T. ) ;
#2804 = EDGE_CURVE ( 'NONE', #1516, #4129, #930, .T. ) ;
#2805 = CARTESIAN_POINT ( 'NONE',  ( -1.999999999999998224, 2.899999999999999911, 2.400000000000000355 ) ) ;
#2806 =( GEOMETRIC_REPRESENTATION_CONTEXT ( 3 ) GLOBAL_UNCERTAINTY_ASSIGNED_CONTEXT ( ( #787 ) ) GLOBAL_UNIT_ASSIGNED_CONTEXT ( ( #745, #396, #3414 ) ) REPRESENTATION_CONTEXT ( 'NONE', 'WORKASPACE' ) );
#2807 = LINE ( 'NONE', #3513, #3617 ) ;
#2808 = ORIENTED_EDGE ( 'NONE', *, *, #3251, .F. ) ;
#2809 =( NAMED_UNIT ( * ) SI_UNIT ( $, .STERADIAN. ) SOLID_ANGLE_UNIT ( ) );
#2810 = VECTOR ( 'NONE', #3304, 1000.000000000000000 ) ;
#2811 = CARTESIAN_POINT ( 'NONE',  ( -2.399999999999998579, 2.899999999999999911, 1.999999999999999556 ) ) ;
#2812 = EDGE_CURVE ( 'NONE', #1303, #3032, #3443, .T. ) ;
#2813 = DIRECTION ( 'NONE',  ( 0.000000000000000000, -1.000000000000000000, 0.000000000000000000 ) ) ;
#2814 = SURFACE_STYLE_FILL_AREA ( #161 ) ;
#2815 = ORIENTED_EDGE ( 'NONE', *, *, #1783, .T. ) ;
#2816 =( LENGTH_UNIT ( ) NAMED_UNIT ( * ) SI_UNIT ( .MILLI., .METRE. ) );
#2817 = VECTOR ( 'NONE', #1145, 999.9999999999998863 ) ;
#2818 = DIRECTION ( 'NONE',  ( -0.7071067811865489050, 0.000000000000000000, 0.7071067811865462405 ) ) ;
#2819 = CARTESIAN_POINT ( 'NONE',  ( 0.000000000000000000, 1.899999999999999689, 0.000000000000000000 ) ) ;
#2820 = DIRECTION ( 'NONE',  ( -1.000000000000000000, 0.000000000000000000, 0.000000000000000000 ) ) ;
#2821 = VERTEX_POINT ( 'NONE', #2726 ) ;
#2822 = CARTESIAN_POINT ( 'NONE',  ( -2.224264068711925280, 0.7499999999999998890, -1.517157287525384479 ) ) ;
#2823 =( LENGTH_UNIT ( ) NAMED_UNIT ( * ) SI_UNIT ( .MILLI., .METRE. ) );
#2824 =( LENGTH_UNIT ( ) NAMED_UNIT ( * ) SI_UNIT ( .MILLI., .METRE. ) );
#2825 = VERTEX_POINT ( 'NONE', #75 ) ;
#2826 = PRESENTATION_LAYER_ASSIGNMENT (  '', '', ( #3933 ) ) ;
#2827 =( GEOMETRIC_REPRESENTATION_CONTEXT ( 3 ) GLOBAL_UNCERTAINTY_ASSIGNED_CONTEXT ( ( #1099 ) ) GLOBAL_UNIT_ASSIGNED_CONTEXT ( ( #2721, #3731, #1123 ) ) REPRESENTATION_CONTEXT ( 'NONE', 'WORKASPACE' ) );
#2828 = UNCERTAINTY_MEASURE_WITH_UNIT (LENGTH_MEASURE( 1.000000000000000082E-05 ), #342, 'distance_accuracy_value', 'NONE');
#2829 = SURFACE_STYLE_USAGE ( .BOTH. , #4208 ) ;
#2830 = ORIENTED_EDGE ( 'NONE', *, *, #50, .F. ) ;
#2831 = EDGE_LOOP ( 'NONE', ( #619, #200, #441, #4099 ) ) ;
#2832 = DIRECTION ( 'NONE',  ( -0.4132170265578689050, 0.000000000000000000, 0.9106325762691962478 ) ) ;
#2833 =( GEOMETRIC_REPRESENTATION_CONTEXT ( 3 ) GLOBAL_UNCERTAINTY_ASSIGNED_CONTEXT ( ( #1058 ) ) GLOBAL_UNIT_ASSIGNED_CONTEXT ( ( #2297, #1366, #3023 ) ) REPRESENTATION_CONTEXT ( 'NONE', 'WORKASPACE' ) );
#2834 = FILL_AREA_STYLE_COLOUR ( '', #2897 ) ;
#2835 = PLANE ( 'NONE',  #2002 ) ;
#2836 = EDGE_CURVE ( 'NONE', #1903, #2727, #3017, .T. ) ;
#2837 =( GEOMETRIC_REPRESENTATION_CONTEXT ( 3 ) GLOBAL_UNCERTAINTY_ASSIGNED_CONTEXT ( ( #137 ) ) GLOBAL_UNIT_ASSIGNED_CONTEXT ( ( #373, #1288, #3596 ) ) REPRESENTATION_CONTEXT ( 'NONE', 'WORKASPACE' ) );
#2838 = ADVANCED_FACE ( 'NONE', ( #3215 ), #2239, .T. ) ;
#2839 = FILL_AREA_STYLE_COLOUR ( '', #2277 ) ;
#2840 = EDGE_LOOP ( 'NONE', ( #1185, #1874, #126, #759 ) ) ;
#2841 = CARTESIAN_POINT ( 'NONE',  ( 0.000000000000000000, -0.2000000000000000111, 1.849999999999999867 ) ) ;
#2842 = DIRECTION ( 'NONE',  ( 0.7071067811865486830, -1.084202172485504434E-16, -0.7071067811865464625 ) ) ;
#2843 = VECTOR ( 'NONE', #267, 1000.000000000000000 ) ;
#2844 = CARTESIAN_POINT ( 'NONE',  ( 2.399999999999999467, 0.000000000000000000, 1.199999999999999734 ) ) ;
#2845 = ORIENTED_EDGE ( 'NONE', *, *, #1265, .T. ) ;
#2846 = PRESENTATION_LAYER_ASSIGNMENT (  '', '', ( #1059 ) ) ;
#2847 = EDGE_CURVE ( 'NONE', #4041, #1516, #1643, .T. ) ;
#2848 = SURFACE_STYLE_FILL_AREA ( #2876 ) ;
#2849 = EDGE_CURVE ( 'NONE', #3399, #811, #2067, .T. ) ;
#2850 = EDGE_CURVE ( 'NONE', #264, #3759, #2638, .T. ) ;
#2851 = DIRECTION ( 'NONE',  ( 0.000000000000000000, 1.000000000000000000, 0.000000000000000000 ) ) ;
#2852 = CARTESIAN_POINT ( 'NONE',  ( -1.100000000000000533, -0.2000000000000000111, -2.299999999999999822 ) ) ;
#2853 = FILL_AREA_STYLE ('',( #3501 ) ) ;
#2854 = ORIENTED_EDGE ( 'NONE', *, *, #1127, .T. ) ;
#2855 = ORIENTED_EDGE ( 'NONE', *, *, #2489, .T. ) ;
#2856 = MECHANICAL_DESIGN_GEOMETRIC_PRESENTATION_REPRESENTATION (  '', ( #438 ), #2380 ) ;
#2857 =( LENGTH_UNIT ( ) NAMED_UNIT ( * ) SI_UNIT ( .MILLI., .METRE. ) );
#2858 = CARTESIAN_POINT ( 'NONE',  ( 2.299999999999998490, 0.000000000000000000, -1.100000000000000311 ) ) ;
#2859 =( BOUNDED_CURVE ( )  B_SPLINE_CURVE ( 3, ( #1268, #2255, #889, #2539 ),
 .UNSPECIFIED., .F., .T. ) 
 B_SPLINE_CURVE_WITH_KNOTS ( ( 4, 4 ),
 ( 3.141592653589790451, 3.926990816987240951 ),
 .UNSPECIFIED. ) 
 CURVE ( )  GEOMETRIC_REPRESENTATION_ITEM ( )  RATIONAL_B_SPLINE_CURVE ( ( 1.000000000000000000, 0.9492530216741907889, 0.9492530216741907889, 1.000000000000000000 ) ) 
 REPRESENTATION_ITEM ( '' )  );
#2860 = EDGE_CURVE ( 'NONE', #1806, #286, #895, .T. ) ;
#2861 = FILL_AREA_STYLE ('',( #2834 ) ) ;
#2862 =( NAMED_UNIT ( * ) PLANE_ANGLE_UNIT ( ) SI_UNIT ( $, .RADIAN. ) );
#2863 = AXIS2_PLACEMENT_3D ( 'NONE', #2242, #599, #1351 ) ;
#2864 = VECTOR ( 'NONE', #961, 1000.000000000000000 ) ;
#2865 = PLANE ( 'NONE',  #2429 ) ;
#2866 = ORIENTED_EDGE ( 'NONE', *, *, #46, .T. ) ;
#2867 = DIRECTION ( 'NONE',  ( -0.4132170265578689605, 0.000000000000000000, 0.9106325762691961367 ) ) ;
#2868 = CIRCLE ( 'NONE', #2931, 0.05000000000000006523 ) ;
#2869 = VECTOR ( 'NONE', #3155, 1000.000000000000000 ) ;
#2870 = CIRCLE ( 'NONE', #858, 0.05000000000000007216 ) ;
#2871 = SURFACE_STYLE_USAGE ( .BOTH. , #215 ) ;
#2872 = MECHANICAL_DESIGN_GEOMETRIC_PRESENTATION_REPRESENTATION (  '', ( #1208 ), #27 ) ;
#2873 = ORIENTED_EDGE ( 'NONE', *, *, #36, .F. ) ;
#2874 = MECHANICAL_DESIGN_GEOMETRIC_PRESENTATION_REPRESENTATION (  '', ( #1286 ), #1775 ) ;
#2875 = FILL_AREA_STYLE_COLOUR ( '', #3145 ) ;
#2876 = FILL_AREA_STYLE ('',( #834 ) ) ;
#2877 = LINE ( 'NONE', #3542, #4284 ) ;
#2878 = LINE ( 'NONE', #1879, #3887 ) ;
#2879 = ORIENTED_EDGE ( 'NONE', *, *, #1815, .F. ) ;
#2880 =( NAMED_UNIT ( * ) PLANE_ANGLE_UNIT ( ) SI_UNIT ( $, .RADIAN. ) );
#2881 = DIRECTION ( 'NONE',  ( -0.000000000000000000, 1.000000000000000000, -0.000000000000000000 ) ) ;
#2882 = LINE ( 'NONE', #3870, #2769 ) ;
#2883 = LINE ( 'NONE', #2921, #2443 ) ;
#2884 = COLOUR_RGB ( '',1.000000000000000000, 1.000000000000000000, 1.000000000000000000 ) ;
#2885 = DIRECTION ( 'NONE',  ( 1.000000000000000000, 0.000000000000000000, 0.000000000000000000 ) ) ;
#2886 = UNCERTAINTY_MEASURE_WITH_UNIT (LENGTH_MEASURE( 1.000000000000000082E-05 ), #3178, 'distance_accuracy_value', 'NONE');
#2887 = LINE ( 'NONE', #902, #1805 ) ;
#2888 = ORIENTED_EDGE ( 'NONE', *, *, #2940, .F. ) ;
#2889 = DIRECTION ( 'NONE',  ( 0.000000000000000000, 1.000000000000000000, 0.000000000000000000 ) ) ;
#2890 = VERTEX_POINT ( 'NONE', #1596 ) ;
#2891 = DIRECTION ( 'NONE',  ( 0.000000000000000000, -1.000000000000000000, 0.000000000000000000 ) ) ;
#2892 = PLANE ( 'NONE',  #2675 ) ;
#2893 = DIRECTION ( 'NONE',  ( 0.000000000000000000, 0.000000000000000000, -1.000000000000000000 ) ) ;
#2894 = ORIENTED_EDGE ( 'NONE', *, *, #1888, .F. ) ;
#2895 = VERTEX_POINT ( 'NONE', #2910 ) ;
#2896 = DIRECTION ( 'NONE',  ( 0.000000000000000000, -1.000000000000000000, 0.000000000000000000 ) ) ;
#2897 = COLOUR_RGB ( '',0.8000000000000000444, 0.8078431372549019773, 0.8000000000000000444 ) ;
#2898 = CARTESIAN_POINT ( 'NONE',  ( 2.188908729652597529, -0.2000000000000000111, 1.552512626584710231 ) ) ;
#2899 = MECHANICAL_DESIGN_GEOMETRIC_PRESENTATION_REPRESENTATION (  '', ( #1174 ), #3526 ) ;
#2900 = ORIENTED_EDGE ( 'NONE', *, *, #2060, .T. ) ;
#2901 = ADVANCED_FACE ( 'NONE', ( #1274, #2594, #3914, #3932 ), #1229, .T. ) ;
#2902 = VECTOR ( 'NONE', #87, 1000.000000000000000 ) ;
#2903 = SURFACE_STYLE_FILL_AREA ( #3276 ) ;
#2904 = ORIENTED_EDGE ( 'NONE', *, *, #1458, .F. ) ;
#2905 = CARTESIAN_POINT ( 'NONE',  ( 2.399999999999999023, 2.899999999999999911, -1.999999999999999556 ) ) ;
#2906 =( LENGTH_UNIT ( ) NAMED_UNIT ( * ) SI_UNIT ( .MILLI., .METRE. ) );
#2907 = PRESENTATION_STYLE_ASSIGNMENT (( #939 ) ) ;
#2908 = DIRECTION ( 'NONE',  ( -0.7071067811865489050, 0.000000000000000000, 0.7071067811865462405 ) ) ;
#2909 = VECTOR ( 'NONE', #1554, 1000.000000000000000 ) ;
#2910 = CARTESIAN_POINT ( 'NONE',  ( 2.118198051533942028, 0.7999999999999998224, 1.481801948466055840 ) ) ;
#2911 = ADVANCED_FACE ( 'NONE', ( #2714 ), #718, .F. ) ;
#2912 = EDGE_LOOP ( 'NONE', ( #3479, #3783, #845, #1881 ) ) ;
#2913 = PRESENTATION_LAYER_ASSIGNMENT (  '', '', ( #900 ) ) ;
#2914 = ORIENTED_EDGE ( 'NONE', *, *, #4066, .F. ) ;
#2915 = CYLINDRICAL_SURFACE ( 'NONE', #715, 2.350000000000000089 ) ;
#2916 = DIRECTION ( 'NONE',  ( -0.9106325762691962478, 0.000000000000000000, -0.4132170265578689050 ) ) ;
#2917 = CARTESIAN_POINT ( 'NONE',  ( -1.346446609406723338, -0.2000000000000000111, -2.053553390593277239 ) ) ;
#2918 =( NAMED_UNIT ( * ) PLANE_ANGLE_UNIT ( ) SI_UNIT ( $, .RADIAN. ) );
#2919 = MECHANICAL_DESIGN_GEOMETRIC_PRESENTATION_REPRESENTATION (  '', ( #3129 ), #999 ) ;
#2920 =( GEOMETRIC_REPRESENTATION_CONTEXT ( 3 ) GLOBAL_UNCERTAINTY_ASSIGNED_CONTEXT ( ( #258 ) ) GLOBAL_UNIT_ASSIGNED_CONTEXT ( ( #2078, #7, #3298 ) ) REPRESENTATION_CONTEXT ( 'NONE', 'WORKASPACE' ) );
#2921 = CARTESIAN_POINT ( 'NONE',  ( -0.5759186515858326638, 2.889999999999999680, -0.6706600648588912916 ) ) ;
#2922 = AXIS2_PLACEMENT_3D ( 'NONE', #1497, #1417, #2098 ) ;
#2923 = SURFACE_STYLE_FILL_AREA ( #1134 ) ;
#2924 = CARTESIAN_POINT ( 'NONE',  ( -1.517157287525376264, 0.7499999999999998890, -2.224264068711930609 ) ) ;
#2925 = EDGE_LOOP ( 'NONE', ( #414, #3072, #2815, #4137, #1276, #4263, #3126 ) ) ;
#2926 = EDGE_CURVE ( 'NONE', #1325, #1664, #739, .T. ) ;
#2927 = DIRECTION ( 'NONE',  ( 1.000000000000000000, 0.000000000000000000, 0.000000000000000000 ) ) ;
#2928 = DIRECTION ( 'NONE',  ( 0.7071067811865465735, 0.000000000000000000, 0.7071067811865483499 ) ) ;
#2929 = VERTEX_POINT ( 'NONE', #3703 ) ;
#2930 = LINE ( 'NONE', #2656, #2314 ) ;
#2931 = AXIS2_PLACEMENT_3D ( 'NONE', #528, #548, #1244 ) ;
#2932 = MECHANICAL_DESIGN_GEOMETRIC_PRESENTATION_REPRESENTATION (  '', ( #451 ), #1902 ) ;
#2933 = EDGE_CURVE ( 'NONE', #3041, #3459, #430, .T. ) ;
#2934 = SURFACE_STYLE_FILL_AREA ( #1347 ) ;
#2935 = SURFACE_STYLE_USAGE ( .BOTH. , #1612 ) ;
#2936 = ORIENTED_EDGE ( 'NONE', *, *, #1000, .T. ) ;
#2937 = ORIENTED_EDGE ( 'NONE', *, *, #178, .T. ) ;
#2938 = SURFACE_STYLE_USAGE ( .BOTH. , #3342 ) ;
#2939 = CARTESIAN_POINT ( 'NONE',  ( 2.188908729652597085, 0.6999999999999997335, 1.552512626584711342 ) ) ;
#2940 = EDGE_CURVE ( 'NONE', #960, #1464, #2680, .T. ) ;
#2941 = MECHANICAL_DESIGN_GEOMETRIC_PRESENTATION_REPRESENTATION (  '', ( #2743 ), #520 ) ;
#2942 = PRESENTATION_STYLE_ASSIGNMENT (( #4278 ) ) ;
#2943 =( GEOMETRIC_REPRESENTATION_CONTEXT ( 3 ) GLOBAL_UNCERTAINTY_ASSIGNED_CONTEXT ( ( #1752 ) ) GLOBAL_UNIT_ASSIGNED_CONTEXT ( ( #1014, #662, #2692 ) ) REPRESENTATION_CONTEXT ( 'NONE', 'WORKASPACE' ) );
#2944 = AXIS2_PLACEMENT_3D ( 'NONE', #3077, #3800, #163 ) ;
#2945 =( LENGTH_UNIT ( ) NAMED_UNIT ( * ) SI_UNIT ( .MILLI., .METRE. ) );
#2946 = AXIS2_PLACEMENT_3D ( 'NONE', #1920, #2333, #3235 ) ;
#2947 = SURFACE_SIDE_STYLE ('',( #698 ) ) ;
#2948 = SURFACE_SIDE_STYLE ('',( #4016 ) ) ;
#2949 = AXIS2_PLACEMENT_3D ( 'NONE', #360, #3982, #29 ) ;
#2950 = VECTOR ( 'NONE', #3671, 1000.000000000000000 ) ;
#2951 = ORIENTED_EDGE ( 'NONE', *, *, #1443, .T. ) ;
#2952 = CARTESIAN_POINT ( 'NONE',  ( 1.481801948466047847, -0.2000000000000000111, 2.188908729652602414 ) ) ;
#2953 = LINE ( 'NONE', #325, #3292 ) ;
#2954 = PRESENTATION_STYLE_ASSIGNMENT (( #1341 ) ) ;
#2955 = DIRECTION ( 'NONE',  ( -0.000000000000000000, 1.000000000000000000, -0.000000000000000000 ) ) ;
#2956 = FILL_AREA_STYLE_COLOUR ( '', #2595 ) ;
#2957 = VERTEX_POINT ( 'NONE', #1079 ) ;
#2958 = SURFACE_STYLE_FILL_AREA ( #2635 ) ;
#2959 = FACE_OUTER_BOUND ( 'NONE', #2355, .T. ) ;
#2960 =( NAMED_UNIT ( * ) PLANE_ANGLE_UNIT ( ) SI_UNIT ( $, .RADIAN. ) );
#2961 = CARTESIAN_POINT ( 'NONE',  ( -1.517157287525376486, 0.7146446609406724715, -2.203553390593276262 ) ) ;
#2962 = ORIENTED_EDGE ( 'NONE', *, *, #1565, .F. ) ;
#2963 = ORIENTED_EDGE ( 'NONE', *, *, #3627, .F. ) ;
#2964 = FACE_OUTER_BOUND ( 'NONE', #2424, .T. ) ;
#2965 = SHAPE_DEFINITION_REPRESENTATION ( #297, #471 ) ;
#2966 = FACE_OUTER_BOUND ( 'NONE', #3819, .T. ) ;
#2967 = AXIS2_PLACEMENT_3D ( 'NONE', #398, #2600, #3012 ) ;
#2968 = FILL_AREA_STYLE_COLOUR ( '', #1861 ) ;
#2969 = PRESENTATION_LAYER_ASSIGNMENT (  '', '', ( #187 ) ) ;
#2970 = FACE_OUTER_BOUND ( 'NONE', #1030, .T. ) ;
#2971 = FILL_AREA_STYLE_COLOUR ( '', #3796 ) ;
#2972 = CARTESIAN_POINT ( 'NONE',  ( -1.449378158628086277, 2.889999999999999680, -0.5016459803518490412 ) ) ;
#2973 = EDGE_CURVE ( 'NONE', #3287, #1862, #1348, .T. ) ;
#2974 = ORIENTED_EDGE ( 'NONE', *, *, #3441, .T. ) ;
#2975 = PLANE ( 'NONE',  #131 ) ;
#2976 = DIRECTION ( 'NONE',  ( -1.000000000000000000, 0.000000000000000000, 0.000000000000000000 ) ) ;
#2977 = EDGE_CURVE ( 'NONE', #264, #3923, #1425, .T. ) ;
#2978 = VERTEX_POINT ( 'NONE', #2405 ) ;
#2979 = DIRECTION ( 'NONE',  ( -1.000000000000000000, 0.000000000000000000, 0.000000000000000000 ) ) ;
#2980 = ORIENTED_EDGE ( 'NONE', *, *, #3560, .T. ) ;
#2981 = CARTESIAN_POINT ( 'NONE',  ( 1.446446609406720762, 0.7499999999999998890, 2.153553390593275108 ) ) ;
#2982 = EDGE_CURVE ( 'NONE', #1009, #1269, #690, .T. ) ;
#2983 = EDGE_CURVE ( 'NONE', #3502, #82, #2071, .T. ) ;
#2984 = ORIENTED_EDGE ( 'NONE', *, *, #2737, .F. ) ;
#2985 = EDGE_LOOP ( 'NONE', ( #287, #1319, #3319, #121 ) ) ;
#2986 = SURFACE_STYLE_FILL_AREA ( #3240 ) ;
#2987 = ADVANCED_FACE ( 'NONE', ( #1691 ), #3003, .T. ) ;
#2988 = EDGE_CURVE ( 'NONE', #2549, #2190, #1866, .T. ) ;
#2989 = FILL_AREA_STYLE ('',( #2968 ) ) ;
#2990 = COLOUR_RGB ( '',0.8000000000000000444, 0.8078431372549019773, 0.8000000000000000444 ) ;
#2991 = CARTESIAN_POINT ( 'NONE',  ( -2.399999999999999911, 0.000000000000000000, -1.200000000000001066 ) ) ;
#2992 =( LENGTH_UNIT ( ) NAMED_UNIT ( * ) SI_UNIT ( .MILLI., .METRE. ) );
#2993 =( LENGTH_UNIT ( ) NAMED_UNIT ( * ) SI_UNIT ( .MILLI., .METRE. ) );
#2994 = VECTOR ( 'NONE', #1601, 1000.000000000000000 ) ;
#2995 = FILL_AREA_STYLE ('',( #323 ) ) ;
#2996 = VERTEX_POINT ( 'NONE', #2183 ) ;
#2997 = DIRECTION ( 'NONE',  ( -1.000000000000000000, 0.000000000000000000, 3.431468728516636758E-16 ) ) ;
#2998 =( GEOMETRIC_REPRESENTATION_CONTEXT ( 3 ) GLOBAL_UNCERTAINTY_ASSIGNED_CONTEXT ( ( #1836 ) ) GLOBAL_UNIT_ASSIGNED_CONTEXT ( ( #2824, #3172, #1178 ) ) REPRESENTATION_CONTEXT ( 'NONE', 'WORKASPACE' ) );
#2999 = CARTESIAN_POINT ( 'NONE',  ( 2.188908729652597085, 1.217690693098910837E-15, 1.552512626584710453 ) ) ;
#3000 = ORIENTED_EDGE ( 'NONE', *, *, #678, .T. ) ;
#3001 = FILL_AREA_STYLE_COLOUR ( '', #4050 ) ;
#3002 = DIRECTION ( 'NONE',  ( 0.000000000000000000, -1.000000000000000000, 0.000000000000000000 ) ) ;
#3003 = CYLINDRICAL_SURFACE ( 'NONE', #1911, 0.05000000000000007216 ) ;
#3004 = VECTOR ( 'NONE', #4223, 1000.000000000000000 ) ;
#3005 = ORIENTED_EDGE ( 'NONE', *, *, #3749, .F. ) ;
#3006 = ORIENTED_EDGE ( 'NONE', *, *, #3693, .F. ) ;
#3007 = PRESENTATION_STYLE_ASSIGNMENT (( #33 ) ) ;
#3008 = FILL_AREA_STYLE ('',( #3959 ) ) ;
#3009 = VECTOR ( 'NONE', #3512, 1000.000000000000000 ) ;
#3010 = MECHANICAL_DESIGN_GEOMETRIC_PRESENTATION_REPRESENTATION (  '', ( #581 ), #229 ) ;
#3011 = AXIS2_PLACEMENT_3D ( 'NONE', #3940, #2698, #997 ) ;
#3012 = DIRECTION ( 'NONE',  ( 1.000000000000000000, 0.000000000000000000, -0.000000000000000000 ) ) ;
#3013 = FACE_OUTER_BOUND ( 'NONE', #1573, .T. ) ;
#3014 =( NAMED_UNIT ( * ) PLANE_ANGLE_UNIT ( ) SI_UNIT ( $, .RADIAN. ) );
#3015 =( GEOMETRIC_REPRESENTATION_CONTEXT ( 3 ) GLOBAL_UNCERTAINTY_ASSIGNED_CONTEXT ( ( #1237 ) ) GLOBAL_UNIT_ASSIGNED_CONTEXT ( ( #4248, #3282, #3929 ) ) REPRESENTATION_CONTEXT ( 'NONE', 'WORKASPACE' ) );
#3016 = LINE ( 'NONE', #4283, #1191 ) ;
#3017 = CIRCLE ( 'NONE', #3216, 0.4000000000000001887 ) ;
#3018 = ORIENTED_EDGE ( 'NONE', *, *, #678, .F. ) ;
#3019 =( LENGTH_UNIT ( ) NAMED_UNIT ( * ) SI_UNIT ( .MILLI., .METRE. ) );
#3020 = CARTESIAN_POINT ( 'NONE',  ( -0.7753024544027340426, 2.899999999999999911, -0.5016459803518493743 ) ) ;
#3021 = AXIS2_PLACEMENT_3D ( 'NONE', #2556, #3550, #3224 ) ;
#3022 = ORIENTED_EDGE ( 'NONE', *, *, #2983, .F. ) ;
#3023 =( NAMED_UNIT ( * ) SI_UNIT ( $, .STERADIAN. ) SOLID_ANGLE_UNIT ( ) );
#3024 = VERTEX_POINT ( 'NONE', #1582 ) ;
#3025 = MECHANICAL_DESIGN_GEOMETRIC_PRESENTATION_REPRESENTATION (  '', ( #1839 ), #2253 ) ;
#3026 = FILL_AREA_STYLE ('',( #1387 ) ) ;
#3027 = DIRECTION ( 'NONE',  ( 0.000000000000000000, -1.000000000000000000, 0.000000000000000000 ) ) ;
#3028 = CARTESIAN_POINT ( 'NONE',  ( 0.3959123343296602204, 2.889999999999999680, -0.5448898183800181538 ) ) ;
#3029 = CARTESIAN_POINT ( 'NONE',  ( 1.517157287525375375, -5.685945951914587818E-17, 2.224264068711929720 ) ) ;
#3030 = CARTESIAN_POINT ( 'NONE',  ( 1.668082731761227899, -0.2000000000000000111, -0.7999999999999992673 ) ) ;
#3031 = VERTEX_POINT ( 'NONE', #271 ) ;
#3032 = VERTEX_POINT ( 'NONE', #2898 ) ;
#3033 = CARTESIAN_POINT ( 'NONE',  ( 2.299999999999998490, -0.2000000000000000111, -0.7999999999999994893 ) ) ;
#3034 = SURFACE_STYLE_FILL_AREA ( #84 ) ;
#3035 = CARTESIAN_POINT ( 'NONE',  ( -1.999999999999998224, 2.899999999999999911, 2.400000000000000355 ) ) ;
#3036 = ADVANCED_FACE ( 'NONE', ( #185 ), #540, .T. ) ;
#3037 = AXIS2_PLACEMENT_3D ( 'NONE', #2584, #1954, #3903 ) ;
#3038 = VERTEX_POINT ( 'NONE', #3805 ) ;
#3039 = MECHANICAL_DESIGN_GEOMETRIC_PRESENTATION_REPRESENTATION (  '', ( #1389 ), #338 ) ;
#3040 = FACE_OUTER_BOUND ( 'NONE', #494, .T. ) ;
#3041 = VERTEX_POINT ( 'NONE', #2372 ) ;
#3042 = FACE_OUTER_BOUND ( 'NONE', #2273, .T. ) ;
#3043 = DIRECTION ( 'NONE',  ( 0.000000000000000000, 0.000000000000000000, -1.000000000000000000 ) ) ;
#3044 = ORIENTED_EDGE ( 'NONE', *, *, #1116, .T. ) ;
#3045 = DIRECTION ( 'NONE',  ( -1.000000000000000000, 0.000000000000000000, 0.000000000000000000 ) ) ;
#3046 = DIRECTION ( 'NONE',  ( -0.7071067811865455743, 0.000000000000000000, 0.7071067811865495711 ) ) ;
#3047 = UNCERTAINTY_MEASURE_WITH_UNIT (LENGTH_MEASURE( 1.000000000000000082E-05 ), #884, 'distance_accuracy_value', 'NONE');
#3048 =( NAMED_UNIT ( * ) SI_UNIT ( $, .STERADIAN. ) SOLID_ANGLE_UNIT ( ) );
#3049 = AXIS2_PLACEMENT_3D ( 'NONE', #1192, #2226, #584 ) ;
#3050 = EDGE_CURVE ( 'NONE', #1061, #3266, #3720, .T. ) ;
#3051 = CARTESIAN_POINT ( 'NONE',  ( 2.399999999999999023, 2.899999999999999911, -2.399999999999999911 ) ) ;
#3052 =( NAMED_UNIT ( * ) SI_UNIT ( $, .STERADIAN. ) SOLID_ANGLE_UNIT ( ) );
#3053 = ORIENTED_EDGE ( 'NONE', *, *, #1440, .F. ) ;
#3055 = ORIENTED_EDGE ( 'NONE', *, *, #869, .T. ) ;
#3054 = COLOUR_RGB ( '',0.8000000000000000444, 0.8078431372549019773, 0.8000000000000000444 ) ;
#3056 = DIRECTION ( 'NONE',  ( 0.000000000000000000, 0.000000000000000000, 1.000000000000000000 ) ) ;
#3057 = PRESENTATION_LAYER_ASSIGNMENT (  '', '', ( #3253 ) ) ;
#3058 = SURFACE_STYLE_FILL_AREA ( #2095 ) ;
#3059 = SURFACE_SIDE_STYLE ('',( #2738 ) ) ;
#3060 = CARTESIAN_POINT ( 'NONE',  ( 2.542462120245870150, 0.7999999999999998224, 1.835355339059330904 ) ) ;
#3061 = MECHANICAL_DESIGN_GEOMETRIC_PRESENTATION_REPRESENTATION (  '', ( #1059 ), #4034 ) ;
#3062 = AXIS2_PLACEMENT_3D ( 'NONE', #3785, #2140, #3466 ) ;
#3063 = SURFACE_STYLE_FILL_AREA ( #2082 ) ;
#3064 = ORIENTED_EDGE ( 'NONE', *, *, #1413, .T. ) ;
#3065 =( GEOMETRIC_REPRESENTATION_CONTEXT ( 3 ) GLOBAL_UNCERTAINTY_ASSIGNED_CONTEXT ( ( #3179 ) ) GLOBAL_UNIT_ASSIGNED_CONTEXT ( ( #4079, #92, #1461 ) ) REPRESENTATION_CONTEXT ( 'NONE', 'WORKASPACE' ) );
#3066 = CARTESIAN_POINT ( 'NONE',  ( -2.577817459305198344, 0.6999999999999997335, -1.870710678118659542 ) ) ;
#3067 =( LENGTH_UNIT ( ) NAMED_UNIT ( * ) SI_UNIT ( .MILLI., .METRE. ) );
#3068 =( NAMED_UNIT ( * ) PLANE_ANGLE_UNIT ( ) SI_UNIT ( $, .RADIAN. ) );
#3069 = LINE ( 'NONE', #2107, #3279 ) ;
#3070 = DIRECTION ( 'NONE',  ( 0.000000000000000000, -0.000000000000000000, 1.000000000000000000 ) ) ;
#3071 = EDGE_LOOP ( 'NONE', ( #1027, #2801, #3455 ) ) ;
#3072 = ORIENTED_EDGE ( 'NONE', *, *, #3450, .T. ) ;
#3073 = CARTESIAN_POINT ( 'NONE',  ( 1.367743320245153216, 2.889999999999999680, -0.6706600648588912916 ) ) ;
#3074 = MECHANICAL_DESIGN_GEOMETRIC_PRESENTATION_REPRESENTATION (  '', ( #1765 ), #642 ) ;
#3075 = CARTESIAN_POINT ( 'NONE',  ( 0.4942838132028996578, 2.899999999999999911, -0.5016459803518490412 ) ) ;
#3076 = EDGE_CURVE ( 'NONE', #2639, #62, #3374, .T. ) ;
#3077 = CARTESIAN_POINT ( 'NONE',  ( -0.2180841445435792725, 2.889999999999999680, 0.8082131745777283438 ) ) ;
#3078 = VECTOR ( 'NONE', #1808, 1000.000000000000114 ) ;
#3079 = AXIS2_PLACEMENT_3D ( 'NONE', #3135, #2132, #1897 ) ;
#3080 = CARTESIAN_POINT ( 'NONE',  ( 2.118198051533942028, 0.7499999999999997780, 1.481801948466055840 ) ) ;
#3081 = DIRECTION ( 'NONE',  ( -0.000000000000000000, 1.000000000000000000, -0.000000000000000000 ) ) ;
#3082 = VECTOR ( 'NONE', #1991, 1000.000000000000000 ) ;
#3083 = PRESENTATION_LAYER_ASSIGNMENT (  '', '', ( #2743 ) ) ;
#3084 = AXIS2_PLACEMENT_3D ( 'NONE', #14, #958, #1632 ) ;
#3085 = FILL_AREA_STYLE_COLOUR ( '', #3462 ) ;
#3086 = ORIENTED_EDGE ( 'NONE', *, *, #3113, .T. ) ;
#3087 =( GEOMETRIC_REPRESENTATION_CONTEXT ( 3 ) GLOBAL_UNCERTAINTY_ASSIGNED_CONTEXT ( ( #2260 ) ) GLOBAL_UNIT_ASSIGNED_CONTEXT ( ( #2992, #2676, #747 ) ) REPRESENTATION_CONTEXT ( 'NONE', 'WORKASPACE' ) );
#3088 = AXIS2_PLACEMENT_3D ( 'NONE', #3952, #2303, #2012 ) ;
#3089 = DIRECTION ( 'NONE',  ( 0.000000000000000000, 1.000000000000000000, 0.000000000000000000 ) ) ;
#3090 = CARTESIAN_POINT ( 'NONE',  ( -2.399999999999999911, 2.899999999999999911, -1.200000000000001066 ) ) ;
#3091 = UNCERTAINTY_MEASURE_WITH_UNIT (LENGTH_MEASURE( 1.000000000000000082E-05 ), #165, 'distance_accuracy_value', 'NONE');
#3092 = VERTEX_POINT ( 'NONE', #45 ) ;
#3093 = ORIENTED_EDGE ( 'NONE', *, *, #4002, .F. ) ;
#3094 = DIRECTION ( 'NONE',  ( 0.000000000000000000, 1.000000000000000000, 0.000000000000000000 ) ) ;
#3095 = SURFACE_SIDE_STYLE ('',( #1761 ) ) ;
#3096 = DIRECTION ( 'NONE',  ( -0.7071067811865474617, 0.000000000000000000, 0.7071067811865474617 ) ) ;
#3097 = LINE ( 'NONE', #797, #1512 ) ;
#3098 = EDGE_CURVE ( 'NONE', #3092, #1102, #2072, .T. ) ;
#3099 = CARTESIAN_POINT ( 'NONE',  ( -1.668082731761228121, 0.000000000000000000, -0.7999999999999988232 ) ) ;
#3100 = CARTESIAN_POINT ( 'NONE',  ( -2.118198051533942916, 0.7999999999999998224, -1.481801948466056729 ) ) ;
#3101 = EDGE_CURVE ( 'NONE', #3808, #3657, #1785, .T. ) ;
#3102 = SURFACE_STYLE_USAGE ( .BOTH. , #4132 ) ;
#3103 = ORIENTED_EDGE ( 'NONE', *, *, #1458, .T. ) ;
#3104 = FILL_AREA_STYLE ('',( #1097 ) ) ;
#3105 =( GEOMETRIC_REPRESENTATION_CONTEXT ( 3 ) GLOBAL_UNCERTAINTY_ASSIGNED_CONTEXT ( ( #3700 ) ) GLOBAL_UNIT_ASSIGNED_CONTEXT ( ( #1542, #1294, #3906 ) ) REPRESENTATION_CONTEXT ( 'NONE', 'WORKASPACE' ) );
#3106 = EDGE_CURVE ( 'NONE', #1584, #2708, #4281, .T. ) ;
#3107 = DIRECTION ( 'NONE',  ( -0.000000000000000000, 1.000000000000000000, 0.000000000000000000 ) ) ;
#3108 = DIRECTION ( 'NONE',  ( 0.7071067811865489050, 0.000000000000000000, -0.7071067811865462405 ) ) ;
#3109 = SURFACE_STYLE_FILL_AREA ( #2130 ) ;
#3110 = ORIENTED_EDGE ( 'NONE', *, *, #1188, .F. ) ;
#3111 = EDGE_CURVE ( 'NONE', #4042, #94, #3301, .T. ) ;
#3112 = ADVANCED_FACE ( 'NONE', ( #2970 ), #2605, .T. ) ;
#3113 = EDGE_CURVE ( 'NONE', #3459, #1993, #4018, .T. ) ;
#3114 = SURFACE_STYLE_USAGE ( .BOTH. , #3427 ) ;
#3115 = CARTESIAN_POINT ( 'NONE',  ( -0.5759186515858326638, 2.899999999999999911, -0.5448898183800181538 ) ) ;
#3116 = STYLED_ITEM ( 'NONE', ( #2799 ), #2154 ) ;
#3117 = CARTESIAN_POINT ( 'NONE',  ( 2.577817459305197456, 0.7499999999999997780, 1.870710678118658432 ) ) ;
#3118 = EDGE_CURVE ( 'NONE', #61, #301, #527, .T. ) ;
#3119 = ORIENTED_EDGE ( 'NONE', *, *, #3606, .T. ) ;
#3120 = DIRECTION ( 'NONE',  ( -1.000000000000000000, 0.000000000000000000, 0.000000000000000000 ) ) ;
#3121 = EDGE_CURVE ( 'NONE', #3717, #480, #372, .T. ) ;
#3122 = CARTESIAN_POINT ( 'NONE',  ( -1.835355339059322688, 0.7499999999999998890, -2.542462120245878587 ) ) ;
#3123 = ADVANCED_FACE ( 'NONE', ( #1047 ), #1001, .T. ) ;
#3124 = VECTOR ( 'NONE', #2266, 1000.000000000000000 ) ;
#3125 =( LENGTH_UNIT ( ) NAMED_UNIT ( * ) SI_UNIT ( .MILLI., .METRE. ) );
#3126 = ORIENTED_EDGE ( 'NONE', *, *, #3121, .T. ) ;
#3127 = CARTESIAN_POINT ( 'NONE',  ( -1.449378158628086277, 2.899999999999999911, -0.6706600648588912916 ) ) ;
#3128 = EDGE_CURVE ( 'NONE', #3923, #181, #1838, .T. ) ;
#3129 = STYLED_ITEM ( 'NONE', ( #1639 ), #60 ) ;
#3130 = UNCERTAINTY_MEASURE_WITH_UNIT (LENGTH_MEASURE( 1.000000000000000082E-05 ), #1302, 'distance_accuracy_value', 'NONE');
#3131 = LINE ( 'NONE', #2805, #2667 ) ;
#3132 = AXIS2_PLACEMENT_3D ( 'NONE', #2555, #3872, #2269 ) ;
#3133 = STYLED_ITEM ( 'NONE', ( #2079 ), #1505 ) ;
#3134 = ORIENTED_EDGE ( 'NONE', *, *, #994, .T. ) ;
#3135 = CARTESIAN_POINT ( 'NONE',  ( 0.000000000000000000, 0.000000000000000000, 0.000000000000000000 ) ) ;
#3136 = CYLINDRICAL_SURFACE ( 'NONE', #1983, 0.05000000000000007216 ) ;
#3137 = UNCERTAINTY_MEASURE_WITH_UNIT (LENGTH_MEASURE( 1.000000000000000082E-05 ), #423, 'distance_accuracy_value', 'NONE');
#3138 = DIRECTION ( 'NONE',  ( 1.000000000000000000, 0.000000000000000000, 0.000000000000000000 ) ) ;
#3139 = FILL_AREA_STYLE ('',( #1454 ) ) ;
#3140 = ORIENTED_EDGE ( 'NONE', *, *, #1700, .F. ) ;
#3141 = ORIENTED_EDGE ( 'NONE', *, *, #3076, .F. ) ;
#3142 = SURFACE_SIDE_STYLE ('',( #1822 ) ) ;
#3143 = CARTESIAN_POINT ( 'NONE',  ( -2.542462120245871482, 0.7499999999999997780, -1.906066017177986405 ) ) ;
#3144 = STYLED_ITEM ( 'NONE', ( #3333 ), #2800 ) ;
#3145 = COLOUR_RGB ( '',0.8000000000000000444, 0.8078431372549019773, 0.8000000000000000444 ) ;
#3146 = AXIS2_PLACEMENT_3D ( 'NONE', #2302, #2011, #2589 ) ;
#3147 =( GEOMETRIC_REPRESENTATION_CONTEXT ( 3 ) GLOBAL_UNCERTAINTY_ASSIGNED_CONTEXT ( ( #57 ) ) GLOBAL_UNIT_ASSIGNED_CONTEXT ( ( #2422, #1139, #789 ) ) REPRESENTATION_CONTEXT ( 'NONE', 'WORKASPACE' ) );
#3148 = VERTEX_POINT ( 'NONE', #1167 ) ;
#3149 = DIRECTION ( 'NONE',  ( -0.000000000000000000, 1.000000000000000000, -0.000000000000000000 ) ) ;
#3150 = DIRECTION ( 'NONE',  ( 0.7071067811865496822, 0.000000000000000000, -0.7071067811865453523 ) ) ;
#3151 = STYLED_ITEM ( 'NONE', ( #3993 ), #341 ) ;
#3152 =( GEOMETRIC_REPRESENTATION_CONTEXT ( 3 ) GLOBAL_UNCERTAINTY_ASSIGNED_CONTEXT ( ( #3739 ) ) GLOBAL_UNIT_ASSIGNED_CONTEXT ( ( #3344, #1672, #4012 ) ) REPRESENTATION_CONTEXT ( 'NONE', 'WORKASPACE' ) );
#3153 = CARTESIAN_POINT ( 'NONE',  ( -2.300000000000001155, -0.2000000000000000111, 0.7999999999999994893 ) ) ;
#3154 = VERTEX_POINT ( 'NONE', #1817 ) ;
#3155 = DIRECTION ( 'NONE',  ( -0.000000000000000000, 1.000000000000000000, -0.000000000000000000 ) ) ;
#3156 = AXIS2_PLACEMENT_3D ( 'NONE', #1970, #1649, #1330 ) ;
#3157 = CARTESIAN_POINT ( 'NONE',  ( 2.299999999999998934, -0.2000000000000000111, 1.099999999999994760 ) ) ;
#3158 = DIRECTION ( 'NONE',  ( 8.673617379884030542E-16, 0.000000000000000000, 1.000000000000000000 ) ) ;
#3159 = EDGE_CURVE ( 'NONE', #181, #2996, #3478, .T. ) ;
#3160 = VERTEX_POINT ( 'NONE', #2852 ) ;
#3161 = VERTEX_POINT ( 'NONE', #3520 ) ;
#3162 = COLOUR_RGB ( '',0.8000000000000000444, 0.8078431372549019773, 0.8000000000000000444 ) ;
#3163 = PLANE ( 'NONE',  #478 ) ;
#3164 = PRESENTATION_STYLE_ASSIGNMENT (( #3505 ) ) ;
#3165 =( NAMED_UNIT ( * ) PLANE_ANGLE_UNIT ( ) SI_UNIT ( $, .RADIAN. ) );
#3166 = DIRECTION ( 'NONE',  ( 0.000000000000000000, 0.000000000000000000, 1.000000000000000000 ) ) ;
#3167 = ORIENTED_EDGE ( 'NONE', *, *, #950, .F. ) ;
#3168 = CARTESIAN_POINT ( 'NONE',  ( 2.299999999999998490, -0.2000000000000000111, -1.100000000000000311 ) ) ;
#3169 = PRODUCT_RELATED_PRODUCT_CATEGORY ( 'part', '', ( #2235 ) ) ;
#3170 = DIRECTION ( 'NONE',  ( -0.9106325762691962478, 0.000000000000000000, -0.4132170265578689050 ) ) ;
#3171 = CARTESIAN_POINT ( 'NONE',  ( 2.224264068711924835, 0.6999999999999997335, 1.517157287525384035 ) ) ;
#3172 =( NAMED_UNIT ( * ) PLANE_ANGLE_UNIT ( ) SI_UNIT ( $, .RADIAN. ) );
#3173 = ORIENTED_EDGE ( 'NONE', *, *, #3309, .F. ) ;
#3174 = MECHANICAL_DESIGN_GEOMETRIC_PRESENTATION_REPRESENTATION (  '', ( #1453 ), #2005 ) ;
#3175 = CARTESIAN_POINT ( 'NONE',  ( 2.507106781186542843, 0.7999999999999998224, 1.870710678118657988 ) ) ;
#3176 = VECTOR ( 'NONE', #1650, 999.9999999999998863 ) ;
#3177 = EDGE_CURVE ( 'NONE', #2825, #1159, #490, .T. ) ;
#3178 =( LENGTH_UNIT ( ) NAMED_UNIT ( * ) SI_UNIT ( .MILLI., .METRE. ) );
#3179 = UNCERTAINTY_MEASURE_WITH_UNIT (LENGTH_MEASURE( 1.000000000000000082E-05 ), #4079, 'distance_accuracy_value', 'NONE');
#3180 =( NAMED_UNIT ( * ) PLANE_ANGLE_UNIT ( ) SI_UNIT ( $, .RADIAN. ) );
#3181 = SURFACE_SIDE_STYLE ('',( #1858 ) ) ;
#3182 = CYLINDRICAL_SURFACE ( 'NONE', #1689, 0.05000000000000007216 ) ;
#3183 = ORIENTED_EDGE ( 'NONE', *, *, #1677, .T. ) ;
#3184 = CARTESIAN_POINT ( 'NONE',  ( 2.209619407771251431, 0.7207106781186546351, 1.502512626584710409 ) ) ;
#3185 = FILL_AREA_STYLE ('',( #539 ) ) ;
#3186 = CARTESIAN_POINT ( 'NONE',  ( 2.299999999999999822, 0.000000000000000000, 2.300000000000000266 ) ) ;
#3187 = PRESENTATION_LAYER_ASSIGNMENT (  '', '', ( #1673 ) ) ;
#3188 = DIRECTION ( 'NONE',  ( -0.000000000000000000, 1.000000000000000000, -0.000000000000000000 ) ) ;
#3189 = ORIENTED_EDGE ( 'NONE', *, *, #4255, .F. ) ;
#3190 = CARTESIAN_POINT ( 'NONE',  ( 2.875470684397985866E-16, 1.899999999999999689, -2.348000000000000309 ) ) ;
#3191 = CARTESIAN_POINT ( 'NONE',  ( -0.3986519262337201441, 2.899999999999999911, 0.8082131745777283438 ) ) ;
#3192 = FILL_AREA_STYLE_COLOUR ( '', #4169 ) ;
#3193 = FACE_OUTER_BOUND ( 'NONE', #524, .T. ) ;
#3194 = ORIENTED_EDGE ( 'NONE', *, *, #676, .T. ) ;
#3195 =( LENGTH_UNIT ( ) NAMED_UNIT ( * ) SI_UNIT ( .MILLI., .METRE. ) );
#3196 = VECTOR ( 'NONE', #4202, 1000.000000000000000 ) ;
#3197 = FACE_OUTER_BOUND ( 'NONE', #3603, .T. ) ;
#3198 = EDGE_LOOP ( 'NONE', ( #1509, #2149, #2583, #152 ) ) ;
#3199 = ORIENTED_EDGE ( 'NONE', *, *, #500, .T. ) ;
#3200 = PRESENTATION_LAYER_ASSIGNMENT (  '', '', ( #438 ) ) ;
#3201 = FILL_AREA_STYLE ('',( #2178 ) ) ;
#3202 = CARTESIAN_POINT ( 'NONE',  ( -2.300000000000001155, 0.000000000000000000, 0.7999999999999994893 ) ) ;
#3203 = ADVANCED_FACE ( 'NONE', ( #2520 ), #2793, .F. ) ;
#3204 = CARTESIAN_POINT ( 'NONE',  ( 0.000000000000000000, 2.899999999999999911, 0.000000000000000000 ) ) ;
#3205 = COLOUR_RGB ( '',0.8000000000000000444, 0.8078431372549019773, 0.8000000000000000444 ) ;
#3206 = VECTOR ( 'NONE', #1345, 1000.000000000000114 ) ;
#3207 = CARTESIAN_POINT ( 'NONE',  ( -1.870710678118649772, 0.7999999999999999334, -2.507106781186550393 ) ) ;
#3208 = ORIENTED_EDGE ( 'NONE', *, *, #206, .T. ) ;
#3209 = CARTESIAN_POINT ( 'NONE',  ( 1.346446609406722672, -0.2000000000000000111, 2.053553390593276351 ) ) ;
#3210 = STYLED_ITEM ( 'NONE', ( #1368 ), #847 ) ;
#3211 = CYLINDRICAL_SURFACE ( 'NONE', #514, 0.05000000000000007216 ) ;
#3212 = CIRCLE ( 'NONE', #3011, 1.849999999999999867 ) ;
#3213 = VERTEX_POINT ( 'NONE', #796 ) ;
#3214 = UNCERTAINTY_MEASURE_WITH_UNIT (LENGTH_MEASURE( 1.000000000000000082E-05 ), #755, 'distance_accuracy_value', 'NONE');
#3215 = FACE_OUTER_BOUND ( 'NONE', #3902, .T. ) ;
#3216 = AXIS2_PLACEMENT_3D ( 'NONE', #943, #637, #575 ) ;
#3217 = CARTESIAN_POINT ( 'NONE',  ( 0.000000000000000000, 0.000000000000000000, 0.000000000000000000 ) ) ;
#3218 = ORIENTED_EDGE ( 'NONE', *, *, #807, .T. ) ;
#3219 = COLOUR_RGB ( '',0.8000000000000000444, 0.8078431372549019773, 0.8000000000000000444 ) ;
#3220 = CARTESIAN_POINT ( 'NONE',  ( 1.668082731761227899, -0.2000000000000000111, -0.7999999999999992673 ) ) ;
#3221 =( GEOMETRIC_REPRESENTATION_CONTEXT ( 3 ) GLOBAL_UNCERTAINTY_ASSIGNED_CONTEXT ( ( #828 ) ) GLOBAL_UNIT_ASSIGNED_CONTEXT ( ( #434, #1837, #2772 ) ) REPRESENTATION_CONTEXT ( 'NONE', 'WORKASPACE' ) );
#3222 = EDGE_CURVE ( 'NONE', #175, #832, #2773, .T. ) ;
#3223 = AXIS2_PLACEMENT_3D ( 'NONE', #3701, #2069, #3389 ) ;
#3224 = DIRECTION ( 'NONE',  ( 0.7071067811865474617, 0.000000000000000000, 0.7071067811865474617 ) ) ;
#3225 = DIRECTION ( 'NONE',  ( -1.000000000000000000, 0.000000000000000000, -0.000000000000000000 ) ) ;
#3226 = VERTEX_POINT ( 'NONE', #2125 ) ;
#3227 = CARTESIAN_POINT ( 'NONE',  ( -2.188908729652597973, 0.6999999999999997335, -1.552512626584712230 ) ) ;
#3228 = EDGE_CURVE ( 'NONE', #3681, #873, #3461, .T. ) ;
#3229 = LINE ( 'NONE', #1936, #4081 ) ;
#3230 =( LENGTH_UNIT ( ) NAMED_UNIT ( * ) SI_UNIT ( .MILLI., .METRE. ) );
#3231 =( NAMED_UNIT ( * ) PLANE_ANGLE_UNIT ( ) SI_UNIT ( $, .RADIAN. ) );
#3232 = ORIENTED_EDGE ( 'NONE', *, *, #682, .T. ) ;
#3233 = FILL_AREA_STYLE ('',( #1854 ) ) ;
#3234 = PRESENTATION_STYLE_ASSIGNMENT (( #2332 ) ) ;
#3235 = DIRECTION ( 'NONE',  ( -0.7071067811865474617, 0.000000000000000000, -0.7071067811865474617 ) ) ;
#3236 = DIRECTION ( 'NONE',  ( 1.000000000000000000, 0.000000000000000000, 0.000000000000000000 ) ) ;
#3237 = VERTEX_POINT ( 'NONE', #2152 ) ;
#3238 = VECTOR ( 'NONE', #1803, 1000.000000000000000 ) ;
#3239 = ORIENTED_EDGE ( 'NONE', *, *, #2762, .T. ) ;
#3240 = FILL_AREA_STYLE ('',( #3267 ) ) ;
#3241 = FILL_AREA_STYLE_COLOUR ( '', #2284 ) ;
#3242 = CARTESIAN_POINT ( 'NONE',  ( -2.188908729652598417, 6.236499140588131133E-17, -1.481801948466056063 ) ) ;
#3243 = ADVANCED_FACE ( 'NONE', ( #1184 ), #108, .T. ) ;
#3244 =( NAMED_UNIT ( * ) PLANE_ANGLE_UNIT ( ) SI_UNIT ( $, .RADIAN. ) );
#3245 = CARTESIAN_POINT ( 'NONE',  ( 1.481801948466048069, 0.7999999999999999334, 2.118198051533947801 ) ) ;
#3246 = STYLED_ITEM ( 'NONE', ( #3331 ), #2054 ) ;
#3247 = DIRECTION ( 'NONE',  ( 0.7071067811865462405, 0.000000000000000000, 0.7071067811865487940 ) ) ;
#3248 = LINE ( 'NONE', #2924, #74 ) ;
#3249 = MECHANICAL_DESIGN_GEOMETRIC_PRESENTATION_REPRESENTATION (  '', ( #4090 ), #1400 ) ;
#3250 = ORIENTED_EDGE ( 'NONE', *, *, #1052, .T. ) ;
#3251 = EDGE_CURVE ( 'NONE', #4089, #1664, #836, .T. ) ;
#3252 =( LENGTH_UNIT ( ) NAMED_UNIT ( * ) SI_UNIT ( .MILLI., .METRE. ) );
#3253 = STYLED_ITEM ( 'NONE', ( #4190 ), #368 ) ;
#3254 = CARTESIAN_POINT ( 'NONE',  ( -2.203553390593270045, 0.7241468008301281678, -1.503719232422149332 ) ) ;
#3255 = DIRECTION ( 'NONE',  ( 1.000000000000000000, 0.000000000000000000, 0.000000000000000000 ) ) ;
#3256 = PRESENTATION_STYLE_ASSIGNMENT (( #3884 ) ) ;
#3257 = EDGE_LOOP ( 'NONE', ( #3006, #916, #4285, #3916 ) ) ;
#3258 = ADVANCED_FACE ( 'NONE', ( #2151 ), #4140, .T. ) ;
#3259 = DIRECTION ( 'NONE',  ( -0.000000000000000000, 0.000000000000000000, 1.000000000000000000 ) ) ;
#3260 = CARTESIAN_POINT ( 'NONE',  ( 2.188908729652596641, 0.7499999999999997780, 1.552512626584711120 ) ) ;
#3261 = VECTOR ( 'NONE', #1928, 999.9999999999998863 ) ;
#3262 = FACE_OUTER_BOUND ( 'NONE', #1175, .T. ) ;
#3263 = DIRECTION ( 'NONE',  ( 0.7071067811865474617, 0.000000000000000000, -0.7071067811865474617 ) ) ;
#3264 = ORIENTED_EDGE ( 'NONE', *, *, #2416, .F. ) ;
#3265 = AXIS2_PLACEMENT_3D ( 'NONE', #1024, #952, #2317 ) ;
#3266 = VERTEX_POINT ( 'NONE', #2792 ) ;
#3267 = FILL_AREA_STYLE_COLOUR ( '', #631 ) ;
#3268 = CARTESIAN_POINT ( 'NONE',  ( -1.199999999999997069, 2.899999999999999911, -2.399999999999999467 ) ) ;
#3269 = CARTESIAN_POINT ( 'NONE',  ( -1.552512626584703570, -6.009968850885412032E-17, -2.188908729652603302 ) ) ;
#3270 = FACE_OUTER_BOUND ( 'NONE', #3895, .T. ) ;
#3271 = SURFACE_SIDE_STYLE ('',( #2580 ) ) ;
#3272 = FILL_AREA_STYLE_COLOUR ( '', #1220 ) ;
#3273 = ORIENTED_EDGE ( 'NONE', *, *, #2210, .F. ) ;
#3274 = CARTESIAN_POINT ( 'NONE',  ( 0.5731790596817729622, 2.889999999999999680, 0.8082131745777283438 ) ) ;
#3275 = EDGE_LOOP ( 'NONE', ( #4268, #826, #1343, #543 ) ) ;
#3276 = FILL_AREA_STYLE ('',( #610 ) ) ;
#3277 = ORIENTED_EDGE ( 'NONE', *, *, #4183, .T. ) ;
#3278 = FILL_AREA_STYLE ('',( #3001 ) ) ;
#3279 = VECTOR ( 'NONE', #3447, 999.9999999999998863 ) ;
#3280 = STYLED_ITEM ( 'NONE', ( #3234 ), #821 ) ;
#3281 = VECTOR ( 'NONE', #888, 1000.000000000000000 ) ;
#3282 =( NAMED_UNIT ( * ) PLANE_ANGLE_UNIT ( ) SI_UNIT ( $, .RADIAN. ) );
#3283 = DIRECTION ( 'NONE',  ( -0.000000000000000000, 1.000000000000000000, -0.000000000000000000 ) ) ;
#3284 = SURFACE_SIDE_STYLE ('',( #3565 ) ) ;
#3285 = PRESENTATION_LAYER_ASSIGNMENT (  '', '', ( #519 ) ) ;
#3286 = EDGE_LOOP ( 'NONE', ( #12, #3737, #1449, #3232, #4239, #2091, #3327, #751 ) ) ;
#3287 = VERTEX_POINT ( 'NONE', #2123 ) ;
#3288 =( NAMED_UNIT ( * ) PLANE_ANGLE_UNIT ( ) SI_UNIT ( $, .RADIAN. ) );
#3289 =( GEOMETRIC_REPRESENTATION_CONTEXT ( 3 ) GLOBAL_UNCERTAINTY_ASSIGNED_CONTEXT ( ( #1921 ) ) GLOBAL_UNIT_ASSIGNED_CONTEXT ( ( #2709, #2690, #1710 ) ) REPRESENTATION_CONTEXT ( 'NONE', 'WORKASPACE' ) );
#3290 = DIRECTION ( 'NONE',  ( 0.000000000000000000, 0.000000000000000000, 1.000000000000000000 ) ) ;
#3291 = EDGE_CURVE ( 'NONE', #1938, #1880, #2076, .T. ) ;
#3292 = VECTOR ( 'NONE', #680, 999.9999999999998863 ) ;
#3293 = EDGE_CURVE ( 'NONE', #2727, #162, #3451, .T. ) ;
#3294 = STYLED_ITEM ( 'NONE', ( #842 ), #354 ) ;
#3295 = LINE ( 'NONE', #1023, #2548 ) ;
#3296 = PRESENTATION_LAYER_ASSIGNMENT (  '', '', ( #34 ) ) ;
#3297 = LINE ( 'NONE', #321, #2571 ) ;
#3298 =( NAMED_UNIT ( * ) SI_UNIT ( $, .STERADIAN. ) SOLID_ANGLE_UNIT ( ) );
#3299 = VECTOR ( 'NONE', #4072, 1000.000000000000000 ) ;
#3300 = AXIS2_PLACEMENT_3D ( 'NONE', #136, #3107, #2784 ) ;
#3301 = LINE ( 'NONE', #1357, #4260 ) ;
#3302 = DIRECTION ( 'NONE',  ( 0.7071067811865482389, -0.000000000000000000, 0.7071067811865469066 ) ) ;
#3303 = ORIENTED_EDGE ( 'NONE', *, *, #1700, .T. ) ;
#3304 = DIRECTION ( 'NONE',  ( -0.000000000000000000, 1.000000000000000000, -0.000000000000000000 ) ) ;
#3305 =( BOUNDED_CURVE ( )  B_SPLINE_CURVE ( 3, ( #3477, #3892, #533, #4161 ),
 .UNSPECIFIED., .F., .T. ) 
 B_SPLINE_CURVE_WITH_KNOTS ( ( 4, 4 ),
 ( 4.712388980384683457, 6.283185307179586232 ),
 .UNSPECIFIED. ) 
 CURVE ( )  GEOMETRIC_REPRESENTATION_ITEM ( )  RATIONAL_B_SPLINE_CURVE ( ( 1.000000000000000000, 0.8047378541243634942, 0.8047378541243634942, 1.000000000000000000 ) ) 
 REPRESENTATION_ITEM ( '' )  );
#3306 = ORIENTED_EDGE ( 'NONE', *, *, #88, .F. ) ;
#3307 = DIRECTION ( 'NONE',  ( 0.9104214723748158544, 0.000000000000000000, 0.4136819341461173138 ) ) ;
#3308 = DIRECTION ( 'NONE',  ( 0.000000000000000000, 1.000000000000000000, 0.000000000000000000 ) ) ;
#3309 = EDGE_CURVE ( 'NONE', #4089, #3521, #1432, .T. ) ;
#3310 = EDGE_CURVE ( 'NONE', #1685, #3237, #470, .T. ) ;
#3311 = ORIENTED_EDGE ( 'NONE', *, *, #4144, .T. ) ;
#3312 = EDGE_CURVE ( 'NONE', #62, #3502, #3428, .T. ) ;
#3313 = CARTESIAN_POINT ( 'NONE',  ( -1.370482912149213028, 2.899999999999999911, 0.8082131745777283438 ) ) ;
#3314 = LINE ( 'NONE', #2234, #2512 ) ;
#3315 = UNCERTAINTY_MEASURE_WITH_UNIT (LENGTH_MEASURE( 1.000000000000000082E-05 ), #2857, 'distance_accuracy_value', 'NONE');
#3316 = PRESENTATION_STYLE_ASSIGNMENT (( #3956 ) ) ;
#3317 = CARTESIAN_POINT ( 'NONE',  ( -1.870710678118649994, 0.7499999999999997780, -2.507106781186550837 ) ) ;
#3318 = ORIENTED_EDGE ( 'NONE', *, *, #3546, .F. ) ;
#3319 = ORIENTED_EDGE ( 'NONE', *, *, #3753, .T. ) ;
#3320 = PLANE ( 'NONE',  #2526 ) ;
#3321 = VECTOR ( 'NONE', #799, 1000.000000000000000 ) ;
#3322 = SURFACE_SIDE_STYLE ('',( #973 ) ) ;
#3323 = FILL_AREA_STYLE ('',( #672 ) ) ;
#3324 = AXIS2_PLACEMENT_3D ( 'NONE', #4214, #2576, #568 ) ;
#3325 = DIRECTION ( 'NONE',  ( 1.084202172485504828E-15, 1.000000000000000000, -8.131516293641286213E-16 ) ) ;
#3326 = CARTESIAN_POINT ( 'NONE',  ( -1.552512626584703570, -0.2000000000000000111, -2.188908729652603302 ) ) ;
#3327 = ORIENTED_EDGE ( 'NONE', *, *, #3310, .T. ) ;
#3328 = PRESENTATION_STYLE_ASSIGNMENT (( #3718 ) ) ;
#3329 = DIRECTION ( 'NONE',  ( 0.7071067811865462405, -6.162975822039156098E-33, 0.7071067811865489050 ) ) ;
#3330 = SURFACE_STYLE_FILL_AREA ( #3948 ) ;
#3331 = PRESENTATION_STYLE_ASSIGNMENT (( #1031 ) ) ;
#3332 =( GEOMETRIC_REPRESENTATION_CONTEXT ( 3 ) GLOBAL_UNCERTAINTY_ASSIGNED_CONTEXT ( ( #2129 ) ) GLOBAL_UNIT_ASSIGNED_CONTEXT ( ( #3383, #2393, #3357 ) ) REPRESENTATION_CONTEXT ( 'NONE', 'WORKASPACE' ) );
#3333 = PRESENTATION_STYLE_ASSIGNMENT (( #1987 ) ) ;
#3334 = EDGE_LOOP ( 'NONE', ( #2879, #4135, #956, #3538 ) ) ;
#3335 = CARTESIAN_POINT ( 'NONE',  ( -2.300000000000001155, -0.2000000000000000111, -0.7999999999999986011 ) ) ;
#3336 = CARTESIAN_POINT ( 'NONE',  ( 2.399999999999999023, 2.899999999999999911, -2.399999999999999911 ) ) ;
#3337 = SURFACE_STYLE_USAGE ( .BOTH. , #2334 ) ;
#3338 = DIRECTION ( 'NONE',  ( 0.7071067811865489050, -1.341631739597953049E-15, -0.7071067811865462405 ) ) ;
#3339 = SURFACE_STYLE_FILL_AREA ( #2383 ) ;
#3340 = EDGE_LOOP ( 'NONE', ( #189, #2444, #2963 ) ) ;
#3341 = ORIENTED_EDGE ( 'NONE', *, *, #206, .F. ) ;
#3342 = SURFACE_SIDE_STYLE ('',( #3 ) ) ;
#3343 =( NAMED_UNIT ( * ) SI_UNIT ( $, .STERADIAN. ) SOLID_ANGLE_UNIT ( ) );
#3344 =( LENGTH_UNIT ( ) NAMED_UNIT ( * ) SI_UNIT ( .MILLI., .METRE. ) );
#3345 =( GEOMETRIC_REPRESENTATION_CONTEXT ( 3 ) GLOBAL_UNCERTAINTY_ASSIGNED_CONTEXT ( ( #1488 ) ) GLOBAL_UNIT_ASSIGNED_CONTEXT ( ( #3618, #4015, #2602 ) ) REPRESENTATION_CONTEXT ( 'NONE', 'WORKASPACE' ) );
#3346 = CARTESIAN_POINT ( 'NONE',  ( 2.577817459305197456, 0.6999999999999997335, 1.870710678118658432 ) ) ;
#3347 = CIRCLE ( 'NONE', #145, 0.05000000000000007216 ) ;
#3348 =( NAMED_UNIT ( * ) SI_UNIT ( $, .STERADIAN. ) SOLID_ANGLE_UNIT ( ) );
#3349 = AXIS2_PLACEMENT_3D ( 'NONE', #652, #16, #3602 ) ;
#3350 =( GEOMETRIC_REPRESENTATION_CONTEXT ( 3 ) GLOBAL_UNCERTAINTY_ASSIGNED_CONTEXT ( ( #3608 ) ) GLOBAL_UNIT_ASSIGNED_CONTEXT ( ( #1558, #1235, #2247 ) ) REPRESENTATION_CONTEXT ( 'NONE', 'WORKASPACE' ) );
#3351 = CIRCLE ( 'NONE', #779, 0.05000000000000012768 ) ;
#3352 = PRESENTATION_STYLE_ASSIGNMENT (( #2028 ) ) ;
#3353 = CYLINDRICAL_SURFACE ( 'NONE', #3891, 0.05000000000000007216 ) ;
#3354 = VERTEX_POINT ( 'NONE', #2463 ) ;
#3355 = DIRECTION ( 'NONE',  ( -0.7071067811865388020, 0.000000000000000000, -0.7071067811865563435 ) ) ;
#3356 = CARTESIAN_POINT ( 'NONE',  ( 1.517157287525375375, -0.2000000000000000111, 2.224264068711929720 ) ) ;
#3357 =( NAMED_UNIT ( * ) SI_UNIT ( $, .STERADIAN. ) SOLID_ANGLE_UNIT ( ) );
#3358 = ORIENTED_EDGE ( 'NONE', *, *, #2737, .T. ) ;
#3359 = CARTESIAN_POINT ( 'NONE',  ( -2.399999999999998579, 2.899999999999999911, 1.999999999999999556 ) ) ;
#3360 = DIRECTION ( 'NONE',  ( -0.000000000000000000, 1.000000000000000000, -0.000000000000000000 ) ) ;
#3361 = LINE ( 'NONE', #1035, #2027 ) ;
#3362 = UNCERTAINTY_MEASURE_WITH_UNIT (LENGTH_MEASURE( 1.000000000000000082E-05 ), #1548, 'distance_accuracy_value', 'NONE');
#3363 = CARTESIAN_POINT ( 'NONE',  ( -0.5759186515858326638, 2.899999999999999911, -0.6706600648588912916 ) ) ;
#3364 = CARTESIAN_POINT ( 'NONE',  ( 2.188908729652597085, 0.6999999999999997335, 1.552512626584711342 ) ) ;
#3365 = DIRECTION ( 'NONE',  ( -0.7071067811865455743, -0.000000000000000000, 0.7071067811865495711 ) ) ;
#3366 = ORIENTED_EDGE ( 'NONE', *, *, #2416, .T. ) ;
#3367 = ORIENTED_EDGE ( 'NONE', *, *, #2354, .T. ) ;
#3368 = DIRECTION ( 'NONE',  ( -7.666467083416884249E-17, -1.000000000000000000, 7.666467083416855899E-17 ) ) ;
#3369 = DIRECTION ( 'NONE',  ( 8.673617379884031528E-16, 0.000000000000000000, 1.000000000000000000 ) ) ;
#3370 = DIRECTION ( 'NONE',  ( 0.000000000000000000, 0.000000000000000000, 1.000000000000000000 ) ) ;
#3371 = DIRECTION ( 'NONE',  ( 0.000000000000000000, 0.000000000000000000, 1.000000000000000000 ) ) ;
#3372 = MECHANICAL_DESIGN_GEOMETRIC_PRESENTATION_REPRESENTATION (  '', ( #3630 ), #4237 ) ;
#3373 = PLANE ( 'NONE',  #2967 ) ;
#3374 = LINE ( 'NONE', #3595, #669 ) ;
#3375 = MECHANICAL_DESIGN_GEOMETRIC_PRESENTATION_REPRESENTATION (  '', ( #34 ), #2601 ) ;
#3376 = LINE ( 'NONE', #237, #3196 ) ;
#3377 = AXIS2_PLACEMENT_3D ( 'NONE', #2434, #2378, #3043 ) ;
#3378 = EDGE_LOOP ( 'NONE', ( #1053, #3728, #3053 ) ) ;
#3379 =( NAMED_UNIT ( * ) PLANE_ANGLE_UNIT ( ) SI_UNIT ( $, .RADIAN. ) );
#3380 = MECHANICAL_DESIGN_GEOMETRIC_PRESENTATION_REPRESENTATION (  '', ( #588 ), #1496 ) ;
#3381 = VECTOR ( 'NONE', #1701, 1000.000000000000000 ) ;
#3382 =( NAMED_UNIT ( * ) SI_UNIT ( $, .STERADIAN. ) SOLID_ANGLE_UNIT ( ) );
#3383 =( LENGTH_UNIT ( ) NAMED_UNIT ( * ) SI_UNIT ( .MILLI., .METRE. ) );
#3384 = DIRECTION ( 'NONE',  ( -3.614007241618347292E-16, 0.000000000000000000, -1.000000000000000000 ) ) ;
#3385 = ORIENTED_EDGE ( 'NONE', *, *, #1556, .F. ) ;
#3386 = PRESENTATION_LAYER_ASSIGNMENT (  '', '', ( #941 ) ) ;
#3387 = DIRECTION ( 'NONE',  ( -0.000000000000000000, 1.000000000000000000, -0.000000000000000000 ) ) ;
#3388 = CYLINDRICAL_SURFACE ( 'NONE', #1705, 0.4000000000000001887 ) ;
#3389 = DIRECTION ( 'NONE',  ( 0.7071067811865496822, 0.000000000000000000, -0.7071067811865453523 ) ) ;
#3390 = ORIENTED_EDGE ( 'NONE', *, *, #2836, .F. ) ;
#3391 = ORIENTED_EDGE ( 'NONE', *, *, #2850, .F. ) ;
#3392 = PLANE ( 'NONE',  #2740 ) ;
#3393 = SURFACE_SIDE_STYLE ('',( #3761 ) ) ;
#3394 = CARTESIAN_POINT ( 'NONE',  ( 0.000000000000000000, 0.000000000000000000, 0.000000000000000000 ) ) ;
#3395 = LINE ( 'NONE', #2427, #2397 ) ;
#3396 = LINE ( 'NONE', #3117, #65 ) ;
#3397 = CARTESIAN_POINT ( 'NONE',  ( 0.4942838132028996578, 2.899999999999999911, -0.6706600648588912916 ) ) ;
#3398 = MECHANICAL_DESIGN_GEOMETRIC_PRESENTATION_REPRESENTATION (  '', ( #3933 ), #761 ) ;
#3399 = VERTEX_POINT ( 'NONE', #532 ) ;
#3400 = VECTOR ( 'NONE', #291, 1000.000000000000114 ) ;
#3401 = CARTESIAN_POINT ( 'NONE',  ( -1.552512626584703570, 0.7999999999999999334, -2.188908729652603302 ) ) ;
#3402 =( NAMED_UNIT ( * ) PLANE_ANGLE_UNIT ( ) SI_UNIT ( $, .RADIAN. ) );
#3403 = ORIENTED_EDGE ( 'NONE', *, *, #3291, .F. ) ;
#3404 = CARTESIAN_POINT ( 'NONE',  ( -1.668082731761228121, -0.2000000000000000111, -0.7999999999999988232 ) ) ;
#3405 = DIRECTION ( 'NONE',  ( -0.7071067811865489050, 0.000000000000000000, -0.7071067811865462405 ) ) ;
#3406 = UNCERTAINTY_MEASURE_WITH_UNIT (LENGTH_MEASURE( 1.000000000000000082E-05 ), #782, 'distance_accuracy_value', 'NONE');
#3407 =( GEOMETRIC_REPRESENTATION_CONTEXT ( 3 ) GLOBAL_UNCERTAINTY_ASSIGNED_CONTEXT ( ( #3406 ) ) GLOBAL_UNIT_ASSIGNED_CONTEXT ( ( #782, #4065, #462 ) ) REPRESENTATION_CONTEXT ( 'NONE', 'WORKASPACE' ) );
#3408 = DIRECTION ( 'NONE',  ( -0.4132170265578689605, 0.000000000000000000, 0.9106325762691961367 ) ) ;
#3409 = EDGE_CURVE ( 'NONE', #811, #4008, #3849, .T. ) ;
#3410 = EDGE_LOOP ( 'NONE', ( #2395, #774, #2485, #3044, #2231, #3729, #3086 ) ) ;
#3412 = ORIENTED_EDGE ( 'NONE', *, *, #2354, .F. ) ;
#3411 = VECTOR ( 'NONE', #2813, 1000.000000000000000 ) ;
#3413 = DIRECTION ( 'NONE',  ( -0.7071067811865462405, 0.000000000000000000, -0.7071067811865489050 ) ) ;
#3414 =( NAMED_UNIT ( * ) SI_UNIT ( $, .STERADIAN. ) SOLID_ANGLE_UNIT ( ) );
#3415 = DIRECTION ( 'NONE',  ( -0.000000000000000000, 1.000000000000000000, -0.000000000000000000 ) ) ;
#3416 = CARTESIAN_POINT ( 'NONE',  ( -2.300000000000001155, -0.2000000000000000111, -0.7999999999999986011 ) ) ;
#3417 = FACE_OUTER_BOUND ( 'NONE', #105, .T. ) ;
#3418 = MECHANICAL_DESIGN_GEOMETRIC_PRESENTATION_REPRESENTATION (  '', ( #277 ), #1828 ) ;
#3419 = VECTOR ( 'NONE', #2471, 1000.000000000000000 ) ;
#3420 = VERTEX_POINT ( 'NONE', #2544 ) ;
#3421 = MECHANICAL_DESIGN_GEOMETRIC_PRESENTATION_REPRESENTATION (  '', ( #1170 ), #570 ) ;
#3422 = CARTESIAN_POINT ( 'NONE',  ( 0.4942838132028996578, 2.899999999999999911, -0.6706600648588912916 ) ) ;
#3423 = CARTESIAN_POINT ( 'NONE',  ( 0.1965285315127587862, 2.889999999999999680, -0.5016459803518490412 ) ) ;
#3424 = ORIENTED_EDGE ( 'NONE', *, *, #3801, .T. ) ;
#3425 = VERTEX_POINT ( 'NONE', #1201 ) ;
#3426 = PRESENTATION_STYLE_ASSIGNMENT (( #793 ) ) ;
#3427 = SURFACE_SIDE_STYLE ('',( #3034 ) ) ;
#3428 = LINE ( 'NONE', #3115, #749 ) ;
#3429 = VECTOR ( 'NONE', #1590, 1000.000000000000000 ) ;
#3430 = COLOUR_RGB ( '',0.1921568627450980227, 0.2039215686274509776, 0.2039215686274509776 ) ;
#3431 = ADVANCED_FACE ( 'NONE', ( #241 ), #3841, .T. ) ;
#3432 = MECHANICAL_DESIGN_GEOMETRIC_PRESENTATION_REPRESENTATION (  '', ( #1006 ), #691 ) ;
#3433 = COLOUR_RGB ( '',0.8000000000000000444, 0.8078431372549019773, 0.8000000000000000444 ) ;
#3434 = LINE ( 'NONE', #3733, #3419 ) ;
#3435 = AXIS2_PLACEMENT_3D ( 'NONE', #3499, #2851, #1877 ) ;
#3436 = EDGE_CURVE ( 'NONE', #960, #1545, #3517, .T. ) ;
#3437 =( NAMED_UNIT ( * ) SI_UNIT ( $, .STERADIAN. ) SOLID_ANGLE_UNIT ( ) );
#3438 = ADVANCED_FACE ( 'NONE', ( #1272 ), #259, .F. ) ;
#3439 = EDGE_CURVE ( 'NONE', #1018, #4089, #2566, .T. ) ;
#3440 = ORIENTED_EDGE ( 'NONE', *, *, #803, .T. ) ;
#3441 = EDGE_CURVE ( 'NONE', #721, #273, #2237, .T. ) ;
#3442 = PRESENTATION_LAYER_ASSIGNMENT (  '', '', ( #663 ) ) ;
#3443 = CIRCLE ( 'NONE', #3377, 0.04999999999999991257 ) ;
#3444 = DIRECTION ( 'NONE',  ( -0.7071067811865489050, -0.000000000000000000, -0.7071067811865462405 ) ) ;
#3445 = UNCERTAINTY_MEASURE_WITH_UNIT (LENGTH_MEASURE( 1.000000000000000082E-05 ), #687, 'distance_accuracy_value', 'NONE');
#3446 = ADVANCED_FACE ( 'NONE', ( #1372 ), #2614, .F. ) ;
#3447 = DIRECTION ( 'NONE',  ( 0.7071067811865489050, -0.000000000000000000, -0.7071067811865462405 ) ) ;
#3448 = EDGE_LOOP ( 'NONE', ( #4003, #3189, #2073, #2688 ) ) ;
#3449 = DIRECTION ( 'NONE',  ( 1.000000000000000000, -7.666467083416884249E-17, 0.000000000000000000 ) ) ;
#3450 = EDGE_CURVE ( 'NONE', #967, #3354, #3930, .T. ) ;
#3451 = LINE ( 'NONE', #2811, #529 ) ;
#3452 =( NAMED_UNIT ( * ) SI_UNIT ( $, .STERADIAN. ) SOLID_ANGLE_UNIT ( ) );
#3453 = SURFACE_SIDE_STYLE ('',( #1763 ) ) ;
#3454 = MECHANICAL_DESIGN_GEOMETRIC_PRESENTATION_REPRESENTATION (  '', ( #883 ), #2764 ) ;
#3455 = ORIENTED_EDGE ( 'NONE', *, *, #1535, .F. ) ;
#3456 = CARTESIAN_POINT ( 'NONE',  ( -0.6999999999999890754, 0.000000000000000000, 4.099999999999999645 ) ) ;
#3457 =( GEOMETRIC_REPRESENTATION_CONTEXT ( 3 ) GLOBAL_UNCERTAINTY_ASSIGNED_CONTEXT ( ( #3476 ) ) GLOBAL_UNIT_ASSIGNED_CONTEXT ( ( #3019, #2683, #4022 ) ) REPRESENTATION_CONTEXT ( 'NONE', 'WORKASPACE' ) );
#3458 = SURFACE_SIDE_STYLE ('',( #1893 ) ) ;
#3459 = VERTEX_POINT ( 'NONE', #688 ) ;
#3460 = DIRECTION ( 'NONE',  ( -1.533293416683367137E-15, 1.000000000000000000, 1.533293416683376603E-15 ) ) ;
#3461 = LINE ( 'NONE', #3795, #4184 ) ;
#3462 = COLOUR_RGB ( '',0.8000000000000000444, 0.8078431372549019773, 0.8000000000000000444 ) ;
#3463 = CARTESIAN_POINT ( 'NONE',  ( -1.100000000000001199, -0.2000000000000000111, -2.299999999999999822 ) ) ;
#3464 = ORIENTED_EDGE ( 'NONE', *, *, #2060, .F. ) ;
#3465 = FILL_AREA_STYLE_COLOUR ( '', #2720 ) ;
#3466 = DIRECTION ( 'NONE',  ( 0.7071067811865474617, 1.301042606982603428E-14, 0.7071067811865474617 ) ) ;
#3467 = ORIENTED_EDGE ( 'NONE', *, *, #1450, .T. ) ;
#3468 = SURFACE_STYLE_USAGE ( .BOTH. , #3487 ) ;
#3469 = CIRCLE ( 'NONE', #4038, 0.05000000000000006523 ) ;
#3470 = UNCERTAINTY_MEASURE_WITH_UNIT (LENGTH_MEASURE( 1.000000000000000082E-05 ), #3655, 'distance_accuracy_value', 'NONE');
#3471 = CARTESIAN_POINT ( 'NONE',  ( -1.668082731761228121, -0.2000000000000000111, -0.7999999999999988232 ) ) ;
#3472 = STYLED_ITEM ( 'NONE', ( #1481 ), #279 ) ;
#3473 = AXIS2_PLACEMENT_3D ( 'NONE', #2819, #2742, #439 ) ;
#3474 = ORIENTED_EDGE ( 'NONE', *, *, #4186, .F. ) ;
#3475 = DIRECTION ( 'NONE',  ( 0.7071067811865462405, 0.000000000000000000, 0.7071067811865487940 ) ) ;
#3476 = UNCERTAINTY_MEASURE_WITH_UNIT (LENGTH_MEASURE( 1.000000000000000082E-05 ), #3019, 'distance_accuracy_value', 'NONE');
#3477 = CARTESIAN_POINT ( 'NONE',  ( 1.481801948466047847, 0.7499999999999998890, 2.188908729652602414 ) ) ;
#3478 = LINE ( 'NONE', #158, #4063 ) ;
#3479 = ORIENTED_EDGE ( 'NONE', *, *, #3310, .F. ) ;
#3480 = ORIENTED_EDGE ( 'NONE', *, *, #2669, .T. ) ;
#3481 = MECHANICAL_DESIGN_GEOMETRIC_PRESENTATION_REPRESENTATION (  '', ( #2057 ), #1282 ) ;
#3482 = CIRCLE ( 'NONE', #3079, 1.849999999999999867 ) ;
#3483 = MECHANICAL_DESIGN_GEOMETRIC_PRESENTATION_REPRESENTATION (  '', ( #4240 ), #3708 ) ;
#3484 = DIRECTION ( 'NONE',  ( 0.4136819341461172028, 0.000000000000000000, -0.9104214723748158544 ) ) ;
#3485 = ADVANCED_FACE ( 'NONE', ( #333 ), #964, .T. ) ;
#3486 = ORIENTED_EDGE ( 'NONE', *, *, #4076, .T. ) ;
#3487 = SURFACE_SIDE_STYLE ('',( #3509 ) ) ;
#3488 = MECHANICAL_DESIGN_GEOMETRIC_PRESENTATION_REPRESENTATION (  '', ( #1978 ), #3350 ) ;
#3489 = AXIS2_PLACEMENT_3D ( 'NONE', #1524, #2908, #1593 ) ;
#3490 = CARTESIAN_POINT ( 'NONE',  ( 1.100000000000000089, -0.2000000000000000111, 2.300000000000000266 ) ) ;
#3491 = PRESENTATION_LAYER_ASSIGNMENT (  '', '', ( #3151 ) ) ;
#3492 = PRESENTATION_LAYER_ASSIGNMENT (  '', '', ( #2180 ) ) ;
#3493 = SURFACE_SIDE_STYLE ('',( #1543 ) ) ;
#3494 = ORIENTED_EDGE ( 'NONE', *, *, #4195, .F. ) ;
#3495 = AXIS2_PLACEMENT_3D ( 'NONE', #1923, #2569, #3263 ) ;
#3496 = CIRCLE ( 'NONE', #525, 2.350000000000000089 ) ;
#3497 = DIRECTION ( 'NONE',  ( -0.7071067811865496822, 0.000000000000000000, -0.7071067811865453523 ) ) ;
#3498 = VECTOR ( 'NONE', #2500, 1000.000000000000000 ) ;
#3499 = CARTESIAN_POINT ( 'NONE',  ( 0.000000000000000000, 1.899999999999999689, 0.000000000000000000 ) ) ;
#3500 = FILL_AREA_STYLE ('',( #856 ) ) ;
#3501 = FILL_AREA_STYLE_COLOUR ( '', #2034 ) ;
#3502 = VERTEX_POINT ( 'NONE', #2361 ) ;
#3503 = CARTESIAN_POINT ( 'NONE',  ( -2.300000000000001155, -0.000000000000000000, -0.7999999999999986011 ) ) ;
#3504 = AXIS2_PLACEMENT_3D ( 'NONE', #2712, #3954, #2382 ) ;
#3505 = SURFACE_STYLE_USAGE ( .BOTH. , #898 ) ;
#3506 = CARTESIAN_POINT ( 'NONE',  ( -1.552512626584703570, 0.7499999999999998890, -2.188908729652603302 ) ) ;
#3507 = PRESENTATION_STYLE_ASSIGNMENT (( #3828 ) ) ;
#3508 = VERTEX_POINT ( 'NONE', #3028 ) ;
#3509 = SURFACE_STYLE_FILL_AREA ( #4136 ) ;
#3510 = PRESENTATION_LAYER_ASSIGNMENT (  '', '', ( #130 ) ) ;
#3511 = SURFACE_STYLE_USAGE ( .BOTH. , #1586 ) ;
#3512 = DIRECTION ( 'NONE',  ( -0.000000000000000000, 1.000000000000000000, -0.000000000000000000 ) ) ;
#3513 = CARTESIAN_POINT ( 'NONE',  ( 1.367743320245153216, 2.889999999999999680, -0.6706600648588912916 ) ) ;
#3514 = ORIENTED_EDGE ( 'NONE', *, *, #2672, .F. ) ;
#3515 = COLOUR_RGB ( '',0.8000000000000000444, 0.8078431372549019773, 0.8000000000000000444 ) ;
#3516 = CARTESIAN_POINT ( 'NONE',  ( -1.517157287525376486, -0.2000000000000000111, -2.153553390593275996 ) ) ;
#3517 = LINE ( 'NONE', #3912, #1629 ) ;
#3518 = EDGE_CURVE ( 'NONE', #1859, #62, #1036, .T. ) ;
#3519 = CYLINDRICAL_SURFACE ( 'NONE', #2119, 1.849999999999999867 ) ;
#3520 = CARTESIAN_POINT ( 'NONE',  ( 2.507106781186542843, 0.6999999999999997335, 1.870710678118658210 ) ) ;
#3521 = VERTEX_POINT ( 'NONE', #387 ) ;
#3522 = SURFACE_SIDE_STYLE ('',( #2814 ) ) ;
#3523 = ORIENTED_EDGE ( 'NONE', *, *, #3293, .T. ) ;
#3524 =( NAMED_UNIT ( * ) SI_UNIT ( $, .STERADIAN. ) SOLID_ANGLE_UNIT ( ) );
#3525 = CARTESIAN_POINT ( 'NONE',  ( 2.188908729652596641, 0.7499999999999998890, 1.481801948466055840 ) ) ;
#3526 =( GEOMETRIC_REPRESENTATION_CONTEXT ( 3 ) GLOBAL_UNCERTAINTY_ASSIGNED_CONTEXT ( ( #1714 ) ) GLOBAL_UNIT_ASSIGNED_CONTEXT ( ( #1095, #3402, #3437 ) ) REPRESENTATION_CONTEXT ( 'NONE', 'WORKASPACE' ) );
#3527 =( NAMED_UNIT ( * ) PLANE_ANGLE_UNIT ( ) SI_UNIT ( $, .RADIAN. ) );
#3528 = LINE ( 'NONE', #2201, #2994 ) ;
#3529 = CYLINDRICAL_SURFACE ( 'NONE', #307, 0.05000000000000007216 ) ;
#3530 = AXIS2_PLACEMENT_3D ( 'NONE', #4019, #4262, #1358 ) ;
#3531 = ORIENTED_EDGE ( 'NONE', *, *, #1146, .F. ) ;
#3532 = CARTESIAN_POINT ( 'NONE',  ( 1.168359517428252170, 2.899999999999999911, -0.5016459803518489302 ) ) ;
#3533 = PRESENTATION_STYLE_ASSIGNMENT (( #3511 ) ) ;
#3534 =( GEOMETRIC_REPRESENTATION_CONTEXT ( 3 ) GLOBAL_UNCERTAINTY_ASSIGNED_CONTEXT ( ( #1876 ) ) GLOBAL_UNIT_ASSIGNED_CONTEXT ( ( #314, #4277, #4010 ) ) REPRESENTATION_CONTEXT ( 'NONE', 'WORKASPACE' ) );
#3535 = CARTESIAN_POINT ( 'NONE',  ( 1.517157287525375375, -0.2000000000000000111, 2.224264068711929720 ) ) ;
#3536 = VECTOR ( 'NONE', #1863, 1000.000000000000000 ) ;
#3537 = LINE ( 'NONE', #3837, #2581 ) ;
#3538 = ORIENTED_EDGE ( 'NONE', *, *, #3875, .F. ) ;
#3539 = PLANE ( 'NONE',  #1621 ) ;
#3540 = EDGE_CURVE ( 'NONE', #1275, #2155, #4027, .T. ) ;
#3541 = CIRCLE ( 'NONE', #2922, 0.04999999999999991257 ) ;
#3542 = CARTESIAN_POINT ( 'NONE',  ( -2.188908729652597529, 0.7999999999999998224, -1.552512626584711786 ) ) ;
#3543 = ORIENTED_EDGE ( 'NONE', *, *, #3607, .T. ) ;
#3544 = LINE ( 'NONE', #3242, #1054 ) ;
#3545 = PLANE ( 'NONE',  #3324 ) ;
#3546 = EDGE_CURVE ( 'NONE', #576, #2708, #802, .T. ) ;
#3547 = FACE_OUTER_BOUND ( 'NONE', #1349, .T. ) ;
#3548 = PRODUCT_DEFINITION_CONTEXT ( 'detailed design', #2735, 'design' ) ;
#3549 = AXIS2_PLACEMENT_3D ( 'NONE', #1918, #3927, #911 ) ;
#3550 = DIRECTION ( 'NONE',  ( -0.7071067811865487940, -1.084202172485504557E-16, 0.7071067811865464625 ) ) ;
#3551 = CARTESIAN_POINT ( 'NONE',  ( 0.1965285315127592303, 2.899999999999999911, -0.5016459803518493743 ) ) ;
#3552 = EDGE_CURVE ( 'NONE', #840, #4276, #412, .T. ) ;
#3553 = ORIENTED_EDGE ( 'NONE', *, *, #4194, .T. ) ;
#3554 = SURFACE_STYLE_FILL_AREA ( #4218 ) ;
#3555 = EDGE_CURVE ( 'NONE', #611, #3420, #1212, .T. ) ;
#3556 =( NAMED_UNIT ( * ) SI_UNIT ( $, .STERADIAN. ) SOLID_ANGLE_UNIT ( ) );
#3557 = AXIS2_PLACEMENT_3D ( 'NONE', #1042, #1969, #3369 ) ;
#3558 = EDGE_CURVE ( 'NONE', #677, #4157, #1077, .T. ) ;
#3559 = ORIENTED_EDGE ( 'NONE', *, *, #149, .T. ) ;
#3560 = EDGE_CURVE ( 'NONE', #1986, #264, #1780, .T. ) ;
#3561 = FILL_AREA_STYLE_COLOUR ( '', #2064 ) ;
#3562 = COLOUR_RGB ( '',1.000000000000000000, 1.000000000000000000, 1.000000000000000000 ) ;
#3563 = EDGE_CURVE ( 'NONE', #3985, #2167, #2609, .T. ) ;
#3564 = CARTESIAN_POINT ( 'NONE',  ( 2.188908729652596641, 0.7999999999999998224, 1.552512626584711120 ) ) ;
#3565 = SURFACE_STYLE_FILL_AREA ( #3633 ) ;
#3566 = ORIENTED_EDGE ( 'NONE', *, *, #4189, .F. ) ;
#3567 = EDGE_CURVE ( 'NONE', #1382, #1018, #2953, .T. ) ;
#3568 = ORIENTED_EDGE ( 'NONE', *, *, #3868, .T. ) ;
#3569 = CARTESIAN_POINT ( 'NONE',  ( -1.449378158628086277, 2.899999999999999911, -0.5016459803518490412 ) ) ;
#3570 = SURFACE_STYLE_FILL_AREA ( #4212 ) ;
#3571 = EDGE_CURVE ( 'NONE', #94, #3154, #3786, .T. ) ;
#3572 =( NAMED_UNIT ( * ) PLANE_ANGLE_UNIT ( ) SI_UNIT ( $, .RADIAN. ) );
#3573 = DIRECTION ( 'NONE',  ( 0.000000000000000000, 1.000000000000000000, 0.000000000000000000 ) ) ;
#3574 = AXIS2_PLACEMENT_3D ( 'NONE', #1227, #940, #3497 ) ;
#3575 = EDGE_CURVE ( 'NONE', #1269, #170, #1979, .T. ) ;
#3576 = FILL_AREA_STYLE ('',( #207 ) ) ;
#3577 = ORIENTED_EDGE ( 'NONE', *, *, #2470, .T. ) ;
#3578 = CARTESIAN_POINT ( 'NONE',  ( -1.199999999999996625, 0.000000000000000000, -2.399999999999999911 ) ) ;
#3579 = CARTESIAN_POINT ( 'NONE',  ( 1.906066017177976635, 0.7499999999999998890, 2.542462120245877699 ) ) ;
#3580 =( LENGTH_UNIT ( ) NAMED_UNIT ( * ) SI_UNIT ( .MILLI., .METRE. ) );
#3581 = VERTEX_POINT ( 'NONE', #3578 ) ;
#3582 =( NAMED_UNIT ( * ) SI_UNIT ( $, .STERADIAN. ) SOLID_ANGLE_UNIT ( ) );
#3583 = SURFACE_SIDE_STYLE ('',( #2958 ) ) ;
#3584 = FILL_AREA_STYLE_COLOUR ( '', #3219 ) ;
#3585 = PRESENTATION_STYLE_ASSIGNMENT (( #1253 ) ) ;
#3586 = VECTOR ( 'NONE', #846, 1000.000000000000000 ) ;
#3587 = ORIENTED_EDGE ( 'NONE', *, *, #1574, .F. ) ;
#3588 = AXIS2_PLACEMENT_3D ( 'NONE', #921, #3573, #4193 ) ;
#3589 = ORIENTED_EDGE ( 'NONE', *, *, #1574, .T. ) ;
#3590 = DIRECTION ( 'NONE',  ( -0.000000000000000000, 1.000000000000000000, -0.000000000000000000 ) ) ;
#3591 = DIRECTION ( 'NONE',  ( -9.486769009248185491E-16, -1.000000000000000000, 9.486769009248151965E-16 ) ) ;
#3592 = CARTESIAN_POINT ( 'NONE',  ( 1.367743320245153216, 2.889999999999999680, -0.6706600648588912916 ) ) ;
#3593 = LINE ( 'NONE', #3456, #1686 ) ;
#3594 = VECTOR ( 'NONE', #1262, 1000.000000000000000 ) ;
#3595 = CARTESIAN_POINT ( 'NONE',  ( -0.5759186515858326638, 2.889999999999999680, -0.5448898183800181538 ) ) ;
#3596 =( NAMED_UNIT ( * ) SI_UNIT ( $, .STERADIAN. ) SOLID_ANGLE_UNIT ( ) );
#3597 = PRESENTATION_LAYER_ASSIGNMENT (  '', '', ( #4090 ) ) ;
#3598 = ORIENTED_EDGE ( 'NONE', *, *, #2812, .T. ) ;
#3599 = CARTESIAN_POINT ( 'NONE',  ( 0.000000000000000000, 1.899999999999999689, 2.348000000000000309 ) ) ;
#3600 =( GEOMETRIC_REPRESENTATION_CONTEXT ( 3 ) GLOBAL_UNCERTAINTY_ASSIGNED_CONTEXT ( ( #661 ) ) GLOBAL_UNIT_ASSIGNED_CONTEXT ( ( #2503, #2880, #3524 ) ) REPRESENTATION_CONTEXT ( 'NONE', 'WORKASPACE' ) );
#3601 = DIRECTION ( 'NONE',  ( -0.4132170265578689605, 0.000000000000000000, 0.9106325762691962478 ) ) ;
#3602 = DIRECTION ( 'NONE',  ( 0.000000000000000000, -0.000000000000000000, 1.000000000000000000 ) ) ;
#3603 = EDGE_LOOP ( 'NONE', ( #790, #1820, #1230, #2473 ) ) ;
#3604 = CARTESIAN_POINT ( 'NONE',  ( 1.700000000000003064, -0.2000000000000000111, 1.699999999999993516 ) ) ;
#3605 = DIRECTION ( 'NONE',  ( 0.000000000000000000, 0.000000000000000000, -1.000000000000000000 ) ) ;
#3606 = EDGE_CURVE ( 'NONE', #3808, #704, #1683, .T. ) ;
#3607 = EDGE_CURVE ( 'NONE', #1018, #1009, #605, .T. ) ;
#3608 = UNCERTAINTY_MEASURE_WITH_UNIT (LENGTH_MEASURE( 1.000000000000000082E-05 ), #1558, 'distance_accuracy_value', 'NONE');
#3609 =( NAMED_UNIT ( * ) PLANE_ANGLE_UNIT ( ) SI_UNIT ( $, .RADIAN. ) );
#3610 = ORIENTED_EDGE ( 'NONE', *, *, #4186, .T. ) ;
#3611 = VECTOR ( 'NONE', #63, 999.9999999999998863 ) ;
#3612 = ORIENTED_EDGE ( 'NONE', *, *, #349, .F. ) ;
#3613 = DIRECTION ( 'NONE',  ( 0.7071067811865462405, -0.000000000000000000, 0.7071067811865489050 ) ) ;
#3614 = PRESENTATION_STYLE_ASSIGNMENT (( #1617 ) ) ;
#3615 = STYLED_ITEM ( 'NONE', ( #3164 ), #1572 ) ;
#3616 = LINE ( 'NONE', #1674, #3661 ) ;
#3617 = VECTOR ( 'NONE', #549, 1000.000000000000000 ) ;
#3618 =( LENGTH_UNIT ( ) NAMED_UNIT ( * ) SI_UNIT ( .MILLI., .METRE. ) );
#3619 = DIRECTION ( 'NONE',  ( 0.7071067811865474617, 0.000000000000000000, -0.7071067811865474617 ) ) ;
#3620 = EDGE_CURVE ( 'NONE', #3425, #904, #628, .T. ) ;
#3621 = EDGE_CURVE ( 'NONE', #301, #3936, #4287, .T. ) ;
#3622 = DIRECTION ( 'NONE',  ( -0.000000000000000000, 1.000000000000000000, -0.000000000000000000 ) ) ;
#3623 =( NAMED_UNIT ( * ) PLANE_ANGLE_UNIT ( ) SI_UNIT ( $, .RADIAN. ) );
#3624 = ORIENTED_EDGE ( 'NONE', *, *, #3050, .F. ) ;
#3625 = SURFACE_STYLE_USAGE ( .BOTH. , #927 ) ;
#3626 = CARTESIAN_POINT ( 'NONE',  ( 0.7537468413719138338, 2.899999999999999911, 0.8082131745777283438 ) ) ;
#3627 = EDGE_CURVE ( 'NONE', #960, #692, #1845, .T. ) ;
#3628 = ORIENTED_EDGE ( 'NONE', *, *, #3439, .T. ) ;
#3629 = CARTESIAN_POINT ( 'NONE',  ( -2.203553390593270489, 0.7146446609406722494, -1.517157287525384257 ) ) ;
#3630 = STYLED_ITEM ( 'NONE', ( #1872 ), #2670 ) ;
#3631 = FILL_AREA_STYLE ('',( #3979 ) ) ;
#3632 = COLOUR_RGB ( '',1.000000000000000000, 1.000000000000000000, 1.000000000000000000 ) ;
#3633 = FILL_AREA_STYLE ('',( #1966 ) ) ;
#3634 = STYLED_ITEM ( 'NONE', ( #3316 ), #2476 ) ;
#3635 = ORIENTED_EDGE ( 'NONE', *, *, #110, .T. ) ;
#3636 = ORIENTED_EDGE ( 'NONE', *, *, #1443, .F. ) ;
#3637 = VECTOR ( 'NONE', #2274, 1000.000000000000000 ) ;
#3638 = PRESENTATION_STYLE_ASSIGNMENT (( #66 ) ) ;
#3639 = AXIS2_PLACEMENT_3D ( 'NONE', #1471, #2736, #3371 ) ;
#3640 = LINE ( 'NONE', #671, #1951 ) ;
#3641 = PLANE ( 'NONE',  #2944 ) ;
#3642 = MECHANICAL_DESIGN_GEOMETRIC_PRESENTATION_REPRESENTATION (  '', ( #1985 ), #1017 ) ;
#3643 = DIRECTION ( 'NONE',  ( 1.000000000000000000, 0.000000000000000000, 0.000000000000000000 ) ) ;
#3644 = SURFACE_SIDE_STYLE ('',( #2321 ) ) ;
#3645 = AXIS2_PLACEMENT_3D ( 'NONE', #1491, #2134, #2193 ) ;
#3646 = SURFACE_STYLE_USAGE ( .BOTH. , #253 ) ;
#3647 = ORIENTED_EDGE ( 'NONE', *, *, #1451, .T. ) ;
#3648 =( NAMED_UNIT ( * ) SI_UNIT ( $, .STERADIAN. ) SOLID_ANGLE_UNIT ( ) );
#3649 = FILL_AREA_STYLE_COLOUR ( '', #2752 ) ;
#3650 = ORIENTED_EDGE ( 'NONE', *, *, #992, .F. ) ;
#3651 = EDGE_LOOP ( 'NONE', ( #2951, #3706, #3467, #2483 ) ) ;
#3652 = LINE ( 'NONE', #612, #3429 ) ;
#3653 = SURFACE_SIDE_STYLE ('',( #355 ) ) ;
#3654 = UNCERTAINTY_MEASURE_WITH_UNIT (LENGTH_MEASURE( 1.000000000000000082E-05 ), #1919, 'distance_accuracy_value', 'NONE');
#3655 =( LENGTH_UNIT ( ) NAMED_UNIT ( * ) SI_UNIT ( .MILLI., .METRE. ) );
#3656 = CARTESIAN_POINT ( 'NONE',  ( 1.700000000000003064, -0.2000000000000000111, 1.699999999999993516 ) ) ;
#3657 = VERTEX_POINT ( 'NONE', #3020 ) ;
#3658 = ORIENTED_EDGE ( 'NONE', *, *, #2030, .T. ) ;
#3659 = FILL_AREA_STYLE ('',( #1020 ) ) ;
#3660 = CARTESIAN_POINT ( 'NONE',  ( 0.3959123343296602204, 2.889999999999999680, -0.5448898183800181538 ) ) ;
#3661 = VECTOR ( 'NONE', #2644, 1000.000000000000000 ) ;
#3662 = DIRECTION ( 'NONE',  ( 0.000000000000000000, -1.000000000000000000, 0.000000000000000000 ) ) ;
#3663 = FILL_AREA_STYLE_COLOUR ( '', #2315 ) ;
#3664 = MECHANICAL_DESIGN_GEOMETRIC_PRESENTATION_REPRESENTATION (  '', ( #1040 ), #3105 ) ;
#3665 = DIRECTION ( 'NONE',  ( 0.000000000000000000, -1.000000000000000000, 0.000000000000000000 ) ) ;
#3666 = CARTESIAN_POINT ( 'NONE',  ( -1.100000000000001199, -0.2000000000000000111, -2.299999999999999822 ) ) ;
#3667 = DIRECTION ( 'NONE',  ( 0.000000000000000000, -1.000000000000000000, 0.000000000000000000 ) ) ;
#3668 = ORIENTED_EDGE ( 'NONE', *, *, #3101, .T. ) ;
#3669 = LINE ( 'NONE', #3401, #2551 ) ;
#3670 = COLOUR_RGB ( '',0.1921568627450980227, 0.2039215686274509776, 0.2039215686274509776 ) ;
#3671 = DIRECTION ( 'NONE',  ( 0.4136819341461172028, 0.000000000000000000, -0.9104214723748158544 ) ) ;
#3672 = CARTESIAN_POINT ( 'NONE',  ( -1.449378158628086277, 2.889999999999999680, -0.6706600648588912916 ) ) ;
#3673 = PLANE ( 'NONE',  #3869 ) ;
#3674 = VECTOR ( 'NONE', #1560, 1000.000000000000000 ) ;
#3675 = ORIENTED_EDGE ( 'NONE', *, *, #2394, .T. ) ;
#3676 = SURFACE_STYLE_FILL_AREA ( #3026 ) ;
#3677 =( NAMED_UNIT ( * ) PLANE_ANGLE_UNIT ( ) SI_UNIT ( $, .RADIAN. ) );
#3678 = SURFACE_STYLE_FILL_AREA ( #1641 ) ;
#3679 = CARTESIAN_POINT ( 'NONE',  ( 0.000000000000000000, -0.2000000000000000111, 0.000000000000000000 ) ) ;
#3680 = FILL_AREA_STYLE_COLOUR ( '', #4061 ) ;
#3681 = VERTEX_POINT ( 'NONE', #4241 ) ;
#3682 = ORIENTED_EDGE ( 'NONE', *, *, #1891, .T. ) ;
#3683 = CARTESIAN_POINT ( 'NONE',  ( 2.299999999999998490, -0.2000000000000000111, -1.100000000000000311 ) ) ;
#3684 = EDGE_CURVE ( 'NONE', #1980, #1615, #1292, .T. ) ;
#3685 = CIRCLE ( 'NONE', #777, 0.05000000000000012768 ) ;
#3686 = PRESENTATION_STYLE_ASSIGNMENT (( #3114 ) ) ;
#3687 = DIRECTION ( 'NONE',  ( 0.000000000000000000, 0.000000000000000000, 1.000000000000000000 ) ) ;
#3688 = VECTOR ( 'NONE', #1603, 1000.000000000000000 ) ;
#3689 = CARTESIAN_POINT ( 'NONE',  ( -0.2180841445435792725, 2.899999999999999911, 0.8082131745777283438 ) ) ;
#3690 = MECHANICAL_DESIGN_GEOMETRIC_PRESENTATION_REPRESENTATION (  '', ( #3133 ), #3065 ) ;
#3691 = FACE_OUTER_BOUND ( 'NONE', #1708, .T. ) ;
#3692 = DIRECTION ( 'NONE',  ( 1.301042606982602008E-14, 0.000000000000000000, 1.000000000000000000 ) ) ;
#3693 = EDGE_CURVE ( 'NONE', #4041, #4083, #1364, .T. ) ;
#3694 = ORIENTED_EDGE ( 'NONE', *, *, #3575, .F. ) ;
#3695 = SURFACE_STYLE_FILL_AREA ( #3735 ) ;
#3696 = DIRECTION ( 'NONE',  ( 0.4136819341461172028, 0.000000000000000000, -0.9104214723748158544 ) ) ;
#3697 = DIRECTION ( 'NONE',  ( 1.000000000000000000, 0.000000000000000000, 0.000000000000000000 ) ) ;
#3698 = VERTEX_POINT ( 'NONE', #377 ) ;
#3699 = CARTESIAN_POINT ( 'NONE',  ( -1.517157287525376264, -0.2000000000000000111, -2.224264068711930609 ) ) ;
#3700 = UNCERTAINTY_MEASURE_WITH_UNIT (LENGTH_MEASURE( 1.000000000000000082E-05 ), #1542, 'distance_accuracy_value', 'NONE');
#3701 = CARTESIAN_POINT ( 'NONE',  ( -2.118198051533942916, 0.7499999999999997780, -1.481801948466056729 ) ) ;
#3702 = FILL_AREA_STYLE_COLOUR ( '', #2113 ) ;
#3703 = CARTESIAN_POINT ( 'NONE',  ( 2.399999999999999467, 0.000000000000000000, 1.200000000000000178 ) ) ;
#3704 = ORIENTED_EDGE ( 'NONE', *, *, #2933, .F. ) ;
#3705 = CIRCLE ( 'NONE', #2114, 0.04999999999999991257 ) ;
#3706 = ORIENTED_EDGE ( 'NONE', *, *, #2348, .T. ) ;
#3707 = SURFACE_STYLE_FILL_AREA ( #1117 ) ;
#3709 = EDGE_CURVE ( 'NONE', #3161, #2890, #299, .T. ) ;
#3708 =( GEOMETRIC_REPRESENTATION_CONTEXT ( 3 ) GLOBAL_UNCERTAINTY_ASSIGNED_CONTEXT ( ( #2013 ) ) GLOBAL_UNIT_ASSIGNED_CONTEXT ( ( #444, #1792, #4005 ) ) REPRESENTATION_CONTEXT ( 'NONE', 'WORKASPACE' ) );
#3710 =( NAMED_UNIT ( * ) PLANE_ANGLE_UNIT ( ) SI_UNIT ( $, .RADIAN. ) );
#3711 = CARTESIAN_POINT ( 'NONE',  ( -1.189915130459072046, 2.889999999999999680, 0.8082131745777283438 ) ) ;
#3712 = STYLED_ITEM ( 'NONE', ( #1472 ), #3258 ) ;
#3713 = EDGE_CURVE ( 'NONE', #3226, #1545, #933, .T. ) ;
#3714 = MECHANICAL_DESIGN_GEOMETRIC_PRESENTATION_REPRESENTATION (  '', ( #3151 ), #1842 ) ;
#3715 = DIRECTION ( 'NONE',  ( -0.7071067811865462405, 0.000000000000000000, -0.7071067811865487940 ) ) ;
#3716 = MECHANICAL_DESIGN_GEOMETRIC_PRESENTATION_REPRESENTATION (  '', ( #1293 ), #1561 ) ;
#3717 = VERTEX_POINT ( 'NONE', #3626 ) ;
#3718 = SURFACE_STYLE_USAGE ( .BOTH. , #1383 ) ;
#3719 = EDGE_CURVE ( 'NONE', #69, #709, #650, .T. ) ;
#3720 = CIRCLE ( 'NONE', #172, 2.348000000000000309 ) ;
#3721 = FACE_OUTER_BOUND ( 'NONE', #760, .T. ) ;
#3722 = ORIENTED_EDGE ( 'NONE', *, *, #1052, .F. ) ;
#3723 = VECTOR ( 'NONE', #306, 1000.000000000000000 ) ;
#3724 = SURFACE_STYLE_FILL_AREA ( #2066 ) ;
#3725 = CARTESIAN_POINT ( 'NONE',  ( -0.4775471727125933374, 2.889999999999999680, -0.6706600648588912916 ) ) ;
#3726 = DIRECTION ( 'NONE',  ( 0.000000000000000000, 0.000000000000000000, 1.000000000000000000 ) ) ;
#3727 = PLANE ( 'NONE',  #3768 ) ;
#3728 = ORIENTED_EDGE ( 'NONE', *, *, #752, .T. ) ;
#3729 = ORIENTED_EDGE ( 'NONE', *, *, #986, .T. ) ;
#3730 = CARTESIAN_POINT ( 'NONE',  ( 2.153553390593270667, 0.000000000000000000, 1.446446609406728312 ) ) ;
#3731 =( NAMED_UNIT ( * ) PLANE_ANGLE_UNIT ( ) SI_UNIT ( $, .RADIAN. ) );
#3732 = FACE_OUTER_BOUND ( 'NONE', #1386, .T. ) ;
#3733 = CARTESIAN_POINT ( 'NONE',  ( 0.1965285315127587862, 2.899999999999999911, -0.5016459803518490412 ) ) ;
#3734 = PRESENTATION_LAYER_ASSIGNMENT (  '', '', ( #188 ) ) ;
#3735 = FILL_AREA_STYLE ('',( #3999 ) ) ;
#3736 = DIRECTION ( 'NONE',  ( -0.7071067811865489050, 0.000000000000000000, 0.7071067811865462405 ) ) ;
#3737 = ORIENTED_EDGE ( 'NONE', *, *, #685, .T. ) ;
#3738 = SURFACE_STYLE_USAGE ( .BOTH. , #410 ) ;
#3739 = UNCERTAINTY_MEASURE_WITH_UNIT (LENGTH_MEASURE( 1.000000000000000082E-05 ), #3344, 'distance_accuracy_value', 'NONE');
#3740 = AXIS2_PLACEMENT_3D ( 'NONE', #2062, #2687, #2453 ) ;
#3741 =( LENGTH_UNIT ( ) NAMED_UNIT ( * ) SI_UNIT ( .MILLI., .METRE. ) );
#3742 = EDGE_LOOP ( 'NONE', ( #3894, #1610 ) ) ;
#3743 = EDGE_CURVE ( 'NONE', #1374, #692, #4000, .T. ) ;
#3744 = EDGE_LOOP ( 'NONE', ( #2494, #1944, #2108, #4245, #2347, #1422, #1510, #4210, #2715, #4026 ) ) ;
#3745 =( NAMED_UNIT ( * ) SI_UNIT ( $, .STERADIAN. ) SOLID_ANGLE_UNIT ( ) );
#3746 = DIRECTION ( 'NONE',  ( 1.000000000000000000, 0.000000000000000000, 0.000000000000000000 ) ) ;
#3747 = ADVANCED_FACE ( 'NONE', ( #3970 ), #1267, .F. ) ;
#3748 = ADVANCED_FACE ( 'NONE', ( #1137 ), #4103, .T. ) ;
#3749 = EDGE_CURVE ( 'NONE', #1115, #1374, #2642, .T. ) ;
#3750 = CYLINDRICAL_SURFACE ( 'NONE', #3473, 2.348000000000000309 ) ;
#3751 = EDGE_CURVE ( 'NONE', #625, #3681, #3496, .T. ) ;
#3752 =( GEOMETRIC_REPRESENTATION_CONTEXT ( 3 ) GLOBAL_UNCERTAINTY_ASSIGNED_CONTEXT ( ( #2169 ) ) GLOBAL_UNIT_ASSIGNED_CONTEXT ( ( #1026, #1916, #2029 ) ) REPRESENTATION_CONTEXT ( 'NONE', 'WORKASPACE' ) );
#3753 = EDGE_CURVE ( 'NONE', #4030, #1680, #601, .T. ) ;
#3754 = SURFACE_SIDE_STYLE ('',( #119 ) ) ;
#3755 = EDGE_CURVE ( 'NONE', #3508, #1159, #1281, .T. ) ;
#3756 = ORIENTED_EDGE ( 'NONE', *, *, #3620, .T. ) ;
#3757 = STYLED_ITEM ( 'NONE', ( #810 ), #1161 ) ;
#3758 = DIRECTION ( 'NONE',  ( -0.000000000000000000, 1.000000000000000000, -0.000000000000000000 ) ) ;
#3759 = VERTEX_POINT ( 'NONE', #4 ) ;
#3760 = DIRECTION ( 'NONE',  ( -1.000000000000000000, 0.000000000000000000, -2.891205793294677833E-16 ) ) ;
#3761 = SURFACE_STYLE_FILL_AREA ( #2386 ) ;
#3762 = PRESENTATION_STYLE_ASSIGNMENT (( #1452 ) ) ;
#3763 = MECHANICAL_DESIGN_GEOMETRIC_PRESENTATION_REPRESENTATION (  '', ( #998 ), #96 ) ;
#3764 = STYLED_ITEM ( 'NONE', ( #2331 ), #157 ) ;
#3765 = CARTESIAN_POINT ( 'NONE',  ( -2.153553390593271111, 1.214450464109203433E-15, -1.517157287525383591 ) ) ;
#3766 = CARTESIAN_POINT ( 'NONE',  ( -1.346446609406723338, 0.000000000000000000, -2.053553390593277239 ) ) ;
#3767 = PLANE ( 'NONE',  #1595 ) ;
#3768 = AXIS2_PLACEMENT_3D ( 'NONE', #1753, #757, #2753 ) ;
#3769 = AXIS2_PLACEMENT_3D ( 'NONE', #874, #3475, #1200 ) ;
#3770 = PLANE ( 'NONE',  #4039 ) ;
#3771 = PRESENTATION_LAYER_ASSIGNMENT (  '', '', ( #1912 ) ) ;
#3772 = PLANE ( 'NONE',  #1515 ) ;
#3773 = VECTOR ( 'NONE', #924, 1000.000000000000000 ) ;
#3774 = EDGE_LOOP ( 'NONE', ( #1896, #4067, #3577, #2696, #3018 ) ) ;
#3775 =( NAMED_UNIT ( * ) PLANE_ANGLE_UNIT ( ) SI_UNIT ( $, .RADIAN. ) );
#3776 = PRESENTATION_LAYER_ASSIGNMENT (  '', '', ( #935 ) ) ;
#3777 = FILL_AREA_STYLE_COLOUR ( '', #1620 ) ;
#3778 = FILL_AREA_STYLE_COLOUR ( '', #1760 ) ;
#3779 = ORIENTED_EDGE ( 'NONE', *, *, #2484, .F. ) ;
#3780 = CARTESIAN_POINT ( 'NONE',  ( -2.300000000000000711, 0.000000000000000000, 1.099999999999998979 ) ) ;
#3781 =( NAMED_UNIT ( * ) PLANE_ANGLE_UNIT ( ) SI_UNIT ( $, .RADIAN. ) );
#3782 = CARTESIAN_POINT ( 'NONE',  ( 1.099999999999999867, -0.2000000000000000111, 2.300000000000000266 ) ) ;
#3783 = ORIENTED_EDGE ( 'NONE', *, *, #2677, .T. ) ;
#3784 = DIRECTION ( 'NONE',  ( 0.000000000000000000, -1.000000000000000000, 0.000000000000000000 ) ) ;
#3785 = CARTESIAN_POINT ( 'NONE',  ( 1.870710678118649106, 0.7499999999999998890, 2.507106781186550393 ) ) ;
#3786 =( BOUNDED_CURVE ( )  B_SPLINE_CURVE ( 3, ( #3924, #3254, #929, #2685 ),
 .UNSPECIFIED., .F., .T. ) 
 B_SPLINE_CURVE_WITH_KNOTS ( ( 4, 4 ),
 ( 3.926990816987240951, 4.712388980384690562 ),
 .UNSPECIFIED. ) 
 CURVE ( )  GEOMETRIC_REPRESENTATION_ITEM ( )  RATIONAL_B_SPLINE_CURVE ( ( 1.000000000000000000, 0.9492530216741910110, 0.9492530216741910110, 1.000000000000000000 ) ) 
 REPRESENTATION_ITEM ( '' )  );
#3787 =( GEOMETRIC_REPRESENTATION_CONTEXT ( 3 ) GLOBAL_UNCERTAINTY_ASSIGNED_CONTEXT ( ( #1523 ) ) GLOBAL_UNIT_ASSIGNED_CONTEXT ( ( #1536, #2862, #1910 ) ) REPRESENTATION_CONTEXT ( 'NONE', 'WORKASPACE' ) );
#3788 = VERTEX_POINT ( 'NONE', #35 ) ;
#3789 = ADVANCED_FACE ( 'NONE', ( #2966 ), #3320, .F. ) ;
#3790 = CARTESIAN_POINT ( 'NONE',  ( -2.188908729652598417, -0.2000000000000000111, -1.481801948466056063 ) ) ;
#3791 = DIRECTION ( 'NONE',  ( 0.7071067811865486830, -0.000000000000000000, -0.7071067811865464625 ) ) ;
#3792 = ORIENTED_EDGE ( 'NONE', *, *, #1585, .T. ) ;
#3793 = LINE ( 'NONE', #2496, #295 ) ;
#3794 = PRESENTATION_STYLE_ASSIGNMENT (( #2829 ) ) ;
#3795 = CARTESIAN_POINT ( 'NONE',  ( 2.877919977996279827E-16, 1.899999999999999689, -2.350000000000000089 ) ) ;
#3796 = COLOUR_RGB ( '',0.8000000000000000444, 0.8078431372549019773, 0.8000000000000000444 ) ;
#3797 = ORIENTED_EDGE ( 'NONE', *, *, #2092, .F. ) ;
#3798 = DIRECTION ( 'NONE',  ( -0.7071067811865462405, 0.000000000000000000, -0.7071067811865487940 ) ) ;
#3799 = EDGE_LOOP ( 'NONE', ( #1297, #3682, #1350, #1402, #2083, #2047, #3879, #4104, #32, #2217 ) ) ;
#3800 = DIRECTION ( 'NONE',  ( -0.000000000000000000, 0.000000000000000000, -1.000000000000000000 ) ) ;
#3801 = EDGE_CURVE ( 'NONE', #2175, #1464, #4250, .T. ) ;
#3802 = SURFACE_STYLE_USAGE ( .BOTH. , #602 ) ;
#3803 =( LENGTH_UNIT ( ) NAMED_UNIT ( * ) SI_UNIT ( .MILLI., .METRE. ) );
#3804 = VECTOR ( 'NONE', #466, 1000.000000000000000 ) ;
#3805 = CARTESIAN_POINT ( 'NONE',  ( 0.000000000000000000, 2.899999999999999911, 2.350000000000000089 ) ) ;
#3806 = CARTESIAN_POINT ( 'NONE',  ( 0.5731790596817729622, 2.899999999999999911, 0.8082131745777283438 ) ) ;
#3807 = VECTOR ( 'NONE', #1975, 1000.000000000000000 ) ;
#3808 = VERTEX_POINT ( 'NONE', #1044 ) ;
#3809 = LINE ( 'NONE', #211, #3586 ) ;
#3810 = CARTESIAN_POINT ( 'NONE',  ( -2.399999999999998579, 0.000000000000000000, 1.999999999999999556 ) ) ;
#3811 = VECTOR ( 'NONE', #822, 1000.000000000000000 ) ;
#3812 = DIRECTION ( 'NONE',  ( -0.000000000000000000, 0.000000000000000000, -1.000000000000000000 ) ) ;
#3813 = EDGE_LOOP ( 'NONE', ( #2001, #3239, #3589, #2756 ) ) ;
#3814 = DIRECTION ( 'NONE',  ( -0.7071067811865455743, 0.000000000000000000, 0.7071067811865495711 ) ) ;
#3815 = FILL_AREA_STYLE_COLOUR ( '', #2165 ) ;
#3816 = UNCERTAINTY_MEASURE_WITH_UNIT (LENGTH_MEASURE( 1.000000000000000082E-05 ), #195, 'distance_accuracy_value', 'NONE');
#3817 = DIRECTION ( 'NONE',  ( -0.7071067811865462405, 0.000000000000000000, -0.7071067811865487940 ) ) ;
#3818 = ORIENTED_EDGE ( 'NONE', *, *, #2797, .T. ) ;
#3819 = EDGE_LOOP ( 'NONE', ( #1933, #2262, #2873, #3366 ) ) ;
#3820 = FILL_AREA_STYLE ('',( #3241 ) ) ;
#3821 = DIRECTION ( 'NONE',  ( -0.7071067811865462405, 0.000000000000000000, -0.7071067811865489050 ) ) ;
#3822 = CARTESIAN_POINT ( 'NONE',  ( 0.3959123343296602204, 2.889999999999999680, -0.6706600648588912916 ) ) ;
#3823 = PRESENTATION_LAYER_ASSIGNMENT (  '', '', ( #3630 ) ) ;
#3824 = CARTESIAN_POINT ( 'NONE',  ( -2.300000000000000711, -0.2000000000000000111, 1.099999999999998535 ) ) ;
#3825 = PRESENTATION_LAYER_ASSIGNMENT (  '', '', ( #1006 ) ) ;
#3826 = VECTOR ( 'NONE', #1490, 1000.000000000000000 ) ;
#3827 = CARTESIAN_POINT ( 'NONE',  ( 0.1965285315127587862, 2.889999999999999680, -0.5016459803518490412 ) ) ;
#3828 = SURFACE_STYLE_USAGE ( .BOTH. , #2249 ) ;
#3829 = ORIENTED_EDGE ( 'NONE', *, *, #922, .F. ) ;
#3830 = EDGE_CURVE ( 'NONE', #3581, #4083, #2666, .T. ) ;
#3831 = AXIS2_PLACEMENT_3D ( 'NONE', #3066, #3089, #2766 ) ;
#3832 = AXIS2_PLACEMENT_3D ( 'NONE', #4046, #2402, #3726 ) ;
#3833 = CARTESIAN_POINT ( 'NONE',  ( -2.300000000000001155, 0.000000000000000000, 0.7999999999999994893 ) ) ;
#3834 = CARTESIAN_POINT ( 'NONE',  ( -2.542462120245871482, 0.7499999999999998890, -1.835355339059331792 ) ) ;
#3835 = STYLED_ITEM ( 'NONE', ( #1676 ), #346 ) ;
#3836 = MECHANICAL_DESIGN_GEOMETRIC_PRESENTATION_REPRESENTATION (  '', ( #1912 ), #3015 ) ;
#3837 = CARTESIAN_POINT ( 'NONE',  ( 2.224264068711925280, -0.2000000000000000111, 1.517157287525382925 ) ) ;
#3838 = ORIENTED_EDGE ( 'NONE', *, *, #3128, .T. ) ;
#3839 = COLOUR_RGB ( '',0.8000000000000000444, 0.8078431372549019773, 0.8000000000000000444 ) ;
#3840 = SURFACE_STYLE_USAGE ( .BOTH. , #1569 ) ;
#3841 = CYLINDRICAL_SURFACE ( 'NONE', #2608, 0.04999999999999991951 ) ;
#3842 = PRESENTATION_LAYER_ASSIGNMENT (  '', '', ( #1498 ) ) ;
#3843 = DIRECTION ( 'NONE',  ( 0.000000000000000000, 0.000000000000000000, 1.000000000000000000 ) ) ;
#3844 = DIRECTION ( 'NONE',  ( 9.486769009248187463E-16, 1.000000000000000000, -9.486769009248151965E-16 ) ) ;
#3845 = SURFACE_STYLE_FILL_AREA ( #2853 ) ;
#3846 = ORIENTED_EDGE ( 'NONE', *, *, #3222, .F. ) ;
#3847 = ORIENTED_EDGE ( 'NONE', *, *, #3098, .F. ) ;
#3848 = LINE ( 'NONE', #2218, #3261 ) ;
#3849 = CIRCLE ( 'NONE', #3574, 0.04999999999999991951 ) ;
#3850 = CARTESIAN_POINT ( 'NONE',  ( -2.507106781186544175, 0.7499999999999997780, -1.870710678118659098 ) ) ;
#3851 = DIRECTION ( 'NONE',  ( 0.000000000000000000, 0.000000000000000000, -1.000000000000000000 ) ) ;
#3852 = ORIENTED_EDGE ( 'NONE', *, *, #2343, .T. ) ;
#3853 = ADVANCED_FACE ( 'NONE', ( #1021 ), #2024, .T. ) ;
#3854 = AXIS2_PLACEMENT_3D ( 'NONE', #143, #2794, #1148 ) ;
#3855 = DIRECTION ( 'NONE',  ( -0.000000000000000000, 1.000000000000000000, -0.000000000000000000 ) ) ;
#3856 = LINE ( 'NONE', #3171, #1141 ) ;
#3857 = DIRECTION ( 'NONE',  ( 1.000000000000000000, 0.000000000000000000, 0.000000000000000000 ) ) ;
#3858 = EDGE_LOOP ( 'NONE', ( #2866, #3635, #1597, #4198 ) ) ;
#3859 = CYLINDRICAL_SURFACE ( 'NONE', #3549, 0.05000000000000012768 ) ;
#3860 = UNCERTAINTY_MEASURE_WITH_UNIT (LENGTH_MEASURE( 1.000000000000000082E-05 ), #3067, 'distance_accuracy_value', 'NONE');
#3861 =( NAMED_UNIT ( * ) PLANE_ANGLE_UNIT ( ) SI_UNIT ( $, .RADIAN. ) );
#3862 = ADVANCED_FACE ( 'NONE', ( #4054 ), #1144, .T. ) ;
#3863 = ORIENTED_EDGE ( 'NONE', *, *, #1311, .F. ) ;
#3864 = ORIENTED_EDGE ( 'NONE', *, *, #3409, .F. ) ;
#3865 = CLOSED_SHELL ( 'NONE', ( #534, #365, #1772, #1448, #634, #2901, #606, #1271, #2300, #2350, #2798, #2142, #862, #53, #1894, #2800, #2204, #3880, #1767, #8, #167, #2370, #2200, #2271, #2911, #2413, #815, #429, #2137, #1904, #3446, #3789, #670, #1856, #1125, #1126, #3747, #4013, #626, #3203, #679, #2476, #1622, #2442, #1505, #3438, #209, #173, #1280, #1132, #2328, #2790, #1572, #3431, #1094, #2670, #3874, #938, #493, #60, #316, #2987, #3123, #341, #2101, #805, #3748, #3036, #2154, #3882, #847, #912, #3485, #157, #2838, #3258, #479, #368, #3898, #995, #1130, #354, #3243, #2054, #3853, #2518, #346, #2041, #279, #416, #821, #3112, #219, #1940, #1173, #3862, #379 ) ) ;
#3866 = SURFACE_STYLE_USAGE ( .BOTH. , #577 ) ;
#3867 = CARTESIAN_POINT ( 'NONE',  ( 0.4942838132028996578, 2.889999999999999680, -0.5016459803518490412 ) ) ;
#3868 = EDGE_CURVE ( 'NONE', #4128, #3502, #1064, .T. ) ;
#3869 = AXIS2_PLACEMENT_3D ( 'NONE', #1634, #1071, #3697 ) ;
#3870 = CARTESIAN_POINT ( 'NONE',  ( -1.446446609406721651, -6.009968850885412032E-17, -2.153553390593275996 ) ) ;
#3871 = LINE ( 'NONE', #3822, #2502 ) ;
#3872 = DIRECTION ( 'NONE',  ( -1.000000000000000000, 0.000000000000000000, 0.000000000000000000 ) ) ;
#3873 = EDGE_CURVE ( 'NONE', #3399, #667, #3395, .T. ) ;
#3874 = ADVANCED_FACE ( 'NONE', ( #4124 ), #3136, .T. ) ;
#3875 = EDGE_CURVE ( 'NONE', #4008, #3161, #928, .T. ) ;
#3876 = UNCERTAINTY_MEASURE_WITH_UNIT (LENGTH_MEASURE( 1.000000000000000082E-05 ), #1120, 'distance_accuracy_value', 'NONE');
#3877 =( NAMED_UNIT ( * ) SI_UNIT ( $, .STERADIAN. ) SOLID_ANGLE_UNIT ( ) );
#3878 = CARTESIAN_POINT ( 'NONE',  ( 0.7537468413719138338, 2.889999999999999680, 0.8082131745777283438 ) ) ;
#3879 = ORIENTED_EDGE ( 'NONE', *, *, #1005, .F. ) ;
#3880 = ADVANCED_FACE ( 'NONE', ( #257 ), #1963, .F. ) ;
#3881 = SURFACE_STYLE_FILL_AREA ( #2650 ) ;
#3882 = ADVANCED_FACE ( 'NONE', ( #4272 ), #3978, .T. ) ;
#3883 = PRESENTATION_LAYER_ASSIGNMENT (  '', '', ( #4220 ) ) ;
#3884 = SURFACE_STYLE_USAGE ( .BOTH. , #18 ) ;
#3885 = ORIENTED_EDGE ( 'NONE', *, *, #3607, .F. ) ;
#3886 = DIRECTION ( 'NONE',  ( 0.7071067811865474617, 0.000000000000000000, -0.7071067811865474617 ) ) ;
#3887 = VECTOR ( 'NONE', #198, 1000.000000000000000 ) ;
#3888 = FILL_AREA_STYLE ('',( #2564 ) ) ;
#3889 = CARTESIAN_POINT ( 'NONE',  ( 2.299999999999998490, -0.2000000000000000111, -1.100000000000000311 ) ) ;
#3890 = PRESENTATION_LAYER_ASSIGNMENT (  '', '', ( #2220 ) ) ;
#3891 = AXIS2_PLACEMENT_3D ( 'NONE', #1655, #3715, #4020 ) ;
#3892 = CARTESIAN_POINT ( 'NONE',  ( 1.502512626584702859, 0.7207106781186547462, 2.209619407771257205 ) ) ;
#3893 = DIRECTION ( 'NONE',  ( 0.000000000000000000, -1.000000000000000000, 0.000000000000000000 ) ) ;
#3894 = ORIENTED_EDGE ( 'NONE', *, *, #3751, .T. ) ;
#3895 = EDGE_LOOP ( 'NONE', ( #2701, #1096, #1733, #2121 ) ) ;
#3896 = AXIS2_PLACEMENT_3D ( 'NONE', #193, #3812, #1197 ) ;
#3897 = CARTESIAN_POINT ( 'NONE',  ( -1.870710678118649994, 0.7499999999999997780, -2.507106781186550837 ) ) ;
#3898 = ADVANCED_FACE ( 'NONE', ( #2959 ), #1250, .T. ) ;
#3899 = CARTESIAN_POINT ( 'NONE',  ( 1.517157287525375375, 0.7499999999999998890, 2.224264068711929720 ) ) ;
#3900 =( NAMED_UNIT ( * ) SI_UNIT ( $, .STERADIAN. ) SOLID_ANGLE_UNIT ( ) );
#3901 = AXIS2_PLACEMENT_3D ( 'NONE', #3516, #2891, #4122 ) ;
#3902 = EDGE_LOOP ( 'NONE', ( #4051, #1849, #571, #421 ) ) ;
#3903 = DIRECTION ( 'NONE',  ( 0.7071067811865474617, 0.000000000000000000, 0.7071067811865474617 ) ) ;
#3904 = SURFACE_STYLE_USAGE ( .BOTH. , #2585 ) ;
#3905 = AXIS2_PLACEMENT_3D ( 'NONE', #2256, #3308, #1587 ) ;
#3906 =( NAMED_UNIT ( * ) SI_UNIT ( $, .STERADIAN. ) SOLID_ANGLE_UNIT ( ) );
#3907 = PLANE ( 'NONE',  #3989 ) ;
#3908 = ORIENTED_EDGE ( 'NONE', *, *, #3076, .T. ) ;
#3909 =( LENGTH_UNIT ( ) NAMED_UNIT ( * ) SI_UNIT ( .MILLI., .METRE. ) );
#3910 = SPHERICAL_SURFACE ( 'NONE', #3146, 0.05000000000000000278 ) ;
#3911 = UNCERTAINTY_MEASURE_WITH_UNIT (LENGTH_MEASURE( 1.000000000000000082E-05 ), #1627, 'distance_accuracy_value', 'NONE');
#3912 = CARTESIAN_POINT ( 'NONE',  ( -2.577817459305198344, 0.7499999999999997780, -1.870710678118659320 ) ) ;
#3913 = CARTESIAN_POINT ( 'NONE',  ( -1.481801948466048735, 0.7499999999999998890, -2.188908729652603302 ) ) ;
#3914 = FACE_BOUND ( 'NONE', #3410, .T. ) ;
#3915 = PRESENTATION_LAYER_ASSIGNMENT (  '', '', ( #1293 ) ) ;
#3916 = ORIENTED_EDGE ( 'NONE', *, *, #3830, .T. ) ;
#3917 = ORIENTED_EDGE ( 'NONE', *, *, #2510, .F. ) ;
#3918 = VECTOR ( 'NONE', #3329, 999.9999999999998863 ) ;
#3919 = DIRECTION ( 'NONE',  ( -0.000000000000000000, 1.000000000000000000, -0.000000000000000000 ) ) ;
#3920 = DIRECTION ( 'NONE',  ( 1.000000000000000000, 0.000000000000000000, 0.000000000000000000 ) ) ;
#3921 = CYLINDRICAL_SURFACE ( 'NONE', #3265, 0.05000000000000012768 ) ;
#3922 = EDGE_CURVE ( 'NONE', #2155, #550, #2691, .T. ) ;
#3923 = VERTEX_POINT ( 'NONE', #1057 ) ;
#3924 = CARTESIAN_POINT ( 'NONE',  ( -2.203553390593270489, 0.7146446609406722494, -1.517157287525384257 ) ) ;
#3925 =( NAMED_UNIT ( * ) SI_UNIT ( $, .STERADIAN. ) SOLID_ANGLE_UNIT ( ) );
#3926 = ORIENTED_EDGE ( 'NONE', *, *, #1764, .F. ) ;
#3927 = DIRECTION ( 'NONE',  ( 0.000000000000000000, -1.000000000000000000, 0.000000000000000000 ) ) ;
#3928 = SURFACE_SIDE_STYLE ('',( #2258 ) ) ;
#3929 =( NAMED_UNIT ( * ) SI_UNIT ( $, .STERADIAN. ) SOLID_ANGLE_UNIT ( ) );
#3930 = LINE ( 'NONE', #26, #2182 ) ;
#3931 = SURFACE_STYLE_USAGE ( .BOTH. , #2335 ) ;
#3932 = FACE_BOUND ( 'NONE', #2925, .T. ) ;
#3933 = STYLED_ITEM ( 'NONE', ( #586 ), #1125 ) ;
#3934 = ORIENTED_EDGE ( 'NONE', *, *, #3620, .F. ) ;
#3935 = PRESENTATION_LAYER_ASSIGNMENT (  '', '', ( #883 ) ) ;
#3936 = VERTEX_POINT ( 'NONE', #713 ) ;
#3937 = CARTESIAN_POINT ( 'NONE',  ( 0.000000000000000000, 1.899999999999999689, 2.350000000000000089 ) ) ;
#3938 = LINE ( 'NONE', #971, #2909 ) ;
#3939 = DIRECTION ( 'NONE',  ( 0.4136819341461172028, 0.000000000000000000, -0.9104214723748158544 ) ) ;
#3940 = CARTESIAN_POINT ( 'NONE',  ( 0.000000000000000000, -0.2000000000000000111, 0.000000000000000000 ) ) ;
#3941 = EDGE_CURVE ( 'NONE', #2, #1540, #4006, .T. ) ;
#3942 = DIRECTION ( 'NONE',  ( 0.000000000000000000, 0.000000000000000000, -1.000000000000000000 ) ) ;
#3943 = CYLINDRICAL_SURFACE ( 'NONE', #1331, 0.05000000000000012768 ) ;
#3944 = COLOUR_RGB ( '',0.8000000000000000444, 0.8078431372549019773, 0.8000000000000000444 ) ;
#3945 = ORIENTED_EDGE ( 'NONE', *, *, #3571, .T. ) ;
#3946 = FILL_AREA_STYLE_COLOUR ( '', #3515 ) ;
#3947 = DIRECTION ( 'NONE',  ( -0.7071067811865432429, 0.000000000000000000, 0.7071067811865519026 ) ) ;
#3948 = FILL_AREA_STYLE ('',( #2686 ) ) ;
#3949 = FACE_OUTER_BOUND ( 'NONE', #3744, .T. ) ;
#3950 = ORIENTED_EDGE ( 'NONE', *, *, #803, .F. ) ;
#3951 = FACE_OUTER_BOUND ( 'NONE', #463, .T. ) ;
#3952 = CARTESIAN_POINT ( 'NONE',  ( -2.507106781186544175, 0.7499999999999997780, -1.870710678118658876 ) ) ;
#3953 = UNCERTAINTY_MEASURE_WITH_UNIT (LENGTH_MEASURE( 1.000000000000000082E-05 ), #2816, 'distance_accuracy_value', 'NONE');
#3954 = DIRECTION ( 'NONE',  ( 1.000000000000000000, 0.000000000000000000, 5.782411586589351722E-16 ) ) ;
#3955 = VECTOR ( 'NONE', #2881, 1000.000000000000000 ) ;
#3956 = SURFACE_STYLE_USAGE ( .BOTH. , #2637 ) ;
#3957 = ORIENTED_EDGE ( 'NONE', *, *, #788, .T. ) ;
#3958 = ORIENTED_EDGE ( 'NONE', *, *, #1735, .T. ) ;
#3959 = FILL_AREA_STYLE_COLOUR ( '', #3205 ) ;
#3960 = FILL_AREA_STYLE ('',( #1929 ) ) ;
#3961 = CIRCLE ( 'NONE', #1414, 2.348000000000000309 ) ;
#3962 = CARTESIAN_POINT ( 'NONE',  ( 1.668082731761227899, 0.000000000000000000, -0.7999999999999992673 ) ) ;
#3963 = DIRECTION ( 'NONE',  ( 0.000000000000000000, 1.000000000000000000, 0.000000000000000000 ) ) ;
#3964 = SURFACE_STYLE_FILL_AREA ( #974 ) ;
#3965 =( NAMED_UNIT ( * ) SI_UNIT ( $, .STERADIAN. ) SOLID_ANGLE_UNIT ( ) );
#3966 = SURFACE_SIDE_STYLE ('',( #1002 ) ) ;
#3967 = CARTESIAN_POINT ( 'NONE',  ( 0.000000000000000000, 2.899999999999999911, 0.000000000000000000 ) ) ;
#3968 = ORIENTED_EDGE ( 'NONE', *, *, #3751, .F. ) ;
#3969 = PRESENTATION_LAYER_ASSIGNMENT (  '', '', ( #998 ) ) ;
#3970 = FACE_OUTER_BOUND ( 'NONE', #222, .T. ) ;
#3971 = EDGE_LOOP ( 'NONE', ( #3934, #934, #2058, #4163, #1004, #2425 ) ) ;
#3972 = SPHERICAL_SURFACE ( 'NONE', #3740, 0.05000000000000000278 ) ;
#3973 = VERTEX_POINT ( 'NONE', #3422 ) ;
#3974 = EDGE_CURVE ( 'NONE', #3024, #1859, #2381, .T. ) ;
#3975 = FILL_AREA_STYLE_COLOUR ( '', #1355 ) ;
#3976 = FILL_AREA_STYLE_COLOUR ( '', #1363 ) ;
#3977 = AXIS2_PLACEMENT_3D ( 'NONE', #417, #2409, #433 ) ;
#3978 = SPHERICAL_SURFACE ( 'NONE', #3088, 0.05000000000000000278 ) ;
#3979 = FILL_AREA_STYLE_COLOUR ( '', #1438 ) ;
#3980 =( GEOMETRIC_REPRESENTATION_CONTEXT ( 3 ) GLOBAL_UNCERTAINTY_ASSIGNED_CONTEXT ( ( #1667 ) ) GLOBAL_UNIT_ASSIGNED_CONTEXT ( ( #2622, #2052, #3348 ) ) REPRESENTATION_CONTEXT ( 'NONE', 'WORKASPACE' ) );
#3981 = SURFACE_STYLE_FILL_AREA ( #4274 ) ;
#3982 = DIRECTION ( 'NONE',  ( -0.000000000000000000, 0.000000000000000000, 1.000000000000000000 ) ) ;
#3983 = MECHANICAL_DESIGN_GEOMETRIC_PRESENTATION_REPRESENTATION (  '', ( #1555 ), #1076 ) ;
#3984 = ORIENTED_EDGE ( 'NONE', *, *, #1146, .T. ) ;
#3985 = VERTEX_POINT ( 'NONE', #737 ) ;
#3986 = DIRECTION ( 'NONE',  ( 0.7071067811865489050, 0.000000000000000000, 0.7071067811865462405 ) ) ;
#3987 = SURFACE_SIDE_STYLE ('',( #1723 ) ) ;
#3988 = CARTESIAN_POINT ( 'NONE',  ( -1.199999999999996625, 2.899999999999999911, -2.399999999999999911 ) ) ;
#3989 = AXIS2_PLACEMENT_3D ( 'NONE', #2008, #351, #3384 ) ;
#3990 = LINE ( 'NONE', #319, #1740 ) ;
#3991 = MECHANICAL_DESIGN_GEOMETRIC_PRESENTATION_REPRESENTATION (  '', ( #2180 ), #3152 ) ;
#3992 = SURFACE_STYLE_USAGE ( .BOTH. , #2947 ) ;
#3993 = PRESENTATION_STYLE_ASSIGNMENT (( #42 ) ) ;
#3994 = VECTOR ( 'NONE', #3236, 1000.000000000000000 ) ;
#3995 = SURFACE_SIDE_STYLE ('',( #1998 ) ) ;
#3996 = FACE_OUTER_BOUND ( 'NONE', #2037, .T. ) ;
#3997 = COLOUR_RGB ( '',0.8000000000000000444, 0.8078431372549019773, 0.8000000000000000444 ) ;
#3998 = EDGE_LOOP ( 'NONE', ( #452, #2733, #1264, #3494 ) ) ;
#3999 = FILL_AREA_STYLE_COLOUR ( '', #1038 ) ;
#4000 = LINE ( 'NONE', #2652, #2403 ) ;
#4001 = FILL_AREA_STYLE_COLOUR ( '', #693 ) ;
#4002 = EDGE_CURVE ( 'NONE', #1540, #375, #1098, .T. ) ;
#4003 = ORIENTED_EDGE ( 'NONE', *, *, #673, .T. ) ;
#4004 = CARTESIAN_POINT ( 'NONE',  ( 1.517157287525375597, -5.685945951914587818E-17, 2.153553390593275108 ) ) ;
#4005 =( NAMED_UNIT ( * ) SI_UNIT ( $, .STERADIAN. ) SOLID_ANGLE_UNIT ( ) );
#4006 = LINE ( 'NONE', #1741, #2781 ) ;
#4007 = UNCERTAINTY_MEASURE_WITH_UNIT (LENGTH_MEASURE( 1.000000000000000082E-05 ), #2186, 'distance_accuracy_value', 'NONE');
#4008 = VERTEX_POINT ( 'NONE', #1444 ) ;
#4009 = ORIENTED_EDGE ( 'NONE', *, *, #2341, .F. ) ;
#4010 =( NAMED_UNIT ( * ) SI_UNIT ( $, .STERADIAN. ) SOLID_ANGLE_UNIT ( ) );
#4011 = PLANE ( 'NONE',  #3557 ) ;
#4012 =( NAMED_UNIT ( * ) SI_UNIT ( $, .STERADIAN. ) SOLID_ANGLE_UNIT ( ) );
#4013 = ADVANCED_FACE ( 'NONE', ( #1713 ), #25, .F. ) ;
#4014 = COLOUR_RGB ( '',0.1921568627450980227, 0.2039215686274509776, 0.2039215686274509776 ) ;
#4015 =( NAMED_UNIT ( * ) PLANE_ANGLE_UNIT ( ) SI_UNIT ( $, .RADIAN. ) );
#4016 = SURFACE_STYLE_FILL_AREA ( #3323 ) ;
#4017 = VECTOR ( 'NONE', #2229, 1000.000000000000000 ) ;
#4018 = LINE ( 'NONE', #3689, #748 ) ;
#4019 = CARTESIAN_POINT ( 'NONE',  ( -2.299999999999998490, -0.2000000000000000111, 2.300000000000000266 ) ) ;
#4020 = DIRECTION ( 'NONE',  ( -0.7071067811865474617, 0.000000000000000000, 0.7071067811865474617 ) ) ;
#4021 = ORIENTED_EDGE ( 'NONE', *, *, #3567, .T. ) ;
#4022 =( NAMED_UNIT ( * ) SI_UNIT ( $, .STERADIAN. ) SOLID_ANGLE_UNIT ( ) );
#4023 = CARTESIAN_POINT ( 'NONE',  ( -2.053553390593271022, -0.2000000000000000111, -1.346446609406728667 ) ) ;
#4024 = PRESENTATION_LAYER_ASSIGNMENT (  '', '', ( #422 ) ) ;
#4025 = EDGE_CURVE ( 'NONE', #1980, #480, #3361, .T. ) ;
#4026 = ORIENTED_EDGE ( 'NONE', *, *, #3291, .T. ) ;
#4027 = LINE ( 'NONE', #1715, #2689 ) ;
#4028 = CARTESIAN_POINT ( 'NONE',  ( -2.188908729652597973, 1.214450464109202644E-15, -1.552512626584711342 ) ) ;
#4029 = ORIENTED_EDGE ( 'NONE', *, *, #2205, .F. ) ;
#4030 = VERTEX_POINT ( 'NONE', #3725 ) ;
#4031 = CARTESIAN_POINT ( 'NONE',  ( -2.188908729652598417, -0.2000000000000000111, -1.552512626584711120 ) ) ;
#4032 = EDGE_CURVE ( 'NONE', #1009, #3521, #428, .T. ) ;
#4033 = DIRECTION ( 'NONE',  ( 0.4136819341461172583, 0.000000000000000000, -0.9104214723748157434 ) ) ;
#4034 =( GEOMETRIC_REPRESENTATION_CONTEXT ( 3 ) GLOBAL_UNCERTAINTY_ASSIGNED_CONTEXT ( ( #1013 ) ) GLOBAL_UNIT_ASSIGNED_CONTEXT ( ( #2445, #776, #1722 ) ) REPRESENTATION_CONTEXT ( 'NONE', 'WORKASPACE' ) );
#4035 = SURFACE_STYLE_USAGE ( .BOTH. , #2412 ) ;
#4036 = EDGE_CURVE ( 'NONE', #2597, #3161, #3848, .T. ) ;
#4037 = DIRECTION ( 'NONE',  ( 0.7071067811865462405, -0.000000000000000000, 0.7071067811865487940 ) ) ;
#4038 = AXIS2_PLACEMENT_3D ( 'NONE', #731, #1818, #839 ) ;
#4039 = AXIS2_PLACEMENT_3D ( 'NONE', #4096, #166, #4111 ) ;
#4040 = ORIENTED_EDGE ( 'NONE', *, *, #3540, .F. ) ;
#4041 = VERTEX_POINT ( 'NONE', #1618 ) ;
#4042 = VERTEX_POINT ( 'NONE', #880 ) ;
#4043 = CARTESIAN_POINT ( 'NONE',  ( -1.517157287525376486, 0.7146446609406724715, -2.203553390593276262 ) ) ;
#4044 = CARTESIAN_POINT ( 'NONE',  ( 1.100000000000000089, -0.2000000000000000111, 2.300000000000000266 ) ) ;
#4045 = UNCERTAINTY_MEASURE_WITH_UNIT (LENGTH_MEASURE( 1.000000000000000082E-05 ), #3580, 'distance_accuracy_value', 'NONE');
#4046 = CARTESIAN_POINT ( 'NONE',  ( 0.000000000000000000, 2.899999999999999911, 0.000000000000000000 ) ) ;
#4047 = CARTESIAN_POINT ( 'NONE',  ( -1.543010486695247874, 0.6999999999999996225, -2.198410869542059221 ) ) ;
#4048 = CARTESIAN_POINT ( 'NONE',  ( 2.299999999999998934, 0.000000000000000000, -2.299999999999999822 ) ) ;
#4049 = ORIENTED_EDGE ( 'NONE', *, *, #1744, .F. ) ;
#4050 = COLOUR_RGB ( '',1.000000000000000000, 1.000000000000000000, 1.000000000000000000 ) ;
#4051 = ORIENTED_EDGE ( 'NONE', *, *, #4177, .F. ) ;
#4052 = CARTESIAN_POINT ( 'NONE',  ( -1.870710678118649994, 0.6999999999999997335, -2.507106781186550393 ) ) ;
#4053 = SURFACE_STYLE_USAGE ( .BOTH. , #3393 ) ;
#4054 = FACE_OUTER_BOUND ( 'NONE', #2241, .T. ) ;
#4055 = VECTOR ( 'NONE', #689, 1000.000000000000000 ) ;
#4056 = DIRECTION ( 'NONE',  ( 0.000000000000000000, 0.000000000000000000, 1.000000000000000000 ) ) ;
#4057 = VECTOR ( 'NONE', #3387, 1000.000000000000000 ) ;
#4058 = CARTESIAN_POINT ( 'NONE',  ( 1.367743320245153216, 2.899999999999999911, -0.6706600648588912916 ) ) ;
#4059 = VECTOR ( 'NONE', #915, 1000.000000000000000 ) ;
#4060 = CARTESIAN_POINT ( 'NONE',  ( 1.446446609406720762, 0.000000000000000000, 2.153553390593275108 ) ) ;
#4061 = COLOUR_RGB ( '',0.8000000000000000444, 0.8078431372549019773, 0.8000000000000000444 ) ;
#4062 = PRESENTATION_LAYER_ASSIGNMENT (  '', '', ( #1635 ) ) ;
#4063 = VECTOR ( 'NONE', #3158, 1000.000000000000000 ) ;
#4064 = EDGE_CURVE ( 'NONE', #2597, #667, #4172, .T. ) ;
#4065 =( NAMED_UNIT ( * ) PLANE_ANGLE_UNIT ( ) SI_UNIT ( $, .RADIAN. ) );
#4066 = EDGE_CURVE ( 'NONE', #3154, #976, #3544, .T. ) ;
#4067 = ORIENTED_EDGE ( 'NONE', *, *, #1110, .F. ) ;
#4068 = VECTOR ( 'NONE', #3746, 1000.000000000000000 ) ;
#4069 = DIRECTION ( 'NONE',  ( -0.000000000000000000, 0.000000000000000000, -1.000000000000000000 ) ) ;
#4070 = PRESENTATION_STYLE_ASSIGNMENT (( #446 ) ) ;
#4071 =( LENGTH_UNIT ( ) NAMED_UNIT ( * ) SI_UNIT ( .MILLI., .METRE. ) );
#4072 = DIRECTION ( 'NONE',  ( -1.000000000000000000, -0.000000000000000000, 3.431468728516649577E-16 ) ) ;
#4073 = ORIENTED_EDGE ( 'NONE', *, *, #4036, .F. ) ;
#4074 = ORIENTED_EDGE ( 'NONE', *, *, #2804, .F. ) ;
#4075 = DIRECTION ( 'NONE',  ( -2.891205793294677833E-16, -0.000000000000000000, 1.000000000000000000 ) ) ;
#4076 = EDGE_CURVE ( 'NONE', #2596, #2727, #2550, .T. ) ;
#4077 = EDGE_CURVE ( 'NONE', #3985, #380, #919, .T. ) ;
#4078 = AXIS2_PLACEMENT_3D ( 'NONE', #697, #1378, #2289 ) ;
#4079 =( LENGTH_UNIT ( ) NAMED_UNIT ( * ) SI_UNIT ( .MILLI., .METRE. ) );
#4080 = AXIS2_PLACEMENT_3D ( 'NONE', #1160, #2474, #1850 ) ;
#4081 = VECTOR ( 'NONE', #3855, 1000.000000000000000 ) ;
#4082 = SURFACE_STYLE_FILL_AREA ( #2115 ) ;
#4083 = VERTEX_POINT ( 'NONE', #3268 ) ;
#4084 = LINE ( 'NONE', #3127, #2391 ) ;
#4085 =( LENGTH_UNIT ( ) NAMED_UNIT ( * ) SI_UNIT ( .MILLI., .METRE. ) );
#4086 = UNCERTAINTY_MEASURE_WITH_UNIT (LENGTH_MEASURE( 1.000000000000000082E-05 ), #4282, 'distance_accuracy_value', 'NONE');
#4087 = PRESENTATION_LAYER_ASSIGNMENT (  '', '', ( #3246 ) ) ;
#4088 =( NAMED_UNIT ( * ) SI_UNIT ( $, .STERADIAN. ) SOLID_ANGLE_UNIT ( ) );
#4089 = VERTEX_POINT ( 'NONE', #2858 ) ;
#4090 = STYLED_ITEM ( 'NONE', ( #10 ), #2271 ) ;
#4091 = FILL_AREA_STYLE_COLOUR ( '', #2150 ) ;
#4092 =( LENGTH_UNIT ( ) NAMED_UNIT ( * ) SI_UNIT ( .MILLI., .METRE. ) );
#4093 = STYLED_ITEM ( 'NONE', ( #2310 ), #606 ) ;
#4094 = VECTOR ( 'NONE', #3444, 999.9999999999998863 ) ;
#4095 = DIRECTION ( 'NONE',  ( 0.4136819341461172583, 0.000000000000000000, -0.9104214723748158544 ) ) ;
#4096 = CARTESIAN_POINT ( 'NONE',  ( -1.517157287525376264, 0.7999999999999999334, -2.224264068711930609 ) ) ;
#4097 =( GEOMETRIC_REPRESENTATION_CONTEXT ( 3 ) GLOBAL_UNCERTAINTY_ASSIGNED_CONTEXT ( ( #2613 ) ) GLOBAL_UNIT_ASSIGNED_CONTEXT ( ( #2802, #4101, #3900 ) ) REPRESENTATION_CONTEXT ( 'NONE', 'WORKASPACE' ) );
#4098 = VECTOR ( 'NONE', #2433, 1000.000000000000114 ) ;
#4099 = ORIENTED_EDGE ( 'NONE', *, *, #3974, .T. ) ;
#4100 = MECHANICAL_DESIGN_GEOMETRIC_PRESENTATION_REPRESENTATION (  '', ( #3757 ), #2224 ) ;
#4101 =( NAMED_UNIT ( * ) PLANE_ANGLE_UNIT ( ) SI_UNIT ( $, .RADIAN. ) );
#4102 = DIRECTION ( 'NONE',  ( -0.7071067811865475727, -6.133173666733493791E-15, 0.7071067811865475727 ) ) ;
#4103 = CYLINDRICAL_SURFACE ( 'NONE', #3156, 0.05000000000000007216 ) ;
#4104 = ORIENTED_EDGE ( 'NONE', *, *, #1242, .F. ) ;
#4105 = DIRECTION ( 'NONE',  ( -0.7071067811865489050, -0.000000000000000000, 0.7071067811865462405 ) ) ;
#4106 = AXIS2_PLACEMENT_3D ( 'NONE', #77, #3758, #2747 ) ;
#4107 =( NAMED_UNIT ( * ) PLANE_ANGLE_UNIT ( ) SI_UNIT ( $, .RADIAN. ) );
#4108 = ORIENTED_EDGE ( 'NONE', *, *, #353, .F. ) ;
#4109 = DIRECTION ( 'NONE',  ( 0.7071067811865470176, -0.000000000000000000, 0.7071067811865479058 ) ) ;
#4110 = VECTOR ( 'NONE', #2212, 1000.000000000000000 ) ;
#4111 = DIRECTION ( 'NONE',  ( 1.000000000000000000, 7.666467083416884249E-17, 0.000000000000000000 ) ) ;
#4112 = FACE_OUTER_BOUND ( 'NONE', #2754, .T. ) ;
#4113 = PRESENTATION_LAYER_ASSIGNMENT (  '', '', ( #4179 ) ) ;
#4114 = MECHANICAL_DESIGN_GEOMETRIC_PRESENTATION_REPRESENTATION (  '', ( #1844 ), #169 ) ;
#4115 = VERTEX_POINT ( 'NONE', #4211 ) ;
#4116 = VECTOR ( 'NONE', #2928, 1000.000000000000114 ) ;
#4117 = PLANE ( 'NONE',  #4080 ) ;
#4118 = MECHANICAL_DESIGN_GEOMETRIC_PRESENTATION_REPRESENTATION (  '', ( #1437 ), #401 ) ;
#4119 = UNCERTAINTY_MEASURE_WITH_UNIT (LENGTH_MEASURE( 1.000000000000000082E-05 ), #3195, 'distance_accuracy_value', 'NONE');
#4120 = CARTESIAN_POINT ( 'NONE',  ( -2.153553390593270223, 0.7499999999999998890, -1.446446609406729644 ) ) ;
#4121 = ORIENTED_EDGE ( 'NONE', *, *, #2358, .F. ) ;
#4122 = DIRECTION ( 'NONE',  ( 0.000000000000000000, 0.000000000000000000, 1.000000000000000000 ) ) ;
#4123 = CARTESIAN_POINT ( 'NONE',  ( -0.5759186515858326638, 2.889999999999999680, -0.6706600648588912916 ) ) ;
#4124 = FACE_OUTER_BOUND ( 'NONE', #537, .T. ) ;
#4125 = UNCERTAINTY_MEASURE_WITH_UNIT (LENGTH_MEASURE( 1.000000000000000082E-05 ), #340, 'distance_accuracy_value', 'NONE');
#4126 = CARTESIAN_POINT ( 'NONE',  ( -0.4775471727125933374, 2.889999999999999680, -0.5016459803518490412 ) ) ;
#4127 = CARTESIAN_POINT ( 'NONE',  ( -1.517157287525376486, -6.009968850885412032E-17, -2.203553390593276262 ) ) ;
#4128 = VERTEX_POINT ( 'NONE', #1210 ) ;
#4129 = VERTEX_POINT ( 'NONE', #204 ) ;
#4130 = PLANE ( 'NONE',  #4147 ) ;
#4131 = LINE ( 'NONE', #3397, #843 ) ;
#4132 = SURFACE_SIDE_STYLE ('',( #3063 ) ) ;
#4133 = AXIS2_PLACEMENT_3D ( 'NONE', #957, #1314, #2629 ) ;
#4134 = CIRCLE ( 'NONE', #2270, 0.05000000000000007216 ) ;
#4135 = ORIENTED_EDGE ( 'NONE', *, *, #2778, .T. ) ;
#4136 = FILL_AREA_STYLE ('',( #2508 ) ) ;
#4137 = ORIENTED_EDGE ( 'NONE', *, *, #1556, .T. ) ;
#4138 = PLANE ( 'NONE',  #1604 ) ;
#4139 =( NAMED_UNIT ( * ) PLANE_ANGLE_UNIT ( ) SI_UNIT ( $, .RADIAN. ) );
#4140 = PLANE ( 'NONE',  #2469 ) ;
#4141 = DIRECTION ( 'NONE',  ( -0.7071067811865462405, 6.162975822039156098E-33, -0.7071067811865489050 ) ) ;
#4142 =( NAMED_UNIT ( * ) PLANE_ANGLE_UNIT ( ) SI_UNIT ( $, .RADIAN. ) );
#4143 = FACE_OUTER_BOUND ( 'NONE', #3198, .T. ) ;
#4144 = EDGE_CURVE ( 'NONE', #2596, #1584, #2528, .T. ) ;
#4145 = ORIENTED_EDGE ( 'NONE', *, *, #1535, .T. ) ;
#4146 = SURFACE_STYLE_USAGE ( .BOTH. , #203 ) ;
#4147 = AXIS2_PLACEMENT_3D ( 'NONE', #1531, #2916, #2832 ) ;
#4148 = EDGE_CURVE ( 'NONE', #1464, #692, #3347, .T. ) ;
#4149 = FILL_AREA_STYLE ('',( #562 ) ) ;
#4150 = FILL_AREA_STYLE ('',( #1514 ) ) ;
#4151 = VECTOR ( 'NONE', #3413, 1000.000000000000000 ) ;
#4152 = VERTEX_POINT ( 'NONE', #2243 ) ;
#4153 = CARTESIAN_POINT ( 'NONE',  ( -1.446446609406721651, 0.000000000000000000, -2.153553390593275996 ) ) ;
#4154 = DIRECTION ( 'NONE',  ( 0.000000000000000000, -1.000000000000000000, 0.000000000000000000 ) ) ;
#4155 = AXIS2_PLACEMENT_3D ( 'NONE', #3217, #245, #597 ) ;
#4156 = DIRECTION ( 'NONE',  ( -0.7071067811865489050, -0.000000000000000000, 0.7071067811865462405 ) ) ;
#4157 = VERTEX_POINT ( 'NONE', #3202 ) ;
#4158 = SURFACE_SIDE_STYLE ('',( #2848 ) ) ;
#4159 = UNCERTAINTY_MEASURE_WITH_UNIT (LENGTH_MEASURE( 1.000000000000000082E-05 ), #4181, 'distance_accuracy_value', 'NONE');
#4160 = SURFACE_STYLE_USAGE ( .BOTH. , #220 ) ;
#4161 = CARTESIAN_POINT ( 'NONE',  ( 1.552512626584703348, 0.6999999999999997335, 2.188908729652602858 ) ) ;
#4162 = DIRECTION ( 'NONE',  ( 1.000000000000000000, 0.000000000000000000, 0.000000000000000000 ) ) ;
#4163 = ORIENTED_EDGE ( 'NONE', *, *, #1898, .T. ) ;
#4164 = ORIENTED_EDGE ( 'NONE', *, *, #1254, .F. ) ;
#4165 =( LENGTH_UNIT ( ) NAMED_UNIT ( * ) SI_UNIT ( .MILLI., .METRE. ) );
#4166 = LINE ( 'NONE', #1882, #1602 ) ;
#4167 = MECHANICAL_DESIGN_GEOMETRIC_PRESENTATION_REPRESENTATION (  '', ( #2305 ), #443 ) ;
#4168 = FACE_OUTER_BOUND ( 'NONE', #2665, .T. ) ;
#4169 = COLOUR_RGB ( '',0.8000000000000000444, 0.8078431372549019773, 0.8000000000000000444 ) ;
#4170 = DIRECTION ( 'NONE',  ( 0.000000000000000000, -1.000000000000000000, -0.000000000000000000 ) ) ;
#4171 = COLOUR_RGB ( '',1.000000000000000000, 1.000000000000000000, 1.000000000000000000 ) ;
#4172 =( BOUNDED_CURVE ( )  B_SPLINE_CURVE ( 3, ( #2939, #4191, #3184, #3525 ),
 .UNSPECIFIED., .F., .T. ) 
 B_SPLINE_CURVE_WITH_KNOTS ( ( 4, 4 ),
 ( 3.141592653589790451, 4.712388980384690562 ),
 .UNSPECIFIED. ) 
 CURVE ( )  GEOMETRIC_REPRESENTATION_ITEM ( )  RATIONAL_B_SPLINE_CURVE ( ( 1.000000000000000000, 0.8047378541243641603, 0.8047378541243641603, 1.000000000000000000 ) ) 
 REPRESENTATION_ITEM ( '' )  );
#4173 = PRESENTATION_LAYER_ASSIGNMENT (  '', '', ( #1555 ) ) ;
#4174 = EDGE_LOOP ( 'NONE', ( #2468, #2138, #1256 ) ) ;
#4175 = CARTESIAN_POINT ( 'NONE',  ( -1.906066017177977523, 0.7499999999999998890, -2.542462120245878587 ) ) ;
#4176 = CIRCLE ( 'NONE', #1080, 2.350000000000000089 ) ;
#4177 = EDGE_CURVE ( 'NONE', #2978, #926, #1306, .T. ) ;
#4178 = VECTOR ( 'NONE', #3601, 1000.000000000000114 ) ;
#4179 = STYLED_ITEM ( 'NONE', ( #2907 ), #3880 ) ;
#4180 = ORIENTED_EDGE ( 'NONE', *, *, #1565, .T. ) ;
#4181 =( LENGTH_UNIT ( ) NAMED_UNIT ( * ) SI_UNIT ( .MILLI., .METRE. ) );
#4182 = SURFACE_SIDE_STYLE ('',( #531 ) ) ;
#4183 = EDGE_CURVE ( 'NONE', #1862, #2155, #600, .T. ) ;
#4184 = VECTOR ( 'NONE', #838, 1000.000000000000000 ) ;
#4185 =( NAMED_UNIT ( * ) PLANE_ANGLE_UNIT ( ) SI_UNIT ( $, .RADIAN. ) );
#4186 = EDGE_CURVE ( 'NONE', #2957, #720, #4166, .T. ) ;
#4187 = EDGE_CURVE ( 'NONE', #976, #4042, #1119, .T. ) ;
#4188 = ORIENTED_EDGE ( 'NONE', *, *, #3563, .F. ) ;
#4189 = EDGE_CURVE ( 'NONE', #3759, #1790, #4233, .T. ) ;
#4190 = PRESENTATION_STYLE_ASSIGNMENT (( #1232 ) ) ;
#4191 = CARTESIAN_POINT ( 'NONE',  ( 2.209619407771251431, 0.6999999999999997335, 1.531801948466056107 ) ) ;
#4192 = EDGE_CURVE ( 'NONE', #3213, #4030, #3938, .T. ) ;
#4193 = DIRECTION ( 'NONE',  ( 0.000000000000000000, 0.000000000000000000, 1.000000000000000000 ) ) ;
#4194 = EDGE_CURVE ( 'NONE', #904, #1833, #1532, .T. ) ;
#4195 = EDGE_CURVE ( 'NONE', #2501, #4157, #2574, .T. ) ;
#4196 =( NAMED_UNIT ( * ) SI_UNIT ( $, .STERADIAN. ) SOLID_ANGLE_UNIT ( ) );
#4197 =( NAMED_UNIT ( * ) SI_UNIT ( $, .STERADIAN. ) SOLID_ANGLE_UNIT ( ) );
#4198 = ORIENTED_EDGE ( 'NONE', *, *, #101, .T. ) ;
#4199 = PRESENTATION_STYLE_ASSIGNMENT (( #3625 ) ) ;
#4200 = VECTOR ( 'NONE', #1696, 1000.000000000000000 ) ;
#4201 = LINE ( 'NONE', #2166, #1971 ) ;
#4202 = DIRECTION ( 'NONE',  ( -0.000000000000000000, 1.000000000000000000, -0.000000000000000000 ) ) ;
#4203 = ORIENTED_EDGE ( 'NONE', *, *, #2926, .F. ) ;
#4204 = DIRECTION ( 'NONE',  ( 0.000000000000000000, 2.168404344971012812E-15, -1.000000000000000000 ) ) ;
#4205 = PRESENTATION_LAYER_ASSIGNMENT (  '', '', ( #542 ) ) ;
#4206 =( NAMED_UNIT ( * ) PLANE_ANGLE_UNIT ( ) SI_UNIT ( $, .RADIAN. ) );
#4207 = CARTESIAN_POINT ( 'NONE',  ( 2.188908729652596641, 0.7499999999999997780, 1.552512626584710898 ) ) ;
#4208 = SURFACE_SIDE_STYLE ('',( #594 ) ) ;
#4209 = VERTEX_POINT ( 'NONE', #3867 ) ;
#4210 = ORIENTED_EDGE ( 'NONE', *, *, #505, .F. ) ;
#4211 = CARTESIAN_POINT ( 'NONE',  ( 0.4942838132028996578, 2.889999999999999680, -0.6706600648588912916 ) ) ;
#4212 = FILL_AREA_STYLE ('',( #1465 ) ) ;
#4213 = VECTOR ( 'NONE', #708, 1000.000000000000000 ) ;
#4214 = CARTESIAN_POINT ( 'NONE',  ( 0.000000000000000000, -0.2000000000000000111, 0.000000000000000000 ) ) ;
#4215 =( NAMED_UNIT ( * ) SI_UNIT ( $, .STERADIAN. ) SOLID_ANGLE_UNIT ( ) );
#4216 = FACE_OUTER_BOUND ( 'NONE', #2374, .T. ) ;
#4217 = ORIENTED_EDGE ( 'NONE', *, *, #2983, .T. ) ;
#4218 = FILL_AREA_STYLE ('',( #2324 ) ) ;
#4219 = CARTESIAN_POINT ( 'NONE',  ( -1.446446609406721651, 0.7499999999999998890, -2.153553390593275996 ) ) ;
#4220 = STYLED_ITEM ( 'NONE', ( #2369 ), #534 ) ;
#4221 = DIRECTION ( 'NONE',  ( 0.7071067811865489050, 0.000000000000000000, -0.7071067811865462405 ) ) ;
#4222 = VERTEX_POINT ( 'NONE', #2599 ) ;
#4223 = DIRECTION ( 'NONE',  ( -0.000000000000000000, 1.000000000000000000, -0.000000000000000000 ) ) ;
#4224 = VECTOR ( 'NONE', #707, 1000.000000000000000 ) ;
#4225 = FILL_AREA_STYLE_COLOUR ( '', #23 ) ;
#4226 = CARTESIAN_POINT ( 'NONE',  ( 2.153553390593270223, 6.560522039558955347E-17, 1.446446609406728090 ) ) ;
#4227 = AXIS2_PLACEMENT_3D ( 'NONE', #703, #1337, #1702 ) ;
#4228 = SURFACE_SIDE_STYLE ('',( #2693 ) ) ;
#4229 = CARTESIAN_POINT ( 'NONE',  ( -0.4775471727125933374, 2.899999999999999911, -0.5016459803518490412 ) ) ;
#4230 = EDGE_LOOP ( 'NONE', ( #1988, #194, #405 ) ) ;
#4231 = ORIENTED_EDGE ( 'NONE', *, *, #536, .T. ) ;
#4232 = CARTESIAN_POINT ( 'NONE',  ( 0.4942838132028996578, 2.889999999999999680, -0.5016459803518490412 ) ) ;
#4233 = LINE ( 'NONE', #1576, #3536 ) ;
#4234 = CARTESIAN_POINT ( 'NONE',  ( 1.168359517428251726, 2.889999999999999680, -0.5016459803518490412 ) ) ;
#4235 =( NAMED_UNIT ( * ) PLANE_ANGLE_UNIT ( ) SI_UNIT ( $, .RADIAN. ) );
#4236 = LINE ( 'NONE', #3806, #767 ) ;
#4237 =( GEOMETRIC_REPRESENTATION_CONTEXT ( 3 ) GLOBAL_UNCERTAINTY_ASSIGNED_CONTEXT ( ( #583 ) ) GLOBAL_UNIT_ASSIGNED_CONTEXT ( ( #2823, #849, #1520 ) ) REPRESENTATION_CONTEXT ( 'NONE', 'WORKASPACE' ) );
#4238 = STYLED_ITEM ( 'NONE', ( #1487 ), #805 ) ;
#4239 = ORIENTED_EDGE ( 'NONE', *, *, #2366, .T. ) ;
#4240 = STYLED_ITEM ( 'NONE', ( #2398 ), #862 ) ;
#4241 = CARTESIAN_POINT ( 'NONE',  ( 2.877919977996279827E-16, 1.899999999999999689, -2.350000000000000089 ) ) ;
#4242 = COLOUR_RGB ( '',0.8000000000000000444, 0.8078431372549019773, 0.8000000000000000444 ) ;
#4243 =( LENGTH_UNIT ( ) NAMED_UNIT ( * ) SI_UNIT ( .MILLI., .METRE. ) );
#4244 = DIRECTION ( 'NONE',  ( 0.7071067811865462405, 0.000000000000000000, 0.7071067811865489050 ) ) ;
#4245 = ORIENTED_EDGE ( 'NONE', *, *, #4144, .F. ) ;
#4246 = CARTESIAN_POINT ( 'NONE',  ( -0.7753024544027340426, 2.889999999999999680, -0.5016459803518490412 ) ) ;
#4247 = MECHANICAL_DESIGN_GEOMETRIC_PRESENTATION_REPRESENTATION (  '', ( #741 ), #2943 ) ;
#4248 =( LENGTH_UNIT ( ) NAMED_UNIT ( * ) SI_UNIT ( .MILLI., .METRE. ) );
#4249 = COLOUR_RGB ( '',1.000000000000000000, 1.000000000000000000, 1.000000000000000000 ) ;
#4250 = CIRCLE ( 'NONE', #1431, 0.05000000000000006523 ) ;
#4251 = SURFACE_SIDE_STYLE ('',( #966 ) ) ;
#4252 = PRESENTATION_LAYER_ASSIGNMENT (  '', '', ( #2604 ) ) ;
#4253 = ORIENTED_EDGE ( 'NONE', *, *, #1636, .F. ) ;
#4254 = ORIENTED_EDGE ( 'NONE', *, *, #4066, .T. ) ;
#4255 = EDGE_CURVE ( 'NONE', #1269, #1745, #1909, .T. ) ;
#4256 = FACE_OUTER_BOUND ( 'NONE', #1169, .T. ) ;
#4257 = VECTOR ( 'NONE', #621, 999.9999999999998863 ) ;
#4258 = DIRECTION ( 'NONE',  ( -0.7071067811865475727, -6.133173666733493791E-15, -0.7071067811865475727 ) ) ;
#4259 =( LENGTH_UNIT ( ) NAMED_UNIT ( * ) SI_UNIT ( .MILLI., .METRE. ) );
#4260 = VECTOR ( 'NONE', #1977, 1000.000000000000000 ) ;
#4261 = CARTESIAN_POINT ( 'NONE',  ( 1.517157287525375597, -0.2000000000000000111, 2.153553390593275108 ) ) ;
#4262 = DIRECTION ( 'NONE',  ( 1.000000000000000000, 0.000000000000000000, -1.734723475976806306E-15 ) ) ;
#4263 = ORIENTED_EDGE ( 'NONE', *, *, #2484, .T. ) ;
#4264 =( NAMED_UNIT ( * ) PLANE_ANGLE_UNIT ( ) SI_UNIT ( $, .RADIAN. ) );
#4265 = DIRECTION ( 'NONE',  ( -0.000000000000000000, 1.000000000000000000, -0.000000000000000000 ) ) ;
#4266 = EDGE_LOOP ( 'NONE', ( #2507, #1992, #1693, #1111 ) ) ;
#4267 = FILL_AREA_STYLE ('',( #73 ) ) ;
#4268 = ORIENTED_EDGE ( 'NONE', *, *, #3450, .F. ) ;
#4269 = CARTESIAN_POINT ( 'NONE',  ( 2.399999999999999467, 2.899999999999999911, 1.199999999999999289 ) ) ;
#4270 = SURFACE_STYLE_FILL_AREA ( #1012 ) ;
#4271 = MECHANICAL_DESIGN_GEOMETRIC_PRESENTATION_REPRESENTATION (  '', ( #130 ), #1236 ) ;
#4272 = FACE_OUTER_BOUND ( 'NONE', #3378, .T. ) ;
#4273 = SURFACE_SIDE_STYLE ('',( #3678 ) ) ;
#4274 = FILL_AREA_STYLE ('',( #28 ) ) ;
#4275 = ORIENTED_EDGE ( 'NONE', *, *, #2850, .T. ) ;
#4276 = VERTEX_POINT ( 'NONE', #3503 ) ;
#4277 =( NAMED_UNIT ( * ) PLANE_ANGLE_UNIT ( ) SI_UNIT ( $, .RADIAN. ) );
#4278 = SURFACE_STYLE_USAGE ( .BOTH. , #2697 ) ;
#4279 = LINE ( 'NONE', #1332, #2625 ) ;
#4280 = EDGE_CURVE ( 'NONE', #2020, #720, #3685, .T. ) ;
#4281 = LINE ( 'NONE', #644, #1846 ) ;
#4282 =( LENGTH_UNIT ( ) NAMED_UNIT ( * ) SI_UNIT ( .MILLI., .METRE. ) );
#4283 = CARTESIAN_POINT ( 'NONE',  ( 1.552512626584702682, -5.685945951914587818E-17, 2.188908729652602414 ) ) ;
#4284 = VECTOR ( 'NONE', #1228, 999.9999999999998863 ) ;
#4285 = ORIENTED_EDGE ( 'NONE', *, *, #2457, .T. ) ;
#4286 = FILL_AREA_STYLE_COLOUR ( '', #2085 ) ;
#4287 = LINE ( 'NONE', #978, #3918 ) ;
#4288 = ORIENTED_EDGE ( 'NONE', *, *, #3050, .T. ) ;
#4289 = ORIENTED_EDGE ( 'NONE', *, *, #1888, .T. ) ;
#4290 = LINE ( 'NONE', #1320, #2864 ) ;
#4291 = FILL_AREA_STYLE ('',( #3561 ) ) ;
#4292 = UNCERTAINTY_MEASURE_WITH_UNIT (LENGTH_MEASURE( 1.000000000000000082E-05 ), #1504, 'distance_accuracy_value', 'NONE');
#4293 = SURFACE_STYLE_USAGE ( .BOTH. , #4273 ) ;
ENDSEC;
END-ISO-10303-21;
