ISO-10303-21;
HEADER;
FILE_DESCRIPTION (( 'STEP AP214' ),
    '1' );
FILE_NAME ('PTS645SL70SMTR92LFS.STEP',
    '2025-09-02T11:28:43',
    ( '' ),
    ( '' ),
    'SwSTEP 2.0',
    'SolidWorks 2024',
    '' );
FILE_SCHEMA (( 'AUTOMOTIVE_DESIGN' ));
ENDSEC;

DATA;
#1 = FACE_OUTER_BOUND ( 'NONE', #2692, .T. ) ;
#2 = DIRECTION ( 'NONE',  ( -1.000000000000000000, -0.000000000000000000, -0.000000000000000000 ) ) ;
#3 = EDGE_LOOP ( 'NONE', ( #2400, #2568, #1892, #2424, #1807 ) ) ;
#4 = VECTOR ( 'NONE', #4130, 1.000000000000000000 ) ;
#5 = DIRECTION ( 'NONE',  ( 0.000000000000000000, 0.000000000000000000, -1.000000000000000000 ) ) ;
#6 = DIRECTION ( 'NONE',  ( -0.000000000000000000, 1.000000000000000000, 0.000000000000000000 ) ) ;
#7 = SURFACE_SIDE_STYLE ('',( #2441 ) ) ;
#8 = AXIS2_PLACEMENT_3D ( 'NONE', #4187, #2678, #4403 ) ;
#9 = ORIENTED_EDGE ( 'NONE', *, *, #3585, .F. ) ;
#10 = ORIENTED_EDGE ( 'NONE', *, *, #257, .F. ) ;
#11 = LINE ( 'NONE', #3515, #4486 ) ;
#12 = CIRCLE ( 'NONE', #1922, 0.0003500000000000000507 ) ;
#13 = CARTESIAN_POINT ( 'NONE',  ( 0.006804188484295556859, -0.001679627412922626807, 1.942779328658241153E-05 ) ) ;
#14 = EDGE_CURVE ( 'NONE', #3196, #1353, #125, .T. ) ;
#15 = ORIENTED_EDGE ( 'NONE', *, *, #3693, .F. ) ;
#16 = CARTESIAN_POINT ( 'NONE',  ( 0.003645476736785999757, 0.001258247030612000012, -0.001470820323908000101 ) ) ;
#17 = EDGE_LOOP ( 'NONE', ( #380, #4127, #3800, #2449 ) ) ;
#18 = COLOUR_RGB ( '',0.2980392156862745057, 0.2980392156862745057, 0.2980392156862745057 ) ;
#19 = CARTESIAN_POINT ( 'NONE',  ( 0.0003000000000000000279, -0.003482339959128999841, 0.001899999999999999779 ) ) ;
#20 = SURFACE_SIDE_STYLE ('',( #2739 ) ) ;
#21 = LINE ( 'NONE', #367, #599 ) ;
#22 = ADVANCED_FACE ( 'NONE', ( #4203 ), #2485, .F. ) ;
#23 = COLOUR_RGB ( '',0.2980392156862745057, 0.2980392156862745057, 0.2980392156862745057 ) ;
#24 = DIRECTION ( 'NONE',  ( 1.000000000000000000, 0.000000000000000000, 0.000000000000000000 ) ) ;
#25 = DIRECTION ( 'NONE',  ( -1.000000000000000000, 0.000000000000000000, 0.000000000000000000 ) ) ;
#26 = CARTESIAN_POINT ( 'NONE',  ( 0.0007500000000000000156, -0.003000000000000000062, -0.002599999999999999881 ) ) ;
#27 = CARTESIAN_POINT ( 'NONE',  ( 0.003645476736786000191, 0.002005199032486000045, 0.001705359332708000081 ) ) ;
#28 = LINE ( 'NONE', #1053, #1848 ) ;
#29 = EDGE_LOOP ( 'NONE', ( #2632, #3537, #2818, #3465 ) ) ;
#30 = DIRECTION ( 'NONE',  ( 0.000000000000000000, 0.000000000000000000, 1.000000000000000000 ) ) ;
#31 = PLANE ( 'NONE',  #1618 ) ;
#32 = ORIENTED_EDGE ( 'NONE', *, *, #1840, .T. ) ;
#33 = VERTEX_POINT ( 'NONE', #2976 ) ;
#34 = CARTESIAN_POINT ( 'NONE',  ( 0.0007543577871373724139, -0.003049809734904795552, 0.002599999999999999881 ) ) ;
#35 = CARTESIAN_POINT ( 'NONE',  ( 0.0008000000000000000383, -0.003000000000000000062, 0.002599999999999999881 ) ) ;
#36 = EDGE_LOOP ( 'NONE', ( #629, #633, #3203, #361 ) ) ;
#37 = AXIS2_PLACEMENT_3D ( 'NONE', #2432, #1049, #3478 ) ;
#38 = CARTESIAN_POINT ( 'NONE',  ( 0.003750000000000244457, -0.001749999851529401591, -0.001650000000000048563 ) ) ;
#39 = UNCERTAINTY_MEASURE_WITH_UNIT (LENGTH_MEASURE( 1.000000000000000082E-05 ), #2594, 'distance_accuracy_value', 'NONE');
#40 = LINE ( 'NONE', #640, #2741 ) ;
#41 = ORIENTED_EDGE ( 'NONE', *, *, #3414, .F. ) ;
#42 = LINE ( 'NONE', #67, #3673 ) ;
#43 = AXIS2_PLACEMENT_3D ( 'NONE', #1936, #1518, #2885 ) ;
#44 = DIRECTION ( 'NONE',  ( -1.000000000000000000, -0.000000000000000000, -0.000000000000000000 ) ) ;
#45 = CARTESIAN_POINT ( 'NONE',  ( 0.003449999999999999942, -0.001649999999999999991, -0.002000000000000000042 ) ) ;
#46 = CARTESIAN_POINT ( 'NONE',  ( 0.003645476736786000191, -0.001294800967513999937, -0.001594640667291999901 ) ) ;
#47 = DIRECTION ( 'NONE',  ( 0.000000000000000000, 0.000000000000000000, -1.000000000000000000 ) ) ;
#48 = CARTESIAN_POINT ( 'NONE',  ( 0.003645476736785999757, 0.001887370472663000079, 0.001290512859679000032 ) ) ;
#49 = DIRECTION ( 'NONE',  ( 0.000000000000000000, 0.000000000000000000, -1.000000000000000000 ) ) ;
#50 = CARTESIAN_POINT ( 'NONE',  ( 0.000000000000000000, 0.004499999999999999660, 0.001899999999999999996 ) ) ;
#51 = CARTESIAN_POINT ( 'NONE',  ( 0.0003912844257252260575, 0.003382720489319298706, -0.002599999999999999881 ) ) ;
#52 = ORIENTED_EDGE ( 'NONE', *, *, #1509, .F. ) ;
#53 = EDGE_CURVE ( 'NONE', #2290, #3423, #1302, .T. ) ;
#54 = PRESENTATION_STYLE_ASSIGNMENT (( #327 ) ) ;
#55 = VERTEX_POINT ( 'NONE', #3669 ) ;
#56 = CARTESIAN_POINT ( 'NONE',  ( 0.003749522019965000064, 0.001566460436141000039, 0.001636979991253000033 ) ) ;
#57 = EDGE_LOOP ( 'NONE', ( #2366, #2522, #2002, #1155, #4112, #3736, #3469, #3149, #3949, #1527 ) ) ;
#58 = PLANE ( 'NONE',  #3709 ) ;
#59 = ORIENTED_EDGE ( 'NONE', *, *, #411, .T. ) ;
#60 = CARTESIAN_POINT ( 'NONE',  ( 0.000000000000000000, -0.003000000000000000062, -0.001899999999999999779 ) ) ;
#61 = EDGE_CURVE ( 'NONE', #3129, #2758, #3712, .T. ) ;
#62 = DIRECTION ( 'NONE',  ( 0.000000000000000000, 0.000000000000000000, -1.000000000000000000 ) ) ;
#63 = VERTEX_POINT ( 'NONE', #2596 ) ;
#64 = AXIS2_PLACEMENT_3D ( 'NONE', #155, #1547, #4302 ) ;
#65 = MECHANICAL_DESIGN_GEOMETRIC_PRESENTATION_REPRESENTATION (  '', ( #2029 ), #1238 ) ;
#66 = VECTOR ( 'NONE', #1285, 1.000000000000000000 ) ;
#67 = CARTESIAN_POINT ( 'NONE',  ( 0.003450000000043473847, 2.143131898505048861E-19, -0.001749999999997697842 ) ) ;
#68 =( NAMED_UNIT ( * ) SI_UNIT ( $, .STERADIAN. ) SOLID_ANGLE_UNIT ( ) );
#69 = CARTESIAN_POINT ( 'NONE',  ( 0.0004000000000000000192, 0.003482339959128999841, -0.002599999999999999881 ) ) ;
#70 = AXIS2_PLACEMENT_3D ( 'NONE', #1962, #3342, #915 ) ;
#71 = CARTESIAN_POINT ( 'NONE',  ( 0.003484548935050999809, -0.001995352828813999786, -0.001596175259468999696 ) ) ;
#72 = DIRECTION ( 'NONE',  ( 1.000000000000000000, 0.000000000000000000, 0.000000000000000000 ) ) ;
#73 = EDGE_CURVE ( 'NONE', #3752, #1798, #876, .T. ) ;
#74 = DIRECTION ( 'NONE',  ( 0.000000000000000000, -0.000000000000000000, 1.000000000000000000 ) ) ;
#75 = VERTEX_POINT ( 'NONE', #2950 ) ;
#76 = DIRECTION ( 'NONE',  ( 1.000000000000000000, 0.000000000000000000, 0.000000000000000000 ) ) ;
#77 = VERTEX_POINT ( 'NONE', #1569 ) ;
#78 = VECTOR ( 'NONE', #1066, 1.000000000000000000 ) ;
#79 = CARTESIAN_POINT ( 'NONE',  ( 0.0002999999999999999737, -0.003000000000000000496, -0.001250000000000000243 ) ) ;
#80 = CARTESIAN_POINT ( 'NONE',  ( 0.003749522019965000064, -0.001733539563858999726, 0.001636979991253000033 ) ) ;
#81 = EDGE_CURVE ( 'NONE', #974, #679, #3290, .T. ) ;
#82 = EDGE_CURVE ( 'NONE', #3896, #211, #435, .T. ) ;
#83 = ADVANCED_FACE ( 'NONE', ( #3352 ), #547, .T. ) ;
#84 = EDGE_LOOP ( 'NONE', ( #2349, #1309 ) ) ;
#85 = ORIENTED_EDGE ( 'NONE', *, *, #354, .F. ) ;
#86 = CARTESIAN_POINT ( 'NONE',  ( 0.0004000000000000000192, 0.003482339959128999841, 0.002599999999999999881 ) ) ;
#87 = EDGE_CURVE ( 'NONE', #4110, #1043, #2280, .T. ) ;
#88 = VECTOR ( 'NONE', #1881, 1.000000000000000000 ) ;
#89 = DIRECTION ( 'NONE',  ( 1.000000000000000000, 0.000000000000000000, 0.000000000000000000 ) ) ;
#90 = VERTEX_POINT ( 'NONE', #3685 ) ;
#91 = FACE_OUTER_BOUND ( 'NONE', #1091, .T. ) ;
#92 = ORIENTED_EDGE ( 'NONE', *, *, #2356, .F. ) ;
#93 = CIRCLE ( 'NONE', #3787, 0.0003500000000000000507 ) ;
#94 = DIRECTION ( 'NONE',  ( 0.000000000000000000, 0.000000000000000000, 1.000000000000000000 ) ) ;
#95 = FILL_AREA_STYLE ('',( #2203 ) ) ;
#96 = FACE_OUTER_BOUND ( 'NONE', #1378, .T. ) ;
#97 = CIRCLE ( 'NONE', #1265, 0.0002500000000011210703 ) ;
#98 = LINE ( 'NONE', #4243, #1158 ) ;
#99 = VECTOR ( 'NONE', #1140, 1.000000000000000000 ) ;
#100 = FACE_OUTER_BOUND ( 'NONE', #2185, .T. ) ;
#101 = CARTESIAN_POINT ( 'NONE',  ( 0.006804188484295556859, -0.0009644751660070209663, 0.001691007950553198233 ) ) ;
#102 = EDGE_LOOP ( 'NONE', ( #2517, #877, #1672, #2773, #385 ) ) ;
#103 = SURFACE_STYLE_FILL_AREA ( #1393 ) ;
#104 = CARTESIAN_POINT ( 'NONE',  ( 0.003750000000000155986, 0.001749999835033814359, 0.001650000000000034035 ) ) ;
#105 = ORIENTED_EDGE ( 'NONE', *, *, #1809, .F. ) ;
#106 =( GEOMETRIC_REPRESENTATION_CONTEXT ( 3 ) GLOBAL_UNCERTAINTY_ASSIGNED_CONTEXT ( ( #2358 ) ) GLOBAL_UNIT_ASSIGNED_CONTEXT ( ( #3731, #1611, #2296 ) ) REPRESENTATION_CONTEXT ( 'NONE', 'WORKASPACE' ) );
#107 = CARTESIAN_POINT ( 'NONE',  ( 0.003160000000000000048, 0.003000000000000000062, 0.002700000000000000143 ) ) ;
#108 = CARTESIAN_POINT ( 'NONE',  ( 0.003160000000000000048, 0.001000000000000000021, 0.002799999999999999972 ) ) ;
#109 = DIRECTION ( 'NONE',  ( 0.000000000000000000, 0.000000000000000000, -1.000000000000000000 ) ) ;
#110 = ORIENTED_EDGE ( 'NONE', *, *, #1898, .T. ) ;
#111 = VERTEX_POINT ( 'NONE', #3959 ) ;
#112 = CARTESIAN_POINT ( 'NONE',  ( 0.001100000000000000066, 0.003000000000000000062, 0.001899999999999999779 ) ) ;
#113 = EDGE_CURVE ( 'NONE', #1353, #1373, #3334, .T. ) ;
#114 = ORIENTED_EDGE ( 'NONE', *, *, #3640, .T. ) ;
#115 = DIRECTION ( 'NONE',  ( 0.08715574274766391127, 0.9961946980917451011, 0.000000000000000000 ) ) ;
#116 = ORIENTED_EDGE ( 'NONE', *, *, #1348, .T. ) ;
#117 = VECTOR ( 'NONE', #537, 1.000000000000000000 ) ;
#118 = DIRECTION ( 'NONE',  ( -1.000000000000000000, -0.000000000000000000, -0.000000000000000000 ) ) ;
#119 = AXIS2_PLACEMENT_3D ( 'NONE', #3750, #371, #3455 ) ;
#120 = DIRECTION ( 'NONE',  ( 0.000000000000000000, 0.000000000000000000, 1.000000000000000000 ) ) ;
#121 = CARTESIAN_POINT ( 'NONE',  ( 0.003150000000000000022, 0.002700000000000000143, 0.002700000000000000143 ) ) ;
#122 = DIRECTION ( 'NONE',  ( 0.000000000000000000, 1.000000000000000000, 0.000000000000000000 ) ) ;
#123 = CARTESIAN_POINT ( 'NONE',  ( 0.003759487639609000037, 0.001487911546218999683, 0.001404524138909000281 ) ) ;
#124 = DIRECTION ( 'NONE',  ( -1.000000000000000000, -0.000000000000000000, -0.000000000000000000 ) ) ;
#125 = LINE ( 'NONE', #50, #3265 ) ;
#126 = ORIENTED_EDGE ( 'NONE', *, *, #1198, .T. ) ;
#127 = DIRECTION ( 'NONE',  ( 0.000000000000000000, 0.000000000000000000, 1.000000000000000000 ) ) ;
#128 = CARTESIAN_POINT ( 'NONE',  ( 0.003645476736786000191, -0.002005199032486000045, 0.001594640667291999901 ) ) ;
#129 = CARTESIAN_POINT ( 'NONE',  ( 0.003484548935050999809, 0.001995352828813999786, 0.001596175259468999696 ) ) ;
#130 = DIRECTION ( 'NONE',  ( 0.000000000000000000, 0.000000000000000000, -1.000000000000000000 ) ) ;
#131 = EDGE_LOOP ( 'NONE', ( #3812, #4124, #250, #1054 ) ) ;
#132 = EDGE_LOOP ( 'NONE', ( #2576, #4448, #4168, #3818 ) ) ;
#133 = FACE_OUTER_BOUND ( 'NONE', #3842, .T. ) ;
#134 = ORIENTED_EDGE ( 'NONE', *, *, #3038, .T. ) ;
#135 = CARTESIAN_POINT ( 'NONE',  ( 0.0004000000000000000192, 0.003482339959128999841, 0.001899999999999999779 ) ) ;
#136 = EDGE_LOOP ( 'NONE', ( #1939, #2728, #1552, #2503, #3936 ) ) ;
#137 = FACE_OUTER_BOUND ( 'NONE', #3577, .T. ) ;
#138 = DIRECTION ( 'NONE',  ( 0.000000000000000000, 0.000000000000000000, -1.000000000000000000 ) ) ;
#139 = EDGE_CURVE ( 'NONE', #1867, #3196, #1996, .T. ) ;
#140 = EDGE_CURVE ( 'NONE', #2943, #3553, #1166, .T. ) ;
#141 = PLANE ( 'NONE',  #4137 ) ;
#142 = EDGE_CURVE ( 'NONE', #1040, #2667, #4387, .T. ) ;
#143 = DIRECTION ( 'NONE',  ( 0.000000000000000000, 0.000000000000000000, 1.000000000000000000 ) ) ;
#144 = VECTOR ( 'NONE', #963, 1.000000000000000000 ) ;
#145 = VECTOR ( 'NONE', #2298, 1.000000000000000000 ) ;
#146 = CARTESIAN_POINT ( 'NONE',  ( 0.003160000000000000048, 0.003000000000000000062, -0.003000000000000000062 ) ) ;
#147 = EDGE_CURVE ( 'NONE', #388, #3169, #2644, .T. ) ;
#148 = AXIS2_PLACEMENT_3D ( 'NONE', #789, #837, #3992 ) ;
#149 = PRESENTATION_STYLE_ASSIGNMENT (( #176 ) ) ;
#150 = VERTEX_POINT ( 'NONE', #1636 ) ;
#151 = CARTESIAN_POINT ( 'NONE',  ( 0.003484548935050999809, 0.002030893478664000124, -0.001824212770458999953 ) ) ;
#152 = ORIENTED_EDGE ( 'NONE', *, *, #2352, .F. ) ;
#153 = DIRECTION ( 'NONE',  ( -0.000000000000000000, -0.000000000000000000, 1.000000000000000000 ) ) ;
#154 =( BOUNDED_CURVE ( )  B_SPLINE_CURVE ( 3, ( #2222, #1893, #3897, #2498, #3875, #164, #2567 ),
 .UNSPECIFIED., .F., .T. ) 
 B_SPLINE_CURVE_WITH_KNOTS ( ( 4, 3, 4 ),
 ( 0.001840819759739539558, 0.2518408198006334975, 0.5018408198415273969 ),
 .UNSPECIFIED. ) 
 CURVE ( )  GEOMETRIC_REPRESENTATION_ITEM ( )  RATIONAL_B_SPLINE_CURVE ( ( 1.000000000000000000, 0.8047378540638027156, 0.8047378540638027156, 1.000000000000000000, 0.8047378540638026045, 0.8047378540638026045, 1.000000000000000000 ) ) 
 REPRESENTATION_ITEM ( '' )  );
#155 = CARTESIAN_POINT ( 'NONE',  ( 0.0007500000000000000156, 0.003000000000000000062, -0.002599999999999999881 ) ) ;
#156 = VECTOR ( 'NONE', #4080, 1.000000000000000000 ) ;
#157 = FILL_AREA_STYLE_COLOUR ( '', #2588 ) ;
#158 = VECTOR ( 'NONE', #4062, 1.000000000000000000 ) ;
#159 = ORIENTED_EDGE ( 'NONE', *, *, #2244, .T. ) ;
#160 = EDGE_LOOP ( 'NONE', ( #4368, #3795 ) ) ;
#161 = CARTESIAN_POINT ( 'NONE',  ( 0.003160000000000000048, 0.000000000000000000, 0.002700000000000000143 ) ) ;
#162 = CIRCLE ( 'NONE', #2685, 0.001749999999998888512 ) ;
#163 = ORIENTED_EDGE ( 'NONE', *, *, #3312, .T. ) ;
#164 = CARTESIAN_POINT ( 'NONE',  ( 0.006999999999999998411, 0.001489710437840400864, 0.0008496640837854422092 ) ) ;
#165 = VERTEX_POINT ( 'NONE', #2255 ) ;
#166 = PLANE ( 'NONE',  #1280 ) ;
#167 = CARTESIAN_POINT ( 'NONE',  ( 0.000000000000000000, 0.003000000000000000062, -0.001899999999999999996 ) ) ;
#168 = CARTESIAN_POINT ( 'NONE',  ( 0.003500000000000000073, 0.001649999999999999991, -0.002000000000000000042 ) ) ;
#169 = EDGE_CURVE ( 'NONE', #3703, #3778, #4043, .T. ) ;
#170 = CARTESIAN_POINT ( 'NONE',  ( 0.003160000000000000048, -0.001000000000000000021, 0.003000000000000000062 ) ) ;
#171 = LINE ( 'NONE', #4317, #2842 ) ;
#172 = CIRCLE ( 'NONE', #1684, 0.0002999999999999999195 ) ;
#173 = DIRECTION ( 'NONE',  ( 0.9961946980917451011, -0.08715574274766391127, 0.000000000000000000 ) ) ;
#174 = EDGE_CURVE ( 'NONE', #2262, #1694, #1197, .T. ) ;
#175 = CARTESIAN_POINT ( 'NONE',  ( 0.006999999999999998411, -0.001513914857932804761, -0.002942254167774548644 ) ) ;
#176 = SURFACE_STYLE_USAGE ( .BOTH. , #3886 ) ;
#177 = LINE ( 'NONE', #1687, #4473 ) ;
#178 = VERTEX_POINT ( 'NONE', #1971 ) ;
#179 = CARTESIAN_POINT ( 'NONE',  ( 0.0007500000000000000156, -0.003000000000000000062, 0.002599999999999999881 ) ) ;
#180 = VECTOR ( 'NONE', #3950, 1.000000000000000000 ) ;
#181 = CARTESIAN_POINT ( 'NONE',  ( 0.003759487639609000037, -0.001892547717706999800, 0.001612197870563000053 ) ) ;
#182 = DIRECTION ( 'NONE',  ( 0.000000000000000000, -1.000000000000000000, -0.000000000000000000 ) ) ;
#183 = VECTOR ( 'NONE', #3751, 1.000000000000000000 ) ;
#184 = EDGE_LOOP ( 'NONE', ( #3302, #1919, #2072, #4140 ) ) ;
#185 = FACE_OUTER_BOUND ( 'NONE', #1011, .T. ) ;
#186 = VERTEX_POINT ( 'NONE', #3648 ) ;
#187 = DIRECTION ( 'NONE',  ( 1.000000000000000000, 0.000000000000000000, -0.000000000000000000 ) ) ;
#188 = FILL_AREA_STYLE ('',( #4414 ) ) ;
#189 = ORIENTED_EDGE ( 'NONE', *, *, #1721, .T. ) ;
#190 = DIRECTION ( 'NONE',  ( 0.000000000000000000, 0.000000000000000000, -1.000000000000000000 ) ) ;
#191 = ORIENTED_EDGE ( 'NONE', *, *, #3338, .F. ) ;
#192 = PLANE ( 'NONE',  #844 ) ;
#193 = DIRECTION ( 'NONE',  ( 0.000000000000000000, 0.000000000000000000, -1.000000000000000000 ) ) ;
#194 = DIRECTION ( 'NONE',  ( 0.000000000000000000, 0.000000000000000000, -1.000000000000000000 ) ) ;
#195 = SURFACE_STYLE_FILL_AREA ( #3682 ) ;
#196 = LINE ( 'NONE', #2974, #2910 ) ;
#197 = DIRECTION ( 'NONE',  ( -0.000000000000000000, 1.000000000000000000, 0.000000000000000000 ) ) ;
#198 = ORIENTED_EDGE ( 'NONE', *, *, #1629, .T. ) ;
#199 =( NAMED_UNIT ( * ) PLANE_ANGLE_UNIT ( ) SI_UNIT ( $, .RADIAN. ) );
#200 = CARTESIAN_POINT ( 'NONE',  ( 0.003645476736785999757, 0.002041752960274000051, 0.001829179696019000035 ) ) ;
#201 = CARTESIAN_POINT ( 'NONE',  ( 0.003500000000000000073, -0.001649999999999999991, -0.001649999999999999991 ) ) ;
#202 = DIRECTION ( 'NONE',  ( -0.000000000000000000, 0.000000000000000000, -1.000000000000000000 ) ) ;
#203 = ORIENTED_EDGE ( 'NONE', *, *, #1604, .T. ) ;
#204 = EDGE_CURVE ( 'NONE', #578, #742, #3313, .T. ) ;
#205 = CARTESIAN_POINT ( 'NONE',  ( 0.003750000000000253998, -0.001550000148469617188, -0.001649999999999952069 ) ) ;
#206 = ORIENTED_EDGE ( 'NONE', *, *, #3023, .T. ) ;
#207 = LINE ( 'NONE', #1187, #2103 ) ;
#208 =( BOUNDED_CURVE ( )  B_SPLINE_CURVE ( 3, ( #3003, #4331, #1252, #2602, #3988, #3656, #205 ),
 .UNSPECIFIED., .F., .T. ) 
 B_SPLINE_CURVE_WITH_KNOTS ( ( 4, 3, 4 ),
 ( 0.000000000000000000, 0.4999999912921965772, 1.000000000000000000 ),
 .UNSPECIFIED. ) 
 CURVE ( )  GEOMETRIC_REPRESENTATION_ITEM ( )  RATIONAL_B_SPLINE_CURVE ( ( 1.331632143806018354, 1.092052917012032554, 1.121427307719443434, 1.419755315928250772, 1.121427297328316586, 1.092052914965741639, 1.331632168840525487 ) ) 
 REPRESENTATION_ITEM ( '' )  );
#209 = DIRECTION ( 'NONE',  ( 1.000000000000000000, 0.000000000000000000, 0.000000000000000000 ) ) ;
#210 = ORIENTED_EDGE ( 'NONE', *, *, #356, .F. ) ;
#211 = VERTEX_POINT ( 'NONE', #3623 ) ;
#212 = CARTESIAN_POINT ( 'NONE',  ( 0.003484548935050999809, -0.002030893469802000448, -0.001824212789832999754 ) ) ;
#213 = CARTESIAN_POINT ( 'NONE',  ( 0.003499999999999528228, 0.001550000000001032757, 0.001649999999999640470 ) ) ;
#214 = DIRECTION ( 'NONE',  ( 0.000000000000000000, -1.000000000000000000, -0.000000000000000000 ) ) ;
#215 =( NAMED_UNIT ( * ) SI_UNIT ( $, .STERADIAN. ) SOLID_ANGLE_UNIT ( ) );
#216 =( GEOMETRIC_REPRESENTATION_CONTEXT ( 3 ) GLOBAL_UNCERTAINTY_ASSIGNED_CONTEXT ( ( #1775 ) ) GLOBAL_UNIT_ASSIGNED_CONTEXT ( ( #1181, #3892, #2933 ) ) REPRESENTATION_CONTEXT ( 'NONE', 'WORKASPACE' ) );
#217 = CARTESIAN_POINT ( 'NONE',  ( 0.000000000000000000, 0.001250000000000000026, 0.001250000000000000026 ) ) ;
#218 = AXIS2_PLACEMENT_3D ( 'NONE', #4422, #1632, #2947 ) ;
#219 = DIRECTION ( 'NONE',  ( -1.000000000000000000, -0.000000000000000000, -0.000000000000000000 ) ) ;
#220 = VERTEX_POINT ( 'NONE', #521 ) ;
#221 = CARTESIAN_POINT ( 'NONE',  ( 0.000000000000000000, -0.003000000000000000062, 0.001899999999999999996 ) ) ;
#222 = AXIS2_PLACEMENT_3D ( 'NONE', #2628, #270, #1621 ) ;
#223 = MECHANICAL_DESIGN_GEOMETRIC_PRESENTATION_REPRESENTATION (  '', ( #724 ), #3110 ) ;
#224 = VECTOR ( 'NONE', #1667, 1.000000000000000000 ) ;
#225 = EDGE_CURVE ( 'NONE', #2266, #3339, #177, .T. ) ;
#226 = SURFACE_STYLE_FILL_AREA ( #2599 ) ;
#227 = DIRECTION ( 'NONE',  ( 1.000000000000000000, 0.000000000000000000, 0.000000000000000000 ) ) ;
#228 = ORIENTED_EDGE ( 'NONE', *, *, #2350, .F. ) ;
#229 = ADVANCED_FACE ( 'NONE', ( #1327 ), #2475, .T. ) ;
#230 =( NAMED_UNIT ( * ) SI_UNIT ( $, .STERADIAN. ) SOLID_ANGLE_UNIT ( ) );
#231 = EDGE_CURVE ( 'NONE', #688, #651, #3176, .T. ) ;
#232 = AXIS2_PLACEMENT_3D ( 'NONE', #2626, #2649, #912 ) ;
#233 = DIRECTION ( 'NONE',  ( 0.000000000000000000, -1.000000000000000000, -0.000000000000000000 ) ) ;
#234 = ORIENTED_EDGE ( 'NONE', *, *, #1282, .T. ) ;
#235 = ORIENTED_EDGE ( 'NONE', *, *, #2278, .T. ) ;
#236 = EDGE_CURVE ( 'NONE', #3596, #3911, #2806, .T. ) ;
#237 = CARTESIAN_POINT ( 'NONE',  ( 0.003499999999999545575, 0.001550000000001324190, -0.001650000000000360163 ) ) ;
#238 = DIRECTION ( 'NONE',  ( 0.000000000000000000, -1.000000000000000000, 0.000000000000000000 ) ) ;
#239 = VECTOR ( 'NONE', #2428, 1.000000000000000000 ) ;
#240 = PLANE ( 'NONE',  #3184 ) ;
#241 = CARTESIAN_POINT ( 'NONE',  ( 0.003160000000000000048, 0.000000000000000000, -0.002700000000000000143 ) ) ;
#242 = VECTOR ( 'NONE', #1566, 1.000000000000000000 ) ;
#243 = CARTESIAN_POINT ( 'NONE',  ( 0.003160000000000000048, -0.002799999999999999972, -0.001000000000000000021 ) ) ;
#244 = DIRECTION ( 'NONE',  ( 1.000000000000000000, 0.000000000000000000, 0.000000000000000000 ) ) ;
#245 = ORIENTED_EDGE ( 'NONE', *, *, #1377, .F. ) ;
#246 = CARTESIAN_POINT ( 'NONE',  ( 0.003150000000000000022, 0.000000000000000000, 0.003000000000000000062 ) ) ;
#247 = COLOUR_RGB ( '',0.2980392156862745057, 0.2980392156862745057, 0.2980392156862745057 ) ;
#248 = FACE_OUTER_BOUND ( 'NONE', #4357, .T. ) ;
#249 = CARTESIAN_POINT ( 'NONE',  ( 0.003449999999999999942, 0.001000000000000000021, -0.002799999999999999972 ) ) ;
#250 = ORIENTED_EDGE ( 'NONE', *, *, #285, .F. ) ;
#251 = CIRCLE ( 'NONE', #2769, 5.000000000000002272E-05 ) ;
#252 = CARTESIAN_POINT ( 'NONE',  ( 0.000000000000000000, 0.003000000000000000062, -0.002700000000000000143 ) ) ;
#253 = LINE ( 'NONE', #631, #4472 ) ;
#254 = CARTESIAN_POINT ( 'NONE',  ( 0.003150000000000000022, -0.002700000000000000143, -0.003000000000000000062 ) ) ;
#255 = EDGE_LOOP ( 'NONE', ( #52, #904, #2621, #2003 ) ) ;
#256 = ORIENTED_EDGE ( 'NONE', *, *, #894, .F. ) ;
#257 = EDGE_CURVE ( 'NONE', #3852, #3458, #3344, .T. ) ;
#258 = CARTESIAN_POINT ( 'NONE',  ( 0.000000000000000000, 0.000000000000000000, 0.002599999999999999881 ) ) ;
#259 = DIRECTION ( 'NONE',  ( 0.000000000000000000, 0.000000000000000000, -1.000000000000000000 ) ) ;
#260 = EDGE_CURVE ( 'NONE', #3140, #2285, #4412, .T. ) ;
#261 = FACE_OUTER_BOUND ( 'NONE', #2795, .T. ) ;
#262 = DIRECTION ( 'NONE',  ( -1.000000000000000000, -0.000000000000000000, -0.000000000000000000 ) ) ;
#263 = DIRECTION ( 'NONE',  ( 2.776071171377511723E-12, 4.444641818620539743E-12, 1.000000000000000000 ) ) ;
#264 = CARTESIAN_POINT ( 'NONE',  ( 0.003449999999999999942, -0.001000000000000000021, 0.000000000000000000 ) ) ;
#265 = CARTESIAN_POINT ( 'NONE',  ( 0.003750000000000351143, 0.001749999835032260698, -0.001709353758401036026 ) ) ;
#266 = DIRECTION ( 'NONE',  ( -1.000000000000000000, -0.000000000000000000, -0.000000000000000000 ) ) ;
#267 = AXIS2_PLACEMENT_3D ( 'NONE', #3077, #3347, #3383 ) ;
#268 = DIRECTION ( 'NONE',  ( 0.000000000000000000, 0.000000000000000000, -1.000000000000000000 ) ) ;
#269 = ORIENTED_EDGE ( 'NONE', *, *, #4240, .T. ) ;
#270 = DIRECTION ( 'NONE',  ( -0.000000000000000000, 1.000000000000000000, 0.000000000000000000 ) ) ;
#271 =( BOUNDED_CURVE ( )  B_SPLINE_CURVE ( 3, ( #2723, #4090, #4050, #2345, #1998, #3416, #2980 ),
 .UNSPECIFIED., .F., .T. ) 
 B_SPLINE_CURVE_WITH_KNOTS ( ( 4, 3, 4 ),
 ( 0.000000000000000000, 0.4999999912921989642, 1.000000000000000000 ),
 .UNSPECIFIED. ) 
 CURVE ( )  GEOMETRIC_REPRESENTATION_ITEM ( )  RATIONAL_B_SPLINE_CURVE ( ( 1.331632143799632351, 1.092052917006792745, 1.121427307714061516, 1.419755315921438665, 1.121427297322937555, 1.092052914960502275, 1.331632168834132379 ) ) 
 REPRESENTATION_ITEM ( '' )  );
#272 = LINE ( 'NONE', #1622, #3990 ) ;
#273 = ORIENTED_EDGE ( 'NONE', *, *, #282, .F. ) ;
#274 = ORIENTED_EDGE ( 'NONE', *, *, #2252, .F. ) ;
#275 = DIRECTION ( 'NONE',  ( 0.000000000000000000, 0.000000000000000000, -1.000000000000000000 ) ) ;
#276 = CARTESIAN_POINT ( 'NONE',  ( 0.003645476736785999757, -0.001887370472663000079, -0.001290512859679000032 ) ) ;
#277 = LINE ( 'NONE', #1296, #4294 ) ;
#278 = UNCERTAINTY_MEASURE_WITH_UNIT (LENGTH_MEASURE( 1.000000000000000082E-05 ), #732, 'distance_accuracy_value', 'NONE');
#279 = CARTESIAN_POINT ( 'NONE',  ( 0.003160000000000000048, -0.002700000000000000143, 0.002700000000000000143 ) ) ;
#280 = ADVANCED_FACE ( 'NONE', ( #3041 ), #1776, .T. ) ;
#281 = SURFACE_STYLE_USAGE ( .BOTH. , #2294 ) ;
#282 = EDGE_CURVE ( 'NONE', #2530, #1401, #3855, .T. ) ;
#283 = SURFACE_STYLE_FILL_AREA ( #302 ) ;
#284 = CARTESIAN_POINT ( 'NONE',  ( 0.003150000000000000022, 0.002700000000000000143, -0.002700000000000000143 ) ) ;
#285 = EDGE_CURVE ( 'NONE', #2756, #2916, #962, .T. ) ;
#286 = CARTESIAN_POINT ( 'NONE',  ( 0.003749999999999571818, 0.001592200936783245806, -0.001550000166435404250 ) ) ;
#287 = DIRECTION ( 'NONE',  ( 0.000000000000000000, 0.000000000000000000, -1.000000000000000000 ) ) ;
#288 = ORIENTED_EDGE ( 'NONE', *, *, #723, .T. ) ;
#289 = AXIS2_PLACEMENT_3D ( 'NONE', #341, #1440, #1758 ) ;
#290 =( GEOMETRIC_REPRESENTATION_CONTEXT ( 3 ) GLOBAL_UNCERTAINTY_ASSIGNED_CONTEXT ( ( #39 ) ) GLOBAL_UNIT_ASSIGNED_CONTEXT ( ( #2594, #3014, #2616 ) ) REPRESENTATION_CONTEXT ( 'NONE', 'WORKASPACE' ) );
#291 = VECTOR ( 'NONE', #924, 1.000000000000000000 ) ;
#292 = CARTESIAN_POINT ( 'NONE',  ( 0.0007805045099617095861, 0.003348668144332108288, -0.002599999999999999881 ) ) ;
#293 = ORIENTED_EDGE ( 'NONE', *, *, #3556, .F. ) ;
#294 = VERTEX_POINT ( 'NONE', #284 ) ;
#295 = DIRECTION ( 'NONE',  ( -1.000000000000000000, 0.000000000000000000, -0.000000000000000000 ) ) ;
#296 = CARTESIAN_POINT ( 'NONE',  ( 0.003759487639609000037, -0.001917508579527000016, -0.001527647128734000055 ) ) ;
#297 = CARTESIAN_POINT ( 'NONE',  ( 0.003645476736785999757, 0.002041752960274000051, -0.001470820303980999947 ) ) ;
#298 = AXIS2_PLACEMENT_3D ( 'NONE', #3506, #441, #4156 ) ;
#299 = LINE ( 'NONE', #3082, #448 ) ;
#300 = ADVANCED_FACE ( 'NONE', ( #624 ), #4106, .T. ) ;
#301 = PLANE ( 'NONE',  #718 ) ;
#302 = FILL_AREA_STYLE ('',( #3373 ) ) ;
#303 = CARTESIAN_POINT ( 'NONE',  ( 0.003449999999999999942, -0.001000000000000000021, 0.000000000000000000 ) ) ;
#304 = EDGE_CURVE ( 'NONE', #3140, #2520, #4052, .T. ) ;
#305 = CYLINDRICAL_SURFACE ( 'NONE', #586, 0.0003499999999999999964 ) ;
#306 = AXIS2_PLACEMENT_3D ( 'NONE', #4039, #1858, #1153 ) ;
#307 = FACE_OUTER_BOUND ( 'NONE', #500, .T. ) ;
#308 = ORIENTED_EDGE ( 'NONE', *, *, #1377, .T. ) ;
#309 =( NAMED_UNIT ( * ) SI_UNIT ( $, .STERADIAN. ) SOLID_ANGLE_UNIT ( ) );
#310 = VECTOR ( 'NONE', #4157, 1.000000000000000000 ) ;
#311 = CIRCLE ( 'NONE', #901, 0.0004000000000000000192 ) ;
#312 = ORIENTED_EDGE ( 'NONE', *, *, #3814, .F. ) ;
#313 = ORIENTED_EDGE ( 'NONE', *, *, #1145, .T. ) ;
#314 = CARTESIAN_POINT ( 'NONE',  ( 0.003449999999999999942, 0.002700000000000000143, 0.002700000000000000143 ) ) ;
#315 = AXIS2_PLACEMENT_3D ( 'NONE', #3924, #2128, #1843 ) ;
#316 = ORIENTED_EDGE ( 'NONE', *, *, #2278, .F. ) ;
#317 = DIRECTION ( 'NONE',  ( 0.000000000000000000, -1.000000000000000000, -0.000000000000000000 ) ) ;
#318 = AXIS2_PLACEMENT_3D ( 'NONE', #3163, #2, #3087 ) ;
#319 = ORIENTED_EDGE ( 'NONE', *, *, #231, .T. ) ;
#320 = PLANE ( 'NONE',  #1250 ) ;
#321 = LINE ( 'NONE', #1045, #2083 ) ;
#322 = CYLINDRICAL_SURFACE ( 'NONE', #1841, 9.999999999999999124E-05 ) ;
#323 = FACE_OUTER_BOUND ( 'NONE', #255, .T. ) ;
#324 = DIRECTION ( 'NONE',  ( 0.000000000000000000, 0.000000000000000000, -1.000000000000000000 ) ) ;
#325 = ORIENTED_EDGE ( 'NONE', *, *, #3160, .T. ) ;
#326 = ORIENTED_EDGE ( 'NONE', *, *, #139, .T. ) ;
#327 = SURFACE_STYLE_USAGE ( .BOTH. , #3118 ) ;
#328 = EDGE_CURVE ( 'NONE', #3778, #3146, #2382, .T. ) ;
#329 = EDGE_CURVE ( 'NONE', #3201, #1570, #40, .T. ) ;
#330 = EDGE_CURVE ( 'NONE', #1857, #1040, #3732, .T. ) ;
#331 = ORIENTED_EDGE ( 'NONE', *, *, #4382, .T. ) ;
#332 = EDGE_LOOP ( 'NONE', ( #1063, #3219, #4306, #4394 ) ) ;
#333 = CARTESIAN_POINT ( 'NONE',  ( 0.0002999999999999999737, -0.004499999999999999660, -0.002599999999999999881 ) ) ;
#334 = CARTESIAN_POINT ( 'NONE',  ( 0.0007805045099615573641, 0.003348668144332067088, -0.001899999999999999996 ) ) ;
#335 = ORIENTED_EDGE ( 'NONE', *, *, #1982, .F. ) ;
#336 = CARTESIAN_POINT ( 'NONE',  ( 0.003750000000000249661, -0.001592200936783246456, -0.001749999833564594648 ) ) ;
#337 = ORIENTED_EDGE ( 'NONE', *, *, #1278, .T. ) ;
#338 = ADVANCED_BREP_SHAPE_REPRESENTATION ( 'PTS645SL70SMTR92LFS', ( #3734, #3377 ), #687 ) ;
#339 = DIRECTION ( 'NONE',  ( 0.000000000000000000, 0.000000000000000000, -1.000000000000000000 ) ) ;
#340 = LINE ( 'NONE', #641, #3158 ) ;
#341 = CARTESIAN_POINT ( 'NONE',  ( 0.003449999999999999942, 0.001649999999999999991, 0.001649999999999999991 ) ) ;
#342 = CARTESIAN_POINT ( 'NONE',  ( 0.000000000000000000, 0.003000000000000000062, 0.001000000000000000021 ) ) ;
#343 = ORIENTED_EDGE ( 'NONE', *, *, #81, .F. ) ;
#344 = DIRECTION ( 'NONE',  ( 0.000000000000000000, 0.000000000000000000, 1.000000000000000000 ) ) ;
#345 = ORIENTED_EDGE ( 'NONE', *, *, #2763, .F. ) ;
#346 = CARTESIAN_POINT ( 'NONE',  ( 0.003759487639609000037, -0.001650000006243000032, 0.001895475856969000084 ) ) ;
#347 = EDGE_CURVE ( 'NONE', #3173, #2016, #754, .T. ) ;
#348 = LINE ( 'NONE', #1738, #530 ) ;
#349 = CARTESIAN_POINT ( 'NONE',  ( 0.003759487639609000037, -0.001892547719628999902, 0.001687802117100000018 ) ) ;
#350 = AXIS2_PLACEMENT_3D ( 'NONE', #4406, #1997, #3671 ) ;
#351 = VERTEX_POINT ( 'NONE', #2130 ) ;
#352 = ORIENTED_EDGE ( 'NONE', *, *, #617, .T. ) ;
#353 = VECTOR ( 'NONE', #3019, 1.000000000000000000 ) ;
#354 = EDGE_CURVE ( 'NONE', #1294, #476, #4405, .T. ) ;
#355 = CARTESIAN_POINT ( 'NONE',  ( 0.003484548935050999809, -0.001304647173923999910, 0.001703824758098000007 ) ) ;
#356 = EDGE_CURVE ( 'NONE', #211, #717, #1000, .T. ) ;
#357 =( GEOMETRIC_REPRESENTATION_CONTEXT ( 3 ) GLOBAL_UNCERTAINTY_ASSIGNED_CONTEXT ( ( #1459 ) ) GLOBAL_UNIT_ASSIGNED_CONTEXT ( ( #2000, #3737, #3072 ) ) REPRESENTATION_CONTEXT ( 'NONE', 'WORKASPACE' ) );
#358 = STYLED_ITEM ( 'NONE', ( #3256 ), #2408 ) ;
#359 = VECTOR ( 'NONE', #1225, 1.000000000000000000 ) ;
#360 = CARTESIAN_POINT ( 'NONE',  ( 0.007000000007018106728, 0.001594897864384587196, -1.844774965214455095E-05 ) ) ;
#361 = ORIENTED_EDGE ( 'NONE', *, *, #4076, .T. ) ;
#362 = EDGE_CURVE ( 'NONE', #3609, #4281, #1009, .T. ) ;
#363 = CARTESIAN_POINT ( 'NONE',  ( 0.003645476736786000191, 0.001294800967513999937, -0.001705359332708000081 ) ) ;
#364 = EDGE_LOOP ( 'NONE', ( #446, #993, #1233, #470 ) ) ;
#365 = CARTESIAN_POINT ( 'NONE',  ( 0.003160000000000000048, -0.003000000000000000062, -0.003000000000000000062 ) ) ;
#366 = DIRECTION ( 'NONE',  ( 0.000000000000000000, -1.000000000000000000, 0.000000000000000000 ) ) ;
#367 = CARTESIAN_POINT ( 'NONE',  ( 0.0002999999999999999737, 0.000000000000000000, -0.001250000000000000026 ) ) ;
#368 = VECTOR ( 'NONE', #2561, 1.000000000000000000 ) ;
#369 = COLOUR_RGB ( '',0.2980392156862745057, 0.2980392156862745057, 0.2980392156862745057 ) ;
#370 = PLANE ( 'NONE',  #3781 ) ;
#371 = DIRECTION ( 'NONE',  ( 1.000000000000000000, 0.000000000000000000, 0.000000000000000000 ) ) ;
#372 = VECTOR ( 'NONE', #3475, 1.000000000000000000 ) ;
#373 = CARTESIAN_POINT ( 'NONE',  ( 0.003749522019963999996, 0.001742136715503000196, 0.001607858578926000008 ) ) ;
#374 = SURFACE_SIDE_STYLE ('',( #467 ) ) ;
#375 = CARTESIAN_POINT ( 'NONE',  ( 0.0008000000000000000383, 0.003000000000000000062, 0.001899999999999999779 ) ) ;
#376 = ORIENTED_EDGE ( 'NONE', *, *, #4383, .F. ) ;
#377 = ORIENTED_EDGE ( 'NONE', *, *, #3720, .T. ) ;
#378 = FILL_AREA_STYLE ('',( #1811 ) ) ;
#379 = VECTOR ( 'NONE', #1610, 1.000000000000000000 ) ;
#380 = ORIENTED_EDGE ( 'NONE', *, *, #2051, .F. ) ;
#381 = ORIENTED_EDGE ( 'NONE', *, *, #1298, .T. ) ;
#382 = CARTESIAN_POINT ( 'NONE',  ( 0.003645476736785999757, -0.002041752960274000051, 0.001470820303980999947 ) ) ;
#383 = LINE ( 'NONE', #1718, #3931 ) ;
#384 = ADVANCED_FACE ( 'NONE', ( #1460 ), #2831, .F. ) ;
#385 = ORIENTED_EDGE ( 'NONE', *, *, #1864, .F. ) ;
#386 = CARTESIAN_POINT ( 'NONE',  ( 0.003750000000000249228, -0.001707799060678741624, -0.001749999836504765758 ) ) ;
#387 = DIRECTION ( 'NONE',  ( 1.000000000000000000, 0.000000000000000000, 0.000000000000000000 ) ) ;
#388 = VERTEX_POINT ( 'NONE', #254 ) ;
#389 = CIRCLE ( 'NONE', #315, 0.001749999999998888512 ) ;
#390 = LINE ( 'NONE', #3153, #1014 ) ;
#391 = ADVANCED_FACE ( 'NONE', ( #1232 ), #3006, .T. ) ;
#392 = DIRECTION ( 'NONE',  ( 0.000000000000000000, -0.000000000000000000, 1.000000000000000000 ) ) ;
#393 = CARTESIAN_POINT ( 'NONE',  ( 0.0007500000000000000156, 0.003000000000000000062, -0.002599999999999999881 ) ) ;
#394 = DIRECTION ( 'NONE',  ( 0.000000000000000000, 0.000000000000000000, 1.000000000000000000 ) ) ;
#395 = DIRECTION ( 'NONE',  ( 1.000000000000000000, 0.000000000000000000, 0.000000000000000000 ) ) ;
#396 = DIRECTION ( 'NONE',  ( -0.000000000000000000, -0.000000000000000000, -1.000000000000000000 ) ) ;
#397 = EDGE_LOOP ( 'NONE', ( #1293, #1953, #134, #2052 ) ) ;
#398 = DIRECTION ( 'NONE',  ( -1.000000000000000000, 0.000000000000000000, 0.000000000000000000 ) ) ;
#399 = ORIENTED_EDGE ( 'NONE', *, *, #3815, .T. ) ;
#400 = CARTESIAN_POINT ( 'NONE',  ( 0.003749522019965000497, -0.001594172640075000201, 0.001734548090442999914 ) ) ;
#401 = ORIENTED_EDGE ( 'NONE', *, *, #995, .T. ) ;
#402 = ORIENTED_EDGE ( 'NONE', *, *, #2354, .T. ) ;
#403 = LINE ( 'NONE', #1454, #3922 ) ;
#404 = ORIENTED_EDGE ( 'NONE', *, *, #3180, .F. ) ;
#405 = CIRCLE ( 'NONE', #2790, 0.0002999999999999999195 ) ;
#406 = CARTESIAN_POINT ( 'NONE',  ( 0.000000000000000000, -0.003000000000000000062, 0.001250000000000000026 ) ) ;
#407 = DIRECTION ( 'NONE',  ( 0.000000000000000000, 0.000000000000000000, 1.000000000000000000 ) ) ;
#408 = EDGE_LOOP ( 'NONE', ( #2422, #1445, #1036, #2554 ) ) ;
#409 = CARTESIAN_POINT ( 'NONE',  ( 0.003150000000000000022, -0.002700000000000000143, -0.002700000000000000143 ) ) ;
#410 = DIRECTION ( 'NONE',  ( -1.000000000000000000, 0.000000000000000000, 0.000000000000000000 ) ) ;
#411 = EDGE_CURVE ( 'NONE', #3116, #3774, #2651, .T. ) ;
#412 =( BOUNDED_CURVE ( )  B_SPLINE_CURVE ( 3, ( #3375, #265, #3021, #4068, #642, #2768, #3456 ),
 .UNSPECIFIED., .F., .T. ) 
 B_SPLINE_CURVE_WITH_KNOTS ( ( 4, 3, 4 ),
 ( 0.000000000000000000, 0.4999999912921943568, 1.000000000000000000 ),
 .UNSPECIFIED. ) 
 CURVE ( )  GEOMETRIC_REPRESENTATION_ITEM ( )  RATIONAL_B_SPLINE_CURVE ( ( 1.331632143806016355, 1.092052917012032554, 1.121427307719443878, 1.419755315928250328, 1.121427297328314365, 1.092052914965740973, 1.331632168840529928 ) ) 
 REPRESENTATION_ITEM ( '' )  );
#413 = DIRECTION ( 'NONE',  ( 1.000000000000000000, 0.000000000000000000, -0.000000000000000000 ) ) ;
#414 = DIRECTION ( 'NONE',  ( 1.000000000000000000, 0.000000000000000000, -0.000000000000000000 ) ) ;
#415 = CARTESIAN_POINT ( 'NONE',  ( 0.003759487639609000037, -0.001917508573304000036, -0.001772352884873000002 ) ) ;
#416 = ADVANCED_FACE ( 'NONE', ( #3678 ), #4034, .F. ) ;
#417 = LINE ( 'NONE', #1804, #1363 ) ;
#418 = EDGE_CURVE ( 'NONE', #989, #2825, #4396, .T. ) ;
#419 = CYLINDRICAL_SURFACE ( 'NONE', #318, 0.0003500000000000000507 ) ;
#420 = ORIENTED_EDGE ( 'NONE', *, *, #1900, .F. ) ;
#421 =( NAMED_UNIT ( * ) PLANE_ANGLE_UNIT ( ) SI_UNIT ( $, .RADIAN. ) );
#422 = LINE ( 'NONE', #4247, #2828 ) ;
#423 = EDGE_CURVE ( 'NONE', #2878, #2756, #3551, .T. ) ;
#424 = ORIENTED_EDGE ( 'NONE', *, *, #615, .T. ) ;
#425 = CARTESIAN_POINT ( 'NONE',  ( 0.003449999999999999942, -0.001000000000000000021, -0.002799999999999999972 ) ) ;
#426 = SURFACE_STYLE_FILL_AREA ( #378 ) ;
#427 = VERTEX_POINT ( 'NONE', #3301 ) ;
#428 = ORIENTED_EDGE ( 'NONE', *, *, #2902, .T. ) ;
#429 = CARTESIAN_POINT ( 'NONE',  ( 0.003484548935050999809, -0.002030893469802000448, 0.001475787210167000011 ) ) ;
#430 = MECHANICAL_DESIGN_GEOMETRIC_PRESENTATION_REPRESENTATION (  '', ( #1812 ), #1003 ) ;
#431 = EDGE_LOOP ( 'NONE', ( #911, #1585, #3893, #3399, #316 ) ) ;
#432 = ORIENTED_EDGE ( 'NONE', *, *, #2066, .F. ) ;
#433 = ORIENTED_EDGE ( 'NONE', *, *, #1629, .F. ) ;
#434 = CIRCLE ( 'NONE', #2168, 5.000000000000002272E-05 ) ;
#435 = CIRCLE ( 'NONE', #1891, 0.0004000000000000000192 ) ;
#436 = DIRECTION ( 'NONE',  ( 0.000000000000000000, 0.000000000000000000, 1.000000000000000000 ) ) ;
#437 = DIRECTION ( 'NONE',  ( 0.000000000000000000, -0.000000000000000000, -1.000000000000000000 ) ) ;
#438 = CARTESIAN_POINT ( 'NONE',  ( 0.0004000000000000000192, -0.003482339959128999841, 0.001899999999999999779 ) ) ;
#439 = LINE ( 'NONE', #3904, #4269 ) ;
#440 = CARTESIAN_POINT ( 'NONE',  ( 0.003759487639609000037, 0.001892547717706999800, 0.001687802129436999929 ) ) ;
#441 = DIRECTION ( 'NONE',  ( 0.000000000000000000, -1.000000000000000000, 0.000000000000000000 ) ) ;
#442 = CARTESIAN_POINT ( 'NONE',  ( 0.006919384147009933518, 0.001001889431950630811, 0.001665850379910712451 ) ) ;
#443 = ORIENTED_EDGE ( 'NONE', *, *, #948, .F. ) ;
#444 = EDGE_CURVE ( 'NONE', #1190, #4204, #272, .T. ) ;
#445 = CARTESIAN_POINT ( 'NONE',  ( 0.003749522019965000497, 0.001705827364226000092, -0.001734548087603000194 ) ) ;
#446 = ORIENTED_EDGE ( 'NONE', *, *, #2499, .F. ) ;
#447 = EDGE_CURVE ( 'NONE', #1878, #2193, #972, .T. ) ;
#448 = VECTOR ( 'NONE', #2737, 1.000000000000000000 ) ;
#449 = CARTESIAN_POINT ( 'NONE',  ( 0.000000000000000000, 0.004499999999999999660, 0.001899999999999999996 ) ) ;
#450 = CARTESIAN_POINT ( 'NONE',  ( 0.003160000000000000048, -0.002700000000000000143, 0.002700000000000000143 ) ) ;
#451 = VERTEX_POINT ( 'NONE', #1254 ) ;
#452 = ORIENTED_EDGE ( 'NONE', *, *, #4385, .F. ) ;
#453 = CYLINDRICAL_SURFACE ( 'NONE', #148, 0.0002999999999999999195 ) ;
#454 = CIRCLE ( 'NONE', #3850, 0.0003500000000000000507 ) ;
#455 = DIRECTION ( 'NONE',  ( 0.000000000000000000, -0.000000000000000000, 1.000000000000000000 ) ) ;
#456 = VERTEX_POINT ( 'NONE', #2629 ) ;
#457 = PLANE ( 'NONE',  #3727 ) ;
#458 = ORIENTED_EDGE ( 'NONE', *, *, #2499, .T. ) ;
#459 = AXIS2_PLACEMENT_3D ( 'NONE', #1024, #4131, #414 ) ;
#460 =( NAMED_UNIT ( * ) PLANE_ANGLE_UNIT ( ) SI_UNIT ( $, .RADIAN. ) );
#461 = CARTESIAN_POINT ( 'NONE',  ( 0.000000000000000000, 0.004499999999999999660, -0.002599999999999999881 ) ) ;
#462 = DIRECTION ( 'NONE',  ( 0.000000000000000000, -0.000000000000000000, -1.000000000000000000 ) ) ;
#463 = STYLED_ITEM ( 'NONE', ( #1755 ), #3816 ) ;
#464 = DIRECTION ( 'NONE',  ( 0.000000000000000000, -0.000000000000000000, -1.000000000000000000 ) ) ;
#465 = CIRCLE ( 'NONE', #1564, 0.0003499999999999999964 ) ;
#466 = CARTESIAN_POINT ( 'NONE',  ( 0.003645476736785999757, 0.001258247039725999931, 0.001470820303980999947 ) ) ;
#467 = SURFACE_STYLE_FILL_AREA ( #2183 ) ;
#468 = CARTESIAN_POINT ( 'NONE',  ( 0.006804188484295556859, 1.942779295213484383E-05, 0.001679627412926495240 ) ) ;
#469 = ORIENTED_EDGE ( 'NONE', *, *, #3667, .F. ) ;
#470 = ORIENTED_EDGE ( 'NONE', *, *, #755, .F. ) ;
#471 = COLOUR_RGB ( '',0.6470588235294117974, 0.6196078431372549211, 0.5882352941176470784 ) ;
#472 = DIRECTION ( 'NONE',  ( -0.9961946980918119365, 0.08715574274689891210, 0.000000000000000000 ) ) ;
#473 = LINE ( 'NONE', #1223, #2672 ) ;
#474 = DIRECTION ( 'NONE',  ( 1.000000000000000000, 0.000000000000000000, -0.000000000000000000 ) ) ;
#475 = ORIENTED_EDGE ( 'NONE', *, *, #2194, .T. ) ;
#476 = VERTEX_POINT ( 'NONE', #4014 ) ;
#477 = EDGE_CURVE ( 'NONE', #2177, #75, #1531, .T. ) ;
#478 = LINE ( 'NONE', #2960, #4064 ) ;
#479 = PRODUCT_DEFINITION_SHAPE ( 'NONE', 'NONE',  #1530 ) ;
#480 = EDGE_CURVE ( 'NONE', #4147, #1294, #3721, .T. ) ;
#481 = EDGE_CURVE ( 'NONE', #819, #4324, #2984, .T. ) ;
#482 = LINE ( 'NONE', #3246, #2983 ) ;
#483 = CARTESIAN_POINT ( 'NONE',  ( 0.003645476736785999757, 0.001258247030612000012, 0.001829179676092000098 ) ) ;
#484 = EDGE_LOOP ( 'NONE', ( #1792, #933, #793, #2707, #2603 ) ) ;
#485 = DIRECTION ( 'NONE',  ( 1.000000000000000000, 0.000000000000000000, 0.000000000000000000 ) ) ;
#486 = VERTEX_POINT ( 'NONE', #3699 ) ;
#487 = CARTESIAN_POINT ( 'NONE',  ( 0.0002999999999999999737, -0.003000000000000000496, 0.001250000000000000026 ) ) ;
#488 = CARTESIAN_POINT ( 'NONE',  ( 0.000000000000000000, 0.004499999999999999660, -0.002599999999999999881 ) ) ;
#489 = AXIS2_PLACEMENT_3D ( 'NONE', #2353, #3725, #654 ) ;
#490 = DIRECTION ( 'NONE',  ( 0.000000000000000000, 0.000000000000000000, 1.000000000000000000 ) ) ;
#491 = CARTESIAN_POINT ( 'NONE',  ( 0.003150000000000000022, -0.002700000000000000143, -0.002700000000000000143 ) ) ;
#492 = FILL_AREA_STYLE ('',( #1825 ) ) ;
#493 = DIRECTION ( 'NONE',  ( 0.000000000000000000, 0.000000000000000000, 1.000000000000000000 ) ) ;
#494 = VERTEX_POINT ( 'NONE', #2019 ) ;
#495 = CARTESIAN_POINT ( 'NONE',  ( 0.003749522019963999996, 0.001650000002149999787, -0.001734548089022999945 ) ) ;
#496 = VERTEX_POINT ( 'NONE', #632 ) ;
#497 = CARTESIAN_POINT ( 'NONE',  ( 0.0007805045099617000451, 0.003348668144331999868, -0.002599999999999999881 ) ) ;
#498 = CARTESIAN_POINT ( 'NONE',  ( 0.003750000000000250529, 0.001592200939321168152, 0.001550000163495149873 ) ) ;
#499 = DIRECTION ( 'NONE',  ( 0.000000000000000000, 0.000000000000000000, -1.000000000000000000 ) ) ;
#500 = EDGE_LOOP ( 'NONE', ( #4335, #647, #4190, #4179, #2589 ) ) ;
#501 = VERTEX_POINT ( 'NONE', #3397 ) ;
#502 = EDGE_CURVE ( 'NONE', #220, #752, #3739, .T. ) ;
#503 = LINE ( 'NONE', #161, #1306 ) ;
#504 = CARTESIAN_POINT ( 'NONE',  ( 0.000000000000000000, 0.003482339959128999841, -0.002599999999999999881 ) ) ;
#505 = CARTESIAN_POINT ( 'NONE',  ( 0.006799999999999999621, 0.001479684650877566461, -1.711510975910868383E-05 ) ) ;
#506 = ORIENTED_EDGE ( 'NONE', *, *, #4159, .T. ) ;
#507 = FACE_OUTER_BOUND ( 'NONE', #3513, .T. ) ;
#508 = ADVANCED_FACE ( 'NONE', ( #588 ), #4391, .T. ) ;
#509 = DIRECTION ( 'NONE',  ( -1.000000000000000000, -0.000000000000000000, -0.000000000000000000 ) ) ;
#510 = CARTESIAN_POINT ( 'NONE',  ( 0.003499999999999543407, -0.001749999999998705933, 0.001649999999999639168 ) ) ;
#511 = FILL_AREA_STYLE ('',( #3899 ) ) ;
#512 = LINE ( 'NONE', #2592, #3355 ) ;
#513 = CARTESIAN_POINT ( 'NONE',  ( 0.003449999999999999942, 0.001649999999999999991, 0.002000000000000000042 ) ) ;
#514 = AXIS2_PLACEMENT_3D ( 'NONE', #2622, #1594, #2302 ) ;
#515 = CIRCLE ( 'NONE', #4193, 0.001679739767162402586 ) ;
#516 = AXIS2_PLACEMENT_3D ( 'NONE', #3410, #4067, #4424 ) ;
#517 = FACE_OUTER_BOUND ( 'NONE', #3555, .T. ) ;
#518 = ADVANCED_FACE ( 'NONE', ( #248 ), #1935, .F. ) ;
#519 = AXIS2_PLACEMENT_3D ( 'NONE', #3885, #3574, #3233 ) ;
#520 =( NAMED_UNIT ( * ) SI_UNIT ( $, .STERADIAN. ) SOLID_ANGLE_UNIT ( ) );
#521 = CARTESIAN_POINT ( 'NONE',  ( 0.0007805045099615573641, 0.003348668144332067088, -0.002599999999999999881 ) ) ;
#522 = ORIENTED_EDGE ( 'NONE', *, *, #4240, .F. ) ;
#523 = DIRECTION ( 'NONE',  ( 1.000000000000000000, -0.000000000000000000, 0.000000000000000000 ) ) ;
#524 = SURFACE_STYLE_FILL_AREA ( #3916 ) ;
#525 = CARTESIAN_POINT ( 'NONE',  ( 0.003484548935050999809, 0.001880790485752000061, 0.001999522078223999865 ) ) ;
#526 = ORIENTED_EDGE ( 'NONE', *, *, #2430, .F. ) ;
#527 = DIRECTION ( 'NONE',  ( 0.000000000000000000, 1.000000000000000000, 0.000000000000000000 ) ) ;
#528 = ORIENTED_EDGE ( 'NONE', *, *, #4098, .T. ) ;
#529 = DIRECTION ( 'NONE',  ( 1.000000000000000000, 0.000000000000000000, -0.000000000000000000 ) ) ;
#530 = VECTOR ( 'NONE', #6, 1.000000000000000000 ) ;
#531 =( NAMED_UNIT ( * ) PLANE_ANGLE_UNIT ( ) SI_UNIT ( $, .RADIAN. ) );
#532 = ORIENTED_EDGE ( 'NONE', *, *, #140, .T. ) ;
#533 = SURFACE_SIDE_STYLE ('',( #2608 ) ) ;
#534 = ORIENTED_EDGE ( 'NONE', *, *, #362, .F. ) ;
#535 = CARTESIAN_POINT ( 'NONE',  ( 0.003484548935050999809, -0.001649999991110999995, -0.001999522072354000066 ) ) ;
#536 = CIRCLE ( 'NONE', #2261, 5.000000000000002272E-05 ) ;
#537 = DIRECTION ( 'NONE',  ( 0.000000000000000000, -0.000000000000000000, -1.000000000000000000 ) ) ;
#538 = CARTESIAN_POINT ( 'NONE',  ( 0.003449999999999999942, -0.002700000000000000143, 0.002700000000000000143 ) ) ;
#539 = FACE_OUTER_BOUND ( 'NONE', #29, .T. ) ;
#540 = AXIS2_PLACEMENT_3D ( 'NONE', #699, #3710, #1745 ) ;
#541 = PLANE ( 'NONE',  #3403 ) ;
#542 = EDGE_CURVE ( 'NONE', #111, #2020, #2665, .T. ) ;
#543 = EDGE_CURVE ( 'NONE', #1401, #1081, #3608, .T. ) ;
#544 = LINE ( 'NONE', #3350, #816 ) ;
#545 = CIRCLE ( 'NONE', #3722, 0.0004000000000000000192 ) ;
#546 = CARTESIAN_POINT ( 'NONE',  ( 0.006999999999999999278, 0.001489710437840400647, 0.0008496640837854417755 ) ) ;
#547 = PLANE ( 'NONE',  #2172 ) ;
#548 = ORIENTED_EDGE ( 'NONE', *, *, #1077, .T. ) ;
#549 = LINE ( 'NONE', #3262, #3105 ) ;
#550 = CARTESIAN_POINT ( 'NONE',  ( 0.000000000000000000, 0.004499999999999999660, -0.002599999999999999881 ) ) ;
#551 = VECTOR ( 'NONE', #4408, 1.000000000000000000 ) ;
#552 = ORIENTED_EDGE ( 'NONE', *, *, #139, .F. ) ;
#553 = FACE_OUTER_BOUND ( 'NONE', #696, .T. ) ;
#554 = ORIENTED_EDGE ( 'NONE', *, *, #1220, .T. ) ;
#555 = CARTESIAN_POINT ( 'NONE',  ( 0.003160000000000000048, 0.001000000000000000021, -0.002799999999999999972 ) ) ;
#556 = EDGE_LOOP ( 'NONE', ( #2807, #2803, #2511, #770 ) ) ;
#557 =( NAMED_UNIT ( * ) PLANE_ANGLE_UNIT ( ) SI_UNIT ( $, .RADIAN. ) );
#558 = ORIENTED_EDGE ( 'NONE', *, *, #1691, .F. ) ;
#559 = DIRECTION ( 'NONE',  ( 0.000000000000000000, -0.000000000000000000, 1.000000000000000000 ) ) ;
#560 = DIRECTION ( 'NONE',  ( 0.000000000000000000, -1.000000000000000000, -0.000000000000000000 ) ) ;
#561 = CARTESIAN_POINT ( 'NONE',  ( 0.0007805045099615573641, 0.003348668144332067088, 0.001899999999999999779 ) ) ;
#562 = ADVANCED_FACE ( 'NONE', ( #2283 ), #1289, .F. ) ;
#563 = CARTESIAN_POINT ( 'NONE',  ( 0.0002999999999999999737, 0.004499999999999999660, -0.002599999999999999881 ) ) ;
#564 = DIRECTION ( 'NONE',  ( 1.000000000000000000, 0.000000000000000000, 0.000000000000000000 ) ) ;
#565 = CARTESIAN_POINT ( 'NONE',  ( 0.003160000000000000048, 0.002799999999999999972, 0.001000000000000000021 ) ) ;
#566 = CARTESIAN_POINT ( 'NONE',  ( 0.0003912844257251999825, -0.003382720489318999900, -0.002599999999999999881 ) ) ;
#567 = ORIENTED_EDGE ( 'NONE', *, *, #1480, .T. ) ;
#568 = EDGE_CURVE ( 'NONE', #2440, #4458, #4048, .T. ) ;
#569 = EDGE_CURVE ( 'NONE', #3670, #3594, #2316, .T. ) ;
#570 = CARTESIAN_POINT ( 'NONE',  ( 0.003750000000000204559, 0.001749999835034629463, -0.001590646239418019511 ) ) ;
#571 = SURFACE_STYLE_USAGE ( .BOTH. , #3672 ) ;
#572 = EDGE_CURVE ( 'NONE', #351, #1294, #2934, .T. ) ;
#573 = CARTESIAN_POINT ( 'NONE',  ( 0.0008000000000000000383, 0.003000000000000000062, -0.003000000000000000062 ) ) ;
#574 = ORIENTED_EDGE ( 'NONE', *, *, #2690, .T. ) ;
#575 = LINE ( 'NONE', #3694, #657 ) ;
#576 = FILL_AREA_STYLE_COLOUR ( '', #2886 ) ;
#577 = VERTEX_POINT ( 'NONE', #880 ) ;
#578 = VERTEX_POINT ( 'NONE', #1639 ) ;
#579 = DIRECTION ( 'NONE',  ( 0.000000000000000000, 0.000000000000000000, -1.000000000000000000 ) ) ;
#580 = LINE ( 'NONE', #2253, #3292 ) ;
#581 = PLANE ( 'NONE',  #678 ) ;
#582 = DIRECTION ( 'NONE',  ( -0.000000000000000000, 0.000000000000000000, -1.000000000000000000 ) ) ;
#583 = ORIENTED_EDGE ( 'NONE', *, *, #304, .T. ) ;
#584 = LINE ( 'NONE', #221, #3627 ) ;
#585 = COLOUR_RGB ( '',0.2980392156862745057, 0.2980392156862745057, 0.2980392156862745057 ) ;
#586 = AXIS2_PLACEMENT_3D ( 'NONE', #26, #2433, #3837 ) ;
#587 = AXIS2_PLACEMENT_3D ( 'NONE', #2998, #219, #4005 ) ;
#588 = FACE_OUTER_BOUND ( 'NONE', #3335, .T. ) ;
#589 = ADVANCED_FACE ( 'NONE', ( #1884 ), #725, .T. ) ;
#590 = DIRECTION ( 'NONE',  ( -1.000000000000000000, -0.000000000000000000, -0.000000000000000000 ) ) ;
#591 = VERTEX_POINT ( 'NONE', #3985 ) ;
#592 = CARTESIAN_POINT ( 'NONE',  ( 0.003160000000000000048, 0.003000000000000000496, 0.001000000000000000021 ) ) ;
#593 =( NAMED_UNIT ( * ) PLANE_ANGLE_UNIT ( ) SI_UNIT ( $, .RADIAN. ) );
#594 = VECTOR ( 'NONE', #3472, 1.000000000000000000 ) ;
#595 = EDGE_CURVE ( 'NONE', #186, #3129, #3652, .T. ) ;
#596 = EDGE_LOOP ( 'NONE', ( #2751, #987, #2891, #2473, #4435 ) ) ;
#597 = ADVANCED_FACE ( 'NONE', ( #1 ), #3415, .T. ) ;
#598 = EDGE_LOOP ( 'NONE', ( #376, #3630, #1943, #4252, #191, #2418, #3826, #3532, #4313, #3636 ) ) ;
#599 = VECTOR ( 'NONE', #1410, 1.000000000000000000 ) ;
#600 = PLANE ( 'NONE',  #4392 ) ;
#601 = LINE ( 'NONE', #3368, #2122 ) ;
#602 = VECTOR ( 'NONE', #1534, 1.000000000000000000 ) ;
#603 = CARTESIAN_POINT ( 'NONE',  ( 0.000000000000000000, -0.003000000000000000062, 0.001899999999999999996 ) ) ;
#604 = CARTESIAN_POINT ( 'NONE',  ( 0.007000000007018105860, -0.001631793363688875762, -0.003171347979117028915 ) ) ;
#605 = PRESENTATION_LAYER_ASSIGNMENT (  '', '', ( #3130 ) ) ;
#606 = CARTESIAN_POINT ( 'NONE',  ( 0.0002999999999999999737, -0.003000000000000000062, -0.003000000000000000062 ) ) ;
#607 = CARTESIAN_POINT ( 'NONE',  ( 0.003749999999999999861, 0.000000000000000000, 0.000000000000000000 ) ) ;
#608 = VERTEX_POINT ( 'NONE', #2386 ) ;
#609 = DIRECTION ( 'NONE',  ( 0.000000000000000000, 0.000000000000000000, -1.000000000000000000 ) ) ;
#610 = CARTESIAN_POINT ( 'NONE',  ( 0.000000000000000000, 0.003482339959128999841, 0.002599999999999999881 ) ) ;
#611 = EDGE_LOOP ( 'NONE', ( #2043, #3270, #1274, #1176 ) ) ;
#612 = VECTOR ( 'NONE', #818, 1.000000000000000222 ) ;
#613 =( LENGTH_UNIT ( ) NAMED_UNIT ( * ) SI_UNIT ( $, .METRE. ) );
#614 = ORIENTED_EDGE ( 'NONE', *, *, #2687, .F. ) ;
#615 = EDGE_CURVE ( 'NONE', #1394, #2977, #1307, .T. ) ;
#616 = ORIENTED_EDGE ( 'NONE', *, *, #948, .T. ) ;
#617 = EDGE_CURVE ( 'NONE', #1457, #3845, #2483, .T. ) ;
#618 = CARTESIAN_POINT ( 'NONE',  ( 0.003500000000000003109, -0.001299999999999875908, 0.001649999999998281531 ) ) ;
#619 = ADVANCED_FACE ( 'NONE', ( #781 ), #4244, .T. ) ;
#620 = ADVANCED_FACE ( 'NONE', ( #100 ), #4081, .T. ) ;
#621 = CARTESIAN_POINT ( 'NONE',  ( 0.0003912844257252190644, -0.003382720489318998165, -0.001900000000000000213 ) ) ;
#622 = CYLINDRICAL_SURFACE ( 'NONE', #218, 5.000000000000002272E-05 ) ;
#623 = DIRECTION ( 'NONE',  ( -0.000000000000000000, -0.000000000000000000, 1.000000000000000000 ) ) ;
#624 = FACE_OUTER_BOUND ( 'NONE', #1475, .T. ) ;
#625 = COLOUR_RGB ( '',0.2980392156862745057, 0.2980392156862745057, 0.2980392156862745057 ) ;
#626 = CARTESIAN_POINT ( 'NONE',  ( 0.003749999999999571385, 0.001707799060678742709, -0.001550000163495232923 ) ) ;
#627 = COLOUR_RGB ( '',0.2980392156862745057, 0.2980392156862745057, 0.2980392156862745057 ) ;
#628 = CARTESIAN_POINT ( 'NONE',  ( 0.0007500000000000000156, 0.003000000000000000062, 0.002599999999999999881 ) ) ;
#629 = ORIENTED_EDGE ( 'NONE', *, *, #3558, .F. ) ;
#630 =( NAMED_UNIT ( * ) SI_UNIT ( $, .STERADIAN. ) SOLID_ANGLE_UNIT ( ) );
#631 = CARTESIAN_POINT ( 'NONE',  ( 0.003160000000000000048, 0.003000000000000000062, 0.003000000000000000062 ) ) ;
#632 = CARTESIAN_POINT ( 'NONE',  ( 0.003160000000000000048, -0.002799999999999999972, -0.001000000000000000021 ) ) ;
#633 = ORIENTED_EDGE ( 'NONE', *, *, #329, .F. ) ;
#634 = EDGE_CURVE ( 'NONE', #742, #3224, #2793, .T. ) ;
#635 = ORIENTED_EDGE ( 'NONE', *, *, #1746, .F. ) ;
#636 = LINE ( 'NONE', #3759, #2681 ) ;
#637 = EDGE_CURVE ( 'NONE', #1963, #3169, #172, .T. ) ;
#638 = DIRECTION ( 'NONE',  ( 1.000000000000000000, 0.000000000000000000, 0.000000000000000000 ) ) ;
#639 = DIRECTION ( 'NONE',  ( -1.000000000000000000, 0.000000000000000000, -0.000000000000000000 ) ) ;
#640 = CARTESIAN_POINT ( 'NONE',  ( 0.003449999999999999942, 0.001000000000000000021, 0.003000000000000000062 ) ) ;
#641 = CARTESIAN_POINT ( 'NONE',  ( 0.0003912844257252260575, 0.003382720489319298706, -0.002599999999999999881 ) ) ;
#642 = CARTESIAN_POINT ( 'NONE',  ( 0.003750000000000249661, 0.001592200939322929764, -0.001749999836501872456 ) ) ;
#643 = EDGE_CURVE ( 'NONE', #63, #2956, #1441, .T. ) ;
#644 = DIRECTION ( 'NONE',  ( 0.000000000000000000, 0.000000000000000000, 1.000000000000000000 ) ) ;
#645 = EDGE_LOOP ( 'NONE', ( #235, #1427, #3560, #1920, #2242 ) ) ;
#646 = CARTESIAN_POINT ( 'NONE',  ( 0.0004000000000000000192, 0.003482339959128999841, -0.002599999999999999881 ) ) ;
#647 = ORIENTED_EDGE ( 'NONE', *, *, #3583, .T. ) ;
#648 = CIRCLE ( 'NONE', #2167, 0.001679739767162402586 ) ;
#649 = MECHANICAL_DESIGN_GEOMETRIC_PRESENTATION_REPRESENTATION (  '', ( #1084 ), #4194 ) ;
#650 = STYLED_ITEM ( 'NONE', ( #3266 ), #589 ) ;
#651 = VERTEX_POINT ( 'NONE', #4023 ) ;
#652 = CARTESIAN_POINT ( 'NONE',  ( 0.000000000000000000, 0.003482339959128999841, 0.001899999999999999779 ) ) ;
#653 = ORIENTED_EDGE ( 'NONE', *, *, #3094, .F. ) ;
#654 = DIRECTION ( 'NONE',  ( 0.000000000000000000, 0.000000000000000000, 1.000000000000000000 ) ) ;
#655 = ORIENTED_EDGE ( 'NONE', *, *, #304, .F. ) ;
#656 = LINE ( 'NONE', #3853, #3783 ) ;
#657 = VECTOR ( 'NONE', #1620, 1.000000000000000000 ) ;
#658 = FACE_OUTER_BOUND ( 'NONE', #4044, .T. ) ;
#659 =( BOUNDED_CURVE ( )  B_SPLINE_CURVE ( 3, ( #2544, #3926, #2571, #3953 ),
 .UNSPECIFIED., .F., .T. ) 
 B_SPLINE_CURVE_WITH_KNOTS ( ( 4, 4 ),
 ( 0.5018408198415273969, 1.001840819759739487 ),
 .UNSPECIFIED. ) 
 CURVE ( )  GEOMETRIC_REPRESENTATION_ITEM ( )  RATIONAL_B_SPLINE_CURVE ( ( 1.000000000000000000, 0.3333333335046295698, 0.3333333335046295698, 1.000000000000000000 ) ) 
 REPRESENTATION_ITEM ( '' )  );
#660 = PLANE ( 'NONE',  #4220 ) ;
#661 = SURFACE_SIDE_STYLE ('',( #3769 ) ) ;
#662 = EDGE_CURVE ( 'NONE', #3588, #1857, #1876, .T. ) ;
#663 = PRESENTATION_STYLE_ASSIGNMENT (( #1002 ) ) ;
#664 = EDGE_CURVE ( 'NONE', #2048, #3008, #1264, .T. ) ;
#665 = VECTOR ( 'NONE', #2531, 1.000000000000000000 ) ;
#666 = EDGE_CURVE ( 'NONE', #33, #4224, #2230, .T. ) ;
#667 = CARTESIAN_POINT ( 'NONE',  ( 0.0008000000000000000383, 0.003000000000000000062, -0.001899999999999999996 ) ) ;
#668 = ORIENTED_EDGE ( 'NONE', *, *, #1782, .T. ) ;
#669 = CARTESIAN_POINT ( 'NONE',  ( 0.0003651377029010569909, 0.003083862079891985970, -0.001899999999999999996 ) ) ;
#670 = FACE_OUTER_BOUND ( 'NONE', #771, .T. ) ;
#671 =( GEOMETRIC_REPRESENTATION_CONTEXT ( 3 ) GLOBAL_UNCERTAINTY_ASSIGNED_CONTEXT ( ( #2500 ) ) GLOBAL_UNIT_ASSIGNED_CONTEXT ( ( #2204, #779, #1125 ) ) REPRESENTATION_CONTEXT ( 'NONE', 'WORKASPACE' ) );
#672 = ORIENTED_EDGE ( 'NONE', *, *, #3132, .T. ) ;
#673 = VERTEX_POINT ( 'NONE', #2277 ) ;
#674 = CARTESIAN_POINT ( 'NONE',  ( 0.000000000000000000, 0.004499999999999999660, -0.001899999999999999996 ) ) ;
#675 = AXIS2_PLACEMENT_3D ( 'NONE', #2357, #1588, #194 ) ;
#676 = CARTESIAN_POINT ( 'NONE',  ( 0.003449999999999999942, -0.003000000000000000062, 0.002700000000000000143 ) ) ;
#677 = EDGE_LOOP ( 'NONE', ( #1933, #345, #2556, #1777, #2467, #4432, #1228, #110 ) ) ;
#678 = AXIS2_PLACEMENT_3D ( 'NONE', #2279, #2342, #981 ) ;
#679 = VERTEX_POINT ( 'NONE', #2595 ) ;
#680 = CARTESIAN_POINT ( 'NONE',  ( 0.000000000000000000, -0.003482339959128999841, -0.002599999999999999881 ) ) ;
#681 = FACE_OUTER_BOUND ( 'NONE', #3973, .T. ) ;
#682 = ADVANCED_FACE ( 'NONE', ( #3310 ), #2295, .T. ) ;
#683 = PLANE ( 'NONE',  #1369 ) ;
#684 = ADVANCED_FACE ( 'NONE', ( #4319 ), #2642, .F. ) ;
#685 = FACE_OUTER_BOUND ( 'NONE', #3981, .T. ) ;
#686 = EDGE_CURVE ( 'NONE', #2266, #1353, #580, .T. ) ;
#687 =( GEOMETRIC_REPRESENTATION_CONTEXT ( 3 ) GLOBAL_UNCERTAINTY_ASSIGNED_CONTEXT ( ( #2129 ) ) GLOBAL_UNIT_ASSIGNED_CONTEXT ( ( #1790, #421, #2088 ) ) REPRESENTATION_CONTEXT ( 'NONE', 'WORKASPACE' ) );
#688 = VERTEX_POINT ( 'NONE', #3978 ) ;
#689 = EDGE_CURVE ( 'NONE', #1161, #4416, #1930, .T. ) ;
#690 = VECTOR ( 'NONE', #3134, 1.000000000000000000 ) ;
#691 = ORIENTED_EDGE ( 'NONE', *, *, #723, .F. ) ;
#692 = CARTESIAN_POINT ( 'NONE',  ( 0.003484548935050999809, -0.001304647171185999979, 0.001596175259468999696 ) ) ;
#694 = EDGE_CURVE ( 'NONE', #4051, #4110, #196, .T. ) ;
#693 = VECTOR ( 'NONE', #3860, 1.000000000000000000 ) ;
#695 = CARTESIAN_POINT ( 'NONE',  ( 0.0002999999999999999737, 0.000000000000000000, 0.001250000000000000026 ) ) ;
#696 = EDGE_LOOP ( 'NONE', ( #3188, #116, #1235, #2833 ) ) ;
#697 = ORIENTED_EDGE ( 'NONE', *, *, #3616, .T. ) ;
#698 = CARTESIAN_POINT ( 'NONE',  ( 0.0002999999999999999737, 0.004499999999999999660, 0.001899999999999999996 ) ) ;
#699 = CARTESIAN_POINT ( 'NONE',  ( 0.003449999999999999942, -0.003000000000000000062, -0.001000000000000000021 ) ) ;
#700 = EDGE_LOOP ( 'NONE', ( #2941, #2390, #1733, #2419 ) ) ;
#701 = CARTESIAN_POINT ( 'NONE',  ( 0.003759487639609000037, 0.001649999993756999950, -0.001404524143030999898 ) ) ;
#702 = ORIENTED_EDGE ( 'NONE', *, *, #2505, .T. ) ;
#703 = DIRECTION ( 'NONE',  ( -1.000000000000000000, 0.000000000000000000, 0.000000000000000000 ) ) ;
#704 = DIRECTION ( 'NONE',  ( -1.000000000000000000, 0.000000000000000000, -0.000000000000000000 ) ) ;
#705 = DIRECTION ( 'NONE',  ( -1.000000000000000000, 0.000000000000000000, 0.000000000000000000 ) ) ;
#706 = CARTESIAN_POINT ( 'NONE',  ( 0.0002999999999999999737, -0.001250000000000000243, 0.003000000000000000496 ) ) ;
#707 = CARTESIAN_POINT ( 'NONE',  ( 0.003449999999999999942, 0.003000000000000000062, 0.002700000000000000143 ) ) ;
#708 = SURFACE_SIDE_STYLE ('',( #1416 ) ) ;
#709 = CARTESIAN_POINT ( 'NONE',  ( 0.003759487639609000037, 0.001812088466267000163, 0.001404524147152999948 ) ) ;
#710 = LINE ( 'NONE', #3482, #4441 ) ;
#711 = ORIENTED_EDGE ( 'NONE', *, *, #755, .T. ) ;
#712 = ORIENTED_EDGE ( 'NONE', *, *, #542, .T. ) ;
#713 = CARTESIAN_POINT ( 'NONE',  ( 0.0007500000000000000156, -0.003000000000000000062, -0.002599999999999999881 ) ) ;
#714 = EDGE_CURVE ( 'NONE', #3169, #3173, #544, .T. ) ;
#715 = DIRECTION ( 'NONE',  ( 0.000000000000000000, 1.000000000000000000, 0.000000000000000000 ) ) ;
#716 = VECTOR ( 'NONE', #4347, 1.000000000000000000 ) ;
#717 = VERTEX_POINT ( 'NONE', #4341 ) ;
#718 = AXIS2_PLACEMENT_3D ( 'NONE', #3061, #4442, #704 ) ;
#719 = ORIENTED_EDGE ( 'NONE', *, *, #1198, .F. ) ;
#720 = CLOSED_SHELL ( 'NONE', ( #3688, #589, #3534, #597, #3691, #3491, #4482, #751, #3698, #1624, #508, #896, #3821, #4049, #2300, #2560, #1504, #3881, #3497, #1205, #3557, #807, #3315, #2822, #3101, #2385, #888, #3883, #4402, #1078, #1236, #1384, #1929, #682, #777, #2524, #2069, #3073, #1713, #2155, #620, #1696, #1498, #4278, #1576, #3013, #1281, #83, #300, #4103, #3913, #4019, #805, #22, #416, #2158, #3816, #4459, #2635, #2025, #2219, #391, #4100, #2658, #1539, #3969, #2734, #2004, #1109, #4328, #1143, #2610, #3092, #2873, #562, #2324, #3879, #2408, #4451, #2067, #833, #2640, #2967, #3766, #2694, #2134, #2304, #684, #384, #2374, #1986, #3316, #2404, #1387, #2821, #3991, #2797, #3729, #1257, #4481, #2471, #4427, #518, #4155, #280, #1048, #2871, #2098, #1975, #1020, #619, #1751, #3902, #1772, #3016, #3285, #3591, #3319, #4123, #1346, #229 ) ) ;
#721 = CARTESIAN_POINT ( 'NONE',  ( 0.006804188484295536909, 0.001679627412921683551, -1.942779328657170165E-05 ) ) ;
#722 = MECHANICAL_DESIGN_GEOMETRIC_PRESENTATION_REPRESENTATION (  '', ( #1164 ), #357 ) ;
#723 = EDGE_CURVE ( 'NONE', #2165, #673, #2618, .T. ) ;
#724 = STYLED_ITEM ( 'NONE', ( #663 ), #2404 ) ;
#725 = CONICAL_SURFACE ( 'NONE', #1087, 0.001749999999997697842, 0.02094395102412016998 ) ;
#726 = SURFACE_STYLE_FILL_AREA ( #2421 ) ;
#727 = VERTEX_POINT ( 'NONE', #2903 ) ;
#728 = CARTESIAN_POINT ( 'NONE',  ( 0.003759487639609000037, 0.001487911533733000035, -0.001404524147152999948 ) ) ;
#729 = DIRECTION ( 'NONE',  ( -0.000000000000000000, -0.000000000000000000, 1.000000000000000000 ) ) ;
#730 = ORIENTED_EDGE ( 'NONE', *, *, #3189, .T. ) ;
#731 = CARTESIAN_POINT ( 'NONE',  ( 0.003750000000000202390, -0.001749999835031732041, 0.001590646239419738839 ) ) ;
#732 =( LENGTH_UNIT ( ) NAMED_UNIT ( * ) SI_UNIT ( $, .METRE. ) );
#733 = AXIS2_PLACEMENT_3D ( 'NONE', #2022, #1295, #2040 ) ;
#734 = CIRCLE ( 'NONE', #1095, 5.000000000000002272E-05 ) ;
#735 = LINE ( 'NONE', #3503, #3059 ) ;
#736 = CARTESIAN_POINT ( 'NONE',  ( 0.0002999999999999999737, -0.004499999999999999660, -0.001899999999999999996 ) ) ;
#737 = VECTOR ( 'NONE', #2604, 1.000000000000000000 ) ;
#738 = DIRECTION ( 'NONE',  ( -1.000000000000000000, -0.000000000000000000, -0.000000000000000000 ) ) ;
#739 = CARTESIAN_POINT ( 'NONE',  ( 0.0002999999999999999737, -0.001250000000000000026, 0.001250000000000000026 ) ) ;
#740 = ORIENTED_EDGE ( 'NONE', *, *, #1533, .T. ) ;
#741 = SHAPE_DEFINITION_REPRESENTATION ( #479, #338 ) ;
#742 = VERTEX_POINT ( 'NONE', #1174 ) ;
#743 =( GEOMETRIC_REPRESENTATION_CONTEXT ( 3 ) GLOBAL_UNCERTAINTY_ASSIGNED_CONTEXT ( ( #2399 ) ) GLOBAL_UNIT_ASSIGNED_CONTEXT ( ( #3525, #761, #68 ) ) REPRESENTATION_CONTEXT ( 'NONE', 'WORKASPACE' ) );
#744 = CARTESIAN_POINT ( 'NONE',  ( 0.003759487639609000037, -0.001812088466267000163, 0.001895475852847000034 ) ) ;
#745 = VECTOR ( 'NONE', #4177, 1.000000000000000000 ) ;
#746 = EDGE_LOOP ( 'NONE', ( #2477, #3273 ) ) ;
#747 = ORIENTED_EDGE ( 'NONE', *, *, #1168, .F. ) ;
#748 = DIRECTION ( 'NONE',  ( -0.000000000000000000, 1.000000000000000000, 0.000000000000000000 ) ) ;
#749 = VECTOR ( 'NONE', #3956, 1.000000000000000000 ) ;
#750 = CARTESIAN_POINT ( 'NONE',  ( 0.006919384147009934385, -0.001716014338145076040, -0.003335029253403583045 ) ) ;
#751 = ADVANCED_FACE ( 'NONE', ( #2550 ), #1447, .T. ) ;
#752 = VERTEX_POINT ( 'NONE', #334 ) ;
#753 = LINE ( 'NONE', #2151, #1926 ) ;
#754 = LINE ( 'NONE', #1655, #353 ) ;
#755 = EDGE_CURVE ( 'NONE', #3008, #1798, #383, .T. ) ;
#756 = ORIENTED_EDGE ( 'NONE', *, *, #140, .F. ) ;
#757 = STYLED_ITEM ( 'NONE', ( #1261 ), #4100 ) ;
#758 = CARTESIAN_POINT ( 'NONE',  ( 0.000000000000000000, -0.004499999999999999660, -0.001899999999999999996 ) ) ;
#759 = DIRECTION ( 'NONE',  ( -0.000000000000000000, 1.000000000000000000, 0.000000000000000000 ) ) ;
#760 = VECTOR ( 'NONE', #1343, 1.000000000000000000 ) ;
#761 =( NAMED_UNIT ( * ) PLANE_ANGLE_UNIT ( ) SI_UNIT ( $, .RADIAN. ) );
#762 = CARTESIAN_POINT ( 'NONE',  ( 0.003449999999999999942, 0.001649999999999999991, -0.001649999999999999991 ) ) ;
#763 = CARTESIAN_POINT ( 'NONE',  ( 0.0002999999999999999737, 0.001250000000000000243, -0.003000000000000000496 ) ) ;
#764 = PLANE ( 'NONE',  #4264 ) ;
#765 = CARTESIAN_POINT ( 'NONE',  ( 0.003484548935050999809, 0.001419209514247999921, 0.001300477921776000117 ) ) ;
#766 = CARTESIAN_POINT ( 'NONE',  ( 0.003160000000000000048, 0.002700000000000000143, -0.003000000000000000062 ) ) ;
#767 = EDGE_LOOP ( 'NONE', ( #3195, #4234, #1887, #2243 ) ) ;
#768 =( NAMED_UNIT ( * ) PLANE_ANGLE_UNIT ( ) SI_UNIT ( $, .RADIAN. ) );
#769 = ORIENTED_EDGE ( 'NONE', *, *, #3362, .F. ) ;
#770 = ORIENTED_EDGE ( 'NONE', *, *, #3814, .T. ) ;
#771 = EDGE_LOOP ( 'NONE', ( #1645, #836, #4248, #4273 ) ) ;
#772 = CARTESIAN_POINT ( 'NONE',  ( 0.003749522019965000064, -0.001566460436141000039, 0.001663020008746999949 ) ) ;
#773 = VERTEX_POINT ( 'NONE', #3516 ) ;
#774 = LINE ( 'NONE', #1503, #612 ) ;
#775 = DIRECTION ( 'NONE',  ( 2.778776423477103498E-12, -4.444809344174472644E-12, -1.000000000000000000 ) ) ;
#776 = ORIENTED_EDGE ( 'NONE', *, *, #3584, .F. ) ;
#777 = ADVANCED_FACE ( 'NONE', ( #1039 ), #1653, .F. ) ;
#778 = DIRECTION ( 'NONE',  ( 1.000000000000000000, 0.000000000000000000, 0.000000000000000000 ) ) ;
#779 =( NAMED_UNIT ( * ) PLANE_ANGLE_UNIT ( ) SI_UNIT ( $, .RADIAN. ) );
#780 = DIRECTION ( 'NONE',  ( -0.9961946980918119365, -0.08715574274689891210, 0.000000000000000000 ) ) ;
#781 = FACE_OUTER_BOUND ( 'NONE', #2394, .T. ) ;
#782 = CARTESIAN_POINT ( 'NONE',  ( 0.0007500000000000000156, 0.003000000000000000062, -0.002599999999999999881 ) ) ;
#783 = ORIENTED_EDGE ( 'NONE', *, *, #418, .T. ) ;
#784 = CARTESIAN_POINT ( 'NONE',  ( 0.003645476736785999757, 0.002041752969387999970, -0.001829179676092000098 ) ) ;
#785 = ORIENTED_EDGE ( 'NONE', *, *, #4152, .F. ) ;
#786 = DIRECTION ( 'NONE',  ( 0.000000000000000000, -0.000000000000000000, -1.000000000000000000 ) ) ;
#787 = FACE_OUTER_BOUND ( 'NONE', #677, .T. ) ;
#788 = EDGE_LOOP ( 'NONE', ( #1400, #668, #552, #3070 ) ) ;
#789 = CARTESIAN_POINT ( 'NONE',  ( 0.003470160231246000124, -0.002700000000000000143, -0.002700000000000000143 ) ) ;
#790 = AXIS2_PLACEMENT_3D ( 'NONE', #2646, #3687, #2014 ) ;
#791 = VERTEX_POINT ( 'NONE', #35 ) ;
#792 = LINE ( 'NONE', #3541, #824 ) ;
#793 = ORIENTED_EDGE ( 'NONE', *, *, #1413, .F. ) ;
#794 = VECTOR ( 'NONE', #1273, 1.000000000000000000 ) ;
#795 = VECTOR ( 'NONE', #3749, 1.000000000000000000 ) ;
#796 = FACE_OUTER_BOUND ( 'NONE', #3856, .T. ) ;
#797 = CARTESIAN_POINT ( 'NONE',  ( 0.0008000000000000000383, -0.003000000000000000062, -0.001899999999999999779 ) ) ;
#798 = DIRECTION ( 'NONE',  ( -0.08715574274766391127, -0.9961946980917451011, 0.000000000000000000 ) ) ;
#799 = MECHANICAL_DESIGN_GEOMETRIC_PRESENTATION_REPRESENTATION (  '', ( #4420 ), #3484 ) ;
#800 = CARTESIAN_POINT ( 'NONE',  ( 0.003645476736785999757, 0.001412629545623000004, 0.001290512847605000029 ) ) ;
#801 = FILL_AREA_STYLE_COLOUR ( '', #1314 ) ;
#802 = EDGE_CURVE ( 'NONE', #3398, #4093, #1404, .T. ) ;
#803 = ORIENTED_EDGE ( 'NONE', *, *, #1627, .T. ) ;
#804 = ORIENTED_EDGE ( 'NONE', *, *, #4303, .F. ) ;
#805 = ADVANCED_FACE ( 'NONE', ( #3017 ), #4167, .F. ) ;
#806 = AXIS2_PLACEMENT_3D ( 'NONE', #86, #1816, #1476 ) ;
#807 = ADVANCED_FACE ( 'NONE', ( #4474 ), #2446, .T. ) ;
#808 = LINE ( 'NONE', #3915, #3051 ) ;
#809 = FACE_OUTER_BOUND ( 'NONE', #4032, .T. ) ;
#810 = EDGE_CURVE ( 'NONE', #3752, #1703, #1062, .T. ) ;
#811 =( NAMED_UNIT ( * ) PLANE_ANGLE_UNIT ( ) SI_UNIT ( $, .RADIAN. ) );
#812 = ORIENTED_EDGE ( 'NONE', *, *, #3074, .T. ) ;
#813 = CIRCLE ( 'NONE', #1833, 0.001679739767162402586 ) ;
#814 = VERTEX_POINT ( 'NONE', #676 ) ;
#815 = DIRECTION ( 'NONE',  ( 0.000000000000000000, 1.000000000000000000, 0.000000000000000000 ) ) ;
#816 = VECTOR ( 'NONE', #2948, 1.000000000000000000 ) ;
#817 = EDGE_LOOP ( 'NONE', ( #3944, #2966, #4216, #3093 ) ) ;
#818 = DIRECTION ( 'NONE',  ( -0.9961946980918119365, 0.08715574274689891210, 0.000000000000000000 ) ) ;
#819 = VERTEX_POINT ( 'NONE', #4065 ) ;
#820 = CARTESIAN_POINT ( 'NONE',  ( 0.000000000000000000, 0.000000000000000000, 0.000000000000000000 ) ) ;
#821 = VECTOR ( 'NONE', #1326, 1.000000000000000000 ) ;
#822 = SURFACE_STYLE_FILL_AREA ( #95 ) ;
#823 = DIRECTION ( 'NONE',  ( -0.000000000000000000, -0.000000000000000000, 1.000000000000000000 ) ) ;
#824 = VECTOR ( 'NONE', #1799, 1.000000000000000000 ) ;
#825 = DIRECTION ( 'NONE',  ( 0.000000000000000000, -0.000000000000000000, 1.000000000000000000 ) ) ;
#826 =( GEOMETRIC_REPRESENTATION_CONTEXT ( 3 ) GLOBAL_UNCERTAINTY_ASSIGNED_CONTEXT ( ( #1356 ) ) GLOBAL_UNIT_ASSIGNED_CONTEXT ( ( #2412, #768, #1031 ) ) REPRESENTATION_CONTEXT ( 'NONE', 'WORKASPACE' ) );
#827 = FILL_AREA_STYLE ('',( #4293 ) ) ;
#828 = FACE_BOUND ( 'NONE', #2784, .T. ) ;
#829 = ORIENTED_EDGE ( 'NONE', *, *, #329, .T. ) ;
#830 = CARTESIAN_POINT ( 'NONE',  ( 0.003759487639609000037, 0.001487911546218999683, -0.001895475861090999484 ) ) ;
#831 = ORIENTED_EDGE ( 'NONE', *, *, #3524, .T. ) ;
#832 = DIRECTION ( 'NONE',  ( 0.000000000000000000, -0.000000000000000000, 1.000000000000000000 ) ) ;
#833 = ADVANCED_FACE ( 'NONE', ( #3148 ), #2659, .F. ) ;
#834 = SURFACE_STYLE_FILL_AREA ( #4279 ) ;
#835 = ORIENTED_EDGE ( 'NONE', *, *, #2664, .T. ) ;
#836 = ORIENTED_EDGE ( 'NONE', *, *, #204, .F. ) ;
#837 = DIRECTION ( 'NONE',  ( 1.000000000000000000, 0.000000000000000000, 0.000000000000000000 ) ) ;
#838 = ORIENTED_EDGE ( 'NONE', *, *, #1648, .T. ) ;
#839 = LINE ( 'NONE', #2521, #2700 ) ;
#840 = ORIENTED_EDGE ( 'NONE', *, *, #2220, .F. ) ;
#841 = DIRECTION ( 'NONE',  ( -0.9961946980917451011, -0.08715574274766391127, 0.000000000000000000 ) ) ;
#842 = DIRECTION ( 'NONE',  ( -1.000000000000000000, -0.000000000000000000, -0.000000000000000000 ) ) ;
#843 = CARTESIAN_POINT ( 'NONE',  ( 0.003449999999999999942, 0.000000000000000000, 0.003000000000000000062 ) ) ;
#844 = AXIS2_PLACEMENT_3D ( 'NONE', #1586, #1237, #2611 ) ;
#845 = DIRECTION ( 'NONE',  ( 0.000000000000000000, 1.000000000000000000, 0.000000000000000000 ) ) ;
#846 = CARTESIAN_POINT ( 'NONE',  ( 0.0004000000000000000192, 0.003482339959128999841, 0.002599999999999999881 ) ) ;
#847 = AXIS2_PLACEMENT_3D ( 'NONE', #4351, #2861, #3267 ) ;
#848 = PLANE ( 'NONE',  #2673 ) ;
#849 = DIRECTION ( 'NONE',  ( 0.000000000000000000, -1.000000000000000000, 0.000000000000000000 ) ) ;
#850 = FILL_AREA_STYLE_COLOUR ( '', #2703 ) ;
#851 = CARTESIAN_POINT ( 'NONE',  ( 0.003449999999999999942, -0.003000000000000000062, 0.001000000000000000021 ) ) ;
#852 = CARTESIAN_POINT ( 'NONE',  ( 0.003645476736786000191, 0.002005199032486000045, -0.001594640667291999901 ) ) ;
#853 = EDGE_LOOP ( 'NONE', ( #1676, #2645, #526, #2712, #2852, #2516, #804, #2746, #691, #3657 ) ) ;
#854 = LINE ( 'NONE', #2234, #88 ) ;
#855 = CARTESIAN_POINT ( 'NONE',  ( 0.003759487639609000037, 0.001917508573304000036, 0.001772352884873000002 ) ) ;
#856 =( NAMED_UNIT ( * ) SI_UNIT ( $, .STERADIAN. ) SOLID_ANGLE_UNIT ( ) );
#857 = SURFACE_SIDE_STYLE ('',( #834 ) ) ;
#858 = ORIENTED_EDGE ( 'NONE', *, *, #1597, .T. ) ;
#859 = DIRECTION ( 'NONE',  ( -1.000000000000000000, 0.000000000000000000, 0.000000000000000000 ) ) ;
#860 = VERTEX_POINT ( 'NONE', #1554 ) ;
#861 = DIRECTION ( 'NONE',  ( 0.000000000000000000, 0.000000000000000000, 1.000000000000000000 ) ) ;
#862 = ORIENTED_EDGE ( 'NONE', *, *, #1827, .F. ) ;
#863 = CARTESIAN_POINT ( 'NONE',  ( 0.003449999999999999942, 0.000000000000000000, -0.001000000000000000021 ) ) ;
#864 = ORIENTED_EDGE ( 'NONE', *, *, #3249, .T. ) ;
#865 = CARTESIAN_POINT ( 'NONE',  ( 0.003749522019965000064, -0.001566460436141000039, -0.001636979991253000033 ) ) ;
#866 = EDGE_CURVE ( 'NONE', #1741, #717, #1208, .T. ) ;
#867 = CYLINDRICAL_SURFACE ( 'NONE', #1494, 0.0004000000000000000192 ) ;
#868 = LINE ( 'NONE', #170, #1324 ) ;
#869 = CIRCLE ( 'NONE', #289, 0.0003500000000000000507 ) ;
#870 = VECTOR ( 'NONE', #72, 1.000000000000000000 ) ;
#871 = VECTOR ( 'NONE', #1267, 1.000000000000000000 ) ;
#872 = DIRECTION ( 'NONE',  ( -0.000000000000000000, 1.000000000000000000, 0.000000000000000000 ) ) ;
#873 = CARTESIAN_POINT ( 'NONE',  ( 0.003449999999999999942, 0.002799999999999999972, -0.001000000000000000021 ) ) ;
#874 = AXIS2_PLACEMENT_3D ( 'NONE', #1149, #1852, #1466 ) ;
#875 = CARTESIAN_POINT ( 'NONE',  ( 0.007000000007018105860, -0.001584091423265923324, 0.0009527172874766407515 ) ) ;
#876 = LINE ( 'NONE', #3374, #3111 ) ;
#877 = ORIENTED_EDGE ( 'NONE', *, *, #2224, .T. ) ;
#878 = DIRECTION ( 'NONE',  ( 1.000000000000000000, 0.000000000000000000, 0.000000000000000000 ) ) ;
#879 = CARTESIAN_POINT ( 'NONE',  ( 0.003484548935050999809, 0.002030893469802000448, 0.001824212789832999754 ) ) ;
#880 = CARTESIAN_POINT ( 'NONE',  ( 0.000000000000000000, 0.001250000000000000026, -0.001250000000000000026 ) ) ;
#881 = CARTESIAN_POINT ( 'NONE',  ( 0.0002999999999999999737, -0.004499999999999999660, -0.002599999999999999881 ) ) ;
#882 = AXIS2_PLACEMENT_3D ( 'NONE', #3012, #2760, #936 ) ;
#883 = EDGE_LOOP ( 'NONE', ( #1964, #3095, #4330, #884 ) ) ;
#884 = ORIENTED_EDGE ( 'NONE', *, *, #3611, .F. ) ;
#885 = CARTESIAN_POINT ( 'NONE',  ( 0.003449999999986630428, 0.000000000000000000, 0.000000000000000000 ) ) ;
#886 = DIRECTION ( 'NONE',  ( 1.000000000000000000, 0.000000000000000000, -0.000000000000000000 ) ) ;
#887 = VERTEX_POINT ( 'NONE', #2920 ) ;
#888 = ADVANCED_FACE ( 'NONE', ( #1866 ), #2585, .T. ) ;
#889 = PRESENTATION_STYLE_ASSIGNMENT (( #4356 ) ) ;
#890 = ORIENTED_EDGE ( 'NONE', *, *, #4021, .T. ) ;
#891 = CARTESIAN_POINT ( 'NONE',  ( 0.003749522019965000064, -0.001733539564521000128, -0.001636979995502000056 ) ) ;
#892 = VECTOR ( 'NONE', #472, 1.000000000000000222 ) ;
#893 = EDGE_CURVE ( 'NONE', #3567, #1268, #482, .T. ) ;
#894 = EDGE_CURVE ( 'NONE', #4141, #1732, #3572, .T. ) ;
#895 = LINE ( 'NONE', #3976, #2401 ) ;
#896 = ADVANCED_FACE ( 'NONE', ( #3282 ), #1216, .T. ) ;
#897 = DIRECTION ( 'NONE',  ( -1.000000000000000000, 0.000000000000000000, 0.000000000000000000 ) ) ;
#898 = CIRCLE ( 'NONE', #2495, 0.0003500000000000000507 ) ;
#899 = LINE ( 'NONE', #4401, #1082 ) ;
#900 = SURFACE_SIDE_STYLE ('',( #4002 ) ) ;
#901 = AXIS2_PLACEMENT_3D ( 'NONE', #4419, #1990, #897 ) ;
#902 = DIRECTION ( 'NONE',  ( -1.000000000000000000, 1.239088197126290866E-15, 0.000000000000000000 ) ) ;
#903 = DIRECTION ( 'NONE',  ( 0.000000000000000000, 0.000000000000000000, -1.000000000000000000 ) ) ;
#904 = ORIENTED_EDGE ( 'NONE', *, *, #3281, .F. ) ;
#905 = AXIS2_PLACEMENT_3D ( 'NONE', #4073, #190, #1234 ) ;
#906 = DIRECTION ( 'NONE',  ( 1.000000000000000000, 0.000000000000000000, 0.000000000000000000 ) ) ;
#907 = CARTESIAN_POINT ( 'NONE',  ( 0.003759487639609000037, 0.001892547719628999902, 0.001612197882899999964 ) ) ;
#908 = DIRECTION ( 'NONE',  ( 0.000000000000000000, 0.000000000000000000, 1.000000000000000000 ) ) ;
#909 = LINE ( 'NONE', #2192, #368 ) ;
#910 = AXIS2_PLACEMENT_3D ( 'NONE', #2794, #3187, #324 ) ;
#911 = ORIENTED_EDGE ( 'NONE', *, *, #477, .T. ) ;
#912 = DIRECTION ( 'NONE',  ( 0.000000000000000000, 0.000000000000000000, -1.000000000000000000 ) ) ;
#913 = CYLINDRICAL_SURFACE ( 'NONE', #3341, 0.0002999999999999999195 ) ;
#914 =( BOUNDED_SURFACE ( )  B_SPLINE_SURFACE ( 3, 3, ( 
 ( #3910, #546, #2184, #4272, #4343, #2929, #4245 ),
 ( #1591, #2161, #3552, #2905, #1567, #875, #2254 ),
 ( #3958, #3576, #442, #1905, #2231, #1219, #3289 ),
 ( #4295, #3210, #4321, #468, #101, #1828, #3647 ) ),
 .UNSPECIFIED., .F., .F., .T. ) 
 B_SPLINE_SURFACE_WITH_KNOTS ( ( 4, 4 ),
 ( 4, 3, 4 ),
 ( 0.000000000000000000, 1.000000000000000000 ),
 ( 0.000000000000000000, 0.5000000000000000000, 1.000000000000000000 ),
 .UNSPECIFIED. ) 
 GEOMETRIC_REPRESENTATION_ITEM ( )  RATIONAL_B_SPLINE_SURFACE ( (
 ( 1.000000000000000000, 0.8047378540638027156, 0.8047378540638027156, 1.000000000000000000, 0.8047378540638027156, 0.8047378540638027156, 1.000000000000000000),
 ( 0.8096484392549729847, 0.6515547475521540344, 0.6515547475521540344, 0.8096484392549729847, 0.6515547475521540344, 0.6515547475521540344, 0.8096484392549729847),
 ( 0.8096484392549729847, 0.6515547475521540344, 0.6515547475521540344, 0.8096484392549729847, 0.6515547475521540344, 0.6515547475521540344, 0.8096484392549729847),
 ( 1.000000000000000000, 0.8047378540638027156, 0.8047378540638027156, 1.000000000000000000, 0.8047378540638027156, 0.8047378540638027156, 1.000000000000000000) ) ) 
 REPRESENTATION_ITEM ( '' )  SURFACE ( )  );
#915 = DIRECTION ( 'NONE',  ( -0.06180425979330483877, 0.9980882894170243214, -2.785965902405985420E-12 ) ) ;
#916 = ORIENTED_EDGE ( 'NONE', *, *, #2093, .T. ) ;
#917 = EDGE_LOOP ( 'NONE', ( #1505, #2171, #3212, #2597 ) ) ;
#918 = CARTESIAN_POINT ( 'NONE',  ( 0.0003651377029010569909, 0.003083862079891985970, 0.002599999999999999881 ) ) ;
#919 = FILL_AREA_STYLE_COLOUR ( '', #4083 ) ;
#920 = FACE_BOUND ( 'NONE', #3561, .T. ) ;
#921 = EDGE_CURVE ( 'NONE', #294, #2653, #895, .T. ) ;
#922 = DIRECTION ( 'NONE',  ( -1.000000000000000000, 0.000000000000000000, 0.000000000000000000 ) ) ;
#923 = CARTESIAN_POINT ( 'NONE',  ( 0.000000000000000000, 0.002700000000000000143, -0.003000000000000000062 ) ) ;
#924 = DIRECTION ( 'NONE',  ( -1.000000000000000000, 0.000000000000000000, -0.000000000000000000 ) ) ;
#925 = VERTEX_POINT ( 'NONE', #1948 ) ;
#926 = FACE_OUTER_BOUND ( 'NONE', #397, .T. ) ;
#927 = CARTESIAN_POINT ( 'NONE',  ( 0.003449999999999999942, -0.001649999999999999991, 0.001649999999999999991 ) ) ;
#928 = LINE ( 'NONE', #4109, #760 ) ;
#929 = ORIENTED_EDGE ( 'NONE', *, *, #2436, .F. ) ;
#930 = EDGE_CURVE ( 'NONE', #679, #4332, #1587, .T. ) ;
#931 = DIRECTION ( 'NONE',  ( 1.000000000000000000, -0.000000000000000000, 0.000000000000000000 ) ) ;
#932 = ORIENTED_EDGE ( 'NONE', *, *, #694, .F. ) ;
#933 = ORIENTED_EDGE ( 'NONE', *, *, #894, .T. ) ;
#934 = LINE ( 'NONE', #1678, #3635 ) ;
#935 = PLANE ( 'NONE',  #675 ) ;
#936 = DIRECTION ( 'NONE',  ( 0.000000000000000000, 0.000000000000000000, 1.000000000000000000 ) ) ;
#937 = FILL_AREA_STYLE_COLOUR ( '', #1966 ) ;
#938 = VECTOR ( 'NONE', #122, 1.000000000000000000 ) ;
#939 = VECTOR ( 'NONE', #729, 1.000000000000000000 ) ;
#940 = DIRECTION ( 'NONE',  ( 0.000000000000000000, -0.000000000000000000, 1.000000000000000000 ) ) ;
#941 = ORIENTED_EDGE ( 'NONE', *, *, #3997, .T. ) ;
#942 = STYLED_ITEM ( 'NONE', ( #3755 ), #2025 ) ;
#943 = MECHANICAL_DESIGN_GEOMETRIC_PRESENTATION_REPRESENTATION (  '', ( #650 ), #1456 ) ;
#944 = EDGE_CURVE ( 'NONE', #1558, #4430, #1185, .T. ) ;
#945 = LINE ( 'NONE', #1005, #551 ) ;
#946 = EDGE_CURVE ( 'NONE', #4430, #3081, #4139, .T. ) ;
#947 = ORIENTED_EDGE ( 'NONE', *, *, #1604, .F. ) ;
#948 = EDGE_CURVE ( 'NONE', #476, #1222, #512, .T. ) ;
#949 = DIRECTION ( 'NONE',  ( -1.000000000000000000, 0.000000000000000000, 0.000000000000000000 ) ) ;
#950 = CIRCLE ( 'NONE', #2322, 5.000000000000002272E-05 ) ;
#951 = DIRECTION ( 'NONE',  ( 0.000000000000000000, 0.000000000000000000, 1.000000000000000000 ) ) ;
#952 = ORIENTED_EDGE ( 'NONE', *, *, #4385, .T. ) ;
#953 = ORIENTED_EDGE ( 'NONE', *, *, #1025, .T. ) ;
#954 = VECTOR ( 'NONE', #2564, 1.000000000000000000 ) ;
#955 = DIRECTION ( 'NONE',  ( -0.06180425979379255974, -0.9980882894169940123, -1.750335987251946283E-12 ) ) ;
#956 = CARTESIAN_POINT ( 'NONE',  ( 0.003484548935050999809, -0.001650000008888999987, -0.001300477927645999916 ) ) ;
#957 = CARTESIAN_POINT ( 'NONE',  ( 0.003449999999999999942, -0.001649999999999999991, -0.001649999999999999991 ) ) ;
#958 = VECTOR ( 'NONE', #3040, 1.000000000000000000 ) ;
#959 = CARTESIAN_POINT ( 'NONE',  ( 0.000000000000000000, 0.003000000000000000062, 0.003000000000000000062 ) ) ;
#960 = PRESENTATION_STYLE_ASSIGNMENT (( #1299 ) ) ;
#961 = VECTOR ( 'NONE', #2573, 1.000000000000000000 ) ;
#962 = LINE ( 'NONE', #1303, #224 ) ;
#963 = DIRECTION ( 'NONE',  ( 0.000000000000000000, -1.000000000000000000, -0.000000000000000000 ) ) ;
#964 = PRESENTATION_LAYER_ASSIGNMENT (  '', '', ( #463 ) ) ;
#965 = EDGE_CURVE ( 'NONE', #501, #294, #1899, .T. ) ;
#966 = CARTESIAN_POINT ( 'NONE',  ( 0.000000000000000000, 0.003000000000000000062, -0.002700000000000000143 ) ) ;
#967 = ORIENTED_EDGE ( 'NONE', *, *, #3157, .T. ) ;
#968 = CARTESIAN_POINT ( 'NONE',  ( 0.003750000000000289994, -0.001749999851530383661, 0.001649999999999966381 ) ) ;
#969 = FILL_AREA_STYLE ('',( #1230 ) ) ;
#970 = EDGE_CURVE ( 'NONE', #1222, #351, #868, .T. ) ;
#971 = STYLED_ITEM ( 'NONE', ( #149 ), #3688 ) ;
#972 = LINE ( 'NONE', #3633, #2463 ) ;
#973 = ORIENTED_EDGE ( 'NONE', *, *, #3461, .F. ) ;
#974 = VERTEX_POINT ( 'NONE', #3641 ) ;
#975 = CARTESIAN_POINT ( 'NONE',  ( 0.003500000000000000073, 0.001649999999999999991, 0.002000000000000000042 ) ) ;
#976 = CARTESIAN_POINT ( 'NONE',  ( 0.003645476736785999757, -0.001412629545623000004, -0.001290512847605000029 ) ) ;
#977 = FACE_OUTER_BOUND ( 'NONE', #160, .T. ) ;
#978 = EDGE_CURVE ( 'NONE', #3025, #814, #1628, .T. ) ;
#979 = CARTESIAN_POINT ( 'NONE',  ( 0.0007805045099615573641, -0.003348668144332067088, -0.001899999999999999996 ) ) ;
#980 = CARTESIAN_POINT ( 'NONE',  ( 0.0003000000000000000279, -0.003482339959128999841, -0.002599999999999999881 ) ) ;
#981 = DIRECTION ( 'NONE',  ( 0.000000000000000000, -0.000000000000000000, 1.000000000000000000 ) ) ;
#982 = DIRECTION ( 'NONE',  ( -0.000000000000000000, 1.000000000000000000, 0.000000000000000000 ) ) ;
#983 = CARTESIAN_POINT ( 'NONE',  ( 0.003470160231246000124, -0.002700000000000000143, 0.003000000000000000062 ) ) ;
#984 = CARTESIAN_POINT ( 'NONE',  ( 0.003750000000000296065, 0.001550000148470306524, -0.001650000000000047913 ) ) ;
#985 =( GEOMETRIC_REPRESENTATION_CONTEXT ( 3 ) GLOBAL_UNCERTAINTY_ASSIGNED_CONTEXT ( ( #3175 ) ) GLOBAL_UNIT_ASSIGNED_CONTEXT ( ( #2081, #2742, #4461 ) ) REPRESENTATION_CONTEXT ( 'NONE', 'WORKASPACE' ) );
#986 = LINE ( 'NONE', #2365, #1262 ) ;
#987 = ORIENTED_EDGE ( 'NONE', *, *, #4181, .T. ) ;
#988 = CARTESIAN_POINT ( 'NONE',  ( 0.003160000000000000048, 0.001000000000000000021, 0.002799999999999999972 ) ) ;
#989 = VERTEX_POINT ( 'NONE', #2270 ) ;
#990 = ORIENTED_EDGE ( 'NONE', *, *, #998, .F. ) ;
#991 = ORIENTED_EDGE ( 'NONE', *, *, #1444, .T. ) ;
#992 = CARTESIAN_POINT ( 'NONE',  ( 0.000000000000000000, -0.002700000000000000143, -0.003000000000000000062 ) ) ;
#993 = ORIENTED_EDGE ( 'NONE', *, *, #1332, .T. ) ;
#994 = DIRECTION ( 'NONE',  ( 0.000000000000000000, 0.000000000000000000, -1.000000000000000000 ) ) ;
#995 = EDGE_CURVE ( 'NONE', #1434, #3703, #1068, .T. ) ;
#996 = UNCERTAINTY_MEASURE_WITH_UNIT (LENGTH_MEASURE( 1.000000000000000082E-05 ), #1766, 'distance_accuracy_value', 'NONE');
#997 = EDGE_CURVE ( 'NONE', #1318, #1056, #2108, .T. ) ;
#998 = EDGE_CURVE ( 'NONE', #3946, #3654, #3927, .T. ) ;
#999 = CARTESIAN_POINT ( 'NONE',  ( 0.0004000000000000000192, 0.003482339959128999841, 0.001899999999999999779 ) ) ;
#1000 = LINE ( 'NONE', #3825, #939 ) ;
#1001 = DIRECTION ( 'NONE',  ( -0.9961946980918120476, -0.08715574274689893985, 0.000000000000000000 ) ) ;
#1002 = SURFACE_STYLE_USAGE ( .BOTH. , #708 ) ;
#1003 =( GEOMETRIC_REPRESENTATION_CONTEXT ( 3 ) GLOBAL_UNCERTAINTY_ASSIGNED_CONTEXT ( ( #3542 ) ) GLOBAL_UNIT_ASSIGNED_CONTEXT ( ( #1305, #199, #2323 ) ) REPRESENTATION_CONTEXT ( 'NONE', 'WORKASPACE' ) );
#1004 = VECTOR ( 'NONE', #825, 1.000000000000000000 ) ;
#1005 = CARTESIAN_POINT ( 'NONE',  ( 0.003160000000000000048, -0.003000000000000000062, -0.003000000000000000062 ) ) ;
#1006 = ORIENTED_EDGE ( 'NONE', *, *, #666, .T. ) ;
#1007 =( LENGTH_UNIT ( ) NAMED_UNIT ( * ) SI_UNIT ( $, .METRE. ) );
#1008 = ORIENTED_EDGE ( 'NONE', *, *, #3642, .F. ) ;
#1009 = CIRCLE ( 'NONE', #1453, 0.0002999999999999999195 ) ;
#1010 = CYLINDRICAL_SURFACE ( 'NONE', #1241, 5.000000000000002272E-05 ) ;
#1011 = EDGE_LOOP ( 'NONE', ( #4336, #2208, #3320, #3276 ) ) ;
#1012 = ORIENTED_EDGE ( 'NONE', *, *, #3558, .T. ) ;
#1013 = LINE ( 'NONE', #1987, #156 ) ;
#1014 = VECTOR ( 'NONE', #3858, 1.000000000000000000 ) ;
#1015 = EDGE_CURVE ( 'NONE', #4102, #1151, #1023, .T. ) ;
#1016 = ORIENTED_EDGE ( 'NONE', *, *, #328, .T. ) ;
#1017 = CARTESIAN_POINT ( 'NONE',  ( 0.003484548935050999809, 0.001269106521336000075, -0.001475787229541000029 ) ) ;
#1018 = AXIS2_PLACEMENT_3D ( 'NONE', #3718, #1579, #1600 ) ;
#1019 = ORIENTED_EDGE ( 'NONE', *, *, #2046, .F. ) ;
#1020 = ADVANCED_FACE ( 'NONE', ( #3084 ), #3784, .T. ) ;
#1021 = CYLINDRICAL_SURFACE ( 'NONE', #4344, 0.0002999999999999999195 ) ;
#1022 = EDGE_CURVE ( 'NONE', #1190, #1570, #2764, .T. ) ;
#1023 = LINE ( 'NONE', #1383, #4 ) ;
#1024 = CARTESIAN_POINT ( 'NONE',  ( 0.000000000000000000, 0.000000000000000000, -0.002599999999999999881 ) ) ;
#1025 = EDGE_CURVE ( 'NONE', #3177, #111, #813, .T. ) ;
#1026 = CYLINDRICAL_SURFACE ( 'NONE', #3005, 5.000000000000002272E-05 ) ;
#1027 = DIRECTION ( 'NONE',  ( 0.000000000000000000, 0.000000000000000000, 1.000000000000000000 ) ) ;
#1028 = AXIS2_PLACEMENT_3D ( 'NONE', #680, #1724, #3109 ) ;
#1029 = DIRECTION ( 'NONE',  ( 0.000000000000000000, 0.000000000000000000, -1.000000000000000000 ) ) ;
#1030 = ORIENTED_EDGE ( 'NONE', *, *, #3642, .T. ) ;
#1031 =( NAMED_UNIT ( * ) SI_UNIT ( $, .STERADIAN. ) SOLID_ANGLE_UNIT ( ) );
#1032 = CIRCLE ( 'NONE', #1561, 0.0003499999999999999964 ) ;
#1033 = DIRECTION ( 'NONE',  ( 0.000000000000000000, 0.000000000000000000, -1.000000000000000000 ) ) ;
#1034 = VECTOR ( 'NONE', #3441, 1.000000000000000000 ) ;
#1035 = VERTEX_POINT ( 'NONE', #3569 ) ;
#1036 = ORIENTED_EDGE ( 'NONE', *, *, #965, .F. ) ;
#1037 = CARTESIAN_POINT ( 'NONE',  ( 0.003645476736786000191, -0.001294800967513999937, 0.001705359332708000081 ) ) ;
#1038 = VECTOR ( 'NONE', #1720, 1.000000000000000000 ) ;
#1039 = FACE_OUTER_BOUND ( 'NONE', #2281, .T. ) ;
#1040 = VERTEX_POINT ( 'NONE', #3156 ) ;
#1041 = CARTESIAN_POINT ( 'NONE',  ( 0.000000000000000000, 0.001000000000000000021, -0.003000000000000000062 ) ) ;
#1042 = UNCERTAINTY_MEASURE_WITH_UNIT (LENGTH_MEASURE( 1.000000000000000082E-05 ), #3085, 'distance_accuracy_value', 'NONE');
#1043 = VERTEX_POINT ( 'NONE', #3955 ) ;
#1044 = CARTESIAN_POINT ( 'NONE',  ( 0.003749999999999567481, -0.001707799060677068050, 0.001550000163498129260 ) ) ;
#1045 = CARTESIAN_POINT ( 'NONE',  ( 0.0003912844257251999825, 0.003382720489318999900, -0.001899999999999999996 ) ) ;
#1046 = CARTESIAN_POINT ( 'NONE',  ( 0.003449999999999999942, 0.000000000000000000, 0.003000000000000000062 ) ) ;
#1047 = CARTESIAN_POINT ( 'NONE',  ( 0.000000000000000000, -0.001250000000000000026, 0.001250000000000000026 ) ) ;
#1048 = ADVANCED_FACE ( 'NONE', ( #3619 ), #2872, .T. ) ;
#1049 = DIRECTION ( 'NONE',  ( -1.000000000000000000, -0.000000000000000000, -0.000000000000000000 ) ) ;
#1050 = LINE ( 'NONE', #2813, #2456 ) ;
#1051 = CARTESIAN_POINT ( 'NONE',  ( 0.003484548935050999809, 0.001304647171185999979, 0.001703824740531000069 ) ) ;
#1052 = PRESENTATION_STYLE_ASSIGNMENT (( #1853 ) ) ;
#1053 = CARTESIAN_POINT ( 'NONE',  ( 0.000000000000000000, 0.002700000000000000143, 0.003000000000000000062 ) ) ;
#1054 = ORIENTED_EDGE ( 'NONE', *, *, #423, .F. ) ;
#1055 = PRESENTATION_STYLE_ASSIGNMENT (( #2512 ) ) ;
#1056 = VERTEX_POINT ( 'NONE', #2227 ) ;
#1057 = EDGE_CURVE ( 'NONE', #90, #3670, #2551, .T. ) ;
#1058 = CIRCLE ( 'NONE', #3605, 0.0002999999999999999195 ) ;
#1059 = ORIENTED_EDGE ( 'NONE', *, *, #3308, .T. ) ;
#1060 = EDGE_LOOP ( 'NONE', ( #616, #1088, #1769, #2488 ) ) ;
#1061 = CARTESIAN_POINT ( 'NONE',  ( 0.003759487639609000037, -0.001407452282292999965, 0.001687802129436999929 ) ) ;
#1062 = LINE ( 'NONE', #3822, #2335 ) ;
#1063 = ORIENTED_EDGE ( 'NONE', *, *, #236, .F. ) ;
#1064 = LINE ( 'NONE', #2448, #1038 ) ;
#1065 = ORIENTED_EDGE ( 'NONE', *, *, #2027, .T. ) ;
#1066 = DIRECTION ( 'NONE',  ( 0.000000000000000000, 0.000000000000000000, 1.000000000000000000 ) ) ;
#1067 = DIRECTION ( 'NONE',  ( 0.000000000000000000, 0.000000000000000000, -1.000000000000000000 ) ) ;
#1068 = LINE ( 'NONE', #3833, #2330 ) ;
#1069 = DIRECTION ( 'NONE',  ( 0.000000000000000000, 0.000000000000000000, -1.000000000000000000 ) ) ;
#1070 = CARTESIAN_POINT ( 'NONE',  ( 0.003500000000000002675, -0.001999999999999972720, 0.001650000000000141588 ) ) ;
#1071 = CARTESIAN_POINT ( 'NONE',  ( 0.000000000000000000, -0.003000000000000000062, 0.001250000000000000026 ) ) ;
#1072 = DIRECTION ( 'NONE',  ( -0.000000000000000000, -0.000000000000000000, 1.000000000000000000 ) ) ;
#1073 = DIRECTION ( 'NONE',  ( 0.000000000000000000, 0.000000000000000000, 1.000000000000000000 ) ) ;
#1074 = EDGE_LOOP ( 'NONE', ( #1290, #3877, #1520, #3052 ) ) ;
#1075 = APPLICATION_PROTOCOL_DEFINITION ( 'draft international standard', 'automotive_design', 1998, #1224 ) ;
#1076 = DIRECTION ( 'NONE',  ( 1.000000000000000000, 0.000000000000000000, 0.000000000000000000 ) ) ;
#1077 = EDGE_CURVE ( 'NONE', #1318, #3103, #2190, .T. ) ;
#1078 = ADVANCED_FACE ( 'NONE', ( #4196 ), #141, .F. ) ;
#1079 = EDGE_CURVE ( 'NONE', #727, #1719, #4291, .T. ) ;
#1080 = COLOUR_RGB ( '',0.2980392156862745057, 0.2980392156862745057, 0.2980392156862745057 ) ;
#1081 = VERTEX_POINT ( 'NONE', #3254 ) ;
#1082 = VECTOR ( 'NONE', #1927, 1.000000000000000000 ) ;
#1083 = ORIENTED_EDGE ( 'NONE', *, *, #3585, .T. ) ;
#1084 = STYLED_ITEM ( 'NONE', ( #1983 ), #391 ) ;
#1085 = FACE_OUTER_BOUND ( 'NONE', #4415, .T. ) ;
#1086 = EDGE_CURVE ( 'NONE', #1121, #2908, #2547, .T. ) ;
#1087 = AXIS2_PLACEMENT_3D ( 'NONE', #2578, #2258, #1911 ) ;
#1088 = ORIENTED_EDGE ( 'NONE', *, *, #2066, .T. ) ;
#1089 = LINE ( 'NONE', #2474, #4377 ) ;
#1090 = DIRECTION ( 'NONE',  ( 0.000000000000000000, 0.000000000000000000, 1.000000000000000000 ) ) ;
#1091 = EDGE_LOOP ( 'NONE', ( #1452, #1449, #1251, #3076 ) ) ;
#1092 = LINE ( 'NONE', #3500, #78 ) ;
#1093 = PLANE ( 'NONE',  #1946 ) ;
#1094 = CIRCLE ( 'NONE', #1902, 0.0002999999999999999195 ) ;
#1095 = AXIS2_PLACEMENT_3D ( 'NONE', #2450, #3827, #3420 ) ;
#1096 = SURFACE_STYLE_USAGE ( .BOTH. , #1124 ) ;
#1097 = DIRECTION ( 'NONE',  ( -1.000000000000000000, 0.000000000000000000, 0.000000000000000000 ) ) ;
#1098 = CARTESIAN_POINT ( 'NONE',  ( 0.0003912844257251999825, -0.003382720489318999900, 0.001899999999999999996 ) ) ;
#1099 = CARTESIAN_POINT ( 'NONE',  ( 0.003449999999999999942, 0.000000000000000000, -0.002799999999999999972 ) ) ;
#1100 = CARTESIAN_POINT ( 'NONE',  ( 0.001100000000000000066, 0.003000000000000000062, -0.003000000000000000062 ) ) ;
#1101 = PLANE ( 'NONE',  #298 ) ;
#1102 = DIRECTION ( 'NONE',  ( -0.000000000000000000, -0.000000000000000000, 1.000000000000000000 ) ) ;
#1103 = ORIENTED_EDGE ( 'NONE', *, *, #481, .F. ) ;
#1104 = FACE_OUTER_BOUND ( 'NONE', #2492, .T. ) ;
#1105 = DIRECTION ( 'NONE',  ( 0.000000000000000000, -0.000000000000000000, 1.000000000000000000 ) ) ;
#1106 = ORIENTED_EDGE ( 'NONE', *, *, #1229, .T. ) ;
#1107 = AXIS2_PLACEMENT_3D ( 'NONE', #3664, #2927, #1260 ) ;
#1108 = DIRECTION ( 'NONE',  ( -1.000000000000000000, 0.000000000000000000, 0.000000000000000000 ) ) ;
#1109 = ADVANCED_FACE ( 'NONE', ( #796 ), #2506, .F. ) ;
#1110 = VERTEX_POINT ( 'NONE', #2156 ) ;
#1111 = DIRECTION ( 'NONE',  ( 0.000000000000000000, 1.000000000000000000, 0.000000000000000000 ) ) ;
#1112 = AXIS2_PLACEMENT_3D ( 'NONE', #1692, #4071, #2325 ) ;
#1113 = ORIENTED_EDGE ( 'NONE', *, *, #1506, .T. ) ;
#1114 = DIRECTION ( 'NONE',  ( 1.000000000000000000, 0.000000000000000000, -0.000000000000000000 ) ) ;
#1115 = EDGE_CURVE ( 'NONE', #3458, #3852, #454, .T. ) ;
#1116 = AXIS2_PLACEMENT_3D ( 'NONE', #762, #2453, #3434 ) ;
#1117 = DIRECTION ( 'NONE',  ( 0.000000000000000000, 1.000000000000000000, 0.000000000000000000 ) ) ;
#1118 = ORIENTED_EDGE ( 'NONE', *, *, #2352, .T. ) ;
#1119 = DIRECTION ( 'NONE',  ( 0.000000000000000000, 0.000000000000000000, -1.000000000000000000 ) ) ;
#1120 = CARTESIAN_POINT ( 'NONE',  ( 0.003449999999999999942, 0.000000000000000000, 0.001000000000000000021 ) ) ;
#1121 = VERTEX_POINT ( 'NONE', #1144 ) ;
#1122 = SURFACE_STYLE_USAGE ( .BOTH. , #3859 ) ;
#1123 = AXIS2_PLACEMENT_3D ( 'NONE', #2705, #4372, #644 ) ;
#1124 = SURFACE_SIDE_STYLE ('',( #822 ) ) ;
#1125 =( NAMED_UNIT ( * ) SI_UNIT ( $, .STERADIAN. ) SOLID_ANGLE_UNIT ( ) );
#1126 =( NAMED_UNIT ( * ) SI_UNIT ( $, .STERADIAN. ) SOLID_ANGLE_UNIT ( ) );
#1127 = CARTESIAN_POINT ( 'NONE',  ( 0.0007543577871373724139, -0.003049809734904795552, 0.001899999999999999779 ) ) ;
#1128 = ORIENTED_EDGE ( 'NONE', *, *, #1870, .T. ) ;
#1129 = DIRECTION ( 'NONE',  ( 0.000000000000000000, 0.000000000000000000, 1.000000000000000000 ) ) ;
#1130 = CARTESIAN_POINT ( 'NONE',  ( 0.003484548935050999809, 0.001880790503530999904, -0.001999522066484999902 ) ) ;
#1131 = VERTEX_POINT ( 'NONE', #2525 ) ;
#1132 = PLANE ( 'NONE',  #2393 ) ;
#1133 = DIRECTION ( 'NONE',  ( 0.000000000000000000, 0.000000000000000000, -1.000000000000000000 ) ) ;
#1134 = VERTEX_POINT ( 'NONE', #3900 ) ;
#1135 = ORIENTED_EDGE ( 'NONE', *, *, #2194, .F. ) ;
#1136 = CARTESIAN_POINT ( 'NONE',  ( 0.003484548935050999809, -0.001880790485752000061, 0.001300477921776000117 ) ) ;
#1137 = STYLED_ITEM ( 'NONE', ( #1142 ), #2734 ) ;
#1138 = CARTESIAN_POINT ( 'NONE',  ( 0.000000000000000000, 0.001250000000000000026, -0.001250000000000000026 ) ) ;
#1139 = ORIENTED_EDGE ( 'NONE', *, *, #3967, .F. ) ;
#1140 = DIRECTION ( 'NONE',  ( 1.000000000000000000, 0.000000000000000000, -0.000000000000000000 ) ) ;
#1141 = ORIENTED_EDGE ( 'NONE', *, *, #1957, .T. ) ;
#1142 = PRESENTATION_STYLE_ASSIGNMENT (( #1122 ) ) ;
#1143 = ADVANCED_FACE ( 'NONE', ( #1510 ), #3929, .F. ) ;
#1144 = CARTESIAN_POINT ( 'NONE',  ( 0.003150000000000000022, -0.003000000000000000062, 0.002700000000000000143 ) ) ;
#1145 = EDGE_CURVE ( 'NONE', #1110, #1984, #3940, .T. ) ;
#1146 = DIRECTION ( 'NONE',  ( 0.000000000000000000, 0.000000000000000000, -1.000000000000000000 ) ) ;
#1147 = EDGE_CURVE ( 'NONE', #791, #1747, #536, .T. ) ;
#1148 = LINE ( 'NONE', #1875, #3473 ) ;
#1149 = CARTESIAN_POINT ( 'NONE',  ( 0.000000000000000000, -0.004499999999999999660, -0.002599999999999999881 ) ) ;
#1150 = DIRECTION ( 'NONE',  ( -1.000000000000000000, -0.000000000000000000, -0.000000000000000000 ) ) ;
#1151 = VERTEX_POINT ( 'NONE', #4249 ) ;
#1152 = ORIENTED_EDGE ( 'NONE', *, *, #4320, .T. ) ;
#1153 = DIRECTION ( 'NONE',  ( 0.000000000000000000, 0.000000000000000000, -1.000000000000000000 ) ) ;
#1154 = LINE ( 'NONE', #881, #1428 ) ;
#1155 = ORIENTED_EDGE ( 'NONE', *, *, #2953, .T. ) ;
#1156 = VERTEX_POINT ( 'NONE', #79 ) ;
#1157 = CARTESIAN_POINT ( 'NONE',  ( 0.000000000000000000, 0.000000000000000000, -0.002599999999999999881 ) ) ;
#1158 = VECTOR ( 'NONE', #2527, 1.000000000000000000 ) ;
#1159 = AXIS2_PLACEMENT_3D ( 'NONE', #2012, #2030, #407 ) ;
#1160 = CARTESIAN_POINT ( 'NONE',  ( 0.003759487639609000037, 0.001487911533733000035, 0.001895475852847000034 ) ) ;
#1161 = VERTEX_POINT ( 'NONE', #2932 ) ;
#1162 = DIRECTION ( 'NONE',  ( -0.9961946980917451011, 0.08715574274766391127, 0.000000000000000000 ) ) ;
#1163 = ORIENTED_EDGE ( 'NONE', *, *, #1079, .T. ) ;
#1164 = STYLED_ITEM ( 'NONE', ( #1643 ), #2004 ) ;
#1165 = DIRECTION ( 'NONE',  ( -1.000000000000000000, 0.000000000000000000, 0.000000000000000000 ) ) ;
#1166 = CIRCLE ( 'NONE', #587, 0.0003500000000000000507 ) ;
#1167 = CARTESIAN_POINT ( 'NONE',  ( 0.0002999999999999999737, 0.000000000000000000, 0.000000000000000000 ) ) ;
#1168 = EDGE_CURVE ( 'NONE', #3007, #77, #808, .T. ) ;
#1169 = DIRECTION ( 'NONE',  ( 0.000000000000000000, 0.000000000000000000, -1.000000000000000000 ) ) ;
#1170 = VECTOR ( 'NONE', #1337, 1.000000000000000000 ) ;
#1171 = FACE_OUTER_BOUND ( 'NONE', #1470, .T. ) ;
#1172 = EDGE_CURVE ( 'NONE', #1081, #727, #4211, .T. ) ;
#1173 = CIRCLE ( 'NONE', #2178, 5.000000000000002272E-05 ) ;
#1174 = CARTESIAN_POINT ( 'NONE',  ( 0.003449999999999999942, -0.003000000000000000496, 0.001000000000000000021 ) ) ;
#1175 = FACE_BOUND ( 'NONE', #1711, .T. ) ;
#1176 = ORIENTED_EDGE ( 'NONE', *, *, #4001, .F. ) ;
#1177 = CARTESIAN_POINT ( 'NONE',  ( 0.003759487639609000037, 0.001382491426695999946, -0.001772352884873000002 ) ) ;
#1178 = EDGE_CURVE ( 'NONE', #220, #3171, #1516, .T. ) ;
#1179 = ORIENTED_EDGE ( 'NONE', *, *, #2445, .F. ) ;
#1180 = AXIS2_PLACEMENT_3D ( 'NONE', #2787, #4174, #1067 ) ;
#1181 =( LENGTH_UNIT ( ) NAMED_UNIT ( * ) SI_UNIT ( $, .METRE. ) );
#1182 = CARTESIAN_POINT ( 'NONE',  ( 0.003484548935050999809, 0.001649999991110999995, 0.001999522072354000066 ) ) ;
#1183 = LINE ( 'NONE', #4329, #2468 ) ;
#1184 = EDGE_LOOP ( 'NONE', ( #1113, #840, #114, #3762, #3047, #3686, #331, #2196 ) ) ;
#1185 = CIRCLE ( 'NONE', #2754, 0.0002500000000010099937 ) ;
#1186 = ORIENTED_EDGE ( 'NONE', *, *, #2553, .F. ) ;
#1187 = CARTESIAN_POINT ( 'NONE',  ( 0.0002999999999999999737, -0.004499999999999999660, -0.002599999999999999881 ) ) ;
#1188 = ORIENTED_EDGE ( 'NONE', *, *, #2763, .T. ) ;
#1189 = DIRECTION ( 'NONE',  ( -1.000000000000000000, 0.000000000000000000, 0.000000000000000000 ) ) ;
#1190 = VERTEX_POINT ( 'NONE', #3239 ) ;
#1191 = DIRECTION ( 'NONE',  ( -0.08715574274766391127, 0.9961946980917451011, 0.000000000000000000 ) ) ;
#1192 = CIRCLE ( 'NONE', #3297, 9.999999999999999124E-05 ) ;
#1193 = CARTESIAN_POINT ( 'NONE',  ( 0.0004000000000000000192, -0.003482339959128999841, 0.002599999999999999881 ) ) ;
#1194 = CARTESIAN_POINT ( 'NONE',  ( 0.003449999999999999942, 0.001000000000000000021, -0.002799999999999999972 ) ) ;
#1195 = AXIS2_PLACEMENT_3D ( 'NONE', #2970, #238, #3307 ) ;
#1196 = DIRECTION ( 'NONE',  ( -1.000000000000000000, 0.000000000000000000, 0.000000000000000000 ) ) ;
#1197 = LINE ( 'NONE', #4025, #145 ) ;
#1198 = EDGE_CURVE ( 'NONE', #496, #4135, #3213, .T. ) ;
#1199 = VERTEX_POINT ( 'NONE', #2558 ) ;
#1200 = PLANE ( 'NONE',  #4280 ) ;
#1201 = CARTESIAN_POINT ( 'NONE',  ( 0.003759487639609000037, -0.001917508579527000016, 0.001772352871265999927 ) ) ;
#1202 = CARTESIAN_POINT ( 'NONE',  ( 0.003749522019965000064, 0.001733539564521000128, 0.001636979995502000056 ) ) ;
#1203 = DIRECTION ( 'NONE',  ( -0.9997806834748415028, 0.000000000000000000, 0.02094241988354513320 ) ) ;
#1204 = FACE_OUTER_BOUND ( 'NONE', #883, .T. ) ;
#1205 = ADVANCED_FACE ( 'NONE', ( #2189 ), #2144, .T. ) ;
#1206 = ORIENTED_EDGE ( 'NONE', *, *, #2406, .T. ) ;
#1207 = FACE_OUTER_BOUND ( 'NONE', #57, .T. ) ;
#1208 = LINE ( 'NONE', #4255, #1756 ) ;
#1209 = CARTESIAN_POINT ( 'NONE',  ( 0.003749522019965000497, 0.001557863284497000003, 0.001692141421074000191 ) ) ;
#1210 = ORIENTED_EDGE ( 'NONE', *, *, #4407, .F. ) ;
#1211 = CYLINDRICAL_SURFACE ( 'NONE', #2491, 0.0003499999999999999964 ) ;
#1212 = ORIENTED_EDGE ( 'NONE', *, *, #3180, .T. ) ;
#1213 = CARTESIAN_POINT ( 'NONE',  ( 0.000000000000000000, 0.003000000000000000062, -0.003000000000000000062 ) ) ;
#1214 = LINE ( 'NONE', #2591, #117 ) ;
#1215 = AXIS2_PLACEMENT_3D ( 'NONE', #3615, #509, #4337 ) ;
#1216 = CYLINDRICAL_SURFACE ( 'NONE', #2904, 0.0003500000000000000507 ) ;
#1217 = PRESENTATION_LAYER_ASSIGNMENT (  '', '', ( #3164 ) ) ;
#1218 = CARTESIAN_POINT ( 'NONE',  ( 0.0007500000000000000156, -0.003000000000000000062, -0.002599999999999999881 ) ) ;
#1219 = CARTESIAN_POINT ( 'NONE',  ( 0.006919384147009933518, -0.001665850380168142162, 0.001001889431522600370 ) ) ;
#1220 = EDGE_CURVE ( 'NONE', #1694, #3398, #854, .T. ) ;
#1221 = DIRECTION ( 'NONE',  ( 0.9961946980918119365, 0.08715574274689891210, 0.000000000000000000 ) ) ;
#1222 = VERTEX_POINT ( 'NONE', #2841 ) ;
#1223 = CARTESIAN_POINT ( 'NONE',  ( 0.0007543577871373639571, -0.003049809734904589120, -0.002599999999999999881 ) ) ;
#1224 = APPLICATION_CONTEXT ( 'automotive_design' ) ;
#1225 = DIRECTION ( 'NONE',  ( 1.000000000000000000, 0.000000000000000000, 0.000000000000000000 ) ) ;
#1226 = DIRECTION ( 'NONE',  ( -1.000000000000000000, 0.000000000000000000, -0.000000000000000000 ) ) ;
#1227 = ORIENTED_EDGE ( 'NONE', *, *, #142, .T. ) ;
#1228 = ORIENTED_EDGE ( 'NONE', *, *, #1501, .T. ) ;
#1229 = EDGE_CURVE ( 'NONE', #1151, #77, #3625, .T. ) ;
#1230 = FILL_AREA_STYLE_COLOUR ( '', #3549 ) ;
#1231 = EDGE_CURVE ( 'NONE', #1985, #501, #1908, .T. ) ;
#1232 = FACE_OUTER_BOUND ( 'NONE', #1715, .T. ) ;
#1233 = ORIENTED_EDGE ( 'NONE', *, *, #73, .T. ) ;
#1234 = DIRECTION ( 'NONE',  ( -1.000000000000000000, 0.000000000000000000, -0.000000000000000000 ) ) ;
#1235 = ORIENTED_EDGE ( 'NONE', *, *, #1717, .T. ) ;
#1236 = ADVANCED_FACE ( 'NONE', ( #2909 ), #1132, .F. ) ;
#1237 = DIRECTION ( 'NONE',  ( 0.000000000000000000, -1.000000000000000000, 0.000000000000000000 ) ) ;
#1238 =( GEOMETRIC_REPRESENTATION_CONTEXT ( 3 ) GLOBAL_UNCERTAINTY_ASSIGNED_CONTEXT ( ( #278 ) ) GLOBAL_UNIT_ASSIGNED_CONTEXT ( ( #732, #4105, #2058 ) ) REPRESENTATION_CONTEXT ( 'NONE', 'WORKASPACE' ) );
#1239 = DIRECTION ( 'NONE',  ( 1.101653025747238317E-12, 1.340203918522816667E-12, -1.000000000000000000 ) ) ;
#1240 = SURFACE_SIDE_STYLE ('',( #3745 ) ) ;
#1241 = AXIS2_PLACEMENT_3D ( 'NONE', #713, #5, #3792 ) ;
#1242 = AXIS2_PLACEMENT_3D ( 'NONE', #4340, #4364, #2677 ) ;
#1243 = DIRECTION ( 'NONE',  ( -0.000000000000000000, -0.000000000000000000, 1.000000000000000000 ) ) ;
#1244 = DIRECTION ( 'NONE',  ( 0.000000000000000000, -0.000000000000000000, -1.000000000000000000 ) ) ;
#1245 = FILL_AREA_STYLE ('',( #850 ) ) ;
#1246 = CARTESIAN_POINT ( 'NONE',  ( 0.0002999999999999999737, 0.004499999999999999660, -0.002599999999999999881 ) ) ;
#1247 = ORIENTED_EDGE ( 'NONE', *, *, #113, .F. ) ;
#1248 = DIRECTION ( 'NONE',  ( -1.000000000000000000, -0.000000000000000000, -0.000000000000000000 ) ) ;
#1249 = LINE ( 'NONE', #3241, #2013 ) ;
#1250 = AXIS2_PLACEMENT_3D ( 'NONE', #1992, #3388, #2338 ) ;
#1251 = ORIENTED_EDGE ( 'NONE', *, *, #174, .F. ) ;
#1252 = CARTESIAN_POINT ( 'NONE',  ( 0.003749999999999570083, -0.001707799063215081252, -0.001550000166438299286 ) ) ;
#1253 = SURFACE_STYLE_USAGE ( .BOTH. , #4376 ) ;
#1254 = CARTESIAN_POINT ( 'NONE',  ( 0.0002999999999999999737, -0.004499999999999999660, 0.001899999999999999779 ) ) ;
#1255 = VERTEX_POINT ( 'NONE', #107 ) ;
#1256 = ORIENTED_EDGE ( 'NONE', *, *, #3937, .T. ) ;
#1257 = ADVANCED_FACE ( 'NONE', ( #4300 ), #1200, .T. ) ;
#1258 = CARTESIAN_POINT ( 'NONE',  ( 0.003749522019965000497, -0.001742136713358999941, -0.001692141425761000111 ) ) ;
#1259 = AXIS2_PLACEMENT_3D ( 'NONE', #2149, #89, #2539 ) ;
#1260 = DIRECTION ( 'NONE',  ( 0.000000000000000000, 0.000000000000000000, 1.000000000000000000 ) ) ;
#1261 = PRESENTATION_STYLE_ASSIGNMENT (( #2615 ) ) ;
#1262 = VECTOR ( 'NONE', #3024, 1.000000000000000000 ) ;
#1263 = LINE ( 'NONE', #603, #1523 ) ;
#1264 = LINE ( 'NONE', #2875, #379 ) ;
#1265 = AXIS2_PLACEMENT_3D ( 'NONE', #4004, #263, #4443 ) ;
#1266 = DIRECTION ( 'NONE',  ( 0.000000000000000000, -0.000000000000000000, -1.000000000000000000 ) ) ;
#1267 = DIRECTION ( 'NONE',  ( -1.000000000000000000, -0.000000000000000000, -0.000000000000000000 ) ) ;
#1268 = VERTEX_POINT ( 'NONE', #3104 ) ;
#1269 = MECHANICAL_DESIGN_GEOMETRIC_PRESENTATION_REPRESENTATION (  '', ( #757 ), #2992 ) ;
#1270 = CARTESIAN_POINT ( 'NONE',  ( 0.003449999999986630428, 2.143131898506507031E-19, -0.001749999999998888512 ) ) ;
#1271 = VECTOR ( 'NONE', #1308, 1.000000000000000000 ) ;
#1272 = VERTEX_POINT ( 'NONE', #3060 ) ;
#1273 = DIRECTION ( 'NONE',  ( -1.000000000000000000, -0.000000000000000000, -0.000000000000000000 ) ) ;
#1274 = ORIENTED_EDGE ( 'NONE', *, *, #1754, .F. ) ;
#1275 = ORIENTED_EDGE ( 'NONE', *, *, #3675, .F. ) ;
#1276 = CARTESIAN_POINT ( 'NONE',  ( 0.003449999999999999942, 0.003000000000000000496, 0.001000000000000000021 ) ) ;
#1277 = FILL_AREA_STYLE ('',( #919 ) ) ;
#1278 = EDGE_CURVE ( 'NONE', #2223, #2724, #1823, .T. ) ;
#1279 = DIRECTION ( 'NONE',  ( 0.000000000000000000, -0.000000000000000000, -1.000000000000000000 ) ) ;
#1280 = AXIS2_PLACEMENT_3D ( 'NONE', #3952, #1191, #841 ) ;
#1281 = ADVANCED_FACE ( 'NONE', ( #3431, #2699 ), #320, .F. ) ;
#1282 = EDGE_CURVE ( 'NONE', #3772, #577, #1297, .T. ) ;
#1283 =( NAMED_UNIT ( * ) SI_UNIT ( $, .STERADIAN. ) SOLID_ANGLE_UNIT ( ) );
#1284 = PLANE ( 'NONE',  #2990 ) ;
#1285 = DIRECTION ( 'NONE',  ( -1.000000000000000000, -0.000000000000000000, -0.000000000000000000 ) ) ;
#1286 = EDGE_LOOP ( 'NONE', ( #4172, #3145, #3449, #1855, #947, #2388, #3780, #2715, #1407, #3381 ) ) ;
#1287 = EDGE_CURVE ( 'NONE', #3538, #3303, #2037, .T. ) ;
#1288 = DIRECTION ( 'NONE',  ( 0.000000000000000000, 0.000000000000000000, -1.000000000000000000 ) ) ;
#1289 = PLANE ( 'NONE',  #3631 ) ;
#1290 = ORIENTED_EDGE ( 'NONE', *, *, #3693, .T. ) ;
#1291 = LINE ( 'NONE', #2650, #3906 ) ;
#1292 = CARTESIAN_POINT ( 'NONE',  ( 0.003449999999999999942, 0.000000000000000000, 0.002799999999999999972 ) ) ;
#1293 = ORIENTED_EDGE ( 'NONE', *, *, #2988, .T. ) ;
#1294 = VERTEX_POINT ( 'NONE', #4421 ) ;
#1295 = DIRECTION ( 'NONE',  ( 0.000000000000000000, 0.000000000000000000, -1.000000000000000000 ) ) ;
#1296 = CARTESIAN_POINT ( 'NONE',  ( 0.0007543577871373999526, -0.003049809734904999816, -0.002599999999999999881 ) ) ;
#1297 = LINE ( 'NONE', #2676, #158 ) ;
#1298 = EDGE_CURVE ( 'NONE', #3553, #1394, #299, .T. ) ;
#1299 = SURFACE_STYLE_USAGE ( .BOTH. , #4144 ) ;
#1300 = CIRCLE ( 'NONE', #350, 0.0002999999999999999195 ) ;
#1301 = SURFACE_STYLE_FILL_AREA ( #3018 ) ;
#1302 = CIRCLE ( 'NONE', #2537, 9.999999999999999124E-05 ) ;
#1303 = CARTESIAN_POINT ( 'NONE',  ( 0.000000000000000000, -0.003482339959128999841, -0.002599999999999999881 ) ) ;
#1304 = EDGE_CURVE ( 'NONE', #1329, #1741, #1092, .T. ) ;
#1305 =( LENGTH_UNIT ( ) NAMED_UNIT ( * ) SI_UNIT ( $, .METRE. ) );
#1306 = VECTOR ( 'NONE', #1553, 1.000000000000000000 ) ;
#1307 = CIRCLE ( 'NONE', #519, 0.0003500000000000000507 ) ;
#1308 = DIRECTION ( 'NONE',  ( 0.000000000000000000, 0.000000000000000000, -1.000000000000000000 ) ) ;
#1309 = ORIENTED_EDGE ( 'NONE', *, *, #4181, .F. ) ;
#1310 = SURFACE_STYLE_USAGE ( .BOTH. , #533 ) ;
#1311 = DIRECTION ( 'NONE',  ( 0.000000000000000000, 0.000000000000000000, -1.000000000000000000 ) ) ;
#1312 = DIRECTION ( 'NONE',  ( 1.000000000000000000, 0.000000000000000000, 0.000000000000000000 ) ) ;
#1313 = AXIS2_PLACEMENT_3D ( 'NONE', #2005, #3425, #3054 ) ;
#1314 = COLOUR_RGB ( '',0.2980392156862745057, 0.2980392156862745057, 0.2980392156862745057 ) ;
#1315 = EDGE_CURVE ( 'NONE', #2520, #165, #2368, .T. ) ;
#1316 = DIRECTION ( 'NONE',  ( 0.000000000000000000, 0.000000000000000000, 1.000000000000000000 ) ) ;
#1317 = ORIENTED_EDGE ( 'NONE', *, *, #3189, .F. ) ;
#1318 = VERTEX_POINT ( 'NONE', #19 ) ;
#1319 = VECTOR ( 'NONE', #3797, 1.000000000000000000 ) ;
#1320 = LINE ( 'NONE', #4437, #1170 ) ;
#1321 = CARTESIAN_POINT ( 'NONE',  ( 0.003759487639609000037, -0.001812088466267000163, -0.001404524147152999948 ) ) ;
#1322 = FACE_BOUND ( 'NONE', #2308, .T. ) ;
#1323 = UNCERTAINTY_MEASURE_WITH_UNIT (LENGTH_MEASURE( 1.000000000000000082E-05 ), #613, 'distance_accuracy_value', 'NONE');
#1324 = VECTOR ( 'NONE', #4316, 1.000000000000000000 ) ;
#1325 = VECTOR ( 'NONE', #3933, 1.000000000000000000 ) ;
#1326 = DIRECTION ( 'NONE',  ( 0.000000000000000000, 1.000000000000000000, 0.000000000000000000 ) ) ;
#1327 = FACE_OUTER_BOUND ( 'NONE', #131, .T. ) ;
#1328 = CYLINDRICAL_SURFACE ( 'NONE', #1123, 0.0003500000000000000507 ) ;
#1329 = VERTEX_POINT ( 'NONE', #1778 ) ;
#1330 = CYLINDRICAL_SURFACE ( 'NONE', #3433, 0.0002999999999999999195 ) ;
#1331 = EDGE_LOOP ( 'NONE', ( #1336, #325, #15, #2145 ) ) ;
#1332 = EDGE_CURVE ( 'NONE', #2411, #3752, #390, .T. ) ;
#1333 = CIRCLE ( 'NONE', #1565, 0.0003499999999999999964 ) ;
#1334 = EDGE_CURVE ( 'NONE', #2653, #3142, #1435, .T. ) ;
#1335 = ORIENTED_EDGE ( 'NONE', *, *, #3220, .T. ) ;
#1336 = ORIENTED_EDGE ( 'NONE', *, *, #3611, .T. ) ;
#1337 = DIRECTION ( 'NONE',  ( -1.000000000000000000, -0.000000000000000000, -0.000000000000000000 ) ) ;
#1338 = CARTESIAN_POINT ( 'NONE',  ( 0.003484548935050999809, -0.001419209514247999921, -0.001300477921776000117 ) ) ;
#1339 = DIRECTION ( 'NONE',  ( 1.000000000000000000, 0.000000000000000000, 0.000000000000000000 ) ) ;
#1340 = DIRECTION ( 'NONE',  ( 0.000000000000000000, -0.000000000000000000, 1.000000000000000000 ) ) ;
#1341 = DIRECTION ( 'NONE',  ( 0.000000000000000000, 0.000000000000000000, -1.000000000000000000 ) ) ;
#1342 = CARTESIAN_POINT ( 'NONE',  ( 0.003500000000000000073, -0.001649999999999999991, -0.001649999999999999991 ) ) ;
#1343 = DIRECTION ( 'NONE',  ( -0.000000000000000000, -1.000000000000000000, 0.000000000000000000 ) ) ;
#1344 = ORIENTED_EDGE ( 'NONE', *, *, #3020, .F. ) ;
#1345 = LINE ( 'NONE', #863, #1034 ) ;
#1346 = ADVANCED_FACE ( 'NONE', ( #1408 ), #4191, .T. ) ;
#1347 = ORIENTED_EDGE ( 'NONE', *, *, #2612, .F. ) ;
#1348 = EDGE_CURVE ( 'NONE', #4281, #150, #4173, .T. ) ;
#1349 = ORIENTED_EDGE ( 'NONE', *, *, #921, .F. ) ;
#1350 = EDGE_CURVE ( 'NONE', #2986, #1741, #2078, .T. ) ;
#1351 = CARTESIAN_POINT ( 'NONE',  ( 0.003150000000000000022, 0.002700000000000000143, -0.002700000000000000143 ) ) ;
#1352 = EDGE_CURVE ( 'NONE', #3327, #2193, #734, .T. ) ;
#1353 = VERTEX_POINT ( 'NONE', #4113 ) ;
#1354 = EDGE_CURVE ( 'NONE', #925, #1056, #1768, .T. ) ;
#1355 = CARTESIAN_POINT ( 'NONE',  ( 0.003150000000000000022, 0.002700000000000000143, 0.003000000000000000062 ) ) ;
#1356 = UNCERTAINTY_MEASURE_WITH_UNIT (LENGTH_MEASURE( 1.000000000000000082E-05 ), #2412, 'distance_accuracy_value', 'NONE');
#1357 = ORIENTED_EDGE ( 'NONE', *, *, #1627, .F. ) ;
#1358 = CARTESIAN_POINT ( 'NONE',  ( 0.000000000000000000, -0.001250000000000000026, -0.003000000000000000062 ) ) ;
#1359 = PLANE ( 'NONE',  #459 ) ;
#1360 = CARTESIAN_POINT ( 'NONE',  ( 0.003470160231246000124, -0.003000000000000000062, -0.002700000000000000143 ) ) ;
#1361 = LINE ( 'NONE', #2407, #1448 ) ;
#1362 = AXIS2_PLACEMENT_3D ( 'NONE', #3000, #2663, #1288 ) ;
#1363 = VECTOR ( 'NONE', #464, 1.000000000000000000 ) ;
#1364 = DIRECTION ( 'NONE',  ( -0.000000000000000000, -0.000000000000000000, 1.000000000000000000 ) ) ;
#1365 = ORIENTED_EDGE ( 'NONE', *, *, #2766, .F. ) ;
#1366 = CARTESIAN_POINT ( 'NONE',  ( 0.003749999999999629498, -0.001550000164965321297, 0.001709353760581933416 ) ) ;
#1367 = ORIENTED_EDGE ( 'NONE', *, *, #3098, .T. ) ;
#1368 = MECHANICAL_DESIGN_GEOMETRIC_PRESENTATION_REPRESENTATION (  '', ( #942 ), #4120 ) ;
#1369 = AXIS2_PLACEMENT_3D ( 'NONE', #1689, #3809, #2792 ) ;
#1370 = PRESENTATION_LAYER_ASSIGNMENT (  '', '', ( #1084 ) ) ;
#1371 = PLANE ( 'NONE',  #2532 ) ;
#1372 = ORIENTED_EDGE ( 'NONE', *, *, #418, .F. ) ;
#1373 = VERTEX_POINT ( 'NONE', #652 ) ;
#1374 = CARTESIAN_POINT ( 'NONE',  ( 0.003484548935050999809, -0.001269106521336000075, 0.001475787229541000029 ) ) ;
#1375 = VECTOR ( 'NONE', #1753, 1.000000000000000000 ) ;
#1376 = DIRECTION ( 'NONE',  ( -0.000000000000000000, 1.000000000000000000, 0.000000000000000000 ) ) ;
#1377 = EDGE_CURVE ( 'NONE', #1747, #3567, #4469, .T. ) ;
#1378 = EDGE_LOOP ( 'NONE', ( #4026, #2631, #1030, #1335, #10 ) ) ;
#1379 = CARTESIAN_POINT ( 'NONE',  ( 0.0007500000000000000156, 0.003000000000000000062, 0.001899999999999999779 ) ) ;
#1380 = VECTOR ( 'NONE', #3147, 1.000000000000000000 ) ;
#1381 = EDGE_LOOP ( 'NONE', ( #2397, #4236, #1372, #3544 ) ) ;
#1382 = CARTESIAN_POINT ( 'NONE',  ( 0.0008000000000000000383, 0.003000000000000000062, 0.002599999999999999881 ) ) ;
#1383 = CARTESIAN_POINT ( 'NONE',  ( 0.0003651377029008999985, 0.003083862079891999848, 0.001899999999999999996 ) ) ;
#1384 = ADVANCED_FACE ( 'NONE', ( #553 ), #4410, .T. ) ;
#1385 = LINE ( 'NONE', #1047, #2634 ) ;
#1386 = AXIS2_PLACEMENT_3D ( 'NONE', #1138, #3592, #455 ) ;
#1387 = ADVANCED_FACE ( 'NONE', ( #185 ), #3340, .T. ) ;
#1388 = CARTESIAN_POINT ( 'NONE',  ( 0.0007543577871373999526, -0.003049809734904999816, 0.002599999999999999881 ) ) ;
#1389 =( BOUNDED_CURVE ( )  B_SPLINE_CURVE ( 3, ( #3405, #3102, #336, #1748, #386, #3128, #38 ),
 .UNSPECIFIED., .F., .T. ) 
 B_SPLINE_CURVE_WITH_KNOTS ( ( 4, 3, 4 ),
 ( 0.000000000000000000, 0.4999999912921975209, 1.000000000000000000 ),
 .UNSPECIFIED. ) 
 CURVE ( )  GEOMETRIC_REPRESENTATION_ITEM ( )  RATIONAL_B_SPLINE_CURVE ( ( 1.331632143799630130, 1.092052917006796298, 1.121427307714067068, 1.419755315921442662, 1.121427297322941552, 1.092052914960505605, 1.331632168834134822 ) ) 
 REPRESENTATION_ITEM ( '' )  );
#1390 =( GEOMETRIC_REPRESENTATION_CONTEXT ( 3 ) GLOBAL_UNCERTAINTY_ASSIGNED_CONTEXT ( ( #3080 ) ) GLOBAL_UNIT_ASSIGNED_CONTEXT ( ( #3332, #3622, #215 ) ) REPRESENTATION_CONTEXT ( 'NONE', 'WORKASPACE' ) );
#1391 = LINE ( 'NONE', #1467, #3208 ) ;
#1392 = ORIENTED_EDGE ( 'NONE', *, *, #330, .F. ) ;
#1393 = FILL_AREA_STYLE ('',( #3888 ) ) ;
#1394 = VERTEX_POINT ( 'NONE', #1938 ) ;
#1395 = AXIS2_PLACEMENT_3D ( 'NONE', #3600, #2228, #462 ) ;
#1396 = DIRECTION ( 'NONE',  ( 0.000000000000000000, 1.000000000000000000, 0.000000000000000000 ) ) ;
#1397 =( BOUNDED_SURFACE ( )  B_SPLINE_SURFACE ( 3, 3, ( 
 ( #692, #2775, #3773, #2748 ),
 ( #3460, #2092, #3168, #2050 ),
 ( #3443, #2464, #3091, #400 ),
 ( #4182, #4466, #346, #1737 ),
 ( #3485, #3843, #744, #1793 ),
 ( #1472, #1517, #1201, #2598 ),
 ( #1574, #128, #181, #80 ) ),
 .UNSPECIFIED., .F., .F., .T. ) 
 B_SPLINE_SURFACE_WITH_KNOTS ( ( 4, 3, 4 ),
 ( 4, 4 ),
 ( 0.000000000000000000, 1.000000000000000000, 2.000000000000000000 ),
 ( 0.000000000000000000, 1.000000000000000000 ),
 .UNSPECIFIED. ) 
 GEOMETRIC_REPRESENTATION_ITEM ( )  RATIONAL_B_SPLINE_SURFACE ( (
 ( 1.458242986893000026, 1.129702315654999900, 1.129702315654999900, 1.458242986893000026),
 ( 1.118361851743000068, 0.8663960567681000535, 0.8663960567681000535, 1.118361851743000068),
 ( 1.118361851743000068, 0.8663960567681000535, 0.8663960567681000535, 1.118361851743000068),
 ( 1.458242986893000026, 1.129702315654999900, 1.129702315654999900, 1.458242986893000026),
 ( 1.118361851743000068, 0.8663960567681000535, 0.8663960567681000535, 1.118361851743000068),
 ( 1.118361851743000068, 0.8663960567681000535, 0.8663960567681000535, 1.118361851743000068),
 ( 1.458242986893000026, 1.129702315654999900, 1.129702315654999900, 1.458242986893000026) ) ) 
 REPRESENTATION_ITEM ( '' )  SURFACE ( )  );
#1398 = SURFACE_STYLE_USAGE ( .BOTH. , #7 ) ;
#1399 = STYLED_ITEM ( 'NONE', ( #889 ), #4451 ) ;
#1400 = ORIENTED_EDGE ( 'NONE', *, *, #3667, .T. ) ;
#1401 = VERTEX_POINT ( 'NONE', #3321 ) ;
#1402 = CARTESIAN_POINT ( 'NONE',  ( 0.000000000000000000, -0.004499999999999999660, -0.002599999999999999881 ) ) ;
#1403 = STYLED_ITEM ( 'NONE', ( #1055 ), #4482 ) ;
#1404 = LINE ( 'NONE', #2340, #1988 ) ;
#1405 = ORIENTED_EDGE ( 'NONE', *, *, #998, .T. ) ;
#1406 = DIRECTION ( 'NONE',  ( -1.000000000000000000, 0.000000000000000000, 0.000000000000000000 ) ) ;
#1407 = ORIENTED_EDGE ( 'NONE', *, *, #3162, .F. ) ;
#1408 = FACE_OUTER_BOUND ( 'NONE', #611, .T. ) ;
#1409 = CARTESIAN_POINT ( 'NONE',  ( 0.003470160231246000124, -0.002700000000000000143, 0.002700000000000000143 ) ) ;
#1410 = DIRECTION ( 'NONE',  ( -0.000000000000000000, -1.000000000000000000, 0.000000000000000000 ) ) ;
#1411 = PRODUCT ( 'PTS645SL70SMTR92LFS', 'PTS645SL70SMTR92LFS', '', ( #1764 ) ) ;
#1412 = DIRECTION ( 'NONE',  ( 0.000000000000000000, 0.000000000000000000, -1.000000000000000000 ) ) ;
#1413 = EDGE_CURVE ( 'NONE', #111, #1732, #2971, .T. ) ;
#1414 = DIRECTION ( 'NONE',  ( 0.9961946980918119365, 0.08715574274689891210, 0.000000000000000000 ) ) ;
#1415 = EDGE_CURVE ( 'NONE', #2801, #1134, #208, .T. ) ;
#1416 = SURFACE_STYLE_FILL_AREA ( #4108 ) ;
#1417 = EDGE_CURVE ( 'NONE', #1820, #2123, #3412, .T. ) ;
#1418 = CARTESIAN_POINT ( 'NONE',  ( 0.003749522019965000064, 0.001733539563858999726, 0.001663020008746999949 ) ) ;
#1419 = LINE ( 'NONE', #1806, #1686 ) ;
#1420 = EDGE_LOOP ( 'NONE', ( #475, #3346, #2175, #404 ) ) ;
#1421 = LINE ( 'NONE', #2118, #4013 ) ;
#1423 = EDGE_CURVE ( 'NONE', #860, #1426, #3676, .T. ) ;
#1422 = VECTOR ( 'NONE', #1414, 1.000000000000000222 ) ;
#1424 = FACE_OUTER_BOUND ( 'NONE', #4311, .T. ) ;
#1425 = CIRCLE ( 'NONE', #1215, 0.0003500000000000000507 ) ;
#1426 = VERTEX_POINT ( 'NONE', #2286 ) ;
#1427 = ORIENTED_EDGE ( 'NONE', *, *, #1928, .T. ) ;
#1428 = VECTOR ( 'NONE', #1860, 1.000000000000000000 ) ;
#1429 = DIRECTION ( 'NONE',  ( 1.000000000000000000, -0.000000000000000000, 0.000000000000000000 ) ) ;
#1430 = CARTESIAN_POINT ( 'NONE',  ( 0.007000000007018105860, 0.001558002365080297979, -0.003208243478421317699 ) ) ;
#1431 = ORIENTED_EDGE ( 'NONE', *, *, #3435, .T. ) ;
#1432 = LINE ( 'NONE', #2376, #3217 ) ;
#1433 = CARTESIAN_POINT ( 'NONE',  ( 0.001100000000000000066, 0.003000000000000000062, -0.003000000000000000062 ) ) ;
#1434 = VERTEX_POINT ( 'NONE', #592 ) ;
#1435 = LINE ( 'NONE', #409, #4061 ) ;
#1436 = DIRECTION ( 'NONE',  ( 0.9961946980917451011, -0.08715574274766391127, 0.000000000000000000 ) ) ;
#1437 = DIRECTION ( 'NONE',  ( 0.000000000000000000, 0.000000000000000000, 1.000000000000000000 ) ) ;
#1438 = EDGE_CURVE ( 'NONE', #4458, #3238, #575, .T. ) ;
#1439 = CARTESIAN_POINT ( 'NONE',  ( 0.003759487639609000037, -0.001407452282292999965, -0.001612197870563000053 ) ) ;
#1440 = DIRECTION ( 'NONE',  ( -1.000000000000000000, -0.000000000000000000, -0.000000000000000000 ) ) ;
#1441 = LINE ( 'NONE', #2815, #3499 ) ;
#1442 = CARTESIAN_POINT ( 'NONE',  ( 0.003500000000000000073, -0.001649999999999999991, -0.002000000000000000042 ) ) ;
#1443 = ORIENTED_EDGE ( 'NONE', *, *, #1315, .F. ) ;
#1444 = EDGE_CURVE ( 'NONE', #791, #989, #2982, .T. ) ;
#1445 = ORIENTED_EDGE ( 'NONE', *, *, #2027, .F. ) ;
#1446 =( NAMED_UNIT ( * ) PLANE_ANGLE_UNIT ( ) SI_UNIT ( $, .RADIAN. ) );
#1447 =( BOUNDED_SURFACE ( )  B_SPLINE_SURFACE ( 3, 3, ( 
 ( #3286, #175, #3851, #3372 ),
 ( #3125, #604, #1430, #360 ),
 ( #1771, #750, #2781, #3468 ),
 ( #13, #1994, #3799, #2318 ) ),
 .UNSPECIFIED., .F., .F., .F. ) 
 B_SPLINE_SURFACE_WITH_KNOTS ( ( 4, 4 ),
 ( 4, 4 ),
 ( 0.000000000000000000, 1.000000000000000000 ),
 ( 0.000000000000000000, 1.000000000000000000 ),
 .UNSPECIFIED. ) 
 GEOMETRIC_REPRESENTATION_ITEM ( )  RATIONAL_B_SPLINE_SURFACE ( (
 ( 1.000000000000000000, 0.3333333333333334259, 0.3333333333333334259, 1.000000000000000000),
 ( 0.8096484392549729847, 0.2698828130849910689, 0.2698828130849910689, 0.8096484392549729847),
 ( 0.8096484392549729847, 0.2698828130849910689, 0.2698828130849910689, 0.8096484392549729847),
 ( 1.000000000000000000, 0.3333333333333334259, 0.3333333333333334259, 1.000000000000000000) ) ) 
 REPRESENTATION_ITEM ( '' )  SURFACE ( )  );
#1448 = VECTOR ( 'NONE', #3413, 1.000000000000000000 ) ;
#1449 = ORIENTED_EDGE ( 'NONE', *, *, #1220, .F. ) ;
#1450 = LINE ( 'NONE', #2824, #4284 ) ;
#1451 = PRESENTATION_LAYER_ASSIGNMENT (  '', '', ( #3106 ) ) ;
#1452 = ORIENTED_EDGE ( 'NONE', *, *, #802, .F. ) ;
#1453 = AXIS2_PLACEMENT_3D ( 'NONE', #2102, #387, #62 ) ;
#1454 = CARTESIAN_POINT ( 'NONE',  ( 0.000000000000000000, -0.004499999999999999660, -0.002599999999999999881 ) ) ;
#1455 = EDGE_CURVE ( 'NONE', #1255, #4204, #1744, .T. ) ;
#1456 =( GEOMETRIC_REPRESENTATION_CONTEXT ( 3 ) GLOBAL_UNCERTAINTY_ASSIGNED_CONTEXT ( ( #1819 ) ) GLOBAL_UNIT_ASSIGNED_CONTEXT ( ( #1548, #1616, #856 ) ) REPRESENTATION_CONTEXT ( 'NONE', 'WORKASPACE' ) );
#1457 = VERTEX_POINT ( 'NONE', #2187 ) ;
#1458 = CARTESIAN_POINT ( 'NONE',  ( 0.003449999999999999942, 0.001000000000000000021, -0.003000000000000000062 ) ) ;
#1459 = UNCERTAINTY_MEASURE_WITH_UNIT (LENGTH_MEASURE( 1.000000000000000082E-05 ), #2000, 'distance_accuracy_value', 'NONE');
#1460 = FACE_OUTER_BOUND ( 'NONE', #4246, .T. ) ;
#1461 = ORIENTED_EDGE ( 'NONE', *, *, #3366, .T. ) ;
#1462 = STYLED_ITEM ( 'NONE', ( #2777 ), #1624 ) ;
#1463 = CARTESIAN_POINT ( 'NONE',  ( 0.003449999999999999942, 0.000000000000000000, -0.003000000000000000062 ) ) ;
#1464 = CARTESIAN_POINT ( 'NONE',  ( 0.003759487639609000037, -0.001382491420473000183, -0.001772352871265999927 ) ) ;
#1465 = CARTESIAN_POINT ( 'NONE',  ( 0.003750000000000295632, 0.001550000148470306524, -0.001650000000000047913 ) ) ;
#1466 = DIRECTION ( 'NONE',  ( 0.000000000000000000, -0.000000000000000000, -1.000000000000000000 ) ) ;
#1467 = CARTESIAN_POINT ( 'NONE',  ( 0.0008000000000000000383, -0.003000000000000000062, 0.003000000000000000062 ) ) ;
#1468 = ORIENTED_EDGE ( 'NONE', *, *, #2276, .T. ) ;
#1469 = CARTESIAN_POINT ( 'NONE',  ( 0.003749522019965000497, 0.001594172640075000201, -0.001734548090442999914 ) ) ;
#1470 = EDGE_LOOP ( 'NONE', ( #1139, #2038, #3661, #126 ) ) ;
#1471 = VECTOR ( 'NONE', #523, 1.000000000000000000 ) ;
#1472 = CARTESIAN_POINT ( 'NONE',  ( 0.003484548935050999809, -0.002030893478664000124, 0.001824212770458999953 ) ) ;
#1473 = ORIENTED_EDGE ( 'NONE', *, *, #354, .T. ) ;
#1474 = VECTOR ( 'NONE', #396, 1.000000000000000000 ) ;
#1475 = EDGE_LOOP ( 'NONE', ( #769, #3994 ) ) ;
#1476 = DIRECTION ( 'NONE',  ( -1.000000000000000000, 0.000000000000000000, 0.000000000000000000 ) ) ;
#1477 = EDGE_CURVE ( 'NONE', #3339, #1373, #1490, .T. ) ;
#1478 = EDGE_CURVE ( 'NONE', #3171, #3423, #2142, .T. ) ;
#1479 = MECHANICAL_DESIGN_GEOMETRIC_PRESENTATION_REPRESENTATION (  '', ( #2121 ), #671 ) ;
#1480 = EDGE_CURVE ( 'NONE', #1862, #2440, #422, .T. ) ;
#1481 = ORIENTED_EDGE ( 'NONE', *, *, #568, .T. ) ;
#1482 = LINE ( 'NONE', #3613, #180 ) ;
#1483 = ORIENTED_EDGE ( 'NONE', *, *, #3364, .T. ) ;
#1484 = CIRCLE ( 'NONE', #2844, 9.999999999999999124E-05 ) ;
#1485 = CARTESIAN_POINT ( 'NONE',  ( 0.0003651377029008999985, 0.003083862079891999848, -0.002599999999999999881 ) ) ;
#1486 = FILL_AREA_STYLE_COLOUR ( '', #247 ) ;
#1487 = DIRECTION ( 'NONE',  ( 1.000000000000000000, 0.000000000000000000, -0.000000000000000000 ) ) ;
#1488 = CARTESIAN_POINT ( 'NONE',  ( 0.003449999999999999942, 0.001649999999999999991, -0.001649999999999999991 ) ) ;
#1489 = ORIENTED_EDGE ( 'NONE', *, *, #4232, .T. ) ;
#1490 = LINE ( 'NONE', #3578, #1904 ) ;
#1491 = EDGE_LOOP ( 'NONE', ( #1836, #574, #2497, #2096 ) ) ;
#1492 = CARTESIAN_POINT ( 'NONE',  ( 0.0007805045099617000451, 0.003348668144331999868, 0.002599999999999999881 ) ) ;
#1493 = CARTESIAN_POINT ( 'NONE',  ( 0.003500000000000003976, 0.002000000000000116268, -0.001650000000001718018 ) ) ;
#1494 = AXIS2_PLACEMENT_3D ( 'NONE', #3639, #3411, #25 ) ;
#1495 = CARTESIAN_POINT ( 'NONE',  ( 0.003449999999999999942, 0.002700000000000000143, -0.003000000000000000062 ) ) ;
#1496 = ORIENTED_EDGE ( 'NONE', *, *, #662, .T. ) ;
#1497 = ORIENTED_EDGE ( 'NONE', *, *, #714, .F. ) ;
#1498 = ADVANCED_FACE ( 'NONE', ( #1856 ), #2832, .T. ) ;
#1499 = DIRECTION ( 'NONE',  ( -1.000000000000000000, 0.000000000000000000, -0.000000000000000000 ) ) ;
#1500 = CIRCLE ( 'NONE', #4452, 5.000000000000002272E-05 ) ;
#1501 = EDGE_CURVE ( 'NONE', #3029, #486, #3166, .T. ) ;
#1502 = VERTEX_POINT ( 'NONE', #104 ) ;
#1503 = CARTESIAN_POINT ( 'NONE',  ( 0.0007805045099617000451, 0.003348668144331999868, 0.001899999999999999996 ) ) ;
#1504 = ADVANCED_FACE ( 'NONE', ( #2115 ), #1101, .F. ) ;
#1505 = ORIENTED_EDGE ( 'NONE', *, *, #3364, .F. ) ;
#1506 = EDGE_CURVE ( 'NONE', #1081, #591, #3481, .T. ) ;
#1507 = CARTESIAN_POINT ( 'NONE',  ( 0.003750000000000203258, 0.001550000164966185839, 0.001649999999999968549 ) ) ;
#1508 = FACE_OUTER_BOUND ( 'NONE', #2693, .T. ) ;
#1509 = EDGE_CURVE ( 'NONE', #3791, #1862, #1173, .T. ) ;
#1510 = FACE_OUTER_BOUND ( 'NONE', #1677, .T. ) ;
#1511 = CARTESIAN_POINT ( 'NONE',  ( 0.000000000000000000, 0.001250000000000000026, 0.001250000000000000026 ) ) ;
#1512 = CYLINDRICAL_SURFACE ( 'NONE', #3304, 0.0003500000000000000507 ) ;
#1513 = ORIENTED_EDGE ( 'NONE', *, *, #147, .F. ) ;
#1514 = CARTESIAN_POINT ( 'NONE',  ( 0.003749522019965000064, 0.001566460435479000071, -0.001636979995502000056 ) ) ;
#1515 = ORIENTED_EDGE ( 'NONE', *, *, #2953, .F. ) ;
#1516 = LINE ( 'NONE', #497, #892 ) ;
#1517 = CARTESIAN_POINT ( 'NONE',  ( 0.003645476736785999757, -0.002041752969387999970, 0.001829179676092000098 ) ) ;
#1518 = DIRECTION ( 'NONE',  ( 0.000000000000000000, 0.000000000000000000, 1.000000000000000000 ) ) ;
#1519 = ORIENTED_EDGE ( 'NONE', *, *, #1115, .T. ) ;
#1520 = ORIENTED_EDGE ( 'NONE', *, *, #444, .F. ) ;
#1521 = CYLINDRICAL_SURFACE ( 'NONE', #2314, 0.0004000000000000000192 ) ;
#1522 = MECHANICAL_DESIGN_GEOMETRIC_PRESENTATION_REPRESENTATION (  '', ( #3982 ), #216 ) ;
#1523 = VECTOR ( 'NONE', #214, 1.000000000000000000 ) ;
#1524 = VECTOR ( 'NONE', #1221, 1.000000000000000222 ) ;
#1525 = ORIENTED_EDGE ( 'NONE', *, *, #4268, .T. ) ;
#1526 = DIRECTION ( 'NONE',  ( -0.000000000000000000, -0.000000000000000000, 1.000000000000000000 ) ) ;
#1527 = ORIENTED_EDGE ( 'NONE', *, *, #2898, .T. ) ;
#1528 = VECTOR ( 'NONE', #1499, 1.000000000000000000 ) ;
#1529 = DIRECTION ( 'NONE',  ( 1.000000000000000000, 0.000000000000000000, 0.000000000000000000 ) ) ;
#1530 = PRODUCT_DEFINITION ( 'UNKNOWN', '', #1941, #3406 ) ;
#1531 = CIRCLE ( 'NONE', #70, 0.0002500000000011456274 ) ;
#1532 = DIRECTION ( 'NONE',  ( -1.000000000000000000, 0.000000000000000000, 0.000000000000000000 ) ) ;
#1533 = EDGE_CURVE ( 'NONE', #3152, #1867, #2528, .T. ) ;
#1534 = DIRECTION ( 'NONE',  ( 0.000000000000000000, 0.000000000000000000, -1.000000000000000000 ) ) ;
#1535 = DIRECTION ( 'NONE',  ( -1.000000000000000000, 0.000000000000000000, 0.000000000000000000 ) ) ;
#1536 = AXIS2_PLACEMENT_3D ( 'NONE', #237, #3010, #955 ) ;
#1537 = DIRECTION ( 'NONE',  ( 0.000000000000000000, 0.000000000000000000, -1.000000000000000000 ) ) ;
#1538 = VECTOR ( 'NONE', #2260, 1.000000000000000000 ) ;
#1539 = ADVANCED_FACE ( 'NONE', ( #4201 ), #3279, .F. ) ;
#1540 = EDGE_CURVE ( 'NONE', #165, #2943, #3637, .T. ) ;
#1541 =( NAMED_UNIT ( * ) SI_UNIT ( $, .STERADIAN. ) SOLID_ANGLE_UNIT ( ) );
#1542 = DIRECTION ( 'NONE',  ( 0.000000000000000000, -1.000000000000000000, -0.000000000000000000 ) ) ;
#1543 = CARTESIAN_POINT ( 'NONE',  ( 0.003484548935050999809, 0.001995352826075999855, -0.001596175241901999975 ) ) ;
#1544 = VERTEX_POINT ( 'NONE', #1871 ) ;
#1545 = VECTOR ( 'NONE', #3299, 1.000000000000000000 ) ;
#1546 = DIRECTION ( 'NONE',  ( 0.000000000000000000, 0.000000000000000000, 1.000000000000000000 ) ) ;
#1547 = DIRECTION ( 'NONE',  ( -0.000000000000000000, -0.000000000000000000, 1.000000000000000000 ) ) ;
#1548 =( LENGTH_UNIT ( ) NAMED_UNIT ( * ) SI_UNIT ( $, .METRE. ) );
#1549 = DIRECTION ( 'NONE',  ( -0.000000000000000000, -0.000000000000000000, 1.000000000000000000 ) ) ;
#1550 = VERTEX_POINT ( 'NONE', #487 ) ;
#1551 = AXIS2_PLACEMENT_3D ( 'NONE', #1783, #44, #2133 ) ;
#1552 = ORIENTED_EDGE ( 'NONE', *, *, #2736, .T. ) ;
#1553 = DIRECTION ( 'NONE',  ( -0.000000000000000000, 1.000000000000000000, 0.000000000000000000 ) ) ;
#1554 = CARTESIAN_POINT ( 'NONE',  ( 0.003449999999999999942, 0.003000000000000000062, -0.002700000000000000143 ) ) ;
#1555 = CARTESIAN_POINT ( 'NONE',  ( 0.003484548935050999809, 0.001419209496469000078, 0.001999522066484999902 ) ) ;
#1556 = ORIENTED_EDGE ( 'NONE', *, *, #2502, .T. ) ;
#1557 = CARTESIAN_POINT ( 'NONE',  ( 0.003749522019965000064, 0.001566460436141000039, -0.001663020008746999949 ) ) ;
#1558 = VERTEX_POINT ( 'NONE', #1507 ) ;
#1559 = LINE ( 'NONE', #2925, #3961 ) ;
#1560 = DIRECTION ( 'NONE',  ( 1.103173168178505686E-12, 1.342992933966246048E-12, -1.000000000000000000 ) ) ;
#1561 = AXIS2_PLACEMENT_3D ( 'NONE', #1995, #623, #902 ) ;
#1562 = DIRECTION ( 'NONE',  ( 0.000000000000000000, 0.000000000000000000, -1.000000000000000000 ) ) ;
#1563 = CARTESIAN_POINT ( 'NONE',  ( 0.000000000000000000, 0.000000000000000000, 0.002599999999999999881 ) ) ;
#1564 = AXIS2_PLACEMENT_3D ( 'NONE', #1379, #3428, #1406 ) ;
#1565 = AXIS2_PLACEMENT_3D ( 'NONE', #4202, #1102, #3864 ) ;
#1566 = DIRECTION ( 'NONE',  ( 0.000000000000000000, -1.000000000000000000, -0.000000000000000000 ) ) ;
#1567 = CARTESIAN_POINT ( 'NONE',  ( 0.007000000007018105860, -0.0009158217892145273202, 0.001605704305755392908 ) ) ;
#1568 = EDGE_CURVE ( 'NONE', #3845, #3514, #2868, .T. ) ;
#1569 = CARTESIAN_POINT ( 'NONE',  ( 0.0007543577871373724139, 0.003049809734904795552, 0.002599999999999999881 ) ) ;
#1570 = VERTEX_POINT ( 'NONE', #4260 ) ;
#1571 = EDGE_CURVE ( 'NONE', #3567, #1272, #950, .T. ) ;
#1572 = EDGE_CURVE ( 'NONE', #4141, #1199, #659, .T. ) ;
#1573 = DIRECTION ( 'NONE',  ( -1.000000000000000000, 0.000000000000000000, 0.000000000000000000 ) ) ;
#1574 = CARTESIAN_POINT ( 'NONE',  ( 0.003484548935050999809, -0.001995352826075999855, 0.001596175241901999975 ) ) ;
#1575 = CARTESIAN_POINT ( 'NONE',  ( 0.003449999999999999942, -0.001000000000000000021, 0.002799999999999999972 ) ) ;
#1576 = ADVANCED_FACE ( 'NONE', ( #137 ), #2174, .T. ) ;
#1577 = PLANE ( 'NONE',  #3777 ) ;
#1578 = ORIENTED_EDGE ( 'NONE', *, *, #4261, .T. ) ;
#1579 = DIRECTION ( 'NONE',  ( 0.08715574274766391127, 0.9961946980917451011, 0.000000000000000000 ) ) ;
#1580 = EDGE_LOOP ( 'NONE', ( #3314, #1443 ) ) ;
#1581 = FACE_OUTER_BOUND ( 'NONE', #1937, .T. ) ;
#1582 = DIRECTION ( 'NONE',  ( -1.000000000000000000, 1.084202172485504434E-15, 0.000000000000000000 ) ) ;
#1583 = ORIENTED_EDGE ( 'NONE', *, *, #3444, .F. ) ;
#1584 = FILL_AREA_STYLE ('',( #3753 ) ) ;
#1585 = ORIENTED_EDGE ( 'NONE', *, *, #2301, .T. ) ;
#1586 = CARTESIAN_POINT ( 'NONE',  ( 0.000000000000000000, -0.003000000000000000062, 0.003000000000000000062 ) ) ;
#1587 = LINE ( 'NONE', #3329, #3422 ) ;
#1588 = DIRECTION ( 'NONE',  ( 1.000000000000000000, 0.000000000000000000, 0.000000000000000000 ) ) ;
#1589 = LINE ( 'NONE', #3644, #3903 ) ;
#1590 = DIRECTION ( 'NONE',  ( -0.000000000000000000, -0.000000000000000000, -1.000000000000000000 ) ) ;
#1591 = CARTESIAN_POINT ( 'NONE',  ( 0.007000000007018106728, 0.001594897864383520341, -1.844774974436787194E-05 ) ) ;
#1592 = DIRECTION ( 'NONE',  ( -0.000000000000000000, -0.000000000000000000, 1.000000000000000000 ) ) ;
#1593 = ORIENTED_EDGE ( 'NONE', *, *, #595, .T. ) ;
#1594 = DIRECTION ( 'NONE',  ( 2.776071171377701150E-12, -4.444641818623588356E-12, -1.000000000000000000 ) ) ;
#1595 = CARTESIAN_POINT ( 'NONE',  ( 0.003749522019965000497, 0.001742136713358999941, 0.001692141425761000111 ) ) ;
#1596 = DIRECTION ( 'NONE',  ( -1.000000000000000000, -0.000000000000000000, -0.000000000000000000 ) ) ;
#1597 = EDGE_CURVE ( 'NONE', #1550, #3596, #3794, .T. ) ;
#1598 = LINE ( 'NONE', #573, #2321 ) ;
#1599 = VERTEX_POINT ( 'NONE', #4138 ) ;
#1600 = DIRECTION ( 'NONE',  ( -0.9961946980917451011, 0.08715574274766391127, 0.000000000000000000 ) ) ;
#1601 = DIRECTION ( 'NONE',  ( 0.000000000000000000, 0.000000000000000000, 1.000000000000000000 ) ) ;
#1602 = VERTEX_POINT ( 'NONE', #3817 ) ;
#1603 = ORIENTED_EDGE ( 'NONE', *, *, #330, .T. ) ;
#1604 = EDGE_CURVE ( 'NONE', #4458, #3116, #4205, .T. ) ;
#1605 = VECTOR ( 'NONE', #639, 1.000000000000000000 ) ;
#1606 = DIRECTION ( 'NONE',  ( -1.000000000000000000, -0.000000000000000000, 0.000000000000000000 ) ) ;
#1607 = CARTESIAN_POINT ( 'NONE',  ( 0.003449999999999999942, 0.001000000000000000021, 0.002799999999999999972 ) ) ;
#1608 = VECTOR ( 'NONE', #3980, 1.000000000000000000 ) ;
#1609 = DIRECTION ( 'NONE',  ( 0.000000000000000000, 0.000000000000000000, -1.000000000000000000 ) ) ;
#1610 = DIRECTION ( 'NONE',  ( 0.000000000000000000, -0.000000000000000000, 1.000000000000000000 ) ) ;
#1611 =( NAMED_UNIT ( * ) PLANE_ANGLE_UNIT ( ) SI_UNIT ( $, .RADIAN. ) );
#1612 = DIRECTION ( 'NONE',  ( 1.000000000000000000, 0.000000000000000000, -0.000000000000000000 ) ) ;
#1613 = ORIENTED_EDGE ( 'NONE', *, *, #3251, .T. ) ;
#1614 = VECTOR ( 'NONE', #1642, 1.000000000000000000 ) ;
#1615 = LINE ( 'NONE', #3714, #716 ) ;
#1616 =( NAMED_UNIT ( * ) PLANE_ANGLE_UNIT ( ) SI_UNIT ( $, .RADIAN. ) );
#1617 = DIRECTION ( 'NONE',  ( -1.000000000000000000, -0.000000000000000000, -0.000000000000000000 ) ) ;
#1618 = AXIS2_PLACEMENT_3D ( 'NONE', #2798, #4183, #2465 ) ;
#1619 = ORIENTED_EDGE ( 'NONE', *, *, #4358, .T. ) ;
#1620 = DIRECTION ( 'NONE',  ( 0.000000000000000000, -0.000000000000000000, -1.000000000000000000 ) ) ;
#1621 = DIRECTION ( 'NONE',  ( 0.000000000000000000, -0.000000000000000000, 1.000000000000000000 ) ) ;
#1622 = CARTESIAN_POINT ( 'NONE',  ( 0.000000000000000000, 0.002700000000000000143, 0.003000000000000000062 ) ) ;
#1623 = ORIENTED_EDGE ( 'NONE', *, *, #2274, .T. ) ;
#1624 = ADVANCED_FACE ( 'NONE', ( #3463 ), #31, .T. ) ;
#1625 = VERTEX_POINT ( 'NONE', #2415 ) ;
#1626 = LINE ( 'NONE', #3743, #4059 ) ;
#1627 = EDGE_CURVE ( 'NONE', #2956, #496, #2068, .T. ) ;
#1628 = CIRCLE ( 'NONE', #3124, 0.0002999999999999999195 ) ;
#1629 = EDGE_CURVE ( 'NONE', #451, #1318, #348, .T. ) ;
#1630 = FACE_OUTER_BOUND ( 'NONE', #2662, .T. ) ;
#1631 = MECHANICAL_DESIGN_GEOMETRIC_PRESENTATION_REPRESENTATION (  '', ( #463 ), #3360 ) ;
#1632 = DIRECTION ( 'NONE',  ( 0.000000000000000000, 0.000000000000000000, -1.000000000000000000 ) ) ;
#1633 = FILL_AREA_STYLE_COLOUR ( '', #2113 ) ;
#1634 =( GEOMETRIC_REPRESENTATION_CONTEXT ( 3 ) GLOBAL_UNCERTAINTY_ASSIGNED_CONTEXT ( ( #4126 ) ) GLOBAL_UNIT_ASSIGNED_CONTEXT ( ( #1007, #557, #309 ) ) REPRESENTATION_CONTEXT ( 'NONE', 'WORKASPACE' ) );
#1635 = FILL_AREA_STYLE_COLOUR ( '', #2698 ) ;
#1636 = CARTESIAN_POINT ( 'NONE',  ( 0.003160000000000000048, -0.001000000000000000021, -0.003000000000000000496 ) ) ;
#1637 = EDGE_LOOP ( 'NONE', ( #4388, #452, #32, #3965 ) ) ;
#1638 = MECHANICAL_DESIGN_GEOMETRIC_PRESENTATION_REPRESENTATION (  '', ( #1403 ), #826 ) ;
#1639 = CARTESIAN_POINT ( 'NONE',  ( 0.003160000000000000048, -0.003000000000000000496, 0.001000000000000000021 ) ) ;
#1640 = CARTESIAN_POINT ( 'NONE',  ( 0.0003912844257252321291, 0.003382720489319147351, -0.001899999999999999996 ) ) ;
#1641 = EDGE_LOOP ( 'NONE', ( #2125, #2437, #4398, #4282 ) ) ;
#1642 = DIRECTION ( 'NONE',  ( -1.000000000000000000, -0.000000000000000000, -0.000000000000000000 ) ) ;
#1643 = PRESENTATION_STYLE_ASSIGNMENT (( #1253 ) ) ;
#1644 =( NAMED_UNIT ( * ) SI_UNIT ( $, .STERADIAN. ) SOLID_ANGLE_UNIT ( ) );
#1645 = ORIENTED_EDGE ( 'NONE', *, *, #634, .F. ) ;
#1646 = ORIENTED_EDGE ( 'NONE', *, *, #664, .F. ) ;
#1647 = FACE_OUTER_BOUND ( 'NONE', #3291, .T. ) ;
#1648 = EDGE_CURVE ( 'NONE', #2758, #3116, #2776, .T. ) ;
#1649 = AXIS2_PLACEMENT_3D ( 'NONE', #1167, #3178, #436 ) ;
#1650 = CARTESIAN_POINT ( 'NONE',  ( 0.0003912844257252190644, -0.003382720489318998165, -0.002599999999999999881 ) ) ;
#1651 = PRESENTATION_STYLE_ASSIGNMENT (( #281 ) ) ;
#1652 = MECHANICAL_DESIGN_GEOMETRIC_PRESENTATION_REPRESENTATION (  '', ( #3009 ), #985 ) ;
#1653 = PLANE ( 'NONE',  #540 ) ;
#1654 = CARTESIAN_POINT ( 'NONE',  ( 0.003449999999999999942, 0.000000000000000000, -0.003000000000000000062 ) ) ;
#1655 = CARTESIAN_POINT ( 'NONE',  ( 0.000000000000000000, -0.001250000000000000026, -0.003000000000000000062 ) ) ;
#1656 = CARTESIAN_POINT ( 'NONE',  ( 0.003449999999999999942, 0.001649999999999999991, -0.001649999999999999991 ) ) ;
#1657 = VERTEX_POINT ( 'NONE', #2080 ) ;
#1658 = DIRECTION ( 'NONE',  ( 1.000000000000000000, 0.000000000000000000, 0.000000000000000000 ) ) ;
#1659 = ORIENTED_EDGE ( 'NONE', *, *, #1077, .F. ) ;
#1660 = ORIENTED_EDGE ( 'NONE', *, *, #1015, .T. ) ;
#1661 = CARTESIAN_POINT ( 'NONE',  ( 0.003449999999999999942, 0.002799999999999999972, -0.001000000000000000021 ) ) ;
#1662 = CARTESIAN_POINT ( 'NONE',  ( 0.003749522019963999996, -0.001594172640075000201, -0.001565451909557000285 ) ) ;
#1663 = DIRECTION ( 'NONE',  ( 0.000000000000000000, 0.000000000000000000, 1.000000000000000000 ) ) ;
#1664 = AXIS2_PLACEMENT_3D ( 'NONE', #3438, #47, #4446 ) ;
#1665 = CARTESIAN_POINT ( 'NONE',  ( 0.000000000000000000, 0.004499999999999999660, -0.001899999999999999996 ) ) ;
#1666 = COLOUR_RGB ( '',0.2980392156862745057, 0.2980392156862745057, 0.2980392156862745057 ) ;
#1667 = DIRECTION ( 'NONE',  ( -0.000000000000000000, -0.000000000000000000, -1.000000000000000000 ) ) ;
#1668 = CARTESIAN_POINT ( 'NONE',  ( 0.003150000000000000022, 0.003000000000000000062, -0.002700000000000000143 ) ) ;
#1669 = EDGE_CURVE ( 'NONE', #4095, #1110, #2762, .T. ) ;
#1670 = VECTOR ( 'NONE', #233, 1.000000000000000000 ) ;
#1671 = CARTESIAN_POINT ( 'NONE',  ( 0.003500000000000000073, 0.001649999999999999991, 0.001649999999999999991 ) ) ;
#1672 = ORIENTED_EDGE ( 'NONE', *, *, #477, .F. ) ;
#1673 = CARTESIAN_POINT ( 'NONE',  ( 0.003750000000000208028, -0.001550000148470599042, 0.001650000000000032083 ) ) ;
#1674 = DIRECTION ( 'NONE',  ( 0.000000000000000000, 0.000000000000000000, -1.000000000000000000 ) ) ;
#1675 = VECTOR ( 'NONE', #2799, 1.000000000000000000 ) ;
#1676 = ORIENTED_EDGE ( 'NONE', *, *, #866, .F. ) ;
#1677 = EDGE_LOOP ( 'NONE', ( #2057, #2306, #2041, #1247, #2686, #3353, #3533, #2729, #1763, #4379 ) ) ;
#1678 = CARTESIAN_POINT ( 'NONE',  ( 0.001100000000000000066, -0.003000000000000000062, 0.003000000000000000062 ) ) ;
#1679 = CARTESIAN_POINT ( 'NONE',  ( 0.003749522019965000497, -0.001557863286641000258, -0.001607858574239000088 ) ) ;
#1680 = FACE_OUTER_BOUND ( 'NONE', #102, .T. ) ;
#1681 = UNCERTAINTY_MEASURE_WITH_UNIT (LENGTH_MEASURE( 1.000000000000000082E-05 ), #3831, 'distance_accuracy_value', 'NONE');
#1682 = AXIS2_PLACEMENT_3D ( 'NONE', #449, #127, #1832 ) ;
#1683 = LINE ( 'NONE', #3432, #1729 ) ;
#1684 = AXIS2_PLACEMENT_3D ( 'NONE', #3505, #395, #1787 ) ;
#1685 = DIRECTION ( 'NONE',  ( 0.000000000000000000, -1.000000000000000000, -0.000000000000000000 ) ) ;
#1686 = VECTOR ( 'NONE', #2744, 1.000000000000000000 ) ;
#1687 = CARTESIAN_POINT ( 'NONE',  ( 0.000000000000000000, 0.000000000000000000, 0.002599999999999999881 ) ) ;
#1688 = EDGE_CURVE ( 'NONE', #974, #1156, #21, .T. ) ;
#1689 = CARTESIAN_POINT ( 'NONE',  ( 0.000000000000000000, 0.003000000000000000062, -0.003000000000000000062 ) ) ;
#1690 = PRESENTATION_LAYER_ASSIGNMENT (  '', '', ( #2121 ) ) ;
#1691 = EDGE_CURVE ( 'NONE', #3804, #1544, #4423, .T. ) ;
#1692 = CARTESIAN_POINT ( 'NONE',  ( 0.000000000000000000, 0.002700000000000000143, 0.002700000000000000143 ) ) ;
#1693 = EDGE_CURVE ( 'NONE', #1657, #1958, #2107, .T. ) ;
#1694 = VERTEX_POINT ( 'NONE', #1780 ) ;
#1695 = CARTESIAN_POINT ( 'NONE',  ( 0.003750000000000364153, -0.001707799063216718831, 0.001749999833564596383 ) ) ;
#1696 = ADVANCED_FACE ( 'NONE', ( #3154 ), #2639, .T. ) ;
#1697 =( GEOMETRIC_REPRESENTATION_CONTEXT ( 3 ) GLOBAL_UNCERTAINTY_ASSIGNED_CONTEXT ( ( #2993 ) ) GLOBAL_UNIT_ASSIGNED_CONTEXT ( ( #3089, #3071, #630 ) ) REPRESENTATION_CONTEXT ( 'NONE', 'WORKASPACE' ) );
#1698 = EDGE_CURVE ( 'NONE', #577, #55, #1450, .T. ) ;
#1699 =( GEOMETRIC_REPRESENTATION_CONTEXT ( 3 ) GLOBAL_UNCERTAINTY_ASSIGNED_CONTEXT ( ( #3854 ) ) GLOBAL_UNIT_ASSIGNED_CONTEXT ( ( #3311, #3979, #1541 ) ) REPRESENTATION_CONTEXT ( 'NONE', 'WORKASPACE' ) );
#1700 = ORIENTED_EDGE ( 'NONE', *, *, #231, .F. ) ;
#1701 = ORIENTED_EDGE ( 'NONE', *, *, #2613, .F. ) ;
#1702 = DIRECTION ( 'NONE',  ( 1.000000000000000000, 0.000000000000000000, -0.000000000000000000 ) ) ;
#1703 = VERTEX_POINT ( 'NONE', #2146 ) ;
#1704 = CARTESIAN_POINT ( 'NONE',  ( 0.003759487639609000037, 0.001892547719628999902, -0.001687802117100000018 ) ) ;
#1705 = EDGE_LOOP ( 'NONE', ( #92, #3218, #3028, #554 ) ) ;
#1706 = CIRCLE ( 'NONE', #3738, 9.999999999999999124E-05 ) ;
#1707 = DIRECTION ( 'NONE',  ( -1.000000000000000000, -0.000000000000000000, -0.000000000000000000 ) ) ;
#1708 = CARTESIAN_POINT ( 'NONE',  ( 0.003150000000000000022, 0.003000000000000000062, 0.000000000000000000 ) ) ;
#1709 = ORIENTED_EDGE ( 'NONE', *, *, #3414, .T. ) ;
#1710 = PLANE ( 'NONE',  #905 ) ;
#1711 = EDGE_LOOP ( 'NONE', ( #2127, #2100 ) ) ;
#1712 = FACE_OUTER_BOUND ( 'NONE', #4212, .T. ) ;
#1713 = ADVANCED_FACE ( 'NONE', ( #3871 ), #1845, .T. ) ;
#1714 = ORIENTED_EDGE ( 'NONE', *, *, #73, .F. ) ;
#1715 = EDGE_LOOP ( 'NONE', ( #1513, #4352, #1525, #3823 ) ) ;
#1716 = LINE ( 'NONE', #698, #2899 ) ;
#1717 = EDGE_CURVE ( 'NONE', #150, #688, #11, .T. ) ;
#1718 = CARTESIAN_POINT ( 'NONE',  ( 0.000000000000000000, 0.003000000000000000062, 0.001250000000000000243 ) ) ;
#1719 = VERTEX_POINT ( 'NONE', #2054 ) ;
#1720 = DIRECTION ( 'NONE',  ( -1.000000000000000000, -0.000000000000000000, -0.000000000000000000 ) ) ;
#1722 = ORIENTED_EDGE ( 'NONE', *, *, #4475, .T. ) ;
#1721 = EDGE_CURVE ( 'NONE', #1984, #3152, #2749, .T. ) ;
#1723 = DIRECTION ( 'NONE',  ( 0.000000000000000000, 0.000000000000000000, -1.000000000000000000 ) ) ;
#1724 = DIRECTION ( 'NONE',  ( -1.000000000000000000, 0.000000000000000000, 0.000000000000000000 ) ) ;
#1725 = DIRECTION ( 'NONE',  ( -1.000000000000000000, 0.000000000000000000, 0.000000000000000000 ) ) ;
#1726 = CARTESIAN_POINT ( 'NONE',  ( 0.0003912844257251999825, -0.003382720489318999900, 0.002599999999999999881 ) ) ;
#1727 =( LENGTH_UNIT ( ) NAMED_UNIT ( * ) SI_UNIT ( $, .METRE. ) );
#1728 = AXIS2_PLACEMENT_3D ( 'NONE', #4161, #30, #4450 ) ;
#1729 = VECTOR ( 'NONE', #2761, 1.000000000000000000 ) ;
#1730 = AXIS2_PLACEMENT_3D ( 'NONE', #3151, #775, #2702 ) ;
#1731 = DIRECTION ( 'NONE',  ( -1.000000000000000000, -0.000000000000000000, -0.000000000000000000 ) ) ;
#1732 = VERTEX_POINT ( 'NONE', #721 ) ;
#1733 = ORIENTED_EDGE ( 'NONE', *, *, #2683, .F. ) ;
#1734 = AXIS2_PLACEMENT_3D ( 'NONE', #2864, #1917, #1888 ) ;
#1735 = AXIS2_PLACEMENT_3D ( 'NONE', #1071, #394, #1487 ) ;
#1736 = AXIS2_PLACEMENT_3D ( 'NONE', #4327, #4029, #4371 ) ;
#1737 = CARTESIAN_POINT ( 'NONE',  ( 0.003749522019965000064, -0.001650000002149999787, 0.001734548089022999945 ) ) ;
#1738 = CARTESIAN_POINT ( 'NONE',  ( 0.0002999999999999999737, -0.003000000000000000062, 0.001899999999999999996 ) ) ;
#1739 = FILL_AREA_STYLE_COLOUR ( '', #369 ) ;
#1740 = ORIENTED_EDGE ( 'NONE', *, *, #3970, .T. ) ;
#1741 = VERTEX_POINT ( 'NONE', #2420 ) ;
#1742 = AXIS2_PLACEMENT_3D ( 'NONE', #3216, #109, #2912 ) ;
#1743 = CARTESIAN_POINT ( 'NONE',  ( 0.003749522019965000497, -0.001742136713358999941, 0.001607858574239000088 ) ) ;
#1744 = CIRCLE ( 'NONE', #4359, 0.0002999999999999999195 ) ;
#1745 = DIRECTION ( 'NONE',  ( -1.000000000000000000, 0.000000000000000000, -0.000000000000000000 ) ) ;
#1746 = EDGE_CURVE ( 'NONE', #2256, #2411, #2148, .T. ) ;
#1747 = VERTEX_POINT ( 'NONE', #34 ) ;
#1748 = CARTESIAN_POINT ( 'NONE',  ( 0.003749999999999456459, -0.001649999997457002928, -0.001749999835034684757 ) ) ;
#1749 = EDGE_CURVE ( 'NONE', #3774, #4467, #2494, .T. ) ;
#1750 = VECTOR ( 'NONE', #715, 1.000000000000000000 ) ;
#1751 = ADVANCED_FACE ( 'NONE', ( #3447 ), #58, .T. ) ;
#1752 = ORIENTED_EDGE ( 'NONE', *, *, #82, .T. ) ;
#1753 = DIRECTION ( 'NONE',  ( 0.000000000000000000, 1.000000000000000000, 0.000000000000000000 ) ) ;
#1754 = EDGE_CURVE ( 'NONE', #3345, #1035, #4209, .T. ) ;
#1755 = PRESENTATION_STYLE_ASSIGNMENT (( #3179 ) ) ;
#1756 = VECTOR ( 'NONE', #1117, 1.000000000000000000 ) ;
#1757 = CARTESIAN_POINT ( 'NONE',  ( 0.003449999999999999942, -0.001649999999999999991, 0.001299999999999999940 ) ) ;
#1758 = DIRECTION ( 'NONE',  ( 0.000000000000000000, 0.000000000000000000, 1.000000000000000000 ) ) ;
#1759 = STYLED_ITEM ( 'NONE', ( #1950 ), #751 ) ;
#1760 = CARTESIAN_POINT ( 'NONE',  ( 0.003645476736786000191, 0.001650000009142999933, 0.001290512853641999922 ) ) ;
#1761 =( LENGTH_UNIT ( ) NAMED_UNIT ( * ) SI_UNIT ( $, .METRE. ) );
#1762 = LINE ( 'NONE', #4463, #1474 ) ;
#1763 = ORIENTED_EDGE ( 'NONE', *, *, #4159, .F. ) ;
#1764 = PRODUCT_CONTEXT ( 'NONE', #1224, 'mechanical' ) ;
#1765 = AXIS2_PLACEMENT_3D ( 'NONE', #438, #3283, #3206 ) ;
#1766 =( LENGTH_UNIT ( ) NAMED_UNIT ( * ) SI_UNIT ( $, .METRE. ) );
#1767 = EDGE_LOOP ( 'NONE', ( #2267, #4307, #2221, #2198 ) ) ;
#1768 = LINE ( 'NONE', #2711, #3117 ) ;
#1769 = ORIENTED_EDGE ( 'NONE', *, *, #2988, .F. ) ;
#1770 = CARTESIAN_POINT ( 'NONE',  ( 0.003645476736785999757, -0.001258247030612000012, 0.001470820323908000101 ) ) ;
#1771 = CARTESIAN_POINT ( 'NONE',  ( 0.006919384147009934385, -0.001677214568990448729, 1.939988457731363155E-05 ) ) ;
#1772 = ADVANCED_FACE ( 'NONE', ( #1085 ), #1797, .T. ) ;
#1773 = ORIENTED_EDGE ( 'NONE', *, *, #2898, .F. ) ;
#1774 = CARTESIAN_POINT ( 'NONE',  ( 0.003160000000000000048, 0.002700000000000000143, 0.003000000000000000062 ) ) ;
#1775 = UNCERTAINTY_MEASURE_WITH_UNIT (LENGTH_MEASURE( 1.000000000000000082E-05 ), #1181, 'distance_accuracy_value', 'NONE');
#1776 = PLANE ( 'NONE',  #516 ) ;
#1777 = ORIENTED_EDGE ( 'NONE', *, *, #714, .T. ) ;
#1778 = CARTESIAN_POINT ( 'NONE',  ( 0.000000000000000000, -0.004499999999999999660, -0.002599999999999999881 ) ) ;
#1779 = DIRECTION ( 'NONE',  ( 1.000000000000000000, 0.000000000000000000, 0.000000000000000000 ) ) ;
#1780 = CARTESIAN_POINT ( 'NONE',  ( 0.003160000000000000048, 0.001000000000000000021, -0.002799999999999999972 ) ) ;
#1781 = CARTESIAN_POINT ( 'NONE',  ( 0.003645476736786000191, -0.002005199035302000082, 0.001705359314640000077 ) ) ;
#1782 = EDGE_CURVE ( 'NONE', #1945, #3196, #1716, .T. ) ;
#1783 = CARTESIAN_POINT ( 'NONE',  ( 0.003500000000000000073, -0.001649999999999999991, -0.001649999999999999991 ) ) ;
#1784 = DIRECTION ( 'NONE',  ( -1.000000000000000000, -0.000000000000000000, -0.000000000000000000 ) ) ;
#1785 = CARTESIAN_POINT ( 'NONE',  ( 0.003484548935050999809, -0.001304647173923999910, -0.001596175241901999975 ) ) ;
#1786 = PLANE ( 'NONE',  #1735 ) ;
#1787 = DIRECTION ( 'NONE',  ( 0.000000000000000000, 0.000000000000000000, -1.000000000000000000 ) ) ;
#1788 = CARTESIAN_POINT ( 'NONE',  ( 0.003500000000000000073, -0.001649999999999999991, 0.002000000000000000042 ) ) ;
#1789 = ORIENTED_EDGE ( 'NONE', *, *, #2579, .F. ) ;
#1790 =( LENGTH_UNIT ( ) NAMED_UNIT ( * ) SI_UNIT ( $, .METRE. ) );
#1791 = CARTESIAN_POINT ( 'NONE',  ( 0.003749522019965000064, 0.001733539563858999726, -0.001636979991253000033 ) ) ;
#1792 = ORIENTED_EDGE ( 'NONE', *, *, #4338, .T. ) ;
#1793 = CARTESIAN_POINT ( 'NONE',  ( 0.003749522019965000497, -0.001705827364226000092, 0.001734548087603000194 ) ) ;
#1794 = CIRCLE ( 'NONE', #3527, 0.0003499999999999999964 ) ;
#1795 = EDGE_LOOP ( 'NONE', ( #2320, #3740, #163, #2772, #2077, #2307, #3298, #2326, #941, #319, #2063, #2879, #2039, #1367, #428, #3088, #890, #1016, #3260, #2823, #3517, #1012, #1999, #1473 ) ) ;
#1796 = ORIENTED_EDGE ( 'NONE', *, *, #965, .T. ) ;
#1797 = PLANE ( 'NONE',  #3349 ) ;
#1798 = VERTEX_POINT ( 'NONE', #2780 ) ;
#1799 = DIRECTION ( 'NONE',  ( 0.9961946980918120476, -0.08715574274689893985, 0.000000000000000000 ) ) ;
#1800 = DIRECTION ( 'NONE',  ( -0.000000000000000000, -0.000000000000000000, 1.000000000000000000 ) ) ;
#1801 = ORIENTED_EDGE ( 'NONE', *, *, #2329, .F. ) ;
#1802 = FACE_OUTER_BOUND ( 'NONE', #2931, .T. ) ;
#1803 = CARTESIAN_POINT ( 'NONE',  ( 0.003484548935050999809, -0.001419209496469000078, -0.001999522066484999902 ) ) ;
#1804 = CARTESIAN_POINT ( 'NONE',  ( 0.003160000000000000048, -0.003000000000000000062, 0.003000000000000000062 ) ) ;
#1805 = CARTESIAN_POINT ( 'NONE',  ( 0.003749522019965000497, 0.001594172640075000201, 0.001565451909557000285 ) ) ;
#1806 = CARTESIAN_POINT ( 'NONE',  ( 0.0008000000000000000383, -0.003000000000000000062, 0.003000000000000000062 ) ) ;
#1807 = ORIENTED_EDGE ( 'NONE', *, *, #2354, .F. ) ;
#1808 = ORIENTED_EDGE ( 'NONE', *, *, #1928, .F. ) ;
#1809 = EDGE_CURVE ( 'NONE', #1599, #1703, #2444, .T. ) ;
#1810 = EDGE_CURVE ( 'NONE', #1329, #2609, #403, .T. ) ;
#1811 = FILL_AREA_STYLE_COLOUR ( '', #585 ) ;
#1812 = STYLED_ITEM ( 'NONE', ( #4250 ), #2219 ) ;
#1813 = ORIENTED_EDGE ( 'NONE', *, *, #1147, .F. ) ;
#1814 = ORIENTED_EDGE ( 'NONE', *, *, #1827, .T. ) ;
#1815 = VECTOR ( 'NONE', #1542, 1.000000000000000000 ) ;
#1816 = DIRECTION ( 'NONE',  ( 0.000000000000000000, 0.000000000000000000, -1.000000000000000000 ) ) ;
#1817 = ORIENTED_EDGE ( 'NONE', *, *, #921, .T. ) ;
#1818 = CARTESIAN_POINT ( 'NONE',  ( 0.003160000000000000048, -0.002700000000000000143, -0.003000000000000000062 ) ) ;
#1819 = UNCERTAINTY_MEASURE_WITH_UNIT (LENGTH_MEASURE( 1.000000000000000082E-05 ), #1548, 'distance_accuracy_value', 'NONE');
#1820 = VERTEX_POINT ( 'NONE', #2939 ) ;
#1821 = ORIENTED_EDGE ( 'NONE', *, *, #893, .F. ) ;
#1822 =( LENGTH_UNIT ( ) NAMED_UNIT ( * ) SI_UNIT ( $, .METRE. ) );
#1823 = CIRCLE ( 'NONE', #882, 0.0003500000000000000507 ) ;
#1824 = DIRECTION ( 'NONE',  ( 0.000000000000000000, 0.000000000000000000, -1.000000000000000000 ) ) ;
#1825 = FILL_AREA_STYLE_COLOUR ( '', #2315 ) ;
#1826 = CARTESIAN_POINT ( 'NONE',  ( 0.003449999999999999942, 0.000000000000000000, 0.001000000000000000021 ) ) ;
#1827 = EDGE_CURVE ( 'NONE', #1161, #819, #3947, .T. ) ;
#1828 = CARTESIAN_POINT ( 'NONE',  ( 0.006804188484295556859, -0.001668246875557592539, 0.001003330751482644318 ) ) ;
#1829 = ORIENTED_EDGE ( 'NONE', *, *, #2371, .T. ) ;
#1830 = DIRECTION ( 'NONE',  ( -1.000000000000000000, 0.000000000000000000, -0.000000000000000000 ) ) ;
#1831 = ORIENTED_EDGE ( 'NONE', *, *, #2914, .T. ) ;
#1832 = DIRECTION ( 'NONE',  ( 1.000000000000000000, 0.000000000000000000, -0.000000000000000000 ) ) ;
#1833 = AXIS2_PLACEMENT_3D ( 'NONE', #3806, #705, #845 ) ;
#1834 = DIRECTION ( 'NONE',  ( 0.000000000000000000, 0.000000000000000000, -1.000000000000000000 ) ) ;
#1835 = EDGE_CURVE ( 'NONE', #1694, #178, #3658, .T. ) ;
#1836 = ORIENTED_EDGE ( 'NONE', *, *, #1478, .T. ) ;
#1837 = AXIS2_PLACEMENT_3D ( 'NONE', #2305, #3789, #74 ) ;
#1838 = ORIENTED_EDGE ( 'NONE', *, *, #4021, .F. ) ;
#1839 = CARTESIAN_POINT ( 'NONE',  ( 0.003150000000000000022, -0.002700000000000000143, 0.002700000000000000143 ) ) ;
#1840 = EDGE_CURVE ( 'NONE', #1719, #2530, #3921, .T. ) ;
#1841 = AXIS2_PLACEMENT_3D ( 'NONE', #3454, #339, #1725 ) ;
#1842 = ORIENTED_EDGE ( 'NONE', *, *, #3050, .T. ) ;
#1843 = DIRECTION ( 'NONE',  ( 0.000000000000000000, 0.000000000000000000, 1.000000000000000000 ) ) ;
#1844 = EDGE_LOOP ( 'NONE', ( #256, #3819, #1141, #4253, #3920 ) ) ;
#1845 =( BOUNDED_SURFACE ( )  B_SPLINE_SURFACE ( 3, 3, ( 
 ( #3209, #1781, #349, #4166 ),
 ( #429, #382, #3820, #1743 ),
 ( #1136, #2073, #3197, #3097 ),
 ( #4233, #4142, #4471, #2826 ),
 ( #2097, #3489, #3466, #3123 ),
 ( #1374, #1770, #2753, #3873 ),
 ( #355, #1037, #1061, #772 ) ),
 .UNSPECIFIED., .F., .F., .T. ) 
 B_SPLINE_SURFACE_WITH_KNOTS ( ( 4, 3, 4 ),
 ( 4, 4 ),
 ( 0.000000000000000000, 1.000000000000000000, 2.000000000000000000 ),
 ( 0.000000000000000000, 1.000000000000000000 ),
 .UNSPECIFIED. ) 
 GEOMETRIC_REPRESENTATION_ITEM ( )  RATIONAL_B_SPLINE_SURFACE ( (
 ( 1.458242986893000026, 1.129702315654999900, 1.129702315654999900, 1.458242986893000026),
 ( 1.118361851743000068, 0.8663960567681000535, 0.8663960567681000535, 1.118361851743000068),
 ( 1.118361851743000068, 0.8663960567681000535, 0.8663960567681000535, 1.118361851743000068),
 ( 1.458242986893000026, 1.129702315654999900, 1.129702315654999900, 1.458242986893000026),
 ( 1.118361851743000068, 0.8663960567681000535, 0.8663960567681000535, 1.118361851743000068),
 ( 1.118361851743000068, 0.8663960567681000535, 0.8663960567681000535, 1.118361851743000068),
 ( 1.458242986893000026, 1.129702315654999900, 1.129702315654999900, 1.458242986893000026) ) ) 
 REPRESENTATION_ITEM ( '' )  SURFACE ( )  );
#1846 = VECTOR ( 'NONE', #485, 1.000000000000000000 ) ;
#1847 = DIRECTION ( 'NONE',  ( -0.08715574274766391127, -0.9961946980917451011, 0.000000000000000000 ) ) ;
#1848 = VECTOR ( 'NONE', #2116, 1.000000000000000000 ) ;
#1849 = CARTESIAN_POINT ( 'NONE',  ( 0.003150000000000000022, -0.003000000000000000062, 0.000000000000000000 ) ) ;
#1850 = CARTESIAN_POINT ( 'NONE',  ( 0.0007805045099615573641, -0.003348668144332067088, 0.002599999999999999881 ) ) ;
#1851 = CARTESIAN_POINT ( 'NONE',  ( 0.0007805045099617000451, -0.003348668144331999868, -0.001899999999999999996 ) ) ;
#1852 = DIRECTION ( 'NONE',  ( 0.000000000000000000, -1.000000000000000000, 0.000000000000000000 ) ) ;
#1853 = SURFACE_STYLE_USAGE ( .BOTH. , #374 ) ;
#1854 = LINE ( 'NONE', #3234, #4228 ) ;
#1855 = ORIENTED_EDGE ( 'NONE', *, *, #411, .F. ) ;
#1856 = FACE_OUTER_BOUND ( 'NONE', #431, .T. ) ;
#1857 = VERTEX_POINT ( 'NONE', #112 ) ;
#1858 = DIRECTION ( 'NONE',  ( 1.000000000000000000, 0.000000000000000000, 0.000000000000000000 ) ) ;
#1859 = PRESENTATION_LAYER_ASSIGNMENT (  '', '', ( #1137 ) ) ;
#1860 = DIRECTION ( 'NONE',  ( 0.000000000000000000, 0.000000000000000000, -1.000000000000000000 ) ) ;
#1861 = EDGE_LOOP ( 'NONE', ( #4285, #3679, #3053, #4091 ) ) ;
#1862 = VERTEX_POINT ( 'NONE', #3221 ) ;
#1863 = CARTESIAN_POINT ( 'NONE',  ( 0.000000000000000000, -0.003000000000000000062, -0.002700000000000000143 ) ) ;
#1864 = EDGE_CURVE ( 'NONE', #3243, #2845, #1978, .T. ) ;
#1865 = CIRCLE ( 'NONE', #2010, 0.0003500000000000000507 ) ;
#1866 = FACE_OUTER_BOUND ( 'NONE', #1767, .T. ) ;
#1867 = VERTEX_POINT ( 'NONE', #1940 ) ;
#1868 = DIRECTION ( 'NONE',  ( -0.000000000000000000, 1.000000000000000000, 0.000000000000000000 ) ) ;
#1869 = ORIENTED_EDGE ( 'NONE', *, *, #3020, .T. ) ;
#1870 = EDGE_CURVE ( 'NONE', #211, #1329, #4254, .T. ) ;
#1871 = CARTESIAN_POINT ( 'NONE',  ( 0.000000000000000000, 0.003000000000000000062, -0.002700000000000000143 ) ) ;
#1872 = LINE ( 'NONE', #843, #3232 ) ;
#1873 = CARTESIAN_POINT ( 'NONE',  ( 0.0004000000000000000192, -0.003482339959128999841, 0.001899999999999999779 ) ) ;
#1874 = LINE ( 'NONE', #1463, #2195 ) ;
#1875 = CARTESIAN_POINT ( 'NONE',  ( 0.000000000000000000, -0.001250000000000000026, -0.003000000000000000062 ) ) ;
#1876 = LINE ( 'NONE', #1970, #1325 ) ;
#1877 = PLANE ( 'NONE',  #2416 ) ;
#1878 = VERTEX_POINT ( 'NONE', #2538 ) ;
#1879 = DIRECTION ( 'NONE',  ( 0.000000000000000000, 0.000000000000000000, -1.000000000000000000 ) ) ;
#1880 = ORIENTED_EDGE ( 'NONE', *, *, #866, .T. ) ;
#1881 = DIRECTION ( 'NONE',  ( 1.000000000000000000, 0.000000000000000000, 0.000000000000000000 ) ) ;
#1882 = CARTESIAN_POINT ( 'NONE',  ( 0.0008000000000000000383, -0.003000000000000000062, -0.002599999999999999881 ) ) ;
#1883 = CARTESIAN_POINT ( 'NONE',  ( 0.003645476736786000191, 0.002005199035302000082, 0.001594640685359999905 ) ) ;
#1884 = FACE_OUTER_BOUND ( 'NONE', #136, .T. ) ;
#1885 =( LENGTH_UNIT ( ) NAMED_UNIT ( * ) SI_UNIT ( $, .METRE. ) );
#1886 = EDGE_LOOP ( 'NONE', ( #1808, #1831, #3325, #2923, #2461 ) ) ;
#1887 = ORIENTED_EDGE ( 'NONE', *, *, #1477, .F. ) ;
#1888 = DIRECTION ( 'NONE',  ( 0.000000000000000000, -0.9999331121142338574, 0.01156595424265039959 ) ) ;
#1889 = AXIS2_PLACEMENT_3D ( 'NONE', #2481, #4154, #3161 ) ;
#1890 = AXIS2_PLACEMENT_3D ( 'NONE', #2786, #3474, #2523 ) ;
#1891 = AXIS2_PLACEMENT_3D ( 'NONE', #4297, #4322, #1932 ) ;
#1892 = ORIENTED_EDGE ( 'NONE', *, *, #946, .T. ) ;
#1893 = CARTESIAN_POINT ( 'NONE',  ( 0.006999999999999999278, -0.001469658840004604925, 0.0008838943024377478915 ) ) ;
#1894 = ORIENTED_EDGE ( 'NONE', *, *, #4299, .T. ) ;
#1895 = CARTESIAN_POINT ( 'NONE',  ( 0.003749522019965000497, -0.001705827359924999998, -0.001734548090442999914 ) ) ;
#1896 = AXIS2_PLACEMENT_3D ( 'NONE', #201, #4009, #2211 ) ;
#1897 = DIRECTION ( 'NONE',  ( -1.000000000000000000, 0.000000000000000000, 0.000000000000000000 ) ) ;
#1898 = EDGE_CURVE ( 'NONE', #486, #3804, #478, .T. ) ;
#1899 = LINE ( 'NONE', #2614, #3715 ) ;
#1900 = EDGE_CURVE ( 'NONE', #2609, #2986, #207, .T. ) ;
#1901 = DIRECTION ( 'NONE',  ( -0.000000000000000000, -0.000000000000000000, 1.000000000000000000 ) ) ;
#1902 = AXIS2_PLACEMENT_3D ( 'NONE', #314, #2333, #2695 ) ;
#1903 = DIRECTION ( 'NONE',  ( 0.000000000000000000, 0.000000000000000000, 1.000000000000000000 ) ) ;
#1904 = VECTOR ( 'NONE', #3866, 1.000000000000000000 ) ;
#1905 = CARTESIAN_POINT ( 'NONE',  ( 0.006919384147009934385, 1.939988424334650771E-05, 0.001677214568994311959 ) ) ;
#1906 = CARTESIAN_POINT ( 'NONE',  ( 0.000000000000000000, 0.000000000000000000, -0.002599999999999999881 ) ) ;
#1907 = EDGE_LOOP ( 'NONE', ( #2289, #3887, #3925, #1972 ) ) ;
#1908 = LINE ( 'NONE', #3535, #665 ) ;
#1909 = FACE_BOUND ( 'NONE', #3167, .T. ) ;
#1910 = CARTESIAN_POINT ( 'NONE',  ( 0.003759487639609000037, 0.001812088453780999866, 0.001895475861090999484 ) ) ;
#1911 = DIRECTION ( 'NONE',  ( 0.000000000000000000, 0.000000000000000000, 1.000000000000000000 ) ) ;
#1912 = CARTESIAN_POINT ( 'NONE',  ( 0.003449999999999999942, -0.002799999999999999972, 0.001000000000000000021 ) ) ;
#1913 = ORIENTED_EDGE ( 'NONE', *, *, #3524, .F. ) ;
#1914 = CARTESIAN_POINT ( 'NONE',  ( 0.000000000000000000, -0.003000000000000000062, -0.003000000000000000062 ) ) ;
#1915 = AXIS2_PLACEMENT_3D ( 'NONE', #1873, #2810, #4262 ) ;
#1916 = ORIENTED_EDGE ( 'NONE', *, *, #4309, .T. ) ;
#1917 = DIRECTION ( 'NONE',  ( 0.000000000000000000, -0.01156595424265039959, -0.9999331121142339684 ) ) ;
#1918 = MECHANICAL_DESIGN_GEOMETRIC_PRESENTATION_REPRESENTATION (  '', ( #3130 ), #3650 ) ;
#1919 = ORIENTED_EDGE ( 'NONE', *, *, #3162, .T. ) ;
#1920 = ORIENTED_EDGE ( 'NONE', *, *, #4478, .F. ) ;
#1921 = CARTESIAN_POINT ( 'NONE',  ( 0.0004000000000000000192, -0.003482339959128999841, -0.001899999999999999996 ) ) ;
#1922 = AXIS2_PLACEMENT_3D ( 'NONE', #2572, #2507, #143 ) ;
#1923 = EDGE_CURVE ( 'NONE', #3445, #2020, #162, .T. ) ;
#1924 = DIRECTION ( 'NONE',  ( 1.000000000000000000, 0.000000000000000000, 0.000000000000000000 ) ) ;
#1925 = CYLINDRICAL_SURFACE ( 'NONE', #3934, 0.0004000000000000000192 ) ;
#1926 = VECTOR ( 'NONE', #4258, 1.000000000000000000 ) ;
#1927 = DIRECTION ( 'NONE',  ( -1.000000000000000000, -0.000000000000000000, -0.000000000000000000 ) ) ;
#1928 = EDGE_CURVE ( 'NONE', #2850, #773, #3590, .T. ) ;
#1929 = ADVANCED_FACE ( 'NONE', ( #2518 ), #453, .T. ) ;
#1930 = LINE ( 'NONE', #873, #2759 ) ;
#1931 = FACE_OUTER_BOUND ( 'NONE', #645, .T. ) ;
#1932 = DIRECTION ( 'NONE',  ( -1.000000000000000000, 2.168404344971008868E-15, 0.000000000000000000 ) ) ;
#1933 = ORIENTED_EDGE ( 'NONE', *, *, #3467, .F. ) ;
#1934 = CARTESIAN_POINT ( 'NONE',  ( 0.003750000000000363719, 0.001649999997457002928, -0.001550000164965314141 ) ) ;
#1935 = CYLINDRICAL_SURFACE ( 'NONE', #1736, 9.999999999999999124E-05 ) ;
#1936 = CARTESIAN_POINT ( 'NONE',  ( 0.003449999999999999942, 0.003000000000000000062, 0.001000000000000000021 ) ) ;
#1937 = EDGE_LOOP ( 'NONE', ( #635, #1210, #3417, #3269 ) ) ;
#1938 = CARTESIAN_POINT ( 'NONE',  ( 0.003449999999999999942, -0.001649999999999999991, 0.002000000000000000042 ) ) ;
#1939 = ORIENTED_EDGE ( 'NONE', *, *, #1413, .T. ) ;
#1940 = CARTESIAN_POINT ( 'NONE',  ( 0.0002999999999999999737, 0.004499999999999999660, 0.002599999999999999881 ) ) ;
#1941 = PRODUCT_DEFINITION_FORMATION_WITH_SPECIFIED_SOURCE ( 'ANY', '', #1411, .NOT_KNOWN. ) ;
#1942 = DIRECTION ( 'NONE',  ( 0.000000000000000000, 0.000000000000000000, -1.000000000000000000 ) ) ;
#1943 = ORIENTED_EDGE ( 'NONE', *, *, #61, .F. ) ;
#1944 = FILL_AREA_STYLE_COLOUR ( '', #3587 ) ;
#1945 = VERTEX_POINT ( 'NONE', #2173 ) ;
#1946 = AXIS2_PLACEMENT_3D ( 'NONE', #488, #1897, #94 ) ;
#1947 = CARTESIAN_POINT ( 'NONE',  ( 0.003749522019963999996, -0.001649999997849999978, -0.001734548089022999945 ) ) ;
#1948 = CARTESIAN_POINT ( 'NONE',  ( 0.0002999999999999999737, -0.004499999999999999660, 0.002599999999999999881 ) ) ;
#1949 = DIRECTION ( 'NONE',  ( 1.107147288137227988E-12, -1.341891595963287086E-12, 1.000000000000000000 ) ) ;
#1950 = PRESENTATION_STYLE_ASSIGNMENT (( #3668 ) ) ;
#1951 = DIRECTION ( 'NONE',  ( 0.000000000000000000, 0.000000000000000000, -1.000000000000000000 ) ) ;
#1952 = CARTESIAN_POINT ( 'NONE',  ( 0.000000000000000000, -0.001250000000000000026, -0.001250000000000000026 ) ) ;
#1953 = ORIENTED_EDGE ( 'NONE', *, *, #1287, .T. ) ;
#1954 = CARTESIAN_POINT ( 'NONE',  ( 0.003500000000000000073, -0.001649999999999999991, 0.001299999999999999940 ) ) ;
#1955 = CARTESIAN_POINT ( 'NONE',  ( 0.003749522019963999996, 0.001705827359924999998, 0.001734548090442999914 ) ) ;
#1956 = CARTESIAN_POINT ( 'NONE',  ( 0.003449999999999999942, -0.001649999999999999991, 0.001299999999999999940 ) ) ;
#1957 = EDGE_CURVE ( 'NONE', #1199, #3177, #4267, .T. ) ;
#1958 = VERTEX_POINT ( 'NONE', #3562 ) ;
#1959 = EDGE_CURVE ( 'NONE', #2162, #3142, #3610, .T. ) ;
#1960 = CARTESIAN_POINT ( 'NONE',  ( 0.0007543577871373639571, -0.003049809734904589120, -0.002599999999999999881 ) ) ;
#1961 = SURFACE_STYLE_FILL_AREA ( #969 ) ;
#1962 = CARTESIAN_POINT ( 'NONE',  ( 0.003499999999999406364, 0.001749999999998970478, -0.001650000000000606927 ) ) ;
#1963 = VERTEX_POINT ( 'NONE', #1863 ) ;
#1964 = ORIENTED_EDGE ( 'NONE', *, *, #328, .F. ) ;
#1965 = PLANE ( 'NONE',  #3042 ) ;
#1966 = COLOUR_RGB ( '',0.2980392156862745057, 0.2980392156862745057, 0.2980392156862745057 ) ;
#1967 = VECTOR ( 'NONE', #1674, 1.000000000000000000 ) ;
#1968 = PRESENTATION_LAYER_ASSIGNMENT (  '', '', ( #358 ) ) ;
#1969 = VECTOR ( 'NONE', #2232, 1.000000000000000000 ) ;
#1970 = CARTESIAN_POINT ( 'NONE',  ( 0.000000000000000000, 0.003000000000000000062, 0.001899999999999999779 ) ) ;
#1971 = CARTESIAN_POINT ( 'NONE',  ( 0.003160000000000000048, -0.001000000000000000021, -0.002799999999999999972 ) ) ;
#1972 = ORIENTED_EDGE ( 'NONE', *, *, #3312, .F. ) ;
#1973 = VECTOR ( 'NONE', #1105, 1.000000000000000000 ) ;
#1974 = CARTESIAN_POINT ( 'NONE',  ( 0.000000000000000000, 0.004499999999999999660, 0.002599999999999999881 ) ) ;
#1975 = ADVANCED_FACE ( 'NONE', ( #133 ), #1521, .T. ) ;
#1976 = DIRECTION ( 'NONE',  ( -1.000000000000000000, -0.000000000000000000, -0.000000000000000000 ) ) ;
#1977 = MECHANICAL_DESIGN_GEOMETRIC_PRESENTATION_REPRESENTATION (  '', ( #3164 ), #3651 ) ;
#1978 = CIRCLE ( 'NONE', #3119, 0.0003500000000000000507 ) ;
#1979 = ORIENTED_EDGE ( 'NONE', *, *, #4237, .T. ) ;
#1980 = DIRECTION ( 'NONE',  ( 1.000000000000000000, 0.000000000000000000, 0.000000000000000000 ) ) ;
#1981 = CARTESIAN_POINT ( 'NONE',  ( 0.0007805045099617094776, -0.003348668144332108288, -0.002599999999999999881 ) ) ;
#1982 = EDGE_CURVE ( 'NONE', #2162, #1985, #503, .T. ) ;
#1983 = PRESENTATION_STYLE_ASSIGNMENT (( #2264 ) ) ;
#1984 = VERTEX_POINT ( 'NONE', #2917 ) ;
#1985 = VERTEX_POINT ( 'NONE', #4308 ) ;
#1986 = ADVANCED_FACE ( 'NONE', ( #1207 ), #2583, .T. ) ;
#1987 = CARTESIAN_POINT ( 'NONE',  ( 0.0003651377029009260735, -0.003083862079892298654, -0.002599999999999999881 ) ) ;
#1988 = VECTOR ( 'NONE', #3099, 1.000000000000000000 ) ;
#1989 =( BOUNDED_CURVE ( )  B_SPLINE_CURVE ( 3, ( #2191, #3607, #4326, #3963, #498, #2257, #3626 ),
 .UNSPECIFIED., .F., .T. ) 
 B_SPLINE_CURVE_WITH_KNOTS ( ( 4, 3, 4 ),
 ( 0.000000000000000000, 0.4999999912919316225, 1.000000000000000000 ),
 .UNSPECIFIED. ) 
 CURVE ( )  GEOMETRIC_REPRESENTATION_ITEM ( )  RATIONAL_B_SPLINE_CURVE ( ( 1.331632143799092560, 1.092052917006672841, 1.121427307714057076, 1.419755315921245042, 1.121427297322614036, 1.092052914960319532, 1.331632168834361529 ) ) 
 REPRESENTATION_ITEM ( '' )  );
#1990 = DIRECTION ( 'NONE',  ( -0.000000000000000000, -0.000000000000000000, 1.000000000000000000 ) ) ;
#1991 = AXIS2_PLACEMENT_3D ( 'NONE', #2975, #2643, #4024 ) ;
#1992 = CARTESIAN_POINT ( 'NONE',  ( 0.003160000000000000048, 0.000000000000000000, 0.000000000000000000 ) ) ;
#1993 = LINE ( 'NONE', #3331, #3628 ) ;
#1994 = CARTESIAN_POINT ( 'NONE',  ( 0.006804188484295555991, -0.001718482999495791596, -0.003339827032558670243 ) ) ;
#1995 = CARTESIAN_POINT ( 'NONE',  ( 0.0007500000000000000156, -0.003000000000000000062, -0.002599999999999999881 ) ) ;
#1996 = LINE ( 'NONE', #1246, #2241 ) ;
#1997 = DIRECTION ( 'NONE',  ( 1.000000000000000000, 0.000000000000000000, 0.000000000000000000 ) ) ;
#1998 = CARTESIAN_POINT ( 'NONE',  ( 0.003749999999999569650, 0.001707799060678742925, 0.001749999836504767710 ) ) ;
#1999 = ORIENTED_EDGE ( 'NONE', *, *, #480, .T. ) ;
#2000 =( LENGTH_UNIT ( ) NAMED_UNIT ( * ) SI_UNIT ( $, .METRE. ) );
#2001 = DIRECTION ( 'NONE',  ( 1.000000000000000000, 0.000000000000000000, -0.000000000000000000 ) ) ;
#2002 = ORIENTED_EDGE ( 'NONE', *, *, #1147, .T. ) ;
#2003 = ORIENTED_EDGE ( 'NONE', *, *, #1480, .F. ) ;
#2004 = ADVANCED_FACE ( 'NONE', ( #1581 ), #4333, .F. ) ;
#2005 = CARTESIAN_POINT ( 'NONE',  ( 0.003150000000000000022, 0.002700000000000000143, 0.002700000000000000143 ) ) ;
#2006 = CARTESIAN_POINT ( 'NONE',  ( 0.003759487639609000037, -0.001382491426695999946, -0.001527647115126999980 ) ) ;
#2007 = UNCERTAINTY_MEASURE_WITH_UNIT (LENGTH_MEASURE( 1.000000000000000082E-05 ), #2099, 'distance_accuracy_value', 'NONE');
#2008 = EDGE_CURVE ( 'NONE', #2440, #3514, #434, .T. ) ;
#2009 = FACE_BOUND ( 'NONE', #3511, .T. ) ;
#2010 = AXIS2_PLACEMENT_3D ( 'NONE', #3998, #2309, #3704 ) ;
#2011 = FACE_OUTER_BOUND ( 'NONE', #1184, .T. ) ;
#2012 = CARTESIAN_POINT ( 'NONE',  ( 0.003500000000000000073, -0.001649999999999999991, 0.001649999999999999991 ) ) ;
#2013 = VECTOR ( 'NONE', #130, 1.000000000000000000 ) ;
#2014 = DIRECTION ( 'NONE',  ( 0.000000000000000000, 0.000000000000000000, 1.000000000000000000 ) ) ;
#2015 = CARTESIAN_POINT ( 'NONE',  ( 0.003150000000000000022, -0.002700000000000000143, 0.002700000000000000143 ) ) ;
#2016 = VERTEX_POINT ( 'NONE', #3004 ) ;
#2017 = SURFACE_SIDE_STYLE ('',( #3326 ) ) ;
#2018 = DIRECTION ( 'NONE',  ( 0.000000000000000000, -1.000000000000000000, -0.000000000000000000 ) ) ;
#2019 = CARTESIAN_POINT ( 'NONE',  ( 0.003500000000000000073, -0.001649999999999999991, -0.001299999999999999940 ) ) ;
#2020 = VERTEX_POINT ( 'NONE', #4433 ) ;
#2021 = ORIENTED_EDGE ( 'NONE', *, *, #14, .T. ) ;
#2022 = CARTESIAN_POINT ( 'NONE',  ( 0.0007500000000000000156, 0.003000000000000000062, -0.001899999999999999996 ) ) ;
#2023 = CARTESIAN_POINT ( 'NONE',  ( 0.003645476736786000191, -0.001294800964697999900, -0.001705359314640000077 ) ) ;
#2024 = CARTESIAN_POINT ( 'NONE',  ( 0.003645476736786000191, 0.002005199035302000082, -0.001705359314640000077 ) ) ;
#2025 = ADVANCED_FACE ( 'NONE', ( #2287 ), #913, .T. ) ;
#2026 = DIRECTION ( 'NONE',  ( 0.000000000000000000, -0.000000000000000000, 1.000000000000000000 ) ) ;
#2027 = EDGE_CURVE ( 'NONE', #294, #33, #3421, .T. ) ;
#2028 = LINE ( 'NONE', #3711, #3214 ) ;
#2029 = STYLED_ITEM ( 'NONE', ( #3083 ), #2640 ) ;
#2030 = DIRECTION ( 'NONE',  ( -1.000000000000000000, -0.000000000000000000, -0.000000000000000000 ) ) ;
#2031 = EDGE_CURVE ( 'NONE', #1156, #4332, #3049, .T. ) ;
#2032 = FACE_OUTER_BOUND ( 'NONE', #2346, .T. ) ;
#2033 = CYLINDRICAL_SURFACE ( 'NONE', #1664, 0.0003499999999999999964 ) ;
#2034 = DIRECTION ( 'NONE',  ( 0.000000000000000000, 0.000000000000000000, 1.000000000000000000 ) ) ;
#2035 = ORIENTED_EDGE ( 'NONE', *, *, #2252, .T. ) ;
#2036 = CARTESIAN_POINT ( 'NONE',  ( 0.003470160231246000124, 0.002700000000000000143, -0.002700000000000000143 ) ) ;
#2037 = CIRCLE ( 'NONE', #2470, 0.0002999999999999999195 ) ;
#2038 = ORIENTED_EDGE ( 'NONE', *, *, #2439, .F. ) ;
#2039 = ORIENTED_EDGE ( 'NONE', *, *, #3768, .T. ) ;
#2040 = DIRECTION ( 'NONE',  ( -1.000000000000000000, 0.000000000000000000, 0.000000000000000000 ) ) ;
#2041 = ORIENTED_EDGE ( 'NONE', *, *, #4429, .F. ) ;
#2042 = DIRECTION ( 'NONE',  ( -1.000000000000000000, 0.000000000000000000, -0.000000000000000000 ) ) ;
#2043 = ORIENTED_EDGE ( 'NONE', *, *, #285, .T. ) ;
#2044 = CARTESIAN_POINT ( 'NONE',  ( 0.000000000000000000, -0.003000000000000000062, -0.003000000000000000062 ) ) ;
#2045 = AXIS2_PLACEMENT_3D ( 'NONE', #3069, #227, #268 ) ;
#2046 = EDGE_CURVE ( 'NONE', #2256, #3911, #1291, .T. ) ;
#2047 = CARTESIAN_POINT ( 'NONE',  ( 0.003449999999999999942, 0.001000000000000000021, 0.000000000000000000 ) ) ;
#2048 = VERTEX_POINT ( 'NONE', #4075 ) ;
#2049 = FACE_OUTER_BOUND ( 'NONE', #2055, .T. ) ;
#2050 = CARTESIAN_POINT ( 'NONE',  ( 0.003749522019963999996, -0.001557863286641000258, 0.001692141425761000111 ) ) ;
#2051 = EDGE_CURVE ( 'NONE', #2670, #1043, #3359, .T. ) ;
#2052 = ORIENTED_EDGE ( 'NONE', *, *, #978, .F. ) ;
#2053 = ORIENTED_EDGE ( 'NONE', *, *, #4309, .F. ) ;
#2054 = CARTESIAN_POINT ( 'NONE',  ( 0.000000000000000000, -0.003000000000000000496, 0.001250000000000000026 ) ) ;
#2055 = EDGE_LOOP ( 'NONE', ( #2745, #1317, #1489, #1709 ) ) ;
#2056 = CARTESIAN_POINT ( 'NONE',  ( 0.003484548935050999809, 0.002030893469802000448, -0.001475787210167000011 ) ) ;
#2057 = ORIENTED_EDGE ( 'NONE', *, *, #2827, .F. ) ;
#2058 =( NAMED_UNIT ( * ) SI_UNIT ( $, .STERADIAN. ) SOLID_ANGLE_UNIT ( ) );
#2059 = FACE_OUTER_BOUND ( 'NONE', #1886, .T. ) ;
#2060 = DIRECTION ( 'NONE',  ( -1.000000000000000000, 0.000000000000000000, 0.000000000000000000 ) ) ;
#2061 = FACE_OUTER_BOUND ( 'NONE', #3394, .T. ) ;
#2062 = DIRECTION ( 'NONE',  ( -1.000000000000000000, 0.000000000000000000, 0.000000000000000000 ) ) ;
#2063 = ORIENTED_EDGE ( 'NONE', *, *, #2356, .T. ) ;
#2064 = APPLICATION_PROTOCOL_DEFINITION ( 'draft international standard', 'automotive_design', 1998, #3448 ) ;
#2065 = DIRECTION ( 'NONE',  ( 0.9961946980917451011, 0.08715574274766391127, 0.000000000000000000 ) ) ;
#2066 = EDGE_CURVE ( 'NONE', #1222, #3538, #253, .T. ) ;
#2067 = ADVANCED_FACE ( 'NONE', ( #2820 ), #4206, .F. ) ;
#2068 = LINE ( 'NONE', #3462, #1750 ) ;
#2069 = ADVANCED_FACE ( 'NONE', ( #670 ), #2727, .F. ) ;
#2070 = CARTESIAN_POINT ( 'NONE',  ( 0.0004000000000000000192, 0.003482339959128999841, -0.001899999999999999996 ) ) ;
#2071 = ORIENTED_EDGE ( 'NONE', *, *, #1304, .T. ) ;
#2072 = ORIENTED_EDGE ( 'NONE', *, *, #617, .F. ) ;
#2073 = CARTESIAN_POINT ( 'NONE',  ( 0.003645476736785999757, -0.001887370454376999978, 0.001290512847605000029 ) ) ;
#2074 = DIRECTION ( 'NONE',  ( 0.000000000000000000, -0.000000000000000000, 1.000000000000000000 ) ) ;
#2075 = EDGE_LOOP ( 'NONE', ( #4436, #3971, #420, #697 ) ) ;
#2076 = CARTESIAN_POINT ( 'NONE',  ( 0.003749522019965000497, 0.001557863284497000003, -0.001607858578926000008 ) ) ;
#2077 = ORIENTED_EDGE ( 'NONE', *, *, #3967, .T. ) ;
#2078 = LINE ( 'NONE', #758, #594 ) ;
#2079 = CARTESIAN_POINT ( 'NONE',  ( 0.000000000000000000, 0.003000000000000000062, -0.003000000000000000062 ) ) ;
#2080 = CARTESIAN_POINT ( 'NONE',  ( 0.0002999999999999999737, -0.003482339959128999841, -0.002599999999999999881 ) ) ;
#2081 =( LENGTH_UNIT ( ) NAMED_UNIT ( * ) SI_UNIT ( $, .METRE. ) );
#2082 = AXIS2_PLACEMENT_3D ( 'NONE', #4028, #609, #3317 ) ;
#2083 = VECTOR ( 'NONE', #3408, 1.000000000000000222 ) ;
#2084 = CARTESIAN_POINT ( 'NONE',  ( 0.003749522019965000497, 0.001705827364226000092, 0.001565451912397000005 ) ) ;
#2085 = AXIS2_PLACEMENT_3D ( 'NONE', #4215, #1316, #886 ) ;
#2086 = CARTESIAN_POINT ( 'NONE',  ( 0.003449999999999999942, 0.001649999999999999991, 0.001299999999999999940 ) ) ;
#2087 = EDGE_LOOP ( 'NONE', ( #1006, #1212, #1349, #1065 ) ) ;
#2088 =( NAMED_UNIT ( * ) SI_UNIT ( $, .STERADIAN. ) SOLID_ANGLE_UNIT ( ) );
#2089 = ORIENTED_EDGE ( 'NONE', *, *, #3768, .F. ) ;
#2090 = VECTOR ( 'NONE', #1312, 1.000000000000000000 ) ;
#2091 = VECTOR ( 'NONE', #2348, 1.000000000000000000 ) ;
#2092 = CARTESIAN_POINT ( 'NONE',  ( 0.003645476736785999757, -0.001258247039725999931, 0.001829179696019000035 ) ) ;
#2093 = EDGE_CURVE ( 'NONE', #456, #3177, #648, .T. ) ;
#2094 =( LENGTH_UNIT ( ) NAMED_UNIT ( * ) SI_UNIT ( $, .METRE. ) );
#2095 = ORIENTED_EDGE ( 'NONE', *, *, #3096, .F. ) ;
#2096 = ORIENTED_EDGE ( 'NONE', *, *, #1178, .T. ) ;
#2097 = CARTESIAN_POINT ( 'NONE',  ( 0.003484548935050999809, -0.001419209496469000078, 0.001300477933515000080 ) ) ;
#2098 = ADVANCED_FACE ( 'NONE', ( #2490 ), #1371, .T. ) ;
#2099 =( LENGTH_UNIT ( ) NAMED_UNIT ( * ) SI_UNIT ( $, .METRE. ) );
#2100 = ORIENTED_EDGE ( 'NONE', *, *, #1923, .F. ) ;
#2101 = CARTESIAN_POINT ( 'NONE',  ( 0.003749522019963999996, 0.001594172635774000323, -0.001565451912397000005 ) ) ;
#2102 = CARTESIAN_POINT ( 'NONE',  ( 0.003160000000000000048, -0.002700000000000000143, -0.002700000000000000143 ) ) ;
#2103 = VECTOR ( 'NONE', #2197, 1.000000000000000000 ) ;
#2104 = ORIENTED_EDGE ( 'NONE', *, *, #260, .T. ) ;
#2105 = CARTESIAN_POINT ( 'NONE',  ( 0.003750000000000208028, -0.001550000148470599042, 0.001650000000000032083 ) ) ;
#2106 = FILL_AREA_STYLE ('',( #2451 ) ) ;
#2107 = LINE ( 'NONE', #2452, #4133 ) ;
#2108 = LINE ( 'NONE', #980, #958 ) ;
#2109 = FACE_OUTER_BOUND ( 'NONE', #84, .T. ) ;
#2110 = PRESENTATION_LAYER_ASSIGNMENT (  '', '', ( #4289 ) ) ;
#2111 = DIRECTION ( 'NONE',  ( 1.000000000000000000, 0.000000000000000000, 0.000000000000000000 ) ) ;
#2112 = FACE_OUTER_BOUND ( 'NONE', #1381, .T. ) ;
#2113 = COLOUR_RGB ( '',0.2980392156862745057, 0.2980392156862745057, 0.2980392156862745057 ) ;
#2114 = CARTESIAN_POINT ( 'NONE',  ( 0.003645476736785999757, 0.002041752969387999970, 0.001470820323908000101 ) ) ;
#2115 = FACE_OUTER_BOUND ( 'NONE', #4465, .T. ) ;
#2116 = DIRECTION ( 'NONE',  ( -1.000000000000000000, -0.000000000000000000, 0.000000000000000000 ) ) ;
#2117 = EDGE_LOOP ( 'NONE', ( #1813, #293, #3090, #245 ) ) ;
#2118 = CARTESIAN_POINT ( 'NONE',  ( 0.003449999999999999942, 0.001649999999999999991, -0.001299999999999999940 ) ) ;
#2119 =( BOUNDED_SURFACE ( )  B_SPLINE_SURFACE ( 3, 3, ( 
 ( #71, #2225, #2291, #891 ),
 ( #212, #2895, #415, #1258 ),
 ( #3528, #2968, #3159, #1895 ),
 ( #535, #2570, #4360, #1947 ),
 ( #1803, #3181, #2633, #3663 ),
 ( #4017, #3681, #1464, #4288 ),
 ( #1785, #46, #1439, #865 ) ),
 .UNSPECIFIED., .F., .F., .T. ) 
 B_SPLINE_SURFACE_WITH_KNOTS ( ( 4, 3, 4 ),
 ( 4, 4 ),
 ( 0.000000000000000000, 1.000000000000000000, 2.000000000000000000 ),
 ( 0.000000000000000000, 1.000000000000000000 ),
 .UNSPECIFIED. ) 
 GEOMETRIC_REPRESENTATION_ITEM ( )  RATIONAL_B_SPLINE_SURFACE ( (
 ( 1.458242986893000026, 1.129702315654999900, 1.129702315654999900, 1.458242986893000026),
 ( 1.118361851743000068, 0.8663960567681000535, 0.8663960567681000535, 1.118361851743000068),
 ( 1.118361851743000068, 0.8663960567681000535, 0.8663960567681000535, 1.118361851743000068),
 ( 1.458242986893000026, 1.129702315654999900, 1.129702315654999900, 1.458242986893000026),
 ( 1.118361851743000068, 0.8663960567681000535, 0.8663960567681000535, 1.118361851743000068),
 ( 1.118361851743000068, 0.8663960567681000535, 0.8663960567681000535, 1.118361851743000068),
 ( 1.458242986893000026, 1.129702315654999900, 1.129702315654999900, 1.458242986893000026) ) ) 
 REPRESENTATION_ITEM ( '' )  SURFACE ( )  );
#2120 = ORIENTED_EDGE ( 'NONE', *, *, #944, .F. ) ;
#2121 = STYLED_ITEM ( 'NONE', ( #3643 ), #3969 ) ;
#2122 = VECTOR ( 'NONE', #259, 1.000000000000000000 ) ;
#2123 = VERTEX_POINT ( 'NONE', #3869 ) ;
#2124 = CARTESIAN_POINT ( 'NONE',  ( 0.003645476736786000191, 0.001294800967513999937, 0.001594640667291999901 ) ) ;
#2125 = ORIENTED_EDGE ( 'NONE', *, *, #480, .F. ) ;
#2126 = DIRECTION ( 'NONE',  ( 0.000000000000000000, -1.000000000000000000, -0.000000000000000000 ) ) ;
#2127 = ORIENTED_EDGE ( 'NONE', *, *, #4296, .F. ) ;
#2128 = DIRECTION ( 'NONE',  ( 1.000000000000000000, 0.000000000000000000, -0.000000000000000000 ) ) ;
#2129 = UNCERTAINTY_MEASURE_WITH_UNIT (LENGTH_MEASURE( 1.000000000000000082E-05 ), #1790, 'distance_accuracy_value', 'NONE');
#2130 = CARTESIAN_POINT ( 'NONE',  ( 0.003160000000000000048, -0.001000000000000000021, 0.002799999999999999972 ) ) ;
#2131 = ORIENTED_EDGE ( 'NONE', *, *, #3288, .F. ) ;
#2132 = CARTESIAN_POINT ( 'NONE',  ( 0.0007500000000000000156, 0.003000000000000000062, 0.001899999999999999779 ) ) ;
#2133 = DIRECTION ( 'NONE',  ( 0.000000000000000000, 0.000000000000000000, 1.000000000000000000 ) ) ;
#2134 = ADVANCED_FACE ( 'NONE', ( #1424 ), #1010, .F. ) ;
#2135 = CARTESIAN_POINT ( 'NONE',  ( 0.0007805045099615573641, -0.003348668144332067088, 0.001899999999999999779 ) ) ;
#2136 = FACE_OUTER_BOUND ( 'NONE', #596, .T. ) ;
#2137 = DIRECTION ( 'NONE',  ( 1.000000000000000000, 0.000000000000000000, -0.000000000000000000 ) ) ;
#2138 = CARTESIAN_POINT ( 'NONE',  ( 0.003749522019965000064, 0.001566460435479000071, 0.001663020004498000142 ) ) ;
#2139 = LINE ( 'NONE', #3114, #310 ) ;
#2140 = EDGE_LOOP ( 'NONE', ( #2104, #3487, #3543, #3242, #812 ) ) ;
#2141 = CARTESIAN_POINT ( 'NONE',  ( 0.003450000000043473847, 0.000000000000000000, 0.000000000000000000 ) ) ;
#2142 = LINE ( 'NONE', #51, #1973 ) ;
#2143 = ORIENTED_EDGE ( 'NONE', *, *, #1172, .T. ) ;
#2144 = PLANE ( 'NONE',  #4003 ) ;
#2145 = ORIENTED_EDGE ( 'NONE', *, *, #3223, .F. ) ;
#2146 = CARTESIAN_POINT ( 'NONE',  ( 0.000000000000000000, 0.001250000000000000026, 0.003000000000000000496 ) ) ;
#2147 = ORIENTED_EDGE ( 'NONE', *, *, #236, .T. ) ;
#2148 = LINE ( 'NONE', #2847, #1380 ) ;
#2149 = CARTESIAN_POINT ( 'NONE',  ( 0.003470160231246000124, 0.002700000000000000143, -0.002700000000000000143 ) ) ;
#2150 = ORIENTED_EDGE ( 'NONE', *, *, #1900, .T. ) ;
#2151 = CARTESIAN_POINT ( 'NONE',  ( 0.000000000000000000, -0.001250000000000000243, 0.003000000000000000062 ) ) ;
#2152 = CARTESIAN_POINT ( 'NONE',  ( 0.0004000000000000000192, -0.003482339959128999841, -0.002599999999999999881 ) ) ;
#2153 = ORIENTED_EDGE ( 'NONE', *, *, #946, .F. ) ;
#2154 = DIRECTION ( 'NONE',  ( 0.000000000000000000, 0.000000000000000000, 1.000000000000000000 ) ) ;
#2155 = ADVANCED_FACE ( 'NONE', ( #1712 ), #1397, .T. ) ;
#2156 = CARTESIAN_POINT ( 'NONE',  ( 0.0007805045099615573641, 0.003348668144332067088, 0.002599999999999999881 ) ) ;
#2157 = DIRECTION ( 'NONE',  ( -1.000000000000000000, 0.000000000000000000, 0.000000000000000000 ) ) ;
#2158 = ADVANCED_FACE ( 'NONE', ( #1909, #809 ), #3942, .T. ) ;
#2159 = EDGE_CURVE ( 'NONE', #673, #3327, #473, .T. ) ;
#2160 = CARTESIAN_POINT ( 'NONE',  ( 0.003484548935050999809, 0.001650000008888999987, 0.001300477927645999916 ) ) ;
#2161 = CARTESIAN_POINT ( 'NONE',  ( 0.007000000007018105860, 0.001605704305990707931, 0.0009158217888019510970 ) ) ;
#2162 = VERTEX_POINT ( 'NONE', #450 ) ;
#2163 = CARTESIAN_POINT ( 'NONE',  ( 0.003759487639609000037, 0.001917508579527000016, -0.001772352871265999927 ) ) ;
#2164 = EDGE_CURVE ( 'NONE', #4464, #3201, #3240, .T. ) ;
#2165 = VERTEX_POINT ( 'NONE', #2210 ) ;
#2166 = SURFACE_SIDE_STYLE ('',( #524 ) ) ;
#2167 = AXIS2_PLACEMENT_3D ( 'NONE', #2392, #1108, #1396 ) ;
#2168 = AXIS2_PLACEMENT_3D ( 'NONE', #3677, #2369, #949 ) ;
#2169 = ORIENTED_EDGE ( 'NONE', *, *, #260, .F. ) ;
#2170 = VECTOR ( 'NONE', #4462, 1.000000000000000000 ) ;
#2171 = ORIENTED_EDGE ( 'NONE', *, *, #2276, .F. ) ;
#2172 = AXIS2_PLACEMENT_3D ( 'NONE', #607, #244, #903 ) ;
#2173 = CARTESIAN_POINT ( 'NONE',  ( 0.0002999999999999999737, 0.003482339959128999841, 0.001899999999999999779 ) ) ;
#2174 =( BOUNDED_SURFACE ( )  B_SPLINE_SURFACE ( 3, 3, ( 
 ( #3617, #2023, #4082, #3401 ),
 ( #3055, #4058, #2006, #1679 ),
 ( #1338, #976, #2696, #1662 ),
 ( #956, #3031, #4101, #3384 ),
 ( #2334, #276, #1321, #4438 ),
 ( #2355, #3744, #296, #2714 ),
 ( #3726, #2417, #3144, #2750 ) ),
 .UNSPECIFIED., .F., .F., .T. ) 
 B_SPLINE_SURFACE_WITH_KNOTS ( ( 4, 3, 4 ),
 ( 4, 4 ),
 ( 0.000000000000000000, 1.000000000000000000, 2.000000000000000000 ),
 ( 0.000000000000000000, 1.000000000000000000 ),
 .UNSPECIFIED. ) 
 GEOMETRIC_REPRESENTATION_ITEM ( )  RATIONAL_B_SPLINE_SURFACE ( (
 ( 1.458242986893000026, 1.129702315654999900, 1.129702315654999900, 1.458242986893000026),
 ( 1.118361851743000068, 0.8663960567681000535, 0.8663960567681000535, 1.118361851743000068),
 ( 1.118361851743000068, 0.8663960567681000535, 0.8663960567681000535, 1.118361851743000068),
 ( 1.458242986893000026, 1.129702315654999900, 1.129702315654999900, 1.458242986893000026),
 ( 1.118361851743000068, 0.8663960567681000535, 0.8663960567681000535, 1.118361851743000068),
 ( 1.118361851743000068, 0.8663960567681000535, 0.8663960567681000535, 1.118361851743000068),
 ( 1.458242986893000026, 1.129702315654999900, 1.129702315654999900, 1.458242986893000026) ) ) 
 REPRESENTATION_ITEM ( '' )  SURFACE ( )  );
#2175 = ORIENTED_EDGE ( 'NONE', *, *, #1334, .F. ) ;
#2176 = CARTESIAN_POINT ( 'NONE',  ( 0.003449999999999999942, 0.002799999999999999972, -0.001000000000000000021 ) ) ;
#2177 = VERTEX_POINT ( 'NONE', #1493 ) ;
#2178 = AXIS2_PLACEMENT_3D ( 'NONE', #782, #1072, #3863 ) ;
#2179 = VECTOR ( 'NONE', #2918, 1.000000000000000000 ) ;
#2180 = DIRECTION ( 'NONE',  ( -0.000000000000000000, 1.000000000000000000, 0.000000000000000000 ) ) ;
#2181 = SURFACE_STYLE_USAGE ( .BOTH. , #4292 ) ;
#2182 = AXIS2_PLACEMENT_3D ( 'NONE', #505, #3948, #3272 ) ;
#2183 = FILL_AREA_STYLE ('',( #801 ) ) ;
#2184 = CARTESIAN_POINT ( 'NONE',  ( 0.006999999999999999278, 0.0008838943028153684609, 0.001469658839777492976 ) ) ;
#2185 = EDGE_LOOP ( 'NONE', ( #2035, #3127, #2237, #653, #3919 ) ) ;
#2186 = EDGE_CURVE ( 'NONE', #1502, #1558, #1989, .T. ) ;
#2187 = CARTESIAN_POINT ( 'NONE',  ( 0.001100000000000000066, 0.003000000000000000062, -0.002599999999999999881 ) ) ;
#2188 = ORIENTED_EDGE ( 'NONE', *, *, #3945, .F. ) ;
#2189 = FACE_OUTER_BOUND ( 'NONE', #2846, .T. ) ;
#2190 = CIRCLE ( 'NONE', #1915, 9.999999999999999124E-05 ) ;
#2191 = CARTESIAN_POINT ( 'NONE',  ( 0.003750000000000155986, 0.001749999835033814359, 0.001650000000000034035 ) ) ;
#2192 = CARTESIAN_POINT ( 'NONE',  ( 0.000000000000000000, -0.004499999999999999660, 0.001899999999999999996 ) ) ;
#2193 = VERTEX_POINT ( 'NONE', #1882 ) ;
#2194 = EDGE_CURVE ( 'NONE', #4224, #2162, #549, .T. ) ;
#2195 = VECTOR ( 'NONE', #2180, 1.000000000000000000 ) ;
#2196 = ORIENTED_EDGE ( 'NONE', *, *, #543, .T. ) ;
#2197 = DIRECTION ( 'NONE',  ( -0.000000000000000000, 0.000000000000000000, 1.000000000000000000 ) ) ;
#2198 = ORIENTED_EDGE ( 'NONE', *, *, #3098, .F. ) ;
#2199 = CARTESIAN_POINT ( 'NONE',  ( 0.0007805045099617000451, 0.003348668144331999868, -0.002599999999999999881 ) ) ;
#2200 = ORIENTED_EDGE ( 'NONE', *, *, #643, .F. ) ;
#2201 = DIRECTION ( 'NONE',  ( 0.000000000000000000, 0.000000000000000000, -1.000000000000000000 ) ) ;
#2202 = PLANE ( 'NONE',  #4389 ) ;
#2203 = FILL_AREA_STYLE_COLOUR ( '', #2835 ) ;
#2204 =( LENGTH_UNIT ( ) NAMED_UNIT ( * ) SI_UNIT ( $, .METRE. ) );
#2205 =( NAMED_UNIT ( * ) PLANE_ANGLE_UNIT ( ) SI_UNIT ( $, .RADIAN. ) );
#2206 = FACE_BOUND ( 'NONE', #2726, .T. ) ;
#2207 = ORIENTED_EDGE ( 'NONE', *, *, #1840, .F. ) ;
#2208 = ORIENTED_EDGE ( 'NONE', *, *, #4361, .T. ) ;
#2209 = CARTESIAN_POINT ( 'NONE',  ( 0.003449999999999999942, -0.002799999999999999972, -0.001000000000000000021 ) ) ;
#2210 = CARTESIAN_POINT ( 'NONE',  ( 0.0003651377029010702182, -0.003083862079892137759, -0.001899999999999999996 ) ) ;
#2211 = DIRECTION ( 'NONE',  ( 0.000000000000000000, 0.000000000000000000, 1.000000000000000000 ) ) ;
#2212 = AXIS2_PLACEMENT_3D ( 'NONE', #2504, #118, #2154 ) ;
#2213 = SURFACE_STYLE_USAGE ( .BOTH. , #857 ) ;
#2214 = ORIENTED_EDGE ( 'NONE', *, *, #1810, .T. ) ;
#2215 = ORIENTED_EDGE ( 'NONE', *, *, #997, .T. ) ;
#2216 = EDGE_CURVE ( 'NONE', #1457, #220, #4342, .T. ) ;
#2217 = DIRECTION ( 'NONE',  ( -1.000000000000000000, 0.000000000000000000, 0.000000000000000000 ) ) ;
#2218 = AXIS2_PLACEMENT_3D ( 'NONE', #1921, #3974, #2245 ) ;
#2219 = ADVANCED_FACE ( 'NONE', ( #787 ), #2843, .T. ) ;
#2220 = EDGE_CURVE ( 'NONE', #4274, #591, #2704, .T. ) ;
#2221 = ORIENTED_EDGE ( 'NONE', *, *, #1423, .F. ) ;
#2222 = CARTESIAN_POINT ( 'NONE',  ( 0.006999999999999999278, -0.001479686363514400894, 1.711512821887041817E-05 ) ) ;
#2223 = VERTEX_POINT ( 'NONE', #2344 ) ;
#2224 = EDGE_CURVE ( 'NONE', #2442, #75, #3227, .T. ) ;
#2225 = CARTESIAN_POINT ( 'NONE',  ( 0.003645476736786000191, -0.002005199035302000082, -0.001594640685359999905 ) ) ;
#2226 = CARTESIAN_POINT ( 'NONE',  ( 0.000000000000000000, 0.003482339959128999841, -0.002599999999999999881 ) ) ;
#2227 = CARTESIAN_POINT ( 'NONE',  ( 0.0003000000000000000279, -0.003482339959128999841, 0.002599999999999999881 ) ) ;
#2228 = DIRECTION ( 'NONE',  ( 0.000000000000000000, -1.000000000000000000, 0.000000000000000000 ) ) ;
#2229 = CARTESIAN_POINT ( 'NONE',  ( 0.0003651377029008999985, 0.003083862079891999848, -0.002599999999999999881 ) ) ;
#2230 = LINE ( 'NONE', #241, #242 ) ;
#2231 = CARTESIAN_POINT ( 'NONE',  ( 0.006919384147009933518, -0.0009630896634639379578, 0.001688578758077911683 ) ) ;
#2232 = DIRECTION ( 'NONE',  ( 1.000000000000000000, 0.000000000000000000, -0.000000000000000000 ) ) ;
#2233 = ORIENTED_EDGE ( 'NONE', *, *, #3281, .T. ) ;
#2234 = CARTESIAN_POINT ( 'NONE',  ( 0.003449999999999999942, 0.001000000000000000021, -0.002799999999999999972 ) ) ;
#2235 = PRESENTATION_STYLE_ASSIGNMENT (( #2213 ) ) ;
#2236 = ORIENTED_EDGE ( 'NONE', *, *, #1350, .T. ) ;
#2237 = ORIENTED_EDGE ( 'NONE', *, *, #944, .T. ) ;
#2238 = CARTESIAN_POINT ( 'NONE',  ( 0.000000000000000000, 0.000000000000000000, 0.001250000000000000026 ) ) ;
#2239 = AXIS2_PLACEMENT_3D ( 'NONE', #1342, #738, #1027 ) ;
#2240 = MECHANICAL_DESIGN_GEOMETRIC_PRESENTATION_REPRESENTATION (  '', ( #2814 ), #3757 ) ;
#2241 = VECTOR ( 'NONE', #582, 1.000000000000000000 ) ;
#2242 = ORIENTED_EDGE ( 'NONE', *, *, #4022, .T. ) ;
#2243 = ORIENTED_EDGE ( 'NONE', *, *, #225, .F. ) ;
#2244 = EDGE_CURVE ( 'NONE', #2825, #1272, #584, .T. ) ;
#2245 = DIRECTION ( 'NONE',  ( -1.000000000000000000, 0.000000000000000000, 0.000000000000000000 ) ) ;
#2246 = COLOUR_RGB ( '',0.2980392156862745057, 0.2980392156862745057, 0.2980392156862745057 ) ;
#2247 = DIRECTION ( 'NONE',  ( 0.000000000000000000, 0.000000000000000000, -1.000000000000000000 ) ) ;
#2248 = DIRECTION ( 'NONE',  ( 0.000000000000000000, 0.000000000000000000, 1.000000000000000000 ) ) ;
#2249 = DIRECTION ( 'NONE',  ( 1.000000000000000000, 0.000000000000000000, 0.000000000000000000 ) ) ;
#2250 = DIRECTION ( 'NONE',  ( 0.000000000000000000, -0.000000000000000000, 1.000000000000000000 ) ) ;
#2251 = AXIS2_PLACEMENT_3D ( 'NONE', #2070, #1033, #4163 ) ;
#2252 = EDGE_CURVE ( 'NONE', #2223, #1502, #3695, .T. ) ;
#2253 = CARTESIAN_POINT ( 'NONE',  ( 0.000000000000000000, 0.004499999999999999660, -0.002599999999999999881 ) ) ;
#2254 = CARTESIAN_POINT ( 'NONE',  ( 0.007000000007018106728, -0.001594897864393000821, 1.844774892476841772E-05 ) ) ;
#2255 = CARTESIAN_POINT ( 'NONE',  ( 0.003750000000000289994, -0.001749999851530383661, 0.001649999999999966381 ) ) ;
#2256 = VERTEX_POINT ( 'NONE', #2952 ) ;
#2257 = CARTESIAN_POINT ( 'NONE',  ( 0.003749999999999617355, 0.001550000164965238897, 0.001590646239418017777 ) ) ;
#2258 = DIRECTION ( 'NONE',  ( -1.000000000000000000, -0.000000000000000000, 0.000000000000000000 ) ) ;
#2259 = VERTEX_POINT ( 'NONE', #1668 ) ;
#2260 = DIRECTION ( 'NONE',  ( 0.000000000000000000, 0.000000000000000000, -1.000000000000000000 ) ) ;
#2261 = AXIS2_PLACEMENT_3D ( 'NONE', #179, #3580, #1573 ) ;
#2262 = VERTEX_POINT ( 'NONE', #3045 ) ;
#2263 = CARTESIAN_POINT ( 'NONE',  ( 0.003160000000000000048, 0.002799999999999999972, -0.001000000000000000021 ) ) ;
#2264 = SURFACE_STYLE_USAGE ( .BOTH. , #2691 ) ;
#2265 = VECTOR ( 'NONE', #1731, 1.000000000000000000 ) ;
#2266 = VERTEX_POINT ( 'NONE', #1974 ) ;
#2267 = ORIENTED_EDGE ( 'NONE', *, *, #2612, .T. ) ;
#2268 = CARTESIAN_POINT ( 'NONE',  ( 0.003449999999999999942, -0.002700000000000000143, 0.003000000000000000062 ) ) ;
#2269 = AXIS2_PLACEMENT_3D ( 'NONE', #957, #2271, #1663 ) ;
#2270 = CARTESIAN_POINT ( 'NONE',  ( 0.001100000000000000066, -0.003000000000000000062, 0.002599999999999999881 ) ) ;
#2271 = DIRECTION ( 'NONE',  ( -1.000000000000000000, -0.000000000000000000, -0.000000000000000000 ) ) ;
#2272 = VECTOR ( 'NONE', #2866, 1.000000000000000000 ) ;
#2273 = LINE ( 'NONE', #563, #2959 ) ;
#2274 = EDGE_CURVE ( 'NONE', #178, #651, #1615, .T. ) ;
#2275 = VECTOR ( 'NONE', #4087, 1.000000000000000000 ) ;
#2276 = EDGE_CURVE ( 'NONE', #55, #2048, #3392, .T. ) ;
#2277 = CARTESIAN_POINT ( 'NONE',  ( 0.0007543577871373724139, -0.003049809734904795552, -0.001899999999999999996 ) ) ;
#2278 = EDGE_CURVE ( 'NONE', #2177, #2850, #4115, .T. ) ;
#2279 = CARTESIAN_POINT ( 'NONE',  ( 0.0002999999999999999737, 0.004499999999999999660, -0.002599999999999999881 ) ) ;
#2280 = LINE ( 'NONE', #566, #1524 ) ;
#2281 = EDGE_LOOP ( 'NONE', ( #4227, #719, #1357, #2200 ) ) ;
#2282 = CARTESIAN_POINT ( 'NONE',  ( 0.0003000000000000000279, 0.003482339959128999841, -0.001899999999999999996 ) ) ;
#2283 = FACE_OUTER_BOUND ( 'NONE', #1286, .T. ) ;
#2284 = CARTESIAN_POINT ( 'NONE',  ( 0.000000000000000000, -0.001250000000000000026, -0.001250000000000000026 ) ) ;
#2285 = VERTEX_POINT ( 'NONE', #1954 ) ;
#2286 = CARTESIAN_POINT ( 'NONE',  ( 0.003160000000000000048, 0.003000000000000000062, -0.002700000000000000143 ) ) ;
#2287 = FACE_OUTER_BOUND ( 'NONE', #2859, .T. ) ;
#2288 =( LENGTH_UNIT ( ) NAMED_UNIT ( * ) SI_UNIT ( $, .METRE. ) );
#2289 = ORIENTED_EDGE ( 'NONE', *, *, #3038, .F. ) ;
#2290 = VERTEX_POINT ( 'NONE', #2282 ) ;
#2291 = CARTESIAN_POINT ( 'NONE',  ( 0.003759487639609000037, -0.001892547719628999902, -0.001612197882899999964 ) ) ;
#2292 =( LENGTH_UNIT ( ) NAMED_UNIT ( * ) SI_UNIT ( $, .METRE. ) );
#2293 = EDGE_CURVE ( 'NONE', #591, #1121, #1300, .T. ) ;
#2294 = SURFACE_SIDE_STYLE ('',( #195 ) ) ;
#2295 = PLANE ( 'NONE',  #3719 ) ;
#2296 =( NAMED_UNIT ( * ) SI_UNIT ( $, .STERADIAN. ) SOLID_ANGLE_UNIT ( ) );
#2297 = EDGE_CURVE ( 'NONE', #773, #1131, #3828, .T. ) ;
#2298 = DIRECTION ( 'NONE',  ( 0.000000000000000000, -0.000000000000000000, 1.000000000000000000 ) ) ;
#2299 = ORIENTED_EDGE ( 'NONE', *, *, #2293, .T. ) ;
#2300 = ADVANCED_FACE ( 'NONE', ( #926 ), #3354, .T. ) ;
#2301 = EDGE_CURVE ( 'NONE', #75, #2442, #412, .T. ) ;
#2302 = DIRECTION ( 'NONE',  ( -0.06180425979330738534, 0.9980882894170240993, -2.785098540670539143E-12 ) ) ;
#2303 = CARTESIAN_POINT ( 'NONE',  ( 0.000000000000000000, 0.003000000000000000062, 0.003000000000000000062 ) ) ;
#2304 = ADVANCED_FACE ( 'NONE', ( #2061 ), #3504, .F. ) ;
#2305 = CARTESIAN_POINT ( 'NONE',  ( 0.003449999999999999942, 0.001000000000000000021, 0.002799999999999999972 ) ) ;
#2306 = ORIENTED_EDGE ( 'NONE', *, *, #1015, .F. ) ;
#2307 = ORIENTED_EDGE ( 'NONE', *, *, #4210, .T. ) ;
#2308 = EDGE_LOOP ( 'NONE', ( #4346, #3002, #3451, #1083 ) ) ;
#2309 = DIRECTION ( 'NONE',  ( -1.000000000000000000, -0.000000000000000000, -0.000000000000000000 ) ) ;
#2310 = VECTOR ( 'NONE', #906, 1.000000000000000000 ) ;
#2311 = VECTOR ( 'NONE', #780, 1.000000000000000222 ) ;
#2312 = CARTESIAN_POINT ( 'NONE',  ( 0.006999999999999999278, 0.001479683470067682562, -1.711509627214662126E-05 ) ) ;
#2313 = UNCERTAINTY_MEASURE_WITH_UNIT (LENGTH_MEASURE( 1.000000000000000082E-05 ), #2292, 'distance_accuracy_value', 'NONE');
#2314 = AXIS2_PLACEMENT_3D ( 'NONE', #2890, #4283, #2217 ) ;
#2315 = COLOUR_RGB ( '',0.2980392156862745057, 0.2980392156862745057, 0.2980392156862745057 ) ;
#2316 = CIRCLE ( 'NONE', #1896, 0.0003500000000000000507 ) ;
#2317 = CARTESIAN_POINT ( 'NONE',  ( 0.003499999999999543841, -0.001550000000001294700, -0.001649999999999638735 ) ) ;
#2318 = CARTESIAN_POINT ( 'NONE',  ( 0.006804188484295556859, 0.001679627412922626807, -1.942779328658261821E-05 ) ) ;
#2319 = CARTESIAN_POINT ( 'NONE',  ( 0.003150000000000000022, -0.002700000000000000143, -0.002700000000000000143 ) ) ;
#2320 = ORIENTED_EDGE ( 'NONE', *, *, #2789, .T. ) ;
#2321 = VECTOR ( 'NONE', #202, 1.000000000000000000 ) ;
#2322 = AXIS2_PLACEMENT_3D ( 'NONE', #3597, #3252, #1165 ) ;
#2323 =( NAMED_UNIT ( * ) SI_UNIT ( $, .STERADIAN. ) SOLID_ANGLE_UNIT ( ) );
#2324 = ADVANCED_FACE ( 'NONE', ( #2384 ), #2033, .T. ) ;
#2325 = DIRECTION ( 'NONE',  ( 0.000000000000000000, 0.000000000000000000, -1.000000000000000000 ) ) ;
#2326 = ORIENTED_EDGE ( 'NONE', *, *, #1417, .T. ) ;
#2327 = CARTESIAN_POINT ( 'NONE',  ( 0.003160000000000000048, 0.002700000000000000143, 0.002700000000000000143 ) ) ;
#2328 = FILL_AREA_STYLE ('',( #576 ) ) ;
#2329 = EDGE_CURVE ( 'NONE', #1121, #727, #1050, .T. ) ;
#2330 = VECTOR ( 'NONE', #1685, 1.000000000000000000 ) ;
#2331 = EDGE_LOOP ( 'NONE', ( #1700, #4145, #3226, #1623 ) ) ;
#2332 = ORIENTED_EDGE ( 'NONE', *, *, #2371, .F. ) ;
#2333 = DIRECTION ( 'NONE',  ( 1.000000000000000000, 0.000000000000000000, 0.000000000000000000 ) ) ;
#2334 = CARTESIAN_POINT ( 'NONE',  ( 0.003484548935050999809, -0.001880790503530999904, -0.001300477933515000080 ) ) ;
#2335 = VECTOR ( 'NONE', #2755, 1.000000000000000000 ) ;
#2336 = LINE ( 'NONE', #4363, #2489 ) ;
#2337 = VECTOR ( 'NONE', #4000, 1.000000000000000000 ) ;
#2338 = DIRECTION ( 'NONE',  ( 0.000000000000000000, 0.000000000000000000, -1.000000000000000000 ) ) ;
#2339 = DIRECTION ( 'NONE',  ( -0.06180425979378954132, 0.9980882894169942343, 1.748601263776138103E-12 ) ) ;
#2340 = CARTESIAN_POINT ( 'NONE',  ( 0.003449999999999999942, 0.001000000000000000021, 0.000000000000000000 ) ) ;
#2341 = MECHANICAL_DESIGN_GEOMETRIC_PRESENTATION_REPRESENTATION (  '', ( #1399 ), #1634 ) ;
#2342 = DIRECTION ( 'NONE',  ( -0.000000000000000000, 1.000000000000000000, 0.000000000000000000 ) ) ;
#2343 = DIRECTION ( 'NONE',  ( 1.000000000000000000, 0.000000000000000000, 0.000000000000000000 ) ) ;
#2344 = CARTESIAN_POINT ( 'NONE',  ( 0.003500000000000003109, 0.002000000000000182188, 0.001649999999998282181 ) ) ;
#2345 = CARTESIAN_POINT ( 'NONE',  ( 0.003750000000000364153, 0.001649999997457003145, 0.001749999835034686708 ) ) ;
#2346 = EDGE_LOOP ( 'NONE', ( #4257, #4056, #1497, #4470, #614 ) ) ;
#2347 = SURFACE_SIDE_STYLE ('',( #2708 ) ) ;
#2348 = DIRECTION ( 'NONE',  ( -0.000000000000000000, -0.000000000000000000, 1.000000000000000000 ) ) ;
#2349 = ORIENTED_EDGE ( 'NONE', *, *, #1415, .F. ) ;
#2350 = EDGE_CURVE ( 'NONE', #494, #90, #4192, .T. ) ;
#2351 = ORIENTED_EDGE ( 'NONE', *, *, #1648, .F. ) ;
#2352 = EDGE_CURVE ( 'NONE', #3703, #1161, #1361, .T. ) ;
#2353 = CARTESIAN_POINT ( 'NONE',  ( 0.003500000000000000073, 0.001649999999999999991, 0.001649999999999999991 ) ) ;
#2354 = EDGE_CURVE ( 'NONE', #3654, #3946, #869, .T. ) ;
#2355 = CARTESIAN_POINT ( 'NONE',  ( 0.003484548935050999809, -0.002030893478664000124, -0.001475787229541000029 ) ) ;
#2356 = EDGE_CURVE ( 'NONE', #651, #3398, #3770, .T. ) ;
#2357 = CARTESIAN_POINT ( 'NONE',  ( 0.003749999999999999861, 0.000000000000000000, 0.000000000000000000 ) ) ;
#2358 = UNCERTAINTY_MEASURE_WITH_UNIT (LENGTH_MEASURE( 1.000000000000000082E-05 ), #3731, 'distance_accuracy_value', 'NONE');
#2359 = DIRECTION ( 'NONE',  ( 1.000000000000000000, 0.000000000000000000, 0.000000000000000000 ) ) ;
#2360 = LINE ( 'NONE', #3747, #1605 ) ;
#2361 = CARTESIAN_POINT ( 'NONE',  ( 0.003449999999999999942, 0.001649999999999999991, 0.001649999999999999991 ) ) ;
#2362 = SURFACE_STYLE_USAGE ( .BOTH. , #4042 ) ;
#2363 = DIRECTION ( 'NONE',  ( 0.000000000000000000, 0.000000000000000000, -1.000000000000000000 ) ) ;
#2364 = LINE ( 'NONE', #1360, #2584 ) ;
#2365 = CARTESIAN_POINT ( 'NONE',  ( 0.0002999999999999999737, 0.000000000000000000, -0.002599999999999999881 ) ) ;
#2366 = ORIENTED_EDGE ( 'NONE', *, *, #2855, .F. ) ;
#2367 = CARTESIAN_POINT ( 'NONE',  ( 0.0002999999999999999737, 0.004499999999999999660, -0.001899999999999999996 ) ) ;
#2368 =( BOUNDED_CURVE ( )  B_SPLINE_CURVE ( 3, ( #2105, #2808, #2785, #4149, #1044, #731, #3521 ),
 .UNSPECIFIED., .F., .T. ) 
 B_SPLINE_CURVE_WITH_KNOTS ( ( 4, 3, 4 ),
 ( 0.000000000000000000, 0.4999999912921977430, 1.000000000000000000 ),
 .UNSPECIFIED. ) 
 CURVE ( )  GEOMETRIC_REPRESENTATION_ITEM ( )  RATIONAL_B_SPLINE_CURVE ( ( 1.331632143806028123, 1.092052917012036328, 1.121427307719445654, 1.419755315928255657, 1.121427297328320360, 1.092052914965745636, 1.331632168840532149 ) ) 
 REPRESENTATION_ITEM ( '' )  );
#2369 = DIRECTION ( 'NONE',  ( 0.000000000000000000, 0.000000000000000000, -1.000000000000000000 ) ) ;
#2370 = VERTEX_POINT ( 'NONE', #3135 ) ;
#2371 = EDGE_CURVE ( 'NONE', #1867, #2266, #2455, .T. ) ;
#2372 = EDGE_LOOP ( 'NONE', ( #308, #3446, #672, #1515 ) ) ;
#2373 = LINE ( 'NONE', #4010, #4418 ) ;
#2374 = ADVANCED_FACE ( 'NONE', ( #2112 ), #305, .T. ) ;
#2375 = ORIENTED_EDGE ( 'NONE', *, *, #2159, .T. ) ;
#2376 = CARTESIAN_POINT ( 'NONE',  ( 0.0003912844257251999825, -0.003382720489318999900, -0.002599999999999999881 ) ) ;
#2377 = PRESENTATION_LAYER_ASSIGNMENT (  '', '', ( #1812 ) ) ;
#2378 = VECTOR ( 'NONE', #2026, 1.000000000000000000 ) ;
#2379 = SURFACE_SIDE_STYLE ('',( #4480 ) ) ;
#2380 = DIRECTION ( 'NONE',  ( 1.000000000000000000, 0.000000000000000000, -0.000000000000000000 ) ) ;
#2381 = VECTOR ( 'NONE', #3379, 1.000000000000000000 ) ;
#2382 = LINE ( 'NONE', #1120, #4265 ) ;
#2383 = FILL_AREA_STYLE ('',( #3086 ) ) ;
#2384 = FACE_OUTER_BOUND ( 'NONE', #184, .T. ) ;
#2385 = ADVANCED_FACE ( 'NONE', ( #2743 ), #683, .T. ) ;
#2386 = CARTESIAN_POINT ( 'NONE',  ( 0.003150000000000000022, 0.002700000000000000143, -0.003000000000000000062 ) ) ;
#2387 = LINE ( 'NONE', #966, #2630 ) ;
#2388 = ORIENTED_EDGE ( 'NONE', *, *, #568, .F. ) ;
#2389 = CARTESIAN_POINT ( 'NONE',  ( 0.003750000000000365021, -0.001592200939321215423, 0.001749999836504767927 ) ) ;
#2390 = ORIENTED_EDGE ( 'NONE', *, *, #362, .T. ) ;
#2391 = DIRECTION ( 'NONE',  ( 1.000000000000000000, 0.000000000000000000, 0.000000000000000000 ) ) ;
#2392 = CARTESIAN_POINT ( 'NONE',  ( 0.006804188484295536909, 0.000000000000000000, 0.000000000000000000 ) ) ;
#2393 = AXIS2_PLACEMENT_3D ( 'NONE', #425, #4229, #786 ) ;
#2394 = EDGE_LOOP ( 'NONE', ( #2150, #2236, #4287, #2214 ) ) ;
#2395 = ORIENTED_EDGE ( 'NONE', *, *, #686, .F. ) ;
#2396 = DIRECTION ( 'NONE',  ( 1.000000000000000000, 0.000000000000000000, 0.000000000000000000 ) ) ;
#2397 = ORIENTED_EDGE ( 'NONE', *, *, #2613, .T. ) ;
#2398 = CARTESIAN_POINT ( 'NONE',  ( 0.0002999999999999999737, 0.003482339959128999841, -0.002599999999999999881 ) ) ;
#2399 = UNCERTAINTY_MEASURE_WITH_UNIT (LENGTH_MEASURE( 1.000000000000000082E-05 ), #3525, 'distance_accuracy_value', 'NONE');
#2400 = ORIENTED_EDGE ( 'NONE', *, *, #3251, .F. ) ;
#2401 = VECTOR ( 'NONE', #560, 1.000000000000000000 ) ;
#2402 = DIRECTION ( 'NONE',  ( 0.000000000000000000, 0.000000000000000000, -1.000000000000000000 ) ) ;
#2403 = VECTOR ( 'NONE', #1364, 1.000000000000000000 ) ;
#2404 = ADVANCED_FACE ( 'NONE', ( #3068 ), #1786, .F. ) ;
#2405 = DIRECTION ( 'NONE',  ( 0.000000000000000000, 0.000000000000000000, -1.000000000000000000 ) ) ;
#2406 = EDGE_CURVE ( 'NONE', #4467, #2290, #439, .T. ) ;
#2407 = CARTESIAN_POINT ( 'NONE',  ( 0.003160000000000000048, 0.002799999999999999972, 0.001000000000000000021 ) ) ;
#2408 = ADVANCED_FACE ( 'NONE', ( #2836 ), #764, .F. ) ;
#2409 = VECTOR ( 'NONE', #3230, 1.000000000000000000 ) ;
#2410 = LINE ( 'NONE', #1708, #2403 ) ;
#2411 = VERTEX_POINT ( 'NONE', #3548 ) ;
#2412 =( LENGTH_UNIT ( ) NAMED_UNIT ( * ) SI_UNIT ( $, .METRE. ) );
#2413 = AXIS2_PLACEMENT_3D ( 'NONE', #4384, #2656, #2946 ) ;
#2414 =( NAMED_UNIT ( * ) SI_UNIT ( $, .STERADIAN. ) SOLID_ANGLE_UNIT ( ) );
#2415 = CARTESIAN_POINT ( 'NONE',  ( 0.003160000000000000048, -0.002799999999999999972, 0.001000000000000000021 ) ) ;
#2416 = AXIS2_PLACEMENT_3D ( 'NONE', #3257, #3064, #1951 ) ;
#2417 = CARTESIAN_POINT ( 'NONE',  ( 0.003645476736786000191, -0.002005199032486000045, -0.001705359332708000081 ) ) ;
#2418 = ORIENTED_EDGE ( 'NONE', *, *, #4475, .F. ) ;
#2419 = ORIENTED_EDGE ( 'NONE', *, *, #1417, .F. ) ;
#2420 = CARTESIAN_POINT ( 'NONE',  ( 0.000000000000000000, -0.004499999999999999660, -0.001899999999999999996 ) ) ;
#2421 = FILL_AREA_STYLE ('',( #1633 ) ) ;
#2422 = ORIENTED_EDGE ( 'NONE', *, *, #4152, .T. ) ;
#2423 = CARTESIAN_POINT ( 'NONE',  ( 0.003484548935050999809, 0.001995352828813999786, -0.001703824740531000069 ) ) ;
#2424 = ORIENTED_EDGE ( 'NONE', *, *, #3945, .T. ) ;
#2425 = DIRECTION ( 'NONE',  ( 0.000000000000000000, -0.000000000000000000, 1.000000000000000000 ) ) ;
#2426 = FACE_OUTER_BOUND ( 'NONE', #853, .T. ) ;
#2427 =( GEOMETRIC_REPRESENTATION_CONTEXT ( 3 ) GLOBAL_UNCERTAINTY_ASSIGNED_CONTEXT ( ( #2805 ) ) GLOBAL_UNIT_ASSIGNED_CONTEXT ( ( #1822, #460, #3928 ) ) REPRESENTATION_CONTEXT ( 'NONE', 'WORKASPACE' ) );
#2428 = DIRECTION ( 'NONE',  ( 0.000000000000000000, -1.000000000000000000, -0.000000000000000000 ) ) ;
#2429 = DIRECTION ( 'NONE',  ( 1.000000000000000000, 0.000000000000000000, 0.000000000000000000 ) ) ;
#2430 = EDGE_CURVE ( 'NONE', #1958, #2986, #3529, .T. ) ;
#2431 = VECTOR ( 'NONE', #1001, 1.000000000000000000 ) ;
#2432 = CARTESIAN_POINT ( 'NONE',  ( 0.003500000000000000073, 0.001649999999999999991, -0.001649999999999999991 ) ) ;
#2433 = DIRECTION ( 'NONE',  ( 0.000000000000000000, 0.000000000000000000, -1.000000000000000000 ) ) ;
#2434 = CARTESIAN_POINT ( 'NONE',  ( 0.003759487639609000037, 0.001650000006243000032, 0.001404524143030999898 ) ) ;
#2435 = CARTESIAN_POINT ( 'NONE',  ( 0.003500000000000000073, -0.001649999999999999991, -0.001649999999999999991 ) ) ;
#2436 = EDGE_CURVE ( 'NONE', #2956, #3609, #417, .T. ) ;
#2437 = ORIENTED_EDGE ( 'NONE', *, *, #4076, .F. ) ;
#2438 = SURFACE_SIDE_STYLE ('',( #103 ) ) ;
#2439 = EDGE_CURVE ( 'NONE', #1625, #3224, #2508, .T. ) ;
#2440 = VERTEX_POINT ( 'NONE', #3284 ) ;
#2441 = SURFACE_STYLE_FILL_AREA ( #3120 ) ;
#2442 = VERTEX_POINT ( 'NONE', #1465 ) ;
#2443 = ORIENTED_EDGE ( 'NONE', *, *, #1721, .F. ) ;
#2444 = LINE ( 'NONE', #3539, #2546 ) ;
#2445 = EDGE_CURVE ( 'NONE', #679, #3173, #1148, .T. ) ;
#2446 = PLANE ( 'NONE',  #4074 ) ;
#2447 = ORIENTED_EDGE ( 'NONE', *, *, #1693, .F. ) ;
#2448 = CARTESIAN_POINT ( 'NONE',  ( 0.003470160231246000124, -0.003000000000000000062, -0.002700000000000000143 ) ) ;
#2449 = ORIENTED_EDGE ( 'NONE', *, *, #87, .T. ) ;
#2450 = CARTESIAN_POINT ( 'NONE',  ( 0.0007500000000000000156, -0.003000000000000000062, -0.002599999999999999881 ) ) ;
#2451 = FILL_AREA_STYLE_COLOUR ( '', #1666 ) ;
#2452 = CARTESIAN_POINT ( 'NONE',  ( 0.0002999999999999999737, -0.003482339959128999841, -0.002599999999999999881 ) ) ;
#2453 = DIRECTION ( 'NONE',  ( -1.000000000000000000, -0.000000000000000000, -0.000000000000000000 ) ) ;
#2454 = CARTESIAN_POINT ( 'NONE',  ( 0.003160000000000000048, -0.003000000000000000496, -0.001000000000000000021 ) ) ;
#2455 = LINE ( 'NONE', #4200, #2170 ) ;
#2456 = VECTOR ( 'NONE', #3788, 1.000000000000000000 ) ;
#2457 = VECTOR ( 'NONE', #2549, 1.000000000000000000 ) ;
#2458 = CARTESIAN_POINT ( 'NONE',  ( 0.003759487639609000037, 0.001382491426695999946, 0.001527647115126999980 ) ) ;
#2459 = VECTOR ( 'NONE', #4189, 1.000000000000000000 ) ;
#2460 = DIRECTION ( 'NONE',  ( -1.000000000000000000, -0.000000000000000000, -0.000000000000000000 ) ) ;
#2461 = ORIENTED_EDGE ( 'NONE', *, *, #2297, .F. ) ;
#2462 = ORIENTED_EDGE ( 'NONE', *, *, #3096, .T. ) ;
#2463 = VECTOR ( 'NONE', #3324, 1.000000000000000000 ) ;
#2464 = CARTESIAN_POINT ( 'NONE',  ( 0.003645476736785999757, -0.001412629545623000004, 0.002009487152395000170 ) ) ;
#2465 = DIRECTION ( 'NONE',  ( 0.000000000000000000, 0.000000000000000000, -1.000000000000000000 ) ) ;
#2466 = ORIENTED_EDGE ( 'NONE', *, *, #3786, .F. ) ;
#2467 = ORIENTED_EDGE ( 'NONE', *, *, #347, .T. ) ;
#2468 = VECTOR ( 'NONE', #1549, 1.000000000000000000 ) ;
#2469 = CARTESIAN_POINT ( 'NONE',  ( 0.0007543577871373999526, -0.003049809734904999816, -0.002599999999999999881 ) ) ;
#2470 = AXIS2_PLACEMENT_3D ( 'NONE', #279, #638, #3037 ) ;
#2471 = ADVANCED_FACE ( 'NONE', ( #517 ), #848, .T. ) ;
#2472 =( NAMED_UNIT ( * ) PLANE_ANGLE_UNIT ( ) SI_UNIT ( $, .RADIAN. ) );
#2473 = ORIENTED_EDGE ( 'NONE', *, *, #569, .F. ) ;
#2474 = CARTESIAN_POINT ( 'NONE',  ( 0.003470160231246000124, 0.003000000000000000062, 0.002700000000000000143 ) ) ;
#2475 = CYLINDRICAL_SURFACE ( 'NONE', #3404, 0.0004000000000000000192 ) ;
#2476 = VECTOR ( 'NONE', #1429, 1.000000000000000000 ) ;
#2477 = ORIENTED_EDGE ( 'NONE', *, *, #4338, .F. ) ;
#2478 = SURFACE_STYLE_FILL_AREA ( #511 ) ;
#2479 = EDGE_CURVE ( 'NONE', #1426, #819, #3932, .T. ) ;
#2480 = FACE_OUTER_BOUND ( 'NONE', #2372, .T. ) ;
#2481 = CARTESIAN_POINT ( 'NONE',  ( 0.000000000000000000, 0.000000000000000000, -0.002599999999999999881 ) ) ;
#2482 = AXIS2_PLACEMENT_3D ( 'NONE', #1218, #2928, #922 ) ;
#2483 = LINE ( 'NONE', #1100, #3835 ) ;
#2484 = LINE ( 'NONE', #2047, #4305 ) ;
#2485 = PLANE ( 'NONE',  #3984 ) ;
#2486 = DIRECTION ( 'NONE',  ( -1.000000000000000000, -0.000000000000000000, -0.000000000000000000 ) ) ;
#2487 = CARTESIAN_POINT ( 'NONE',  ( 0.003645476736786000191, 0.001294800964697999900, -0.001594640685359999905 ) ) ;
#2488 = ORIENTED_EDGE ( 'NONE', *, *, #2789, .F. ) ;
#2489 = VECTOR ( 'NONE', #4018, 1.000000000000000000 ) ;
#2490 = FACE_OUTER_BOUND ( 'NONE', #17, .T. ) ;
#2491 = AXIS2_PLACEMENT_3D ( 'NONE', #4286, #1119, #4312 ) ;
#2492 = EDGE_LOOP ( 'NONE', ( #3378, #916, #953, #712, #3870 ) ) ;
#2493 = ORIENTED_EDGE ( 'NONE', *, *, #3338, .T. ) ;
#2494 = LINE ( 'NONE', #674, #2476 ) ;
#2495 = AXIS2_PLACEMENT_3D ( 'NONE', #2435, #3811, #1073 ) ;
#2496 = EDGE_CURVE ( 'NONE', #2670, #4051, #3884, .T. ) ;
#2497 = ORIENTED_EDGE ( 'NONE', *, *, #502, .F. ) ;
#2498 = CARTESIAN_POINT ( 'NONE',  ( 0.006999999999999999278, 1.711510932357644137E-05, 0.001479684638699788795 ) ) ;
#2499 = EDGE_CURVE ( 'NONE', #2411, #3008, #98, .T. ) ;
#2500 = UNCERTAINTY_MEASURE_WITH_UNIT (LENGTH_MEASURE( 1.000000000000000082E-05 ), #2204, 'distance_accuracy_value', 'NONE');
#2501 = CARTESIAN_POINT ( 'NONE',  ( 0.0002999999999999999737, -0.001250000000000000026, 0.001250000000000000026 ) ) ;
#2502 = EDGE_CURVE ( 'NONE', #351, #4464, #3601, .T. ) ;
#2503 = ORIENTED_EDGE ( 'NONE', *, *, #1923, .T. ) ;
#2504 = CARTESIAN_POINT ( 'NONE',  ( 0.003449999999999999942, -0.001649999999999999991, 0.001649999999999999991 ) ) ;
#2505 = EDGE_CURVE ( 'NONE', #1657, #4110, #3264, .T. ) ;
#2506 = PLANE ( 'NONE',  #3287 ) ;
#2507 = DIRECTION ( 'NONE',  ( -1.000000000000000000, -0.000000000000000000, -0.000000000000000000 ) ) ;
#2508 = LINE ( 'NONE', #3182, #870 ) ;
#2509 = AXIS2_PLACEMENT_3D ( 'NONE', #2141, #3459, #344 ) ;
#2510 = CYLINDRICAL_SURFACE ( 'NONE', #910, 0.0002999999999999999195 ) ;
#2511 = ORIENTED_EDGE ( 'NONE', *, *, #2051, .T. ) ;
#2512 = SURFACE_STYLE_USAGE ( .BOTH. , #2438 ) ;
#2513 = CARTESIAN_POINT ( 'NONE',  ( 0.003645476736785999757, 0.001887370472663000079, -0.002009487140320999950 ) ) ;
#2514 = EDGE_LOOP ( 'NONE', ( #1256, #3841, #1186, #1593 ) ) ;
#2515 = FILL_AREA_STYLE ('',( #4276 ) ) ;
#2516 = ORIENTED_EDGE ( 'NONE', *, *, #2962, .F. ) ;
#2517 = ORIENTED_EDGE ( 'NONE', *, *, #3126, .F. ) ;
#2518 = FACE_OUTER_BOUND ( 'NONE', #700, .T. ) ;
#2519 = CARTESIAN_POINT ( 'NONE',  ( 0.003749522019965000064, 0.001649999997849999978, 0.001734548089022999945 ) ) ;
#2520 = VERTEX_POINT ( 'NONE', #4266 ) ;
#2521 = CARTESIAN_POINT ( 'NONE',  ( 0.0003651377029009263988, -0.003083862079892302557, -0.002599999999999999881 ) ) ;
#2522 = ORIENTED_EDGE ( 'NONE', *, *, #1444, .F. ) ;
#2523 = DIRECTION ( 'NONE',  ( -1.000000000000000000, 0.000000000000000000, 0.000000000000000000 ) ) ;
#2524 = ADVANCED_FACE ( 'NONE', ( #1171 ), #3666, .F. ) ;
#2525 = CARTESIAN_POINT ( 'NONE',  ( 0.003449999999999999942, 0.001649999999999999991, -0.001299999999999999940 ) ) ;
#2526 = SURFACE_STYLE_USAGE ( .BOTH. , #4242 ) ;
#2527 = DIRECTION ( 'NONE',  ( 0.000000000000000000, 1.000000000000000000, -0.000000000000000000 ) ) ;
#2528 = LINE ( 'NONE', #2770, #3277 ) ;
#2529 = ORIENTED_EDGE ( 'NONE', *, *, #3616, .F. ) ;
#2530 = VERTEX_POINT ( 'NONE', #3039 ) ;
#2531 = DIRECTION ( 'NONE',  ( -1.000000000000000000, -0.000000000000000000, -0.000000000000000000 ) ) ;
#2532 = AXIS2_PLACEMENT_3D ( 'NONE', #4114, #3813, #2065 ) ;
#2533 = COLOUR_RGB ( '',0.2980392156862745057, 0.2980392156862745057, 0.2980392156862745057 ) ;
#2534 = DIRECTION ( 'NONE',  ( -1.000000000000000000, -0.000000000000000000, -0.000000000000000000 ) ) ;
#2535 = ORIENTED_EDGE ( 'NONE', *, *, #4299, .F. ) ;
#2536 = ORIENTED_EDGE ( 'NONE', *, *, #142, .F. ) ;
#2537 = AXIS2_PLACEMENT_3D ( 'NONE', #4367, #1592, #2930 ) ;
#2538 = CARTESIAN_POINT ( 'NONE',  ( 0.001100000000000000066, -0.003000000000000000062, -0.002599999999999999881 ) ) ;
#2539 = DIRECTION ( 'NONE',  ( 0.000000000000000000, 0.000000000000000000, -1.000000000000000000 ) ) ;
#2540 = CARTESIAN_POINT ( 'NONE',  ( 0.003484548935050999809, 0.001269106521336000075, 0.001824212770458999953 ) ) ;
#2541 = EDGE_LOOP ( 'NONE', ( #3589, #432, #2710, #1556, #3498, #522, #3890, #3250, #401, #1118, #1814, #2562, #4454, #3741, #3923, #3629, #4097, #3508, #534, #929, #803, #399, #4118, #2566 ) ) ;
#2542 = CARTESIAN_POINT ( 'NONE',  ( 0.000000000000000000, -0.003000000000000000496, -0.001250000000000000243 ) ) ;
#2543 = ORIENTED_EDGE ( 'NONE', *, *, #1810, .F. ) ;
#2544 = CARTESIAN_POINT ( 'NONE',  ( 0.006999999999999999278, 0.001479683470067682562, -1.711509627214662126E-05 ) ) ;
#2545 = CARTESIAN_POINT ( 'NONE',  ( 0.003150000000000000022, 0.000000000000000000, -0.003000000000000000062 ) ) ;
#2546 = VECTOR ( 'NONE', #2126, 1.000000000000000000 ) ;
#2547 = LINE ( 'NONE', #1849, #602 ) ;
#2548 = LINE ( 'NONE', #3930, #3655 ) ;
#2549 = DIRECTION ( 'NONE',  ( -0.000000000000000000, -1.000000000000000000, -0.000000000000000000 ) ) ;
#2550 = FACE_OUTER_BOUND ( 'NONE', #1844, .T. ) ;
#2551 = CIRCLE ( 'NONE', #1551, 0.0003500000000000000507 ) ;
#2552 = FACE_OUTER_BOUND ( 'NONE', #484, .T. ) ;
#2553 = EDGE_CURVE ( 'NONE', #186, #4467, #2273, .T. ) ;
#2554 = ORIENTED_EDGE ( 'NONE', *, *, #1231, .F. ) ;
#2555 = CARTESIAN_POINT ( 'NONE',  ( 0.003749522019965000497, 0.001557863286641000258, -0.001692141425761000111 ) ) ;
#2556 = ORIENTED_EDGE ( 'NONE', *, *, #147, .T. ) ;
#2557 = EDGE_CURVE ( 'NONE', #1134, #90, #3696, .T. ) ;
#2558 = CARTESIAN_POINT ( 'NONE',  ( 0.006999999999999999278, -0.001479686363514400894, 1.711512821887041817E-05 ) ) ;
#2559 = MECHANICAL_DESIGN_GEOMETRIC_PRESENTATION_REPRESENTATION (  '', ( #1759 ), #1390 ) ;
#2560 = ADVANCED_FACE ( 'NONE', ( #3309 ), #541, .T. ) ;
#2561 = DIRECTION ( 'NONE',  ( 1.000000000000000000, 0.000000000000000000, -0.000000000000000000 ) ) ;
#2562 = ORIENTED_EDGE ( 'NONE', *, *, #2479, .F. ) ;
#2563 = ORIENTED_EDGE ( 'NONE', *, *, #1079, .F. ) ;
#2564 = DIRECTION ( 'NONE',  ( 0.000000000000000000, -1.000000000000000000, -0.000000000000000000 ) ) ;
#2565 = DIRECTION ( 'NONE',  ( -0.9961946980918120476, -0.08715574274689893985, 0.000000000000000000 ) ) ;
#2566 = ORIENTED_EDGE ( 'NONE', *, *, #3746, .F. ) ;
#2567 = CARTESIAN_POINT ( 'NONE',  ( 0.006999999999999999278, 0.001479683470067682562, -1.711509627214662126E-05 ) ) ;
#2568 = ORIENTED_EDGE ( 'NONE', *, *, #3094, .T. ) ;
#2569 = PRESENTATION_LAYER_ASSIGNMENT (  '', '', ( #1403 ) ) ;
#2570 = CARTESIAN_POINT ( 'NONE',  ( 0.003645476736786000191, -0.001649999990857000049, -0.002009487146357999843 ) ) ;
#2571 = CARTESIAN_POINT ( 'NONE',  ( 0.007000000000000000146, -0.001513914856573356834, -0.002942254166944207206 ) ) ;
#2572 = CARTESIAN_POINT ( 'NONE',  ( 0.003500000000000000073, 0.001649999999999999991, -0.001649999999999999991 ) ) ;
#2573 = DIRECTION ( 'NONE',  ( 0.9961946980918120476, 0.08715574274689893985, 0.000000000000000000 ) ) ;
#2574 = DIRECTION ( 'NONE',  ( -0.000000000000000000, 1.000000000000000000, 0.000000000000000000 ) ) ;
#2575 = CARTESIAN_POINT ( 'NONE',  ( 0.003645476736785999757, 0.001258247039725999931, -0.001829179696019000035 ) ) ;
#2576 = ORIENTED_EDGE ( 'NONE', *, *, #1423, .T. ) ;
#2577 = CARTESIAN_POINT ( 'NONE',  ( 0.003150000000000000022, 0.000000000000000000, 0.000000000000000000 ) ) ;
#2578 = CARTESIAN_POINT ( 'NONE',  ( 0.003450000000043473847, 0.000000000000000000, 0.000000000000000000 ) ) ;
#2579 = EDGE_CURVE ( 'NONE', #2916, #1035, #1263, .T. ) ;
#2580 = CIRCLE ( 'NONE', #2212, 0.0003500000000000000507 ) ;
#2581 = FACE_OUTER_BOUND ( 'NONE', #1861, .T. ) ;
#2582 = ORIENTED_EDGE ( 'NONE', *, *, #3244, .F. ) ;
#2583 = PLANE ( 'NONE',  #3832 ) ;
#2584 = VECTOR ( 'NONE', #1707, 1.000000000000000000 ) ;
#2585 = CYLINDRICAL_SURFACE ( 'NONE', #1259, 0.0002999999999999999195 ) ;
#2586 = VERTEX_POINT ( 'NONE', #3708 ) ;
#2587 = DIRECTION ( 'NONE',  ( -0.000000000000000000, -0.000000000000000000, 1.000000000000000000 ) ) ;
#2588 = COLOUR_RGB ( '',0.2980392156862745057, 0.2980392156862745057, 0.2980392156862745057 ) ;
#2589 = ORIENTED_EDGE ( 'NONE', *, *, #2350, .T. ) ;
#2590 = DIRECTION ( 'NONE',  ( 0.000000000000000000, -0.000000000000000000, 1.000000000000000000 ) ) ;
#2591 = CARTESIAN_POINT ( 'NONE',  ( 0.003160000000000000048, -0.001000000000000000021, -0.002799999999999999972 ) ) ;
#2592 = CARTESIAN_POINT ( 'NONE',  ( 0.000000000000000000, -0.001000000000000000021, 0.003000000000000000062 ) ) ;
#2593 = PLANE ( 'NONE',  #1395 ) ;
#2594 =( LENGTH_UNIT ( ) NAMED_UNIT ( * ) SI_UNIT ( $, .METRE. ) );
#2595 = CARTESIAN_POINT ( 'NONE',  ( 0.000000000000000000, -0.001250000000000000026, -0.001250000000000000026 ) ) ;
#2596 = CARTESIAN_POINT ( 'NONE',  ( 0.003449999999999999942, -0.003000000000000000496, -0.001000000000000000021 ) ) ;
#2597 = ORIENTED_EDGE ( 'NONE', *, *, #1282, .F. ) ;
#2598 = CARTESIAN_POINT ( 'NONE',  ( 0.003749522019965000497, -0.001742136715503000196, 0.001692141421074000191 ) ) ;
#2599 = FILL_AREA_STYLE ('',( #2954 ) ) ;
#2600 = CARTESIAN_POINT ( 'NONE',  ( 0.003449999999999999942, 0.001649999999999999991, 0.001299999999999999940 ) ) ;
#2601 = ORIENTED_EDGE ( 'NONE', *, *, #2766, .T. ) ;
#2602 = CARTESIAN_POINT ( 'NONE',  ( 0.003750000000000364153, -0.001650000002542997271, -0.001550000164968209394 ) ) ;
#2603 = ORIENTED_EDGE ( 'NONE', *, *, #1957, .F. ) ;
#2604 = DIRECTION ( 'NONE',  ( -1.000000000000000000, -0.000000000000000000, -0.000000000000000000 ) ) ;
#2605 = DIRECTION ( 'NONE',  ( 0.000000000000000000, -0.000000000000000000, -1.000000000000000000 ) ) ;
#2606 = VECTOR ( 'NONE', #1800, 1.000000000000000000 ) ;
#2607 = EDGE_LOOP ( 'NONE', ( #3914, #203, #2351, #528 ) ) ;
#2608 = SURFACE_STYLE_FILL_AREA ( #1584 ) ;
#2609 = VERTEX_POINT ( 'NONE', #3730 ) ;
#2610 = ADVANCED_FACE ( 'NONE', ( #261 ), #622, .F. ) ;
#2611 = DIRECTION ( 'NONE',  ( 0.000000000000000000, -0.000000000000000000, -1.000000000000000000 ) ) ;
#2612 = EDGE_CURVE ( 'NONE', #3247, #3565, #899, .T. ) ;
#2613 = EDGE_CURVE ( 'NONE', #4011, #3874, #1993, .T. ) ;
#2614 = CARTESIAN_POINT ( 'NONE',  ( 0.003150000000000000022, 0.002700000000000000143, 0.002700000000000000143 ) ) ;
#2615 = SURFACE_STYLE_USAGE ( .BOTH. , #1240 ) ;
#2616 =( NAMED_UNIT ( * ) SI_UNIT ( $, .STERADIAN. ) SOLID_ANGLE_UNIT ( ) );
#2617 = PRESENTATION_LAYER_ASSIGNMENT (  '', '', ( #1462 ) ) ;
#2618 = LINE ( 'NONE', #4270, #961 ) ;
#2619 = CARTESIAN_POINT ( 'NONE',  ( 0.003449999999999999942, 0.002799999999999999972, 0.001000000000000000021 ) ) ;
#2620 = CARTESIAN_POINT ( 'NONE',  ( 0.003449999999999999942, 0.002799999999999999972, 0.001000000000000000021 ) ) ;
#2621 = ORIENTED_EDGE ( 'NONE', *, *, #2008, .F. ) ;
#2622 = CARTESIAN_POINT ( 'NONE',  ( 0.003499999999999389017, 0.001749999999999264297, 0.001649999999999393271 ) ) ;
#2623 = CARTESIAN_POINT ( 'NONE',  ( 0.003450000000043473847, 0.000000000000000000, 0.001749999999997697842 ) ) ;
#2624 = PLANE ( 'NONE',  #43 ) ;
#2625 = ORIENTED_EDGE ( 'NONE', *, *, #1352, .T. ) ;
#2626 = CARTESIAN_POINT ( 'NONE',  ( 0.003449999999999999942, -0.002700000000000000143, -0.002700000000000000143 ) ) ;
#2627 = VECTOR ( 'NONE', #153, 1.000000000000000000 ) ;
#2628 = CARTESIAN_POINT ( 'NONE',  ( 0.000000000000000000, 0.001250000000000000026, 0.003000000000000000062 ) ) ;
#2629 = CARTESIAN_POINT ( 'NONE',  ( 0.006804188484295536909, 2.100109913881239308E-19, -0.001679739767162402586 ) ) ;
#2630 = VECTOR ( 'NONE', #590, 1.000000000000000000 ) ;
#2631 = ORIENTED_EDGE ( 'NONE', *, *, #569, .T. ) ;
#2632 = ORIENTED_EDGE ( 'NONE', *, *, #1477, .T. ) ;
#2633 = CARTESIAN_POINT ( 'NONE',  ( 0.003759487639609000037, -0.001487911533733000035, -0.001895475852847000034 ) ) ;
#2634 = VECTOR ( 'NONE', #2429, 1.000000000000000000 ) ;
#2635 = ADVANCED_FACE ( 'NONE', ( #2009, #920, #2972 ), #240, .T. ) ;
#2636 = EDGE_CURVE ( 'NONE', #1550, #1156, #1589, .T. ) ;
#2637 = FACE_OUTER_BOUND ( 'NONE', #3758, .T. ) ;
#2638 = PRESENTATION_LAYER_ASSIGNMENT (  '', '', ( #757 ) ) ;
#2639 =( BOUNDED_SURFACE ( )  B_SPLINE_SURFACE ( 3, 3, ( 
 ( #129, #1883, #907, #1202 ),
 ( #879, #200, #855, #1595 ),
 ( #525, #2884, #1910, #1955 ),
 ( #1182, #3200, #3564, #2519 ),
 ( #1555, #4256, #1160, #3593 ),
 ( #2540, #483, #4310, #1209 ),
 ( #3846, #2124, #3170, #56 ) ),
 .UNSPECIFIED., .F., .F., .T. ) 
 B_SPLINE_SURFACE_WITH_KNOTS ( ( 4, 3, 4 ),
 ( 4, 4 ),
 ( 0.000000000000000000, 1.000000000000000000, 2.000000000000000000 ),
 ( 0.000000000000000000, 1.000000000000000000 ),
 .UNSPECIFIED. ) 
 GEOMETRIC_REPRESENTATION_ITEM ( )  RATIONAL_B_SPLINE_SURFACE ( (
 ( 1.458242986893000026, 1.129702315654999900, 1.129702315654999900, 1.458242986893000026),
 ( 1.118361851743000068, 0.8663960567681000535, 0.8663960567681000535, 1.118361851743000068),
 ( 1.118361851743000068, 0.8663960567681000535, 0.8663960567681000535, 1.118361851743000068),
 ( 1.458242986893000026, 1.129702315654999900, 1.129702315654999900, 1.458242986893000026),
 ( 1.118361851743000068, 0.8663960567681000535, 0.8663960567681000535, 1.118361851743000068),
 ( 1.118361851743000068, 0.8663960567681000535, 0.8663960567681000535, 1.118361851743000068),
 ( 1.458242986893000026, 1.129702315654999900, 1.129702315654999900, 1.458242986893000026) ) ) 
 REPRESENTATION_ITEM ( '' )  SURFACE ( )  );
#2640 = ADVANCED_FACE ( 'NONE', ( #2657 ), #4041, .F. ) ;
#2641 = CIRCLE ( 'NONE', #3222, 0.0003500000000000000507 ) ;
#2642 = CYLINDRICAL_SURFACE ( 'NONE', #2482, 5.000000000000002272E-05 ) ;
#2643 = DIRECTION ( 'NONE',  ( 0.000000000000000000, 0.000000000000000000, -1.000000000000000000 ) ) ;
#2644 = LINE ( 'NONE', #2661, #291 ) ;
#2645 = ORIENTED_EDGE ( 'NONE', *, *, #1350, .F. ) ;
#2646 = CARTESIAN_POINT ( 'NONE',  ( 0.003449999999999999942, 0.001649999999999999991, -0.001649999999999999991 ) ) ;
#2647 = FACE_OUTER_BOUND ( 'NONE', #36, .T. ) ;
#2648 = ORIENTED_EDGE ( 'NONE', *, *, #2553, .T. ) ;
#2649 = DIRECTION ( 'NONE',  ( 1.000000000000000000, 0.000000000000000000, 0.000000000000000000 ) ) ;
#2650 = CARTESIAN_POINT ( 'NONE',  ( 0.0002999999999999999737, 0.003000000000000000062, 0.003000000000000000062 ) ) ;
#2651 = LINE ( 'NONE', #4053, #2381 ) ;
#2652 = ORIENTED_EDGE ( 'NONE', *, *, #997, .F. ) ;
#2653 = VERTEX_POINT ( 'NONE', #4128 ) ;
#2654 = VECTOR ( 'NONE', #4485, 1.000000000000000000 ) ;
#2655 = CARTESIAN_POINT ( 'NONE',  ( 0.006804188484295536909, -0.001679627412921683551, 1.942779328657149836E-05 ) ) ;
#2656 = DIRECTION ( 'NONE',  ( 0.000000000000000000, -1.000000000000000000, 0.000000000000000000 ) ) ;
#2657 = FACE_OUTER_BOUND ( 'NONE', #3464, .T. ) ;
#2658 = ADVANCED_FACE ( 'NONE', ( #658 ), #1021, .T. ) ;
#2659 = PLANE ( 'NONE',  #1386 ) ;
#2660 = CARTESIAN_POINT ( 'NONE',  ( 0.0003651377029008999985, 0.003083862079891999848, -0.002599999999999999881 ) ) ;
#2661 = CARTESIAN_POINT ( 'NONE',  ( 0.000000000000000000, -0.002700000000000000143, -0.003000000000000000062 ) ) ;
#2662 = EDGE_LOOP ( 'NONE', ( #4006, #864, #3614, #2131 ) ) ;
#2663 = DIRECTION ( 'NONE',  ( 1.000000000000000000, 0.000000000000000000, 0.000000000000000000 ) ) ;
#2664 = EDGE_CURVE ( 'NONE', #1798, #887, #4086, .T. ) ;
#2665 = LINE ( 'NONE', #2623, #4271 ) ;
#2666 = CARTESIAN_POINT ( 'NONE',  ( 0.0007543577871373724139, -0.003049809734904795552, -0.002599999999999999881 ) ) ;
#2667 = VERTEX_POINT ( 'NONE', #1382 ) ;
#2668 = DIRECTION ( 'NONE',  ( -0.000000000000000000, -0.000000000000000000, 1.000000000000000000 ) ) ;
#2669 = EDGE_LOOP ( 'NONE', ( #1979, #3121, #1701, #1773 ) ) ;
#2670 = VERTEX_POINT ( 'NONE', #979 ) ;
#2671 = CARTESIAN_POINT ( 'NONE',  ( 0.003150000000000000022, -0.002700000000000000143, 0.002700000000000000143 ) ) ;
#2672 = VECTOR ( 'NONE', #1834, 1.000000000000000000 ) ;
#2673 = AXIS2_PLACEMENT_3D ( 'NONE', #2229, #798, #173 ) ;
#2674 = CARTESIAN_POINT ( 'NONE',  ( 0.0003651377029010569909, 0.003083862079891985970, 0.001899999999999999996 ) ) ;
#2675 = VECTOR ( 'NONE', #2979, 1.000000000000000000 ) ;
#2676 = CARTESIAN_POINT ( 'NONE',  ( 0.000000000000000000, 0.001250000000000000026, -0.001250000000000000026 ) ) ;
#2677 = DIRECTION ( 'NONE',  ( 0.000000000000000000, -0.000000000000000000, 1.000000000000000000 ) ) ;
#2678 = DIRECTION ( 'NONE',  ( 0.000000000000000000, 0.000000000000000000, -1.000000000000000000 ) ) ;
#2679 = SURFACE_SIDE_STYLE ('',( #1301 ) ) ;
#2680 = DIRECTION ( 'NONE',  ( 0.000000000000000000, 0.000000000000000000, -1.000000000000000000 ) ) ;
#2681 = VECTOR ( 'NONE', #3400, 1.000000000000000000 ) ;
#2682 = AXIS2_PLACEMENT_3D ( 'NONE', #1914, #1311, #2688 ) ;
#2683 = EDGE_CURVE ( 'NONE', #2123, #4281, #2360, .T. ) ;
#2684 = PLANE ( 'NONE',  #2045 ) ;
#2685 = AXIS2_PLACEMENT_3D ( 'NONE', #885, #529, #3323 ) ;
#2686 = ORIENTED_EDGE ( 'NONE', *, *, #14, .F. ) ;
#2687 = EDGE_CURVE ( 'NONE', #4332, #1963, #1683, .T. ) ;
#2688 = DIRECTION ( 'NONE',  ( -1.000000000000000000, 0.000000000000000000, -0.000000000000000000 ) ) ;
#2689 = CARTESIAN_POINT ( 'NONE',  ( 0.000000000000000000, -0.003000000000000000062, -0.001250000000000000243 ) ) ;
#2690 = EDGE_CURVE ( 'NONE', #3423, #752, #321, .T. ) ;
#2691 = SURFACE_SIDE_STYLE ('',( #4334 ) ) ;
#2692 = EDGE_LOOP ( 'NONE', ( #337, #1613, #990, #2188, #2936 ) ) ;
#2693 = EDGE_LOOP ( 'NONE', ( #1838, #4207, #152, #3396 ) ) ;
#2694 = ADVANCED_FACE ( 'NONE', ( #2426 ), #301, .F. ) ;
#2695 = DIRECTION ( 'NONE',  ( 0.000000000000000000, 0.000000000000000000, -1.000000000000000000 ) ) ;
#2696 = CARTESIAN_POINT ( 'NONE',  ( 0.003759487639609000037, -0.001487911546218999683, -0.001404524138909000281 ) ) ;
#2697 = FACE_BOUND ( 'NONE', #4456, .T. ) ;
#2698 = COLOUR_RGB ( '',0.2980392156862745057, 0.2980392156862745057, 0.2980392156862745057 ) ;
#2699 = FACE_OUTER_BOUND ( 'NONE', #2541, .T. ) ;
#2700 = VECTOR ( 'NONE', #2922, 1.000000000000000000 ) ;
#2701 = CARTESIAN_POINT ( 'NONE',  ( 0.0008000000000000000383, 0.003000000000000000062, -0.002599999999999999881 ) ) ;
#2702 = DIRECTION ( 'NONE',  ( -0.06180425979330187586, 0.9980882894170245434, -2.785965902406242702E-12 ) ) ;
#2703 = COLOUR_RGB ( '',0.2980392156862745057, 0.2980392156862745057, 0.2980392156862745057 ) ;
#2704 = LINE ( 'NONE', #246, #144 ) ;
#2705 = CARTESIAN_POINT ( 'NONE',  ( 0.003449999999999999942, -0.001649999999999999991, -0.001649999999999999991 ) ) ;
#2706 = ORIENTED_EDGE ( 'NONE', *, *, #3764, .T. ) ;
#2707 = ORIENTED_EDGE ( 'NONE', *, *, #1025, .F. ) ;
#2708 = SURFACE_STYLE_FILL_AREA ( #2328 ) ;
#2709 = EDGE_CURVE ( 'NONE', #4051, #1958, #3829, .T. ) ;
#2710 = ORIENTED_EDGE ( 'NONE', *, *, #970, .T. ) ;
#2711 = CARTESIAN_POINT ( 'NONE',  ( 0.0002999999999999999737, 0.000000000000000000, 0.002599999999999999881 ) ) ;
#2712 = ORIENTED_EDGE ( 'NONE', *, *, #2709, .F. ) ;
#2713 = DIRECTION ( 'NONE',  ( 0.000000000000000000, -0.000000000000000000, -1.000000000000000000 ) ) ;
#2714 = CARTESIAN_POINT ( 'NONE',  ( 0.003749522019965000497, -0.001742136715503000196, -0.001607858578926000008 ) ) ;
#2715 = ORIENTED_EDGE ( 'NONE', *, *, #1568, .F. ) ;
#2716 = CARTESIAN_POINT ( 'NONE',  ( 0.003759487639609000037, 0.001812088453780999866, -0.001404524138909000281 ) ) ;
#2717 = DIRECTION ( 'NONE',  ( 0.000000000000000000, 0.000000000000000000, 1.000000000000000000 ) ) ;
#2718 =( NAMED_UNIT ( * ) SI_UNIT ( $, .STERADIAN. ) SOLID_ANGLE_UNIT ( ) );
#2719 = CARTESIAN_POINT ( 'NONE',  ( 0.000000000000000000, -0.001250000000000000026, 0.000000000000000000 ) ) ;
#2720 = LINE ( 'NONE', #1726, #1422 ) ;
#2721 = FILL_AREA_STYLE_COLOUR ( '', #3700 ) ;
#2722 = CARTESIAN_POINT ( 'NONE',  ( 0.003449999999999999942, 0.001649999999999999991, 0.001649999999999999991 ) ) ;
#2723 = CARTESIAN_POINT ( 'NONE',  ( 0.003750000000000203258, 0.001550000164966185839, 0.001649999999999968332 ) ) ;
#2724 = VERTEX_POINT ( 'NONE', #3618 ) ;
#2725 = DIRECTION ( 'NONE',  ( -1.000000000000000000, 0.000000000000000000, 0.000000000000000000 ) ) ;
#2726 = EDGE_LOOP ( 'NONE', ( #1519, #3962 ) ) ;
#2727 = PLANE ( 'NONE',  #1728 ) ;
#2728 = ORIENTED_EDGE ( 'NONE', *, *, #2731, .T. ) ;
#2729 = ORIENTED_EDGE ( 'NONE', *, *, #4361, .F. ) ;
#2730 = CARTESIAN_POINT ( 'NONE',  ( 0.000000000000000000, 0.003482339959128999841, -0.001899999999999999996 ) ) ;
#2731 = EDGE_CURVE ( 'NONE', #1732, #456, #515, .T. ) ;
#2732 = ORIENTED_EDGE ( 'NONE', *, *, #3849, .T. ) ;
#2733 = CARTESIAN_POINT ( 'NONE',  ( 0.003749522019965000064, 0.001649999997849999978, -0.001565451910977000037 ) ) ;
#2734 = ADVANCED_FACE ( 'NONE', ( #4238 ), #4218, .T. ) ;
#2735 = ORIENTED_EDGE ( 'NONE', *, *, #1334, .T. ) ;
#2736 = EDGE_CURVE ( 'NONE', #456, #3445, #42, .T. ) ;
#2737 = DIRECTION ( 'NONE',  ( -1.000000000000000000, -0.000000000000000000, -0.000000000000000000 ) ) ;
#2738 = AXIS2_PLACEMENT_3D ( 'NONE', #2317, #1949, #2339 ) ;
#2739 = SURFACE_STYLE_FILL_AREA ( #3371 ) ;
#2740 = FACE_OUTER_BOUND ( 'NONE', #1641, .T. ) ;
#2741 = VECTOR ( 'NONE', #4444, 1.000000000000000000 ) ;
#2742 =( NAMED_UNIT ( * ) PLANE_ANGLE_UNIT ( ) SI_UNIT ( $, .RADIAN. ) );
#2743 = FACE_OUTER_BOUND ( 'NONE', #132, .T. ) ;
#2744 = DIRECTION ( 'NONE',  ( -0.000000000000000000, 0.000000000000000000, 1.000000000000000000 ) ) ;
#2745 = ORIENTED_EDGE ( 'NONE', *, *, #3640, .F. ) ;
#2746 = ORIENTED_EDGE ( 'NONE', *, *, #4358, .F. ) ;
#2747 = PRESENTATION_LAYER_ASSIGNMENT (  '', '', ( #4420 ) ) ;
#2748 = CARTESIAN_POINT ( 'NONE',  ( 0.003749522019965000064, -0.001566460435479000071, 0.001636979995502000056 ) ) ;
#2749 = CIRCLE ( 'NONE', #806, 9.999999999999999124E-05 ) ;
#2750 = CARTESIAN_POINT ( 'NONE',  ( 0.003749522019965000064, -0.001733539563858999726, -0.001663020008746999949 ) ) ;
#2751 = ORIENTED_EDGE ( 'NONE', *, *, #2557, .F. ) ;
#2752 = ORIENTED_EDGE ( 'NONE', *, *, #3435, .F. ) ;
#2753 = CARTESIAN_POINT ( 'NONE',  ( 0.003759487639609000037, -0.001382491420473000183, 0.001527647128734000055 ) ) ;
#2754 = AXIS2_PLACEMENT_3D ( 'NONE', #213, #1239, #2945 ) ;
#2755 = DIRECTION ( 'NONE',  ( 0.000000000000000000, -0.000000000000000000, 1.000000000000000000 ) ) ;
#2756 = VERTEX_POINT ( 'NONE', #3954 ) ;
#2757 = CARTESIAN_POINT ( 'NONE',  ( 0.003449999999999999942, 0.000000000000000000, -0.001000000000000000021 ) ) ;
#2758 = VERTEX_POINT ( 'NONE', #2226 ) ;
#2759 = VECTOR ( 'NONE', #564, 1.000000000000000000 ) ;
#2760 = DIRECTION ( 'NONE',  ( -1.000000000000000000, -0.000000000000000000, -0.000000000000000000 ) ) ;
#2761 = DIRECTION ( 'NONE',  ( 0.000000000000000000, -0.000000000000000000, -1.000000000000000000 ) ) ;
#2762 = LINE ( 'NONE', #4150, #372 ) ;
#2763 = EDGE_CURVE ( 'NONE', #388, #608, #3523, .T. ) ;
#2764 = LINE ( 'NONE', #1046, #239 ) ;
#2765 = CYLINDRICAL_SURFACE ( 'NONE', #1116, 0.0003500000000000000507 ) ;
#2766 = EDGE_CURVE ( 'NONE', #2977, #1394, #2580, .T. ) ;
#2767 = PRESENTATION_STYLE_ASSIGNMENT (( #3112 ) ) ;
#2768 = CARTESIAN_POINT ( 'NONE',  ( 0.003750000000000351143, 0.001550000164968264689, -0.001709353760580261576 ) ) ;
#2769 = AXIS2_PLACEMENT_3D ( 'NONE', #3202, #2587, #1189 ) ;
#2770 = CARTESIAN_POINT ( 'NONE',  ( 0.0002999999999999999737, 0.000000000000000000, 0.002599999999999999881 ) ) ;
#2771 = DIRECTION ( 'NONE',  ( -0.000000000000000000, 0.000000000000000000, 1.000000000000000000 ) ) ;
#2772 = ORIENTED_EDGE ( 'NONE', *, *, #634, .T. ) ;
#2773 = ORIENTED_EDGE ( 'NONE', *, *, #4022, .F. ) ;
#2774 = CONICAL_SURFACE ( 'NONE', #2509, 0.001749999999997697842, 0.02094395102412016998 ) ;
#2775 = CARTESIAN_POINT ( 'NONE',  ( 0.003645476736786000191, -0.001294800964697999900, 0.001594640685359999905 ) ) ;
#2776 = LINE ( 'NONE', #504, #2179 ) ;
#2777 = PRESENTATION_STYLE_ASSIGNMENT (( #1398 ) ) ;
#2778 = ORIENTED_EDGE ( 'NONE', *, *, #2297, .T. ) ;
#2779 = EDGE_LOOP ( 'NONE', ( #2120, #3579, #274, #3540, #2153 ) ) ;
#2780 = CARTESIAN_POINT ( 'NONE',  ( 0.000000000000000000, 0.003000000000000000496, 0.001250000000000000243 ) ) ;
#2781 = CARTESIAN_POINT ( 'NONE',  ( 0.006919384147009934385, 0.001638414799835820985, -0.003373829022558210138 ) ) ;
#2782 = ORIENTED_EDGE ( 'NONE', *, *, #3015, .F. ) ;
#2783 = CARTESIAN_POINT ( 'NONE',  ( 0.003484548935050999809, 0.001304647173923999910, -0.001703824758098000007 ) ) ;
#2784 = EDGE_LOOP ( 'NONE', ( #2987, #2778 ) ) ;
#2785 = CARTESIAN_POINT ( 'NONE',  ( 0.003749999999999568349, -0.001592200936784919380, 0.001550000166438300804 ) ) ;
#2786 = CARTESIAN_POINT ( 'NONE',  ( 0.0004000000000000000192, -0.003482339959128999841, -0.001899999999999999996 ) ) ;
#2787 = CARTESIAN_POINT ( 'NONE',  ( 0.000000000000000000, 0.002700000000000000143, -0.002700000000000000143 ) ) ;
#2788 = LINE ( 'NONE', #4175, #4143 ) ;
#2789 = EDGE_CURVE ( 'NONE', #476, #3025, #1872, .T. ) ;
#2790 = AXIS2_PLACEMENT_3D ( 'NONE', #4176, #2111, #3808 ) ;
#2791 = LINE ( 'NONE', #4132, #690 ) ;
#2792 = DIRECTION ( 'NONE',  ( 0.000000000000000000, -0.000000000000000000, 1.000000000000000000 ) ) ;
#2793 = LINE ( 'NONE', #1826, #745 ) ;
#2794 = CARTESIAN_POINT ( 'NONE',  ( 0.003470160231246000124, 0.002700000000000000143, 0.002700000000000000143 ) ) ;
#2795 = EDGE_LOOP ( 'NONE', ( #2752, #3440, #2829, #3612 ) ) ;
#2796 = ORIENTED_EDGE ( 'NONE', *, *, #3043, .F. ) ;
#2797 = ADVANCED_FACE ( 'NONE', ( #3546 ), #1093, .T. ) ;
#2798 = CARTESIAN_POINT ( 'NONE',  ( 0.007000000000000000146, 0.000000000000000000, 0.000000000000000000 ) ) ;
#2799 = DIRECTION ( 'NONE',  ( 0.000000000000000000, 1.000000000000000000, -0.000000000000000000 ) ) ;
#2800 = ORIENTED_EDGE ( 'NONE', *, *, #2994, .F. ) ;
#2801 = VERTEX_POINT ( 'NONE', #3204 ) ;
#2802 = DIRECTION ( 'NONE',  ( 1.000000000000000000, 0.000000000000000000, 0.000000000000000000 ) ) ;
#2803 = ORIENTED_EDGE ( 'NONE', *, *, #2962, .T. ) ;
#2804 = CARTESIAN_POINT ( 'NONE',  ( 0.003749522019965000064, 0.001733539564521000128, -0.001663020004498000142 ) ) ;
#2805 = UNCERTAINTY_MEASURE_WITH_UNIT (LENGTH_MEASURE( 1.000000000000000082E-05 ), #1822, 'distance_accuracy_value', 'NONE');
#2806 = LINE ( 'NONE', #2501, #2459 ) ;
#2807 = ORIENTED_EDGE ( 'NONE', *, *, #3199, .F. ) ;
#2808 = CARTESIAN_POINT ( 'NONE',  ( 0.003750000000000202390, -0.001550000164967740152, 0.001590646241598965473 ) ) ;
#2809 = PLANE ( 'NONE',  #3155 ) ;
#2810 = DIRECTION ( 'NONE',  ( 0.000000000000000000, 0.000000000000000000, -1.000000000000000000 ) ) ;
#2811 = DIRECTION ( 'NONE',  ( -1.000000000000000000, 0.000000000000000000, -0.000000000000000000 ) ) ;
#2812 = DIRECTION ( 'NONE',  ( 0.9961946980918119365, 0.08715574274689891210, 0.000000000000000000 ) ) ;
#2813 = CARTESIAN_POINT ( 'NONE',  ( 0.000000000000000000, -0.003000000000000000062, 0.002700000000000000143 ) ) ;
#2814 = STYLED_ITEM ( 'NONE', ( #3782 ), #2658 ) ;
#2815 = CARTESIAN_POINT ( 'NONE',  ( 0.000000000000000000, -0.003000000000000000062, -0.001000000000000000021 ) ) ;
#2816 = CYLINDRICAL_SURFACE ( 'NONE', #2924, 9.999999999999999124E-05 ) ;
#2817 = DIRECTION ( 'NONE',  ( -1.000000000000000000, -0.000000000000000000, 0.000000000000000000 ) ) ;
#2818 = ORIENTED_EDGE ( 'NONE', *, *, #3720, .F. ) ;
#2819 = AXIS2_PLACEMENT_3D ( 'NONE', #2722, #266, #3022 ) ;
#2820 = FACE_OUTER_BOUND ( 'NONE', #3996, .T. ) ;
#2821 = ADVANCED_FACE ( 'NONE', ( #2853 ), #2202, .T. ) ;
#2822 = ADVANCED_FACE ( 'NONE', ( #1508 ), #2809, .F. ) ;
#2823 = ORIENTED_EDGE ( 'NONE', *, *, #3192, .T. ) ;
#2824 = CARTESIAN_POINT ( 'NONE',  ( 0.000000000000000000, 0.003000000000000000062, -0.001250000000000000026 ) ) ;
#2825 = VERTEX_POINT ( 'NONE', #4290 ) ;
#2826 = CARTESIAN_POINT ( 'NONE',  ( 0.003749522019965000064, -0.001649999997849999978, 0.001565451910977000037 ) ) ;
#2827 = EDGE_CURVE ( 'NONE', #1151, #3588, #1500, .T. ) ;
#2828 = VECTOR ( 'NONE', #3912, 1.000000000000000000 ) ;
#2829 = ORIENTED_EDGE ( 'NONE', *, *, #2827, .T. ) ;
#2830 = DIRECTION ( 'NONE',  ( 0.000000000000000000, -0.000000000000000000, 1.000000000000000000 ) ) ;
#2831 = PLANE ( 'NONE',  #2085 ) ;
#2832 =( BOUNDED_SURFACE ( )  B_SPLINE_SURFACE ( 3, 3, ( 
 ( #3236, #2487, #3259, #1514 ),
 ( #3604, #2575, #1177, #2555 ),
 ( #3938, #3190, #830, #1469 ),
 ( #2839, #4226, #3510, #495 ),
 ( #1130, #2513, #3889, #445 ),
 ( #151, #784, #2163, #3960 ),
 ( #1543, #852, #2907, #1791 ) ),
 .UNSPECIFIED., .F., .F., .F. ) 
 B_SPLINE_SURFACE_WITH_KNOTS ( ( 4, 3, 4 ),
 ( 4, 4 ),
 ( 0.000000000000000000, 1.000000000000000000, 2.000000000000000000 ),
 ( 0.000000000000000000, 1.000000000000000000 ),
 .UNSPECIFIED. ) 
 GEOMETRIC_REPRESENTATION_ITEM ( )  RATIONAL_B_SPLINE_SURFACE ( (
 ( 1.458242986893000026, 1.129702315654999900, 1.129702315654999900, 1.458242986893000026),
 ( 1.118361851743000068, 0.8663960567681000535, 0.8663960567681000535, 1.118361851743000068),
 ( 1.118361851743000068, 0.8663960567681000535, 0.8663960567681000535, 1.118361851743000068),
 ( 1.458242986893000026, 1.129702315654999900, 1.129702315654999900, 1.458242986893000026),
 ( 1.118361851743000068, 0.8663960567681000535, 0.8663960567681000535, 1.118361851743000068),
 ( 1.118361851743000068, 0.8663960567681000535, 0.8663960567681000535, 1.118361851743000068),
 ( 1.458242986893000026, 1.129702315654999900, 1.129702315654999900, 1.458242986893000026) ) ) 
 REPRESENTATION_ITEM ( '' )  SURFACE ( )  );
#2833 = ORIENTED_EDGE ( 'NONE', *, *, #3997, .F. ) ;
#2834 = LINE ( 'NONE', #1563, #2409 ) ;
#2835 = COLOUR_RGB ( '',0.2980392156862745057, 0.2980392156862745057, 0.2980392156862745057 ) ;
#2836 = FACE_OUTER_BOUND ( 'NONE', #364, .T. ) ;
#2837 = DIRECTION ( 'NONE',  ( 0.000000000000000000, 0.000000000000000000, -1.000000000000000000 ) ) ;
#2838 = ORIENTED_EDGE ( 'NONE', *, *, #970, .F. ) ;
#2839 = CARTESIAN_POINT ( 'NONE',  ( 0.003484548935050999809, 0.001650000008888999987, -0.001999522072354000066 ) ) ;
#2840 = ORIENTED_EDGE ( 'NONE', *, *, #1540, .F. ) ;
#2841 = CARTESIAN_POINT ( 'NONE',  ( 0.003160000000000000048, -0.001000000000000000021, 0.003000000000000000496 ) ) ;
#2842 = VECTOR ( 'NONE', #1146, 1.000000000000000000 ) ;
#2843 = PLANE ( 'NONE',  #2082 ) ;
#2844 = AXIS2_PLACEMENT_3D ( 'NONE', #646, #4449, #2725 ) ;
#2845 = VERTEX_POINT ( 'NONE', #2897 ) ;
#2846 = EDGE_LOOP ( 'NONE', ( #4116, #269, #829, #3713 ) ) ;
#2847 = CARTESIAN_POINT ( 'NONE',  ( 0.0002999999999999999737, 0.001250000000000000026, 0.000000000000000000 ) ) ;
#2848 = EDGE_CURVE ( 'NONE', #1056, #2586, #1706, .T. ) ;
#2849 = STYLED_ITEM ( 'NONE', ( #3333 ), #3734 ) ;
#2850 = VERTEX_POINT ( 'NONE', #168 ) ;
#2851 = PLANE ( 'NONE',  #4439 ) ;
#2852 = ORIENTED_EDGE ( 'NONE', *, *, #2496, .F. ) ;
#2853 = FACE_OUTER_BOUND ( 'NONE', #3898, .T. ) ;
#2854 = DIRECTION ( 'NONE',  ( -1.000000000000000000, -0.000000000000000000, -0.000000000000000000 ) ) ;
#2855 = EDGE_CURVE ( 'NONE', #989, #4011, #4239, .T. ) ;
#2856 = FACE_OUTER_BOUND ( 'NONE', #332, .T. ) ;
#2857 = DIRECTION ( 'NONE',  ( 0.000000000000000000, -0.000000000000000000, -1.000000000000000000 ) ) ;
#2858 = ORIENTED_EDGE ( 'NONE', *, *, #3937, .F. ) ;
#2859 = EDGE_LOOP ( 'NONE', ( #1583, #2095, #3115, #3754 ) ) ;
#2860 = SURFACE_STYLE_USAGE ( .BOTH. , #2166 ) ;
#2861 = DIRECTION ( 'NONE',  ( 0.08715574274766391127, -0.9961946980917451011, 0.000000000000000000 ) ) ;
#2862 = ORIENTED_EDGE ( 'NONE', *, *, #572, .F. ) ;
#2863 = ORIENTED_EDGE ( 'NONE', *, *, #3043, .T. ) ;
#2864 = CARTESIAN_POINT ( 'NONE',  ( 0.006799999999999999621, -0.001479684650877566461, 1.711510975910850426E-05 ) ) ;
#2865 = ORIENTED_EDGE ( 'NONE', *, *, #1571, .T. ) ;
#2866 = DIRECTION ( 'NONE',  ( 0.000000000000000000, 0.000000000000000000, -1.000000000000000000 ) ) ;
#2867 = ORIENTED_EDGE ( 'NONE', *, *, #2244, .F. ) ;
#2868 = LINE ( 'NONE', #167, #3707 ) ;
#2869 = DIRECTION ( 'NONE',  ( 0.000000000000000000, -1.000000000000000000, 0.000000000000000000 ) ) ;
#2870 = EDGE_CURVE ( 'NONE', #178, #150, #1214, .T. ) ;
#2871 = ADVANCED_FACE ( 'NONE', ( #3975 ), #867, .T. ) ;
#2872 = PLANE ( 'NONE',  #3207 ) ;
#2873 = ADVANCED_FACE ( 'NONE', ( #323 ), #1026, .F. ) ;
#2874 = CARTESIAN_POINT ( 'NONE',  ( 0.0004000000000000000192, -0.003482339959128999841, -0.002599999999999999881 ) ) ;
#2875 = CARTESIAN_POINT ( 'NONE',  ( 0.0002999999999999999737, 0.003000000000000000062, -0.003000000000000000062 ) ) ;
#2876 =( NAMED_UNIT ( * ) PLANE_ANGLE_UNIT ( ) SI_UNIT ( $, .RADIAN. ) );
#2877 = FACE_BOUND ( 'NONE', #4035, .T. ) ;
#2878 = VERTEX_POINT ( 'NONE', #3436 ) ;
#2879 = ORIENTED_EDGE ( 'NONE', *, *, #802, .T. ) ;
#2880 = SURFACE_STYLE_FILL_AREA ( #2515 ) ;
#2881 = AXIS2_PLACEMENT_3D ( 'NONE', #4047, #1248, #4007 ) ;
#2882 = AXIS2_PLACEMENT_3D ( 'NONE', #1358, #366, #3107 ) ;
#2883 = VECTOR ( 'NONE', #3519, 1.000000000000000000 ) ;
#2884 = CARTESIAN_POINT ( 'NONE',  ( 0.003645476736785999757, 0.001887370454376999978, 0.002009487152395000170 ) ) ;
#2885 = DIRECTION ( 'NONE',  ( 1.000000000000000000, 0.000000000000000000, -0.000000000000000000 ) ) ;
#2886 = COLOUR_RGB ( '',0.2980392156862745057, 0.2980392156862745057, 0.2980392156862745057 ) ;
#2887 = ORIENTED_EDGE ( 'NONE', *, *, #1168, .T. ) ;
#2888 = ORIENTED_EDGE ( 'NONE', *, *, #2159, .F. ) ;
#2889 = PRESENTATION_LAYER_ASSIGNMENT (  '', '', ( #650 ) ) ;
#2890 = CARTESIAN_POINT ( 'NONE',  ( 0.0004000000000000000192, -0.003482339959128999841, -0.002599999999999999881 ) ) ;
#2891 = ORIENTED_EDGE ( 'NONE', *, *, #3764, .F. ) ;
#2892 = DIRECTION ( 'NONE',  ( -1.000000000000000000, 0.000000000000000000, 0.000000000000000000 ) ) ;
#2893 = CIRCLE ( 'NONE', #733, 0.0003499999999999999964 ) ;
#2894 = ORIENTED_EDGE ( 'NONE', *, *, #1086, .T. ) ;
#2895 = CARTESIAN_POINT ( 'NONE',  ( 0.003645476736785999757, -0.002041752960274000051, -0.001829179696019000035 ) ) ;
#2896 = DIRECTION ( 'NONE',  ( -0.06180425979378970092, -0.9980882894169942343, -1.750335987252110871E-12 ) ) ;
#2897 = CARTESIAN_POINT ( 'NONE',  ( 0.003500000000000000073, 0.001649999999999999991, -0.001299999999999999940 ) ) ;
#2898 = EDGE_CURVE ( 'NONE', #2586, #4011, #2720, .T. ) ;
#2899 = VECTOR ( 'NONE', #748, 1.000000000000000000 ) ;
#2900 = PRESENTATION_STYLE_ASSIGNMENT (( #1096 ) ) ;
#2901 = LINE ( 'NONE', #3882, #749 ) ;
#2902 = EDGE_CURVE ( 'NONE', #860, #4324, #2791, .T. ) ;
#2903 = CARTESIAN_POINT ( 'NONE',  ( 0.000000000000000000, -0.003000000000000000062, 0.002700000000000000143 ) ) ;
#2904 = AXIS2_PLACEMENT_3D ( 'NONE', #4362, #3306, #2248 ) ;
#2905 = CARTESIAN_POINT ( 'NONE',  ( 0.007000000007018106728, 1.844774933456814483E-05, 0.001594897864388260473 ) ) ;
#2906 = CARTESIAN_POINT ( 'NONE',  ( 0.000000000000000000, 0.003000000000000000062, 0.002599999999999999881 ) ) ;
#2907 = CARTESIAN_POINT ( 'NONE',  ( 0.003759487639609000037, 0.001892547717706999800, -0.001612197870563000053 ) ) ;
#2908 = VERTEX_POINT ( 'NONE', #4445 ) ;
#2909 = FACE_OUTER_BOUND ( 'NONE', #2331, .T. ) ;
#2910 = VECTOR ( 'NONE', #1244, 1.000000000000000000 ) ;
#2911 = SURFACE_STYLE_USAGE ( .BOTH. , #3293 ) ;
#2912 = DIRECTION ( 'NONE',  ( -1.000000000000000000, 0.000000000000000000, 0.000000000000000000 ) ) ;
#2913 = ORIENTED_EDGE ( 'NONE', *, *, #1501, .F. ) ;
#2914 = EDGE_CURVE ( 'NONE', #2850, #3243, #3957, .T. ) ;
#2915 = VECTOR ( 'NONE', #4404, 1.000000000000000000 ) ;
#2916 = VERTEX_POINT ( 'NONE', #4107 ) ;
#2917 = CARTESIAN_POINT ( 'NONE',  ( 0.0003912844257252321291, 0.003382720489319147351, 0.002599999999999999881 ) ) ;
#2918 = DIRECTION ( 'NONE',  ( 0.000000000000000000, 0.000000000000000000, 1.000000000000000000 ) ) ;
#2919 = MECHANICAL_DESIGN_GEOMETRIC_PRESENTATION_REPRESENTATION (  '', ( #4148 ), #1697 ) ;
#2920 = CARTESIAN_POINT ( 'NONE',  ( 0.000000000000000000, 0.003000000000000000062, 0.002700000000000000143 ) ) ;
#2921 = ORIENTED_EDGE ( 'NONE', *, *, #2709, .T. ) ;
#2922 = DIRECTION ( 'NONE',  ( 0.000000000000000000, 0.000000000000000000, -1.000000000000000000 ) ) ;
#2923 = ORIENTED_EDGE ( 'NONE', *, *, #4478, .T. ) ;
#2924 = AXIS2_PLACEMENT_3D ( 'NONE', #4134, #1029, #2062 ) ;
#2925 = CARTESIAN_POINT ( 'NONE',  ( 0.003470160231246000124, -0.003000000000000000062, 0.002700000000000000143 ) ) ;
#2926 = DIRECTION ( 'NONE',  ( -1.000000000000000000, 0.000000000000000000, 0.000000000000000000 ) ) ;
#2927 = DIRECTION ( 'NONE',  ( -1.000000000000000000, -0.000000000000000000, -0.000000000000000000 ) ) ;
#2928 = DIRECTION ( 'NONE',  ( 0.000000000000000000, 0.000000000000000000, -1.000000000000000000 ) ) ;
#2929 = CARTESIAN_POINT ( 'NONE',  ( 0.006999999999999999278, -0.001469658840004604058, 0.0008838943024377481084 ) ) ;
#2930 = DIRECTION ( 'NONE',  ( -1.000000000000000000, 0.000000000000000000, 0.000000000000000000 ) ) ;
#2931 = EDGE_LOOP ( 'NONE', ( #1578, #1461, #1347, #2089 ) ) ;
#2932 = CARTESIAN_POINT ( 'NONE',  ( 0.003160000000000000048, 0.002799999999999999972, -0.001000000000000000021 ) ) ;
#2933 =( NAMED_UNIT ( * ) SI_UNIT ( $, .STERADIAN. ) SOLID_ANGLE_UNIT ( ) );
#2934 = LINE ( 'NONE', #1575, #359 ) ;
#2935 = DIRECTION ( 'NONE',  ( 0.000000000000000000, 0.000000000000000000, -1.000000000000000000 ) ) ;
#2936 = ORIENTED_EDGE ( 'NONE', *, *, #3442, .T. ) ;
#2937 = EDGE_CURVE ( 'NONE', #3565, #1426, #405, .T. ) ;
#2938 = ORIENTED_EDGE ( 'NONE', *, *, #1352, .F. ) ;
#2939 = CARTESIAN_POINT ( 'NONE',  ( 0.003449999999999999942, -0.003000000000000000062, -0.002700000000000000143 ) ) ;
#2940 = CARTESIAN_POINT ( 'NONE',  ( 0.003150000000000000022, 0.002700000000000000143, -0.002700000000000000143 ) ) ;
#2941 = ORIENTED_EDGE ( 'NONE', *, *, #2961, .T. ) ;
#2942 = CARTESIAN_POINT ( 'NONE',  ( 0.003750000000000364153, -0.001650000002542997488, 0.001749999835034686275 ) ) ;
#2943 = VERTEX_POINT ( 'NONE', #1070 ) ;
#2944 = DIRECTION ( 'NONE',  ( 1.000000000000000000, 0.000000000000000000, 0.000000000000000000 ) ) ;
#2945 = DIRECTION ( 'NONE',  ( -0.06180425979379113033, -0.9980882894169942343, -1.747733902039572426E-12 ) ) ;
#2946 = DIRECTION ( 'NONE',  ( 0.000000000000000000, -0.000000000000000000, -1.000000000000000000 ) ) ;
#2947 = DIRECTION ( 'NONE',  ( -1.000000000000000000, 0.000000000000000000, 0.000000000000000000 ) ) ;
#2948 = DIRECTION ( 'NONE',  ( 0.000000000000000000, 1.000000000000000000, 0.000000000000000000 ) ) ;
#2949 = SURFACE_STYLE_FILL_AREA ( #1245 ) ;
#2950 = CARTESIAN_POINT ( 'NONE',  ( 0.003750000000000248794, 0.001749999851530085072, -0.001649999999999951419 ) ) ;
#2951 = EDGE_LOOP ( 'NONE', ( #2443, #2800, #2732, #469 ) ) ;
#2952 = CARTESIAN_POINT ( 'NONE',  ( 0.0002999999999999999737, 0.001250000000000000026, 0.003000000000000000496 ) ) ;
#2953 = EDGE_CURVE ( 'NONE', #1747, #2878, #4425, .T. ) ;
#2954 = FILL_AREA_STYLE_COLOUR ( '', #2246 ) ;
#2955 = FACE_OUTER_BOUND ( 'NONE', #2669, .T. ) ;
#2956 = VERTEX_POINT ( 'NONE', #2454 ) ;
#2957 = CARTESIAN_POINT ( 'NONE',  ( 0.006804188484295536909, 0.000000000000000000, 0.000000000000000000 ) ) ;
#2958 = PRESENTATION_LAYER_ASSIGNMENT (  '', '', ( #3108 ) ) ;
#2959 = VECTOR ( 'NONE', #1243, 1.000000000000000000 ) ;
#2960 = CARTESIAN_POINT ( 'NONE',  ( 0.000000000000000000, -0.003000000000000000062, -0.003000000000000000062 ) ) ;
#2961 = EDGE_CURVE ( 'NONE', #1820, #3609, #2364, .T. ) ;
#2962 = EDGE_CURVE ( 'NONE', #2370, #2670, #1794, .T. ) ;
#2963 = VECTOR ( 'NONE', #2605, 1.000000000000000000 ) ;
#2964 = VERTEX_POINT ( 'NONE', #707 ) ;
#2965 = CARTESIAN_POINT ( 'NONE',  ( 0.003470160231246000124, 0.002700000000000000143, 0.002700000000000000143 ) ) ;
#2966 = ORIENTED_EDGE ( 'NONE', *, *, #2436, .T. ) ;
#2967 = ADVANCED_FACE ( 'NONE', ( #2032 ), #3066, .F. ) ;
#2968 = CARTESIAN_POINT ( 'NONE',  ( 0.003645476736785999757, -0.001887370454376999978, -0.002009487152395000170 ) ) ;
#2969 = DIRECTION ( 'NONE',  ( 0.000000000000000000, -1.000000000000000000, -0.000000000000000000 ) ) ;
#2970 = CARTESIAN_POINT ( 'NONE',  ( 0.000000000000000000, -0.003000000000000000062, 0.003000000000000000062 ) ) ;
#2971 = CIRCLE ( 'NONE', #3918, 0.001679739767162402586 ) ;
#2972 = FACE_OUTER_BOUND ( 'NONE', #4158, .T. ) ;
#2973 = VECTOR ( 'NONE', #1980, 1.000000000000000000 ) ;
#2974 = CARTESIAN_POINT ( 'NONE',  ( 0.0003912844257251999825, -0.003382720489318999900, -0.002599999999999999881 ) ) ;
#2975 = CARTESIAN_POINT ( 'NONE',  ( 0.0007500000000000000156, -0.003000000000000000062, -0.002599999999999999881 ) ) ;
#2976 = CARTESIAN_POINT ( 'NONE',  ( 0.003160000000000000048, 0.002700000000000000143, -0.002700000000000000143 ) ) ;
#2977 = VERTEX_POINT ( 'NONE', #1757 ) ;
#2978 = CARTESIAN_POINT ( 'NONE',  ( 0.000000000000000000, 0.003000000000000000062, -0.001250000000000000026 ) ) ;
#2979 = DIRECTION ( 'NONE',  ( -1.000000000000000000, -0.000000000000000000, 0.000000000000000000 ) ) ;
#2980 = CARTESIAN_POINT ( 'NONE',  ( 0.003750000000000155986, 0.001749999835033814359, 0.001650000000000034035 ) ) ;
#2981 = EDGE_LOOP ( 'NONE', ( #583, #3717, #3966, #1344, #2169 ) ) ;
#2982 = LINE ( 'NONE', #4375, #2973 ) ;
#2983 = VECTOR ( 'NONE', #2565, 1.000000000000000000 ) ;
#2984 = LINE ( 'NONE', #4378, #3407 ) ;
#2985 = AXIS2_PLACEMENT_3D ( 'NONE', #3767, #2402, #2811 ) ;
#2986 = VERTEX_POINT ( 'NONE', #736 ) ;
#2987 = ORIENTED_EDGE ( 'NONE', *, *, #3336, .T. ) ;
#2988 = EDGE_CURVE ( 'NONE', #3025, #3538, #4089, .T. ) ;
#2989 = CARTESIAN_POINT ( 'NONE',  ( 0.0003000000000000000279, 0.003482339959128999841, -0.002599999999999999881 ) ) ;
#2990 = AXIS2_PLACEMENT_3D ( 'NONE', #4484, #1437, #2380 ) ;
#2991 = PLANE ( 'NONE',  #2413 ) ;
#2992 =( GEOMETRIC_REPRESENTATION_CONTEXT ( 3 ) GLOBAL_UNCERTAINTY_ASSIGNED_CONTEXT ( ( #2313 ) ) GLOBAL_UNIT_ASSIGNED_CONTEXT ( ( #2292, #3330, #3011 ) ) REPRESENTATION_CONTEXT ( 'NONE', 'WORKASPACE' ) );
#2993 = UNCERTAINTY_MEASURE_WITH_UNIT (LENGTH_MEASURE( 1.000000000000000082E-05 ), #3089, 'distance_accuracy_value', 'NONE');
#2994 = EDGE_CURVE ( 'NONE', #427, #1984, #340, .T. ) ;
#2995 = CARTESIAN_POINT ( 'NONE',  ( 0.000000000000000000, 0.003000000000000000062, -0.003000000000000000062 ) ) ;
#2996 = CARTESIAN_POINT ( 'NONE',  ( 0.000000000000000000, 0.003000000000000000062, -0.003000000000000000062 ) ) ;
#2997 = CYLINDRICAL_SURFACE ( 'NONE', #1991, 0.0003499999999999999964 ) ;
#2998 = CARTESIAN_POINT ( 'NONE',  ( 0.003500000000000000073, -0.001649999999999999991, 0.001649999999999999991 ) ) ;
#2999 = ORIENTED_EDGE ( 'NONE', *, *, #2636, .F. ) ;
#3000 = CARTESIAN_POINT ( 'NONE',  ( 0.003470160231246000124, -0.002700000000000000143, 0.002700000000000000143 ) ) ;
#3001 = DIRECTION ( 'NONE',  ( -1.000000000000000000, 0.000000000000000000, 0.000000000000000000 ) ) ;
#3002 = ORIENTED_EDGE ( 'NONE', *, *, #3199, .T. ) ;
#3003 = CARTESIAN_POINT ( 'NONE',  ( 0.003750000000000244024, -0.001749999851529401591, -0.001650000000000048780 ) ) ;
#3004 = CARTESIAN_POINT ( 'NONE',  ( 0.0002999999999999999737, -0.001250000000000000026, -0.003000000000000000496 ) ) ;
#3005 = AXIS2_PLACEMENT_3D ( 'NONE', #393, #1341, #4153 ) ;
#3006 = CYLINDRICAL_SURFACE ( 'NONE', #4350, 0.0002999999999999999195 ) ;
#3007 = VERTEX_POINT ( 'NONE', #918 ) ;
#3008 = VERTEX_POINT ( 'NONE', #3328 ) ;
#3009 = STYLED_ITEM ( 'NONE', ( #2767 ), #2967 ) ;
#3010 = DIRECTION ( 'NONE',  ( 1.103173168178504676E-12, 1.342992933966104684E-12, -1.000000000000000000 ) ) ;
#3011 =( NAMED_UNIT ( * ) SI_UNIT ( $, .STERADIAN. ) SOLID_ANGLE_UNIT ( ) );
#3012 = CARTESIAN_POINT ( 'NONE',  ( 0.003500000000000000073, 0.001649999999999999991, 0.001649999999999999991 ) ) ;
#3013 = ADVANCED_FACE ( 'NONE', ( #2136 ), #2119, .T. ) ;
#3014 =( NAMED_UNIT ( * ) PLANE_ANGLE_UNIT ( ) SI_UNIT ( $, .RADIAN. ) );
#3015 = EDGE_CURVE ( 'NONE', #3103, #3874, #4199, .T. ) ;
#3016 = ADVANCED_FACE ( 'NONE', ( #2480 ), #166, .T. ) ;
#3017 = FACE_OUTER_BOUND ( 'NONE', #3191, .T. ) ;
#3018 = FILL_AREA_STYLE ('',( #1635 ) ) ;
#3019 = DIRECTION ( 'NONE',  ( 1.000000000000000000, -0.000000000000000000, 0.000000000000000000 ) ) ;
#3020 = EDGE_CURVE ( 'NONE', #2285, #2943, #1425, .T. ) ;
#3021 = CARTESIAN_POINT ( 'NONE',  ( 0.003750000000000250095, 0.001707799063215081035, -0.001749999833561700913 ) ) ;
#3022 = DIRECTION ( 'NONE',  ( 0.000000000000000000, 0.000000000000000000, 1.000000000000000000 ) ) ;
#3023 = EDGE_CURVE ( 'NONE', #2667, #3588, #3638, .T. ) ;
#3024 = DIRECTION ( 'NONE',  ( -0.000000000000000000, 1.000000000000000000, 0.000000000000000000 ) ) ;
#3025 = VERTEX_POINT ( 'NONE', #2268 ) ;
#3026 = DIRECTION ( 'NONE',  ( 0.000000000000000000, 0.000000000000000000, -1.000000000000000000 ) ) ;
#3027 = CARTESIAN_POINT ( 'NONE',  ( 0.003470160231246000124, -0.002700000000000000143, -0.002700000000000000143 ) ) ;
#3028 = ORIENTED_EDGE ( 'NONE', *, *, #1835, .F. ) ;
#3029 = VERTEX_POINT ( 'NONE', #763 ) ;
#3030 = CARTESIAN_POINT ( 'NONE',  ( 0.0002999999999999999737, 0.003482339959128999841, 0.002599999999999999881 ) ) ;
#3031 = CARTESIAN_POINT ( 'NONE',  ( 0.003645476736786000191, -0.001650000009142999933, -0.001290512853641999922 ) ) ;
#3032 =( GEOMETRIC_REPRESENTATION_CONTEXT ( 3 ) GLOBAL_UNCERTAINTY_ASSIGNED_CONTEXT ( ( #996 ) ) GLOBAL_UNIT_ASSIGNED_CONTEXT ( ( #1766, #1446, #2414 ) ) REPRESENTATION_CONTEXT ( 'NONE', 'WORKASPACE' ) );
#3033 = AXIS2_PLACEMENT_3D ( 'NONE', #2874, #1537, #1196 ) ;
#3034 = COLOUR_RGB ( '',0.2980392156862745057, 0.2980392156862745057, 0.2980392156862745057 ) ;
#3035 = LINE ( 'NONE', #1607, #2337 ) ;
#3036 = VECTOR ( 'NONE', #182, 1.000000000000000000 ) ;
#3037 = DIRECTION ( 'NONE',  ( 0.000000000000000000, 0.000000000000000000, -1.000000000000000000 ) ) ;
#3038 = EDGE_CURVE ( 'NONE', #3303, #814, #1559, .T. ) ;
#3039 = CARTESIAN_POINT ( 'NONE',  ( 0.000000000000000000, -0.001250000000000000026, 0.001250000000000000026 ) ) ;
#3040 = DIRECTION ( 'NONE',  ( -0.000000000000000000, -0.000000000000000000, 1.000000000000000000 ) ) ;
#3041 = FACE_OUTER_BOUND ( 'NONE', #2514, .T. ) ;
#3042 = AXIS2_PLACEMENT_3D ( 'NONE', #1661, #275, #295 ) ;
#3043 = EDGE_CURVE ( 'NONE', #1544, #55, #4314, .T. ) ;
#3044 = AXIS2_PLACEMENT_3D ( 'NONE', #820, #1529, #2201 ) ;
#3045 = CARTESIAN_POINT ( 'NONE',  ( 0.003160000000000000048, 0.001000000000000000021, -0.003000000000000000496 ) ) ;
#3046 = CARTESIAN_POINT ( 'NONE',  ( 0.000000000000000000, -0.004499999999999999660, 0.002599999999999999881 ) ) ;
#3047 = ORIENTED_EDGE ( 'NONE', *, *, #4407, .T. ) ;
#3048 = PRESENTATION_STYLE_ASSIGNMENT (( #1310 ) ) ;
#3049 = LINE ( 'NONE', #2689, #794 ) ;
#3050 = EDGE_CURVE ( 'NONE', #717, #2165, #3237, .T. ) ;
#3051 = VECTOR ( 'NONE', #4275, 1.000000000000000000 ) ;
#3052 = ORIENTED_EDGE ( 'NONE', *, *, #3192, .F. ) ;
#3053 = ORIENTED_EDGE ( 'NONE', *, *, #930, .T. ) ;
#3054 = DIRECTION ( 'NONE',  ( 0.000000000000000000, 0.000000000000000000, -1.000000000000000000 ) ) ;
#3055 = CARTESIAN_POINT ( 'NONE',  ( 0.003484548935050999809, -0.001269106530198000184, -0.001475787210167000011 ) ) ;
#3056 = COLOUR_RGB ( '',0.2980392156862745057, 0.2980392156862745057, 0.2980392156862745057 ) ;
#3057 = MECHANICAL_DESIGN_GEOMETRIC_PRESENTATION_REPRESENTATION (  '', ( #2849 ), #106 ) ;
#3058 = CARTESIAN_POINT ( 'NONE',  ( 0.003484548935050999809, 0.001880790485752000061, -0.001300477921776000117 ) ) ;
#3059 = VECTOR ( 'NONE', #1784, 1.000000000000000000 ) ;
#3060 = CARTESIAN_POINT ( 'NONE',  ( 0.0008000000000000000383, -0.003000000000000000062, 0.001899999999999999779 ) ) ;
#3061 = CARTESIAN_POINT ( 'NONE',  ( 0.000000000000000000, -0.004499999999999999660, -0.001899999999999999996 ) ) ;
#3062 = PRESENTATION_LAYER_ASSIGNMENT (  '', '', ( #4148 ) ) ;
#3063 = DIRECTION ( 'NONE',  ( -1.000000000000000000, -0.000000000000000000, -0.000000000000000000 ) ) ;
#3064 = DIRECTION ( 'NONE',  ( 1.000000000000000000, 0.000000000000000000, 0.000000000000000000 ) ) ;
#3065 = CARTESIAN_POINT ( 'NONE',  ( 0.003449999999999999942, -0.001649999999999999991, -0.001649999999999999991 ) ) ;
#3066 = PLANE ( 'NONE',  #119 ) ;
#3067 = CIRCLE ( 'NONE', #1112, 0.0002999999999999999195 ) ;
#3068 = FACE_OUTER_BOUND ( 'NONE', #1637, .T. ) ;
#3069 = CARTESIAN_POINT ( 'NONE',  ( 0.0002999999999999999737, -0.004499999999999999660, -0.002599999999999999881 ) ) ;
#3070 = ORIENTED_EDGE ( 'NONE', *, *, #1533, .F. ) ;
#3071 =( NAMED_UNIT ( * ) PLANE_ANGLE_UNIT ( ) SI_UNIT ( $, .RADIAN. ) );
#3072 =( NAMED_UNIT ( * ) SI_UNIT ( $, .STERADIAN. ) SOLID_ANGLE_UNIT ( ) );
#3073 = ADVANCED_FACE ( 'NONE', ( #3305 ), #192, .T. ) ;
#3074 = EDGE_CURVE ( 'NONE', #3553, #3140, #1865, .T. ) ;
#3075 = ORIENTED_EDGE ( 'NONE', *, *, #2293, .F. ) ;
#3076 = ORIENTED_EDGE ( 'NONE', *, *, #4261, .F. ) ;
#3077 = CARTESIAN_POINT ( 'NONE',  ( 0.003449999999999999942, 0.002700000000000000143, -0.002700000000000000143 ) ) ;
#3078 = ORIENTED_EDGE ( 'NONE', *, *, #2220, .T. ) ;
#3079 = CARTESIAN_POINT ( 'NONE',  ( 0.003160000000000000048, -0.002700000000000000143, -0.002700000000000000143 ) ) ;
#3080 = UNCERTAINTY_MEASURE_WITH_UNIT (LENGTH_MEASURE( 1.000000000000000082E-05 ), #3332, 'distance_accuracy_value', 'NONE');
#3081 = VERTEX_POINT ( 'NONE', #975 ) ;
#3082 = CARTESIAN_POINT ( 'NONE',  ( 0.003449999999999999942, -0.001649999999999999991, 0.002000000000000000042 ) ) ;
#3083 = PRESENTATION_STYLE_ASSIGNMENT (( #4460 ) ) ;
#3084 = FACE_OUTER_BOUND ( 'NONE', #4231, .T. ) ;
#3085 =( LENGTH_UNIT ( ) NAMED_UNIT ( * ) SI_UNIT ( $, .METRE. ) );
#3086 = FILL_AREA_STYLE_COLOUR ( '', #627 ) ;
#3087 = DIRECTION ( 'NONE',  ( 0.000000000000000000, 0.000000000000000000, 1.000000000000000000 ) ) ;
#3088 = ORIENTED_EDGE ( 'NONE', *, *, #4431, .T. ) ;
#3089 =( LENGTH_UNIT ( ) NAMED_UNIT ( * ) SI_UNIT ( $, .METRE. ) );
#3090 = ORIENTED_EDGE ( 'NONE', *, *, #1571, .F. ) ;
#3091 = CARTESIAN_POINT ( 'NONE',  ( 0.003759487639609000037, -0.001487911546218999683, 0.001895475861090999484 ) ) ;
#3092 = ADVANCED_FACE ( 'NONE', ( #4455 ), #600, .T. ) ;
#3093 = ORIENTED_EDGE ( 'NONE', *, *, #4094, .F. ) ;
#3094 = EDGE_CURVE ( 'NONE', #2724, #4430, #3742, .T. ) ;
#3095 = ORIENTED_EDGE ( 'NONE', *, *, #169, .F. ) ;
#3096 = EDGE_CURVE ( 'NONE', #608, #2259, #1058, .T. ) ;
#3097 = CARTESIAN_POINT ( 'NONE',  ( 0.003749522019963999996, -0.001705827359924999998, 0.001565451909557000285 ) ) ;
#3098 = EDGE_CURVE ( 'NONE', #3247, #860, #4169, .T. ) ;
#3099 = DIRECTION ( 'NONE',  ( 0.000000000000000000, 0.000000000000000000, -1.000000000000000000 ) ) ;
#3100 = ORIENTED_EDGE ( 'NONE', *, *, #4320, .F. ) ;
#3101 = ADVANCED_FACE ( 'NONE', ( #1647 ), #1965, .F. ) ;
#3102 = CARTESIAN_POINT ( 'NONE',  ( 0.003749999999999616921, -0.001550000164964844898, -0.001709353758402753620 ) ) ;
#3103 = VERTEX_POINT ( 'NONE', #4381 ) ;
#3104 = CARTESIAN_POINT ( 'NONE',  ( 0.0003651377029010700014, -0.003083862079892135590, 0.001899999999999999779 ) ) ;
#3105 = VECTOR ( 'NONE', #3194, 1.000000000000000000 ) ;
#3106 = STYLED_ITEM ( 'NONE', ( #1651 ), #2635 ) ;
#3107 = DIRECTION ( 'NONE',  ( 0.000000000000000000, -0.000000000000000000, -1.000000000000000000 ) ) ;
#3108 = STYLED_ITEM ( 'NONE', ( #54 ), #2067 ) ;
#3109 = DIRECTION ( 'NONE',  ( 0.000000000000000000, 0.000000000000000000, 1.000000000000000000 ) ) ;
#3110 =( GEOMETRIC_REPRESENTATION_CONTEXT ( 3 ) GLOBAL_UNCERTAINTY_ASSIGNED_CONTEXT ( ( #4214 ) ) GLOBAL_UNIT_ASSIGNED_CONTEXT ( ( #1727, #4487, #3479 ) ) REPRESENTATION_CONTEXT ( 'NONE', 'WORKASPACE' ) );
#3111 = VECTOR ( 'NONE', #197, 1.000000000000000000 ) ;
#3112 = SURFACE_STYLE_USAGE ( .BOTH. , #661 ) ;
#3113 = DIRECTION ( 'NONE',  ( -0.000000000000000000, 1.000000000000000000, 0.000000000000000000 ) ) ;
#3114 = CARTESIAN_POINT ( 'NONE',  ( 0.0002999999999999999737, 0.000000000000000000, -0.002599999999999999881 ) ) ;
#3115 = ORIENTED_EDGE ( 'NONE', *, *, #3467, .T. ) ;
#3116 = VERTEX_POINT ( 'NONE', #2730 ) ;
#3117 = VECTOR ( 'NONE', #4096, 1.000000000000000000 ) ;
#3118 = SURFACE_SIDE_STYLE ('',( #426 ) ) ;
#3119 = AXIS2_PLACEMENT_3D ( 'NONE', #3895, #3271, #1601 ) ;
#3120 = FILL_AREA_STYLE ('',( #1739 ) ) ;
#3121 = ORIENTED_EDGE ( 'NONE', *, *, #3015, .T. ) ;
#3122 = ORIENTED_EDGE ( 'NONE', *, *, #3249, .F. ) ;
#3123 = CARTESIAN_POINT ( 'NONE',  ( 0.003749522019963999996, -0.001594172635774000323, 0.001565451912397000005 ) ) ;
#3124 = AXIS2_PLACEMENT_3D ( 'NONE', #538, #1924, #193 ) ;
#3125 = CARTESIAN_POINT ( 'NONE',  ( 0.007000000007018106728, -0.001594897864384587196, 1.844774965214435444E-05 ) ) ;
#3126 = EDGE_CURVE ( 'NONE', #2442, #3243, #3840, .T. ) ;
#3127 = ORIENTED_EDGE ( 'NONE', *, *, #2186, .T. ) ;
#3128 = CARTESIAN_POINT ( 'NONE',  ( 0.003750000000000351143, -0.001749999835034627511, -0.001709353760581980037 ) ) ;
#3129 = VERTEX_POINT ( 'NONE', #4119 ) ;
#3130 = STYLED_ITEM ( 'NONE', ( #960 ), #833 ) ;
#3131 = DIRECTION ( 'NONE',  ( 0.000000000000000000, 0.000000000000000000, 1.000000000000000000 ) ) ;
#3132 = EDGE_CURVE ( 'NONE', #1268, #2878, #1013, .T. ) ;
#3133 = CARTESIAN_POINT ( 'NONE',  ( 0.003749999999999999861, 0.000000000000000000, 0.000000000000000000 ) ) ;
#3134 = DIRECTION ( 'NONE',  ( -0.000000000000000000, -0.000000000000000000, 1.000000000000000000 ) ) ;
#3135 = CARTESIAN_POINT ( 'NONE',  ( 0.001100000000000000066, -0.003000000000000000062, -0.001899999999999999779 ) ) ;
#3136 = VECTOR ( 'NONE', #3174, 1.000000000000000000 ) ;
#3137 = CARTESIAN_POINT ( 'NONE',  ( 0.003484548935050999809, 0.001995352826075999855, 0.001703824758098000007 ) ) ;
#3138 = CARTESIAN_POINT ( 'NONE',  ( 0.000000000000000000, -0.002700000000000000143, 0.003000000000000000062 ) ) ;
#3139 = LINE ( 'NONE', #3507, #3662 ) ;
#3140 = VERTEX_POINT ( 'NONE', #618 ) ;
#3141 = CARTESIAN_POINT ( 'NONE',  ( 0.000000000000000000, 0.000000000000000000, 0.000000000000000000 ) ) ;
#3142 = VERTEX_POINT ( 'NONE', #2671 ) ;
#3143 = DIRECTION ( 'NONE',  ( 0.000000000000000000, 0.000000000000000000, -1.000000000000000000 ) ) ;
#3144 = CARTESIAN_POINT ( 'NONE',  ( 0.003759487639609000037, -0.001892547717706999800, -0.001687802129436999929 ) ) ;
#3145 = ORIENTED_EDGE ( 'NONE', *, *, #2406, .F. ) ;
#3146 = VERTEX_POINT ( 'NONE', #1276 ) ;
#3147 = DIRECTION ( 'NONE',  ( -0.000000000000000000, -0.000000000000000000, -1.000000000000000000 ) ) ;
#3148 = FACE_OUTER_BOUND ( 'NONE', #3258, .T. ) ;
#3149 = ORIENTED_EDGE ( 'NONE', *, *, #1354, .T. ) ;
#3150 = DIRECTION ( 'NONE',  ( 0.000000000000000000, -0.000000000000000000, -1.000000000000000000 ) ) ;
#3151 = CARTESIAN_POINT ( 'NONE',  ( 0.003499999999999402027, -0.001550000000000998496, 0.001649999999999392838 ) ) ;
#3152 = VERTEX_POINT ( 'NONE', #3030 ) ;
#3153 = CARTESIAN_POINT ( 'NONE',  ( 0.000000000000000000, 0.001250000000000000026, 0.001250000000000000026 ) ) ;
#3154 = FACE_OUTER_BOUND ( 'NONE', #2779, .T. ) ;
#3155 = AXIS2_PLACEMENT_3D ( 'NONE', #3253, #2869, #3598 ) ;
#3156 = CARTESIAN_POINT ( 'NONE',  ( 0.001100000000000000066, 0.003000000000000000062, 0.002599999999999999881 ) ) ;
#3157 = EDGE_CURVE ( 'NONE', #3791, #1457, #1626, .T. ) ;
#3158 = VECTOR ( 'NONE', #559, 1.000000000000000000 ) ;
#3159 = CARTESIAN_POINT ( 'NONE',  ( 0.003759487639609000037, -0.001812088453780999866, -0.001895475861090999484 ) ) ;
#3160 = EDGE_CURVE ( 'NONE', #1434, #1255, #636, .T. ) ;
#3161 = DIRECTION ( 'NONE',  ( 1.000000000000000000, 0.000000000000000000, -0.000000000000000000 ) ) ;
#3162 = EDGE_CURVE ( 'NONE', #752, #3845, #2893, .T. ) ;
#3163 = CARTESIAN_POINT ( 'NONE',  ( 0.003449999999999999942, -0.001649999999999999991, 0.001649999999999999991 ) ) ;
#3164 = STYLED_ITEM ( 'NONE', ( #2235 ), #3316 ) ;
#3165 = VERTEX_POINT ( 'NONE', #2989 ) ;
#3166 = LINE ( 'NONE', #3554, #4483 ) ;
#3167 = EDGE_LOOP ( 'NONE', ( #1796, #1817, #2735, #3865 ) ) ;
#3168 = CARTESIAN_POINT ( 'NONE',  ( 0.003759487639609000037, -0.001382491426695999946, 0.001772352884873000002 ) ) ;
#3169 = VERTEX_POINT ( 'NONE', #992 ) ;
#3170 = CARTESIAN_POINT ( 'NONE',  ( 0.003759487639609000037, 0.001407452282292999965, 0.001612197870563000053 ) ) ;
#3171 = VERTEX_POINT ( 'NONE', #4399 ) ;
#3172 = DIRECTION ( 'NONE',  ( -0.08715574274766391127, 0.9961946980917451011, 0.000000000000000000 ) ) ;
#3173 = VERTEX_POINT ( 'NONE', #4057 ) ;
#3174 = DIRECTION ( 'NONE',  ( 1.000000000000000000, 0.000000000000000000, 0.000000000000000000 ) ) ;
#3175 = UNCERTAINTY_MEASURE_WITH_UNIT (LENGTH_MEASURE( 1.000000000000000082E-05 ), #2081, 'distance_accuracy_value', 'NONE');
#3176 = LINE ( 'NONE', #264, #2606 ) ;
#3177 = VERTEX_POINT ( 'NONE', #2655 ) ;
#3178 = DIRECTION ( 'NONE',  ( -1.000000000000000000, 0.000000000000000000, 0.000000000000000000 ) ) ;
#3179 = SURFACE_STYLE_USAGE ( .BOTH. , #2679 ) ;
#3180 = EDGE_CURVE ( 'NONE', #4224, #2653, #1320, .T. ) ;
#3181 = CARTESIAN_POINT ( 'NONE',  ( 0.003645476736785999757, -0.001412629527336999903, -0.002009487140320999950 ) ) ;
#3182 = CARTESIAN_POINT ( 'NONE',  ( 0.003449999999999999942, -0.002799999999999999972, 0.001000000000000000021 ) ) ;
#3183 = MECHANICAL_DESIGN_GEOMETRIC_PRESENTATION_REPRESENTATION (  '', ( #3108 ), #3032 ) ;
#3184 = AXIS2_PLACEMENT_3D ( 'NONE', #2995, #872, #2250 ) ;
#3185 = CARTESIAN_POINT ( 'NONE',  ( 0.003484548935050999809, 0.002030893478664000124, 0.001475787229541000029 ) ) ;
#3186 = DIRECTION ( 'NONE',  ( 1.000000000000000000, 0.000000000000000000, -0.000000000000000000 ) ) ;
#3187 = DIRECTION ( 'NONE',  ( 1.000000000000000000, 0.000000000000000000, 0.000000000000000000 ) ) ;
#3188 = ORIENTED_EDGE ( 'NONE', *, *, #2683, .T. ) ;
#3189 = EDGE_CURVE ( 'NONE', #1602, #4274, #3275, .T. ) ;
#3190 = CARTESIAN_POINT ( 'NONE',  ( 0.003645476736785999757, 0.001412629545623000004, -0.002009487152395000170 ) ) ;
#3191 = EDGE_LOOP ( 'NONE', ( #4409, #3756, #973, #4373 ) ) ;
#3192 = EDGE_CURVE ( 'NONE', #2964, #1190, #1094, .T. ) ;
#3193 = CARTESIAN_POINT ( 'NONE',  ( 0.000000000000000000, 0.003000000000000000062, 0.003000000000000000062 ) ) ;
#3194 = DIRECTION ( 'NONE',  ( -0.000000000000000000, -0.000000000000000000, 1.000000000000000000 ) ) ;
#3195 = ORIENTED_EDGE ( 'NONE', *, *, #686, .T. ) ;
#3196 = VERTEX_POINT ( 'NONE', #4037 ) ;
#3197 = CARTESIAN_POINT ( 'NONE',  ( 0.003759487639609000037, -0.001812088453780999866, 0.001404524138909000281 ) ) ;
#3198 = MECHANICAL_DESIGN_GEOMETRIC_PRESENTATION_REPRESENTATION (  '', ( #1462 ), #3563 ) ;
#3199 = EDGE_CURVE ( 'NONE', #2370, #1878, #934, .T. ) ;
#3200 = CARTESIAN_POINT ( 'NONE',  ( 0.003645476736786000191, 0.001649999990857000049, 0.002009487146357999843 ) ) ;
#3201 = VERTEX_POINT ( 'NONE', #4099 ) ;
#3202 = CARTESIAN_POINT ( 'NONE',  ( 0.0007500000000000000156, -0.003000000000000000062, -0.001899999999999999996 ) ) ;
#3203 = ORIENTED_EDGE ( 'NONE', *, *, #2164, .F. ) ;
#3204 = CARTESIAN_POINT ( 'NONE',  ( 0.003750000000000244024, -0.001749999851529401591, -0.001650000000000048563 ) ) ;
#3205 = CARTESIAN_POINT ( 'NONE',  ( 0.000000000000000000, -0.003000000000000000062, 0.003000000000000000062 ) ) ;
#3206 = DIRECTION ( 'NONE',  ( -1.000000000000000000, 1.084202172485504434E-15, 0.000000000000000000 ) ) ;
#3207 = AXIS2_PLACEMENT_3D ( 'NONE', #461, #3599, #120 ) ;
#3208 = VECTOR ( 'NONE', #2771, 1.000000000000000000 ) ;
#3209 = CARTESIAN_POINT ( 'NONE',  ( 0.003484548935050999809, -0.001995352828813999786, 0.001703824740531000069 ) ) ;
#3210 = CARTESIAN_POINT ( 'NONE',  ( 0.006804188484295556859, 0.001691007950801013890, 0.0009644751655725264036 ) ) ;
#3211 = ORIENTED_EDGE ( 'NONE', *, *, #347, .F. ) ;
#3212 = ORIENTED_EDGE ( 'NONE', *, *, #1698, .F. ) ;
#3213 = LINE ( 'NONE', #2209, #1471 ) ;
#3214 = VECTOR ( 'NONE', #1266, 1.000000000000000000 ) ;
#3215 = FILL_AREA_STYLE_COLOUR ( '', #3760 ) ;
#3216 = CARTESIAN_POINT ( 'NONE',  ( 0.0007500000000000000156, 0.003000000000000000062, 0.002599999999999999881 ) ) ;
#3217 = VECTOR ( 'NONE', #3150, 1.000000000000000000 ) ;
#3218 = ORIENTED_EDGE ( 'NONE', *, *, #2274, .F. ) ;
#3219 = ORIENTED_EDGE ( 'NONE', *, *, #3905, .F. ) ;
#3220 = EDGE_CURVE ( 'NONE', #494, #3458, #2373, .T. ) ;
#3221 = CARTESIAN_POINT ( 'NONE',  ( 0.0007543577871373724139, 0.003049809734904795552, -0.002599999999999999881 ) ) ;
#3222 = AXIS2_PLACEMENT_3D ( 'NONE', #1656, #1976, #2034 ) ;
#3223 = EDGE_CURVE ( 'NONE', #3146, #2964, #1183, .T. ) ;
#3224 = VERTEX_POINT ( 'NONE', #1912 ) ;
#3225 = LINE ( 'NONE', #60, #1846 ) ;
#3226 = ORIENTED_EDGE ( 'NONE', *, *, #2870, .F. ) ;
#3227 =( BOUNDED_CURVE ( )  B_SPLINE_CURVE ( 3, ( #984, #3733, #286, #1934, #626, #570, #4390 ),
 .UNSPECIFIED., .F., .F. ) 
 B_SPLINE_CURVE_WITH_KNOTS ( ( 4, 3, 4 ),
 ( 0.000000000000000000, 0.4999999912921985756, 1.000000000000000000 ),
 .UNSPECIFIED. ) 
 CURVE ( )  GEOMETRIC_REPRESENTATION_ITEM ( )  RATIONAL_B_SPLINE_CURVE ( ( 1.331632143799634127, 1.092052917006794299, 1.121427307714063293, 1.419755315921441108, 1.121427297322938887, 1.092052914960503607, 1.331632168834135488 ) ) 
 REPRESENTATION_ITEM ( '' )  );
#3228 = DIRECTION ( 'NONE',  ( -0.9997806834748415028, 2.564706747678343158E-18, -0.02094241988354513320 ) ) ;
#3229 = DIRECTION ( 'NONE',  ( 0.000000000000000000, 0.000000000000000000, -1.000000000000000000 ) ) ;
#3230 = DIRECTION ( 'NONE',  ( 0.000000000000000000, -1.000000000000000000, -0.000000000000000000 ) ) ;
#3231 = CARTESIAN_POINT ( 'NONE',  ( 0.0002999999999999999737, -0.004499999999999999660, -0.001899999999999999996 ) ) ;
#3232 = VECTOR ( 'NONE', #3878, 1.000000000000000000 ) ;
#3233 = DIRECTION ( 'NONE',  ( 0.000000000000000000, 0.000000000000000000, 1.000000000000000000 ) ) ;
#3234 = CARTESIAN_POINT ( 'NONE',  ( 0.003470160231246000124, 0.003000000000000000062, 0.002700000000000000143 ) ) ;
#3235 = ORIENTED_EDGE ( 'NONE', *, *, #4383, .T. ) ;
#3236 = CARTESIAN_POINT ( 'NONE',  ( 0.003484548935050999809, 0.001304647171185999979, -0.001596175259468999696 ) ) ;
#3237 = CIRCLE ( 'NONE', #2218, 0.0004000000000000000192 ) ;
#3238 = VERTEX_POINT ( 'NONE', #3653 ) ;
#3239 = CARTESIAN_POINT ( 'NONE',  ( 0.003449999999999999942, 0.002700000000000000143, 0.003000000000000000062 ) ) ;
#3240 = LINE ( 'NONE', #108, #4348 ) ;
#3241 = CARTESIAN_POINT ( 'NONE',  ( 0.003449999999999999942, -0.003000000000000000062, 0.000000000000000000 ) ) ;
#3242 = ORIENTED_EDGE ( 'NONE', *, *, #1298, .F. ) ;
#3243 = VERTEX_POINT ( 'NONE', #3943 ) ;
#3244 = EDGE_CURVE ( 'NONE', #1110, #1040, #3705, .T. ) ;
#3245 = CARTESIAN_POINT ( 'NONE',  ( 0.003449999999999999942, 0.001649999999999999991, -0.002000000000000000042 ) ) ;
#3246 = CARTESIAN_POINT ( 'NONE',  ( 0.0007543577871373999526, -0.003049809734904999816, 0.001899999999999999996 ) ) ;
#3247 = VERTEX_POINT ( 'NONE', #1495 ) ;
#3248 = LINE ( 'NONE', #4235, #99 ) ;
#3249 = EDGE_CURVE ( 'NONE', #1035, #451, #909, .T. ) ;
#3250 = ORIENTED_EDGE ( 'NONE', *, *, #3160, .F. ) ;
#3251 = EDGE_CURVE ( 'NONE', #2724, #3654, #4304, .T. ) ;
#3252 = DIRECTION ( 'NONE',  ( -0.000000000000000000, -0.000000000000000000, 1.000000000000000000 ) ) ;
#3253 = CARTESIAN_POINT ( 'NONE',  ( 0.003449999999999999942, 0.002799999999999999972, 0.001000000000000000021 ) ) ;
#3254 = CARTESIAN_POINT ( 'NONE',  ( 0.000000000000000000, -0.002700000000000000143, 0.003000000000000000062 ) ) ;
#3255 = FILL_AREA_STYLE ('',( #1486 ) ) ;
#3256 = PRESENTATION_STYLE_ASSIGNMENT (( #2181 ) ) ;
#3257 = CARTESIAN_POINT ( 'NONE',  ( 0.003449999999999999942, 0.000000000000000000, 0.000000000000000000 ) ) ;
#3258 = EDGE_LOOP ( 'NONE', ( #1913, #234, #3296, #2913 ) ) ;
#3259 = CARTESIAN_POINT ( 'NONE',  ( 0.003759487639609000037, 0.001407452280371000080, -0.001612197882899999964 ) ) ;
#3260 = ORIENTED_EDGE ( 'NONE', *, *, #3223, .T. ) ;
#3261 = DIRECTION ( 'NONE',  ( 1.000000000000000000, 0.000000000000000000, -0.000000000000000000 ) ) ;
#3262 = CARTESIAN_POINT ( 'NONE',  ( 0.003160000000000000048, -0.002700000000000000143, 0.000000000000000000 ) ) ;
#3263 = PRESENTATION_LAYER_ASSIGNMENT (  '', '', ( #3982 ) ) ;
#3264 = CIRCLE ( 'NONE', #3033, 9.999999999999999124E-05 ) ;
#3265 = VECTOR ( 'NONE', #2817, 1.000000000000000000 ) ;
#3266 = PRESENTATION_STYLE_ASSIGNMENT (( #571 ) ) ;
#3267 = DIRECTION ( 'NONE',  ( 0.9961946980917451011, 0.08715574274766391127, 0.000000000000000000 ) ) ;
#3268 = PRESENTATION_LAYER_ASSIGNMENT (  '', '', ( #1164 ) ) ;
#3269 = ORIENTED_EDGE ( 'NONE', *, *, #1332, .F. ) ;
#3270 = ORIENTED_EDGE ( 'NONE', *, *, #2579, .T. ) ;
#3271 = DIRECTION ( 'NONE',  ( -1.000000000000000000, -0.000000000000000000, -0.000000000000000000 ) ) ;
#3272 = DIRECTION ( 'NONE',  ( 0.000000000000000000, 0.9999331121142338574, -0.01156595424265051755 ) ) ;
#3273 = ORIENTED_EDGE ( 'NONE', *, *, #1572, .F. ) ;
#3274 = CARTESIAN_POINT ( 'NONE',  ( 0.0003000000000000000279, 0.003482339959128999841, -0.002599999999999999881 ) ) ;
#3275 = CIRCLE ( 'NONE', #1313, 0.0002999999999999999195 ) ;
#3276 = ORIENTED_EDGE ( 'NONE', *, *, #1145, .F. ) ;
#3277 = VECTOR ( 'NONE', #3909, 1.000000000000000000 ) ;
#3278 = CARTESIAN_POINT ( 'NONE',  ( 0.0008000000000000000383, 0.003000000000000000062, -0.003000000000000000062 ) ) ;
#3279 = PLANE ( 'NONE',  #3044 ) ;
#3280 = DIRECTION ( 'NONE',  ( -1.000000000000000000, 0.000000000000000000, 0.000000000000000000 ) ) ;
#3281 = EDGE_CURVE ( 'NONE', #3514, #3791, #1598, .T. ) ;
#3282 = FACE_OUTER_BOUND ( 'NONE', #3, .T. ) ;
#3283 = DIRECTION ( 'NONE',  ( -0.000000000000000000, -0.000000000000000000, 1.000000000000000000 ) ) ;
#3284 = CARTESIAN_POINT ( 'NONE',  ( 0.0007543577871373724139, 0.003049809734904795552, -0.001899999999999999996 ) ) ;
#3285 = ADVANCED_FACE ( 'NONE', ( #2955 ), #3586, .T. ) ;
#3286 = CARTESIAN_POINT ( 'NONE',  ( 0.006999999999999999278, -0.001479684638696380714, 1.711510961821204770E-05 ) ) ;
#3287 = AXIS2_PLACEMENT_3D ( 'NONE', #3880, #778, #3229 ) ;
#3288 = EDGE_CURVE ( 'NONE', #3345, #925, #4251, .T. ) ;
#3289 = CARTESIAN_POINT ( 'NONE',  ( 0.006919384147009934385, -0.001677214568999296903, 1.939988381239598166E-05 ) ) ;
#3290 = LINE ( 'NONE', #1952, #871 ) ;
#3291 = EDGE_LOOP ( 'NONE', ( #3419, #1103, #862, #3358 ) ) ;
#3292 = VECTOR ( 'NONE', #1590, 1.000000000000000000 ) ;
#3293 = SURFACE_SIDE_STYLE ('',( #2880 ) ) ;
#3294 = DIRECTION ( 'NONE',  ( -1.000000000000000000, 0.000000000000000000, -0.000000000000000000 ) ) ;
#3295 =( NAMED_UNIT ( * ) SI_UNIT ( $, .STERADIAN. ) SOLID_ANGLE_UNIT ( ) );
#3296 = ORIENTED_EDGE ( 'NONE', *, *, #3386, .T. ) ;
#3297 = AXIS2_PLACEMENT_3D ( 'NONE', #999, #1069, #1097 ) ;
#3298 = ORIENTED_EDGE ( 'NONE', *, *, #4094, .T. ) ;
#3299 = DIRECTION ( 'NONE',  ( 0.000000000000000000, -1.000000000000000000, -0.000000000000000000 ) ) ;
#3300 = AXIS2_PLACEMENT_3D ( 'NONE', #2398, #1339, #994 ) ;
#3301 = CARTESIAN_POINT ( 'NONE',  ( 0.0003912844257252321291, 0.003382720489319147351, 0.001899999999999999779 ) ) ;
#3302 = ORIENTED_EDGE ( 'NONE', *, *, #502, .T. ) ;
#3303 = VERTEX_POINT ( 'NONE', #3917 ) ;
#3304 = AXIS2_PLACEMENT_3D ( 'NONE', #1488, #1150, #493 ) ;
#3305 = FACE_OUTER_BOUND ( 'NONE', #1907, .T. ) ;
#3306 = DIRECTION ( 'NONE',  ( -1.000000000000000000, -0.000000000000000000, -0.000000000000000000 ) ) ;
#3307 = DIRECTION ( 'NONE',  ( 0.000000000000000000, -0.000000000000000000, -1.000000000000000000 ) ) ;
#3308 = EDGE_CURVE ( 'NONE', #925, #451, #1154, .T. ) ;
#3309 = FACE_OUTER_BOUND ( 'NONE', #1060, .T. ) ;
#3310 = FACE_OUTER_BOUND ( 'NONE', #817, .T. ) ;
#3311 =( LENGTH_UNIT ( ) NAMED_UNIT ( * ) SI_UNIT ( $, .METRE. ) );
#3312 = EDGE_CURVE ( 'NONE', #814, #742, #1249, .T. ) ;
#3313 = LINE ( 'NONE', #851, #1969 ) ;
#3314 = ORIENTED_EDGE ( 'NONE', *, *, #4434, .F. ) ;
#3315 = ADVANCED_FACE ( 'NONE', ( #1204 ), #2624, .F. ) ;
#3316 = ADVANCED_FACE ( 'NONE', ( #2581 ), #1577, .F. ) ;
#3317 = DIRECTION ( 'NONE',  ( -1.000000000000000000, 0.000000000000000000, -0.000000000000000000 ) ) ;
#3318 = CARTESIAN_POINT ( 'NONE',  ( 0.000000000000000000, 0.003000000000000000062, -0.001899999999999999996 ) ) ;
#3319 = ADVANCED_FACE ( 'NONE', ( #3376 ), #2684, .T. ) ;
#3320 = ORIENTED_EDGE ( 'NONE', *, *, #2994, .T. ) ;
#3321 = CARTESIAN_POINT ( 'NONE',  ( 0.000000000000000000, -0.001250000000000000243, 0.003000000000000000496 ) ) ;
#3322 = ORIENTED_EDGE ( 'NONE', *, *, #3444, .T. ) ;
#3323 = DIRECTION ( 'NONE',  ( 0.000000000000000000, 0.000000000000000000, 1.000000000000000000 ) ) ;
#3324 = DIRECTION ( 'NONE',  ( -1.000000000000000000, -0.000000000000000000, -0.000000000000000000 ) ) ;
#3325 = ORIENTED_EDGE ( 'NONE', *, *, #1864, .T. ) ;
#3326 = SURFACE_STYLE_FILL_AREA ( #3395 ) ;
#3327 = VERTEX_POINT ( 'NONE', #2666 ) ;
#3328 = CARTESIAN_POINT ( 'NONE',  ( 0.0002999999999999999737, 0.003000000000000000496, 0.001250000000000000243 ) ) ;
#3329 = CARTESIAN_POINT ( 'NONE',  ( 0.000000000000000000, 0.000000000000000000, -0.001250000000000000026 ) ) ;
#3330 =( NAMED_UNIT ( * ) PLANE_ANGLE_UNIT ( ) SI_UNIT ( $, .RADIAN. ) );
#3331 = CARTESIAN_POINT ( 'NONE',  ( 0.0007805045099617094776, -0.003348668144332108288, -0.002599999999999999881 ) ) ;
#3332 =( LENGTH_UNIT ( ) NAMED_UNIT ( * ) SI_UNIT ( $, .METRE. ) );
#3333 = PRESENTATION_STYLE_ASSIGNMENT (( #2362 ) ) ;
#3334 = LINE ( 'NONE', #4345, #1608 ) ;
#3335 = EDGE_LOOP ( 'NONE', ( #4208, #1869, #532, #381, #1365 ) ) ;
#3336 = EDGE_CURVE ( 'NONE', #1131, #773, #2641, .T. ) ;
#3337 = LINE ( 'NONE', #1956, #4370 ) ;
#3338 = EDGE_CURVE ( 'NONE', #3165, #186, #986, .T. ) ;
#3339 = VERTEX_POINT ( 'NONE', #610 ) ;
#3340 = PLANE ( 'NONE',  #1018 ) ;
#3341 = AXIS2_PLACEMENT_3D ( 'NONE', #2036, #1658, #3026 ) ;
#3342 = DIRECTION ( 'NONE',  ( 2.776071171377460024E-12, -4.444641818620185930E-12, -1.000000000000000000 ) ) ;
#3343 = MECHANICAL_DESIGN_GEOMETRIC_PRESENTATION_REPRESENTATION (  '', ( #358 ), #4411 ) ;
#3344 = CIRCLE ( 'NONE', #4122, 0.0003500000000000000507 ) ;
#3345 = VERTEX_POINT ( 'NONE', #3046 ) ;
#3346 = ORIENTED_EDGE ( 'NONE', *, *, #1959, .T. ) ;
#3347 = DIRECTION ( 'NONE',  ( 1.000000000000000000, 0.000000000000000000, 0.000000000000000000 ) ) ;
#3348 = AXIS2_PLACEMENT_3D ( 'NONE', #510, #1560, #2896 ) ;
#3349 = AXIS2_PLACEMENT_3D ( 'NONE', #2469, #3172, #3848 ) ;
#3350 = CARTESIAN_POINT ( 'NONE',  ( 0.000000000000000000, -0.003000000000000000062, -0.003000000000000000062 ) ) ;
#3351 = LINE ( 'NONE', #243, #4012 ) ;
#3352 = FACE_OUTER_BOUND ( 'NONE', #1580, .T. ) ;
#3353 = ORIENTED_EDGE ( 'NONE', *, *, #1782, .F. ) ;
#3354 = CYLINDRICAL_SURFACE ( 'NONE', #1362, 0.0002999999999999999195 ) ;
#3355 = VECTOR ( 'NONE', #1606, 1.000000000000000000 ) ;
#3356 = DIRECTION ( 'NONE',  ( -0.9961946980918120476, 0.08715574274689893985, 0.000000000000000000 ) ) ;
#3357 = LINE ( 'NONE', #3771, #1271 ) ;
#3358 = ORIENTED_EDGE ( 'NONE', *, *, #689, .T. ) ;
#3359 = LINE ( 'NONE', #1981, #1967 ) ;
#3360 =( GEOMETRIC_REPRESENTATION_CONTEXT ( 3 ) GLOBAL_UNCERTAINTY_ASSIGNED_CONTEXT ( ( #1042 ) ) GLOBAL_UNIT_ASSIGNED_CONTEXT ( ( #3085, #4197, #2718 ) ) REPRESENTATION_CONTEXT ( 'NONE', 'WORKASPACE' ) );
#3361 = ORIENTED_EDGE ( 'NONE', *, *, #2687, .T. ) ;
#3362 = EDGE_CURVE ( 'NONE', #1558, #1502, #271, .T. ) ;
#3363 = ORIENTED_EDGE ( 'NONE', *, *, #87, .F. ) ;
#3364 = EDGE_CURVE ( 'NONE', #2048, #3772, #928, .T. ) ;
#3365 = DIRECTION ( 'NONE',  ( 0.000000000000000000, 0.000000000000000000, 1.000000000000000000 ) ) ;
#3366 = EDGE_CURVE ( 'NONE', #2262, #3565, #945, .T. ) ;
#3367 = CIRCLE ( 'NONE', #4301, 0.0004000000000000000192 ) ;
#3368 = CARTESIAN_POINT ( 'NONE',  ( 0.003160000000000000048, 0.002700000000000000143, 0.000000000000000000 ) ) ;
#3369 = AXIS2_PLACEMENT_3D ( 'NONE', #4225, #4136, #398 ) ;
#3370 = UNCERTAINTY_MEASURE_WITH_UNIT (LENGTH_MEASURE( 1.000000000000000082E-05 ), #1885, 'distance_accuracy_value', 'NONE');
#3371 = FILL_AREA_STYLE ('',( #937 ) ) ;
#3372 = CARTESIAN_POINT ( 'NONE',  ( 0.006999999999999999278, 0.001479684638696380714, -1.711510961821222727E-05 ) ) ;
#3373 = FILL_AREA_STYLE_COLOUR ( '', #471 ) ;
#3374 = CARTESIAN_POINT ( 'NONE',  ( 0.000000000000000000, 0.000000000000000000, 0.001250000000000000026 ) ) ;
#3375 = CARTESIAN_POINT ( 'NONE',  ( 0.003750000000000248794, 0.001749999851530084855, -0.001649999999999951419 ) ) ;
#3376 = FACE_OUTER_BOUND ( 'NONE', #3483, .T. ) ;
#3377 = AXIS2_PLACEMENT_3D ( 'NONE', #3141, #1129, #76 ) ;
#3378 = ORIENTED_EDGE ( 'NONE', *, *, #2736, .F. ) ;
#3379 = DIRECTION ( 'NONE',  ( 0.000000000000000000, 1.000000000000000000, 0.000000000000000000 ) ) ;
#3380 = ORIENTED_EDGE ( 'NONE', *, *, #2505, .F. ) ;
#3381 = ORIENTED_EDGE ( 'NONE', *, *, #2690, .F. ) ;
#3382 = VECTOR ( 'NONE', #2812, 1.000000000000000222 ) ;
#3383 = DIRECTION ( 'NONE',  ( 0.000000000000000000, 0.000000000000000000, -1.000000000000000000 ) ) ;
#3384 = CARTESIAN_POINT ( 'NONE',  ( 0.003749522019965000064, -0.001650000002149999787, -0.001565451910977000037 ) ) ;
#3385 = VECTOR ( 'NONE', #474, 1.000000000000000000 ) ;
#3386 = EDGE_CURVE ( 'NONE', #577, #486, #3357, .T. ) ;
#3387 = CYLINDRICAL_SURFACE ( 'NONE', #2269, 0.0003500000000000000507 ) ;
#3388 = DIRECTION ( 'NONE',  ( 1.000000000000000000, 0.000000000000000000, 0.000000000000000000 ) ) ;
#3389 = FILL_AREA_STYLE_COLOUR ( '', #2533 ) ;
#3390 = LINE ( 'NONE', #2660, #2275 ) ;
#3391 = CARTESIAN_POINT ( 'NONE',  ( 0.003749999999999999861, 0.000000000000000000, 0.000000000000000000 ) ) ;
#3392 = LINE ( 'NONE', #2978, #2310 ) ;
#3393 = CARTESIAN_POINT ( 'NONE',  ( 0.003470160231246000124, 0.002700000000000000143, -0.003000000000000000062 ) ) ;
#3394 = EDGE_LOOP ( 'NONE', ( #3363, #3380, #2529, #2543, #3939, #3989, #3520, #2625, #3775, #312 ) ) ;
#3395 = FILL_AREA_STYLE ('',( #1944 ) ) ;
#3396 = ORIENTED_EDGE ( 'NONE', *, *, #169, .T. ) ;
#3397 = CARTESIAN_POINT ( 'NONE',  ( 0.003150000000000000022, 0.002700000000000000143, 0.002700000000000000143 ) ) ;
#3398 = VERTEX_POINT ( 'NONE', #249 ) ;
#3399 = ORIENTED_EDGE ( 'NONE', *, *, #2914, .F. ) ;
#3400 = DIRECTION ( 'NONE',  ( 0.000000000000000000, -0.000000000000000000, 1.000000000000000000 ) ) ;
#3401 = CARTESIAN_POINT ( 'NONE',  ( 0.003749522019965000064, -0.001566460435479000071, -0.001663020004498000142 ) ) ;
#3402 = AXIS2_PLACEMENT_3D ( 'NONE', #2577, #878, #1133 ) ;
#3403 = AXIS2_PLACEMENT_3D ( 'NONE', #959, #4020, #4063 ) ;
#3404 = AXIS2_PLACEMENT_3D ( 'NONE', #2152, #2363, #3876 ) ;
#3405 = CARTESIAN_POINT ( 'NONE',  ( 0.003750000000000254432, -0.001550000148469616972, -0.001649999999999952286 ) ) ;
#3406 = PRODUCT_DEFINITION_CONTEXT ( 'detailed design', #3448, 'design' ) ;
#3407 = VECTOR ( 'NONE', #931, 1.000000000000000000 ) ;
#3408 = DIRECTION ( 'NONE',  ( 0.9961946980918119365, -0.08715574274689891210, 0.000000000000000000 ) ) ;
#3409 = FACE_OUTER_BOUND ( 'NONE', #3987, .T. ) ;
#3410 = CARTESIAN_POINT ( 'NONE',  ( 0.0002999999999999999737, 0.004499999999999999660, -0.002599999999999999881 ) ) ;
#3411 = DIRECTION ( 'NONE',  ( 0.000000000000000000, 0.000000000000000000, -1.000000000000000000 ) ) ;
#3412 = CIRCLE ( 'NONE', #232, 0.0002999999999999999195 ) ;
#3413 = DIRECTION ( 'NONE',  ( 0.000000000000000000, -0.000000000000000000, -1.000000000000000000 ) ) ;
#3414 = EDGE_CURVE ( 'NONE', #887, #1599, #3067, .T. ) ;
#3415 = CYLINDRICAL_SURFACE ( 'NONE', #2819, 0.0003500000000000000507 ) ;
#3416 = CARTESIAN_POINT ( 'NONE',  ( 0.003750000000000202824, 0.001749999835034629463, 0.001709353760581981121 ) ) ;
#3417 = ORIENTED_EDGE ( 'NONE', *, *, #810, .F. ) ;
#3418 = DIRECTION ( 'NONE',  ( 0.000000000000000000, 0.000000000000000000, -1.000000000000000000 ) ) ;
#3419 = ORIENTED_EDGE ( 'NONE', *, *, #4431, .F. ) ;
#3420 = DIRECTION ( 'NONE',  ( -1.000000000000000000, 0.000000000000000000, 0.000000000000000000 ) ) ;
#3421 = LINE ( 'NONE', #4413, #2090 ) ;
#3422 = VECTOR ( 'NONE', #2969, 1.000000000000000000 ) ;
#3423 = VERTEX_POINT ( 'NONE', #1640 ) ;
#3424 = ORIENTED_EDGE ( 'NONE', *, *, #1086, .F. ) ;
#3425 = DIRECTION ( 'NONE',  ( 1.000000000000000000, 0.000000000000000000, 0.000000000000000000 ) ) ;
#3426 = PRESENTATION_LAYER_ASSIGNMENT (  '', '', ( #971 ) ) ;
#3427 = ORIENTED_EDGE ( 'NONE', *, *, #1688, .T. ) ;
#3428 = DIRECTION ( 'NONE',  ( -0.000000000000000000, -0.000000000000000000, 1.000000000000000000 ) ) ;
#3429 = ORIENTED_EDGE ( 'NONE', *, *, #3386, .F. ) ;
#3430 = CIRCLE ( 'NONE', #1765, 0.0004000000000000000192 ) ;
#3431 = FACE_BOUND ( 'NONE', #3674, .T. ) ;
#3432 = CARTESIAN_POINT ( 'NONE',  ( 0.000000000000000000, -0.003000000000000000062, 0.003000000000000000062 ) ) ;
#3433 = AXIS2_PLACEMENT_3D ( 'NONE', #2965, #4092, #3418 ) ;
#3434 = DIRECTION ( 'NONE',  ( 0.000000000000000000, 0.000000000000000000, 1.000000000000000000 ) ) ;
#3435 = EDGE_CURVE ( 'NONE', #77, #2667, #4217, .T. ) ;
#3436 = CARTESIAN_POINT ( 'NONE',  ( 0.0003651377029010700014, -0.003083862079892135590, 0.002599999999999999881 ) ) ;
#3437 = PRESENTATION_LAYER_ASSIGNMENT (  '', '', ( #2849 ) ) ;
#3438 = CARTESIAN_POINT ( 'NONE',  ( 0.0007500000000000000156, 0.003000000000000000062, -0.002599999999999999881 ) ) ;
#3439 = FACE_OUTER_BOUND ( 'NONE', #1074, .T. ) ;
#3440 = ORIENTED_EDGE ( 'NONE', *, *, #1229, .F. ) ;
#3441 = DIRECTION ( 'NONE',  ( 0.000000000000000000, -1.000000000000000000, -0.000000000000000000 ) ) ;
#3442 = EDGE_CURVE ( 'NONE', #3081, #2223, #93, .T. ) ;
#3443 = CARTESIAN_POINT ( 'NONE',  ( 0.003484548935050999809, -0.001419209514247999921, 0.001999522078223999865 ) ) ;
#3444 = EDGE_CURVE ( 'NONE', #2259, #1544, #2387, .T. ) ;
#3445 = VERTEX_POINT ( 'NONE', #1270 ) ;
#3446 = ORIENTED_EDGE ( 'NONE', *, *, #893, .T. ) ;
#3447 = FACE_OUTER_BOUND ( 'NONE', #2075, .T. ) ;
#3448 = APPLICATION_CONTEXT ( 'automotive_design' ) ;
#3449 = ORIENTED_EDGE ( 'NONE', *, *, #1749, .F. ) ;
#3450 = CARTESIAN_POINT ( 'NONE',  ( 0.003759487639609000037, 0.001382491420473000183, -0.001527647128734000055 ) ) ;
#3451 = ORIENTED_EDGE ( 'NONE', *, *, #447, .T. ) ;
#3452 = CARTESIAN_POINT ( 'NONE',  ( 0.0002999999999999999737, 0.003482339959128999841, -0.002599999999999999881 ) ) ;
#3453 =( NAMED_UNIT ( * ) SI_UNIT ( $, .STERADIAN. ) SOLID_ANGLE_UNIT ( ) );
#3454 = CARTESIAN_POINT ( 'NONE',  ( 0.0004000000000000000192, -0.003482339959128999841, -0.002599999999999999881 ) ) ;
#3455 = DIRECTION ( 'NONE',  ( 0.000000000000000000, 0.000000000000000000, -1.000000000000000000 ) ) ;
#3456 = CARTESIAN_POINT ( 'NONE',  ( 0.003750000000000295632, 0.001550000148470306307, -0.001650000000000047913 ) ) ;
#3457 = CARTESIAN_POINT ( 'NONE',  ( 0.003160000000000000048, -0.003000000000000000062, -0.002700000000000000143 ) ) ;
#3458 = VERTEX_POINT ( 'NONE', #3716 ) ;
#3459 = DIRECTION ( 'NONE',  ( -1.000000000000000000, -0.000000000000000000, 0.000000000000000000 ) ) ;
#3460 = CARTESIAN_POINT ( 'NONE',  ( 0.003484548935050999809, -0.001269106530198000184, 0.001824212789832999754 ) ) ;
#3461 = EDGE_CURVE ( 'NONE', #3142, #501, #3735, .T. ) ;
#3462 = CARTESIAN_POINT ( 'NONE',  ( 0.003160000000000000048, -0.003000000000000000062, -0.001000000000000000021 ) ) ;
#3463 = FACE_OUTER_BOUND ( 'NONE', #746, .T. ) ;
#3464 = EDGE_LOOP ( 'NONE', ( #2535, #3211, #1179, #343 ) ) ;
#3465 = ORIENTED_EDGE ( 'NONE', *, *, #4045, .F. ) ;
#3466 = CARTESIAN_POINT ( 'NONE',  ( 0.003759487639609000037, -0.001487911533733000035, 0.001404524147152999948 ) ) ;
#3467 = EDGE_CURVE ( 'NONE', #608, #3804, #3690, .T. ) ;
#3468 = CARTESIAN_POINT ( 'NONE',  ( 0.006919384147009934385, 0.001677214568990448729, -1.939988457731384500E-05 ) ) ;
#3469 = ORIENTED_EDGE ( 'NONE', *, *, #3288, .T. ) ;
#3470 = DIRECTION ( 'NONE',  ( -1.000000000000000000, -0.000000000000000000, -0.000000000000000000 ) ) ;
#3471 = ORIENTED_EDGE ( 'NONE', *, *, #666, .F. ) ;
#3472 = DIRECTION ( 'NONE',  ( -1.000000000000000000, 0.000000000000000000, -0.000000000000000000 ) ) ;
#3473 = VECTOR ( 'NONE', #2857, 1.000000000000000000 ) ;
#3474 = DIRECTION ( 'NONE',  ( -0.000000000000000000, -0.000000000000000000, 1.000000000000000000 ) ) ;
#3475 = DIRECTION ( 'NONE',  ( -0.000000000000000000, -0.000000000000000000, 1.000000000000000000 ) ) ;
#3476 = PRESENTATION_LAYER_ASSIGNMENT (  '', '', ( #942 ) ) ;
#3477 = CARTESIAN_POINT ( 'NONE',  ( 0.001100000000000000066, 0.003000000000000000062, -0.001899999999999999996 ) ) ;
#3478 = DIRECTION ( 'NONE',  ( 0.000000000000000000, 0.000000000000000000, 1.000000000000000000 ) ) ;
#3479 =( NAMED_UNIT ( * ) SI_UNIT ( $, .STERADIAN. ) SOLID_ANGLE_UNIT ( ) );
#3480 = CARTESIAN_POINT ( 'NONE',  ( 0.003759487639609000037, 0.001917508579527000016, 0.001527647128734000055 ) ) ;
#3481 = LINE ( 'NONE', #3138, #4129 ) ;
#3482 = CARTESIAN_POINT ( 'NONE',  ( 0.003449999999999999942, -0.001649999999999999991, -0.002000000000000000042 ) ) ;
#3483 = EDGE_LOOP ( 'NONE', ( #1059, #198, #2215, #4072 ) ) ;
#3484 =( GEOMETRIC_REPRESENTATION_CONTEXT ( 3 ) GLOBAL_UNCERTAINTY_ASSIGNED_CONTEXT ( ( #3495 ) ) GLOBAL_UNIT_ASSIGNED_CONTEXT ( ( #1761, #2876, #520 ) ) REPRESENTATION_CONTEXT ( 'NONE', 'WORKASPACE' ) );
#3485 = CARTESIAN_POINT ( 'NONE',  ( 0.003484548935050999809, -0.001880790503530999904, 0.001999522066484999902 ) ) ;
#3486 = VECTOR ( 'NONE', #3632, 1.000000000000000000 ) ;
#3487 = ORIENTED_EDGE ( 'NONE', *, *, #3494, .T. ) ;
#3488 = ORIENTED_EDGE ( 'NONE', *, *, #2664, .F. ) ;
#3489 = CARTESIAN_POINT ( 'NONE',  ( 0.003645476736785999757, -0.001412629527336999903, 0.001290512859679000032 ) ) ;
#3490 = AXIS2_PLACEMENT_3D ( 'NONE', #2361, #3063, #2717 ) ;
#3491 = ADVANCED_FACE ( 'NONE', ( #307 ), #1328, .T. ) ;
#3492 = EDGE_LOOP ( 'NONE', ( #3427, #2999, #858, #2147, #1019, #3724, #458, #1646, #1483, #831, #2466, #1894 ) ) ;
#3493 = CARTESIAN_POINT ( 'NONE',  ( 0.003484548935050999809, 0.001649999991110999995, -0.001300477927645999916 ) ) ;
#3494 = EDGE_CURVE ( 'NONE', #2285, #2977, #3337, .T. ) ;
#3495 = UNCERTAINTY_MEASURE_WITH_UNIT (LENGTH_MEASURE( 1.000000000000000082E-05 ), #1761, 'distance_accuracy_value', 'NONE');
#3496 = DIRECTION ( 'NONE',  ( 0.000000000000000000, -1.000000000000000000, -0.000000000000000000 ) ) ;
#3497 = ADVANCED_FACE ( 'NONE', ( #2647 ), #4031, .F. ) ;
#3498 = ORIENTED_EDGE ( 'NONE', *, *, #2164, .T. ) ;
#3499 = VECTOR ( 'NONE', #4365, 1.000000000000000000 ) ;
#3500 = CARTESIAN_POINT ( 'NONE',  ( 0.000000000000000000, -0.004499999999999999660, -0.002599999999999999881 ) ) ;
#3501 = SURFACE_STYLE_USAGE ( .BOTH. , #2379 ) ;
#3502 = DIRECTION ( 'NONE',  ( -0.000000000000000000, -0.000000000000000000, 1.000000000000000000 ) ) ;
#3503 = CARTESIAN_POINT ( 'NONE',  ( 0.003449999999999999942, 0.001649999999999999991, 0.002000000000000000042 ) ) ;
#3504 = PLANE ( 'NONE',  #1889 ) ;
#3505 = CARTESIAN_POINT ( 'NONE',  ( 0.000000000000000000, -0.002700000000000000143, -0.002700000000000000143 ) ) ;
#3506 = CARTESIAN_POINT ( 'NONE',  ( 0.003449999999999999942, -0.001000000000000000021, 0.003000000000000000062 ) ) ;
#3507 = CARTESIAN_POINT ( 'NONE',  ( 0.0002999999999999999737, 0.003482339959128999841, -0.002599999999999999881 ) ) ;
#3508 = ORIENTED_EDGE ( 'NONE', *, *, #1348, .F. ) ;
#3509 = FACE_OUTER_BOUND ( 'NONE', #2951, .T. ) ;
#3510 = CARTESIAN_POINT ( 'NONE',  ( 0.003759487639609000037, 0.001650000006243000032, -0.001895475856969000084 ) ) ;
#3511 = EDGE_LOOP ( 'NONE', ( #1496, #1603, #1227, #206 ) ) ;
#3512 = MECHANICAL_DESIGN_GEOMETRIC_PRESENTATION_REPRESENTATION (  '', ( #971 ), #1699 ) ;
#3513 = EDGE_LOOP ( 'NONE', ( #1392, #506, #3603, #3872 ) ) ;
#3514 = VERTEX_POINT ( 'NONE', #667 ) ;
#3515 = CARTESIAN_POINT ( 'NONE',  ( 0.003449999999999999942, -0.001000000000000000021, -0.003000000000000000062 ) ) ;
#3516 = CARTESIAN_POINT ( 'NONE',  ( 0.003449999999999999942, 0.001649999999999999991, -0.002000000000000000042 ) ) ;
#3517 = ORIENTED_EDGE ( 'NONE', *, *, #1022, .T. ) ;
#3518 = LINE ( 'NONE', #406, #3136 ) ;
#3519 = DIRECTION ( 'NONE',  ( -0.000000000000000000, -0.000000000000000000, 1.000000000000000000 ) ) ;
#3520 = ORIENTED_EDGE ( 'NONE', *, *, #4070, .F. ) ;
#3521 = CARTESIAN_POINT ( 'NONE',  ( 0.003750000000000289994, -0.001749999851530383661, 0.001649999999999966381 ) ) ;
#3522 = PRODUCT_RELATED_PRODUCT_CATEGORY ( 'part', '', ( #1411 ) ) ;
#3523 = LINE ( 'NONE', #2545, #3798 ) ;
#3524 = EDGE_CURVE ( 'NONE', #3772, #3029, #1762, .T. ) ;
#3525 =( LENGTH_UNIT ( ) NAMED_UNIT ( * ) SI_UNIT ( $, .METRE. ) );
#3526 = FACE_OUTER_BOUND ( 'NONE', #598, .T. ) ;
#3527 = AXIS2_PLACEMENT_3D ( 'NONE', #3836, #2405, #2060 ) ;
#3528 = CARTESIAN_POINT ( 'NONE',  ( 0.003484548935050999809, -0.001880790485752000061, -0.001999522078223999865 ) ) ;
#3529 = LINE ( 'NONE', #3231, #2457 ) ;
#3530 = CARTESIAN_POINT ( 'NONE',  ( 0.003749522019963999996, 0.001557863286641000258, 0.001607858574239000088 ) ) ;
#3531 = FACE_OUTER_BOUND ( 'NONE', #2140, .T. ) ;
#3532 = ORIENTED_EDGE ( 'NONE', *, *, #2216, .F. ) ;
#3533 = ORIENTED_EDGE ( 'NONE', *, *, #3849, .F. ) ;
#3534 = ADVANCED_FACE ( 'NONE', ( #3531 ), #419, .T. ) ;
#3535 = CARTESIAN_POINT ( 'NONE',  ( 0.003150000000000000022, 0.002700000000000000143, 0.002700000000000000143 ) ) ;
#3536 = CARTESIAN_POINT ( 'NONE',  ( 0.000000000000000000, 0.000000000000000000, 0.000000000000000000 ) ) ;
#3537 = ORIENTED_EDGE ( 'NONE', *, *, #4429, .T. ) ;
#3538 = VERTEX_POINT ( 'NONE', #4223 ) ;
#3539 = CARTESIAN_POINT ( 'NONE',  ( 0.000000000000000000, 0.003000000000000000062, 0.003000000000000000062 ) ) ;
#3540 = ORIENTED_EDGE ( 'NONE', *, *, #3442, .F. ) ;
#3541 = CARTESIAN_POINT ( 'NONE',  ( 0.0003651377029008999985, 0.003083862079891999848, -0.002599999999999999881 ) ) ;
#3542 = UNCERTAINTY_MEASURE_WITH_UNIT (LENGTH_MEASURE( 1.000000000000000082E-05 ), #1305, 'distance_accuracy_value', 'NONE');
#3543 = ORIENTED_EDGE ( 'NONE', *, *, #615, .F. ) ;
#3544 = ORIENTED_EDGE ( 'NONE', *, *, #2855, .T. ) ;
#3545 =( BOUNDED_CURVE ( )  B_SPLINE_CURVE ( 3, ( #968, #4111, #1695, #2942, #2389, #1366, #1673 ),
 .UNSPECIFIED., .F., .F. ) 
 B_SPLINE_CURVE_WITH_KNOTS ( ( 4, 3, 4 ),
 ( 0.000000000000000000, 0.4999999912919314005, 1.000000000000000000 ),
 .UNSPECIFIED. ) 
 CURVE ( )  GEOMETRIC_REPRESENTATION_ITEM ( )  RATIONAL_B_SPLINE_CURVE ( ( 1.331632143799276857, 1.092052917006822721, 1.121427307714210730, 1.419755315921439998, 1.121427297322767247, 1.092052914960469412, 1.331632168834546048 ) ) 
 REPRESENTATION_ITEM ( '' )  );
#3546 = FACE_OUTER_BOUND ( 'NONE', #767, .T. ) ;
#3547 = CARTESIAN_POINT ( 'NONE',  ( 0.003449999999999999942, -0.001649999999999999991, -0.001649999999999999991 ) ) ;
#3548 = CARTESIAN_POINT ( 'NONE',  ( 0.0002999999999999999737, 0.001250000000000000026, 0.001250000000000000026 ) ) ;
#3549 = COLOUR_RGB ( '',0.2980392156862745057, 0.2980392156862745057, 0.2980392156862745057 ) ;
#3550 = CARTESIAN_POINT ( 'NONE',  ( 0.003749522019963999996, 0.001650000002149999787, 0.001565451910977000037 ) ) ;
#3551 = CIRCLE ( 'NONE', #4054, 0.0004000000000000000192 ) ;
#3552 = CARTESIAN_POINT ( 'NONE',  ( 0.007000000007018105860, 0.0009527172878836636912, 0.001584091423021128037 ) ) ;
#3553 = VERTEX_POINT ( 'NONE', #1788 ) ;
#3554 = CARTESIAN_POINT ( 'NONE',  ( 0.000000000000000000, 0.001250000000000000243, -0.003000000000000000062 ) ) ;
#3555 = EDGE_LOOP ( 'NONE', ( #567, #1481, #3649, #3235 ) ) ;
#3556 = EDGE_CURVE ( 'NONE', #1272, #791, #1391, .T. ) ;
#3557 = ADVANCED_FACE ( 'NONE', ( #3439 ), #2510, .T. ) ;
#3558 = EDGE_CURVE ( 'NONE', #1570, #4147, #2484, .T. ) ;
#3559 = AXIS2_PLACEMENT_3D ( 'NONE', #3805, #703, #3131 ) ;
#3560 = ORIENTED_EDGE ( 'NONE', *, *, #3336, .F. ) ;
#3561 = EDGE_LOOP ( 'NONE', ( #4230, #2233, #967, #352 ) ) ;
#3562 = CARTESIAN_POINT ( 'NONE',  ( 0.0002999999999999999737, -0.003482339959128999841, -0.001899999999999999996 ) ) ;
#3563 =( GEOMETRIC_REPRESENTATION_CONTEXT ( 3 ) GLOBAL_UNCERTAINTY_ASSIGNED_CONTEXT ( ( #4171 ) ) GLOBAL_UNIT_ASSIGNED_CONTEXT ( ( #2094, #3793, #4162 ) ) REPRESENTATION_CONTEXT ( 'NONE', 'WORKASPACE' ) );
#3564 = CARTESIAN_POINT ( 'NONE',  ( 0.003759487639609000037, 0.001649999993756999950, 0.001895475856969000084 ) ) ;
#3565 = VERTEX_POINT ( 'NONE', #766 ) ;
#3566 = FACE_OUTER_BOUND ( 'NONE', #1491, .T. ) ;
#3567 = VERTEX_POINT ( 'NONE', #1127 ) ;
#3568 = CARTESIAN_POINT ( 'NONE',  ( 0.006804188484295536909, 0.000000000000000000, 0.000000000000000000 ) ) ;
#3569 = CARTESIAN_POINT ( 'NONE',  ( 0.000000000000000000, -0.004499999999999999660, 0.001899999999999999779 ) ) ;
#3570 =( BOUNDED_SURFACE ( )  B_SPLINE_SURFACE ( 3, 3, ( 
 ( #2423, #2024, #1704, #2804 ),
 ( #2056, #297, #3824, #3763 ),
 ( #3058, #4440, #2716, #3802 ),
 ( #3493, #4104, #701, #2733 ),
 ( #4125, #4477, #728, #2101 ),
 ( #1017, #16, #3450, #2076 ),
 ( #2783, #363, #4170, #1557 ) ),
 .UNSPECIFIED., .F., .F., .F. ) 
 B_SPLINE_SURFACE_WITH_KNOTS ( ( 4, 3, 4 ),
 ( 4, 4 ),
 ( 0.000000000000000000, 1.000000000000000000, 2.000000000000000000 ),
 ( 0.000000000000000000, 1.000000000000000000 ),
 .UNSPECIFIED. ) 
 GEOMETRIC_REPRESENTATION_ITEM ( )  RATIONAL_B_SPLINE_SURFACE ( (
 ( 1.458242986893000026, 1.129702315654999900, 1.129702315654999900, 1.458242986893000026),
 ( 1.118361851743000068, 0.8663960567681000535, 0.8663960567681000535, 1.118361851743000068),
 ( 1.118361851743000068, 0.8663960567681000535, 0.8663960567681000535, 1.118361851743000068),
 ( 1.458242986893000026, 1.129702315654999900, 1.129702315654999900, 1.458242986893000026),
 ( 1.118361851743000068, 0.8663960567681000535, 0.8663960567681000535, 1.118361851743000068),
 ( 1.118361851743000068, 0.8663960567681000535, 0.8663960567681000535, 1.118361851743000068),
 ( 1.458242986893000026, 1.129702315654999900, 1.129702315654999900, 1.458242986893000026) ) ) 
 REPRESENTATION_ITEM ( '' )  SURFACE ( )  );
#3571 = PLANE ( 'NONE',  #3575 ) ;
#3572 = CIRCLE ( 'NONE', #2182, 0.0002000000000000000909 ) ;
#3573 = CARTESIAN_POINT ( 'NONE',  ( 0.003160000000000000048, -0.001000000000000000021, 0.002799999999999999972 ) ) ;
#3574 = DIRECTION ( 'NONE',  ( -1.000000000000000000, -0.000000000000000000, -0.000000000000000000 ) ) ;
#3575 = AXIS2_PLACEMENT_3D ( 'NONE', #121, #4263, #4219 ) ;
#3576 = CARTESIAN_POINT ( 'NONE',  ( 0.006919384147009933518, 0.001688578758325371939, 0.0009630896630300675703 ) ) ;
#3577 = EDGE_LOOP ( 'NONE', ( #2706, #3624, #4380, #228, #1008 ) ) ;
#3578 = CARTESIAN_POINT ( 'NONE',  ( 0.000000000000000000, 0.003482339959128999841, -0.002599999999999999881 ) ) ;
#3579 = ORIENTED_EDGE ( 'NONE', *, *, #3362, .T. ) ;
#3580 = DIRECTION ( 'NONE',  ( 0.000000000000000000, 0.000000000000000000, -1.000000000000000000 ) ) ;
#3581 = PRESENTATION_LAYER_ASSIGNMENT (  '', '', ( #1399 ) ) ;
#3582 = PRESENTATION_STYLE_ASSIGNMENT (( #2911 ) ) ;
#3583 = EDGE_CURVE ( 'NONE', #3670, #3852, #710, .T. ) ;
#3584 = EDGE_CURVE ( 'NONE', #2259, #1602, #2410, .T. ) ;
#3585 = EDGE_CURVE ( 'NONE', #2193, #3951, #1419, .T. ) ;
#3586 = PLANE ( 'NONE',  #847 ) ;
#3587 = COLOUR_RGB ( '',0.2980392156862745057, 0.2980392156862745057, 0.2980392156862745057 ) ;
#3588 = VERTEX_POINT ( 'NONE', #375 ) ;
#3589 = ORIENTED_EDGE ( 'NONE', *, *, #1287, .F. ) ;
#3590 = LINE ( 'NONE', #3245, #737 ) ;
#3591 = ADVANCED_FACE ( 'NONE', ( #685 ), #2816, .F. ) ;
#3592 = DIRECTION ( 'NONE',  ( -0.000000000000000000, 1.000000000000000000, 0.000000000000000000 ) ) ;
#3593 = CARTESIAN_POINT ( 'NONE',  ( 0.003749522019963999996, 0.001594172635774000323, 0.001734548087603000194 ) ) ;
#3594 = VERTEX_POINT ( 'NONE', #3839 ) ;
#3595 = LINE ( 'NONE', #3274, #2272 ) ;
#3596 = VERTEX_POINT ( 'NONE', #739 ) ;
#3597 = CARTESIAN_POINT ( 'NONE',  ( 0.0007500000000000000156, -0.003000000000000000062, 0.001899999999999999779 ) ) ;
#3598 = DIRECTION ( 'NONE',  ( 0.000000000000000000, -0.000000000000000000, -1.000000000000000000 ) ) ;
#3599 = DIRECTION ( 'NONE',  ( -1.000000000000000000, 0.000000000000000000, 0.000000000000000000 ) ) ;
#3600 = CARTESIAN_POINT ( 'NONE',  ( 0.000000000000000000, -0.001250000000000000026, 0.001250000000000000026 ) ) ;
#3601 = LINE ( 'NONE', #3573, #938 ) ;
#3602 = FACE_OUTER_BOUND ( 'NONE', #1795, .T. ) ;
#3603 = ORIENTED_EDGE ( 'NONE', *, *, #1669, .T. ) ;
#3604 = CARTESIAN_POINT ( 'NONE',  ( 0.003484548935050999809, 0.001269106530198000184, -0.001824212789832999754 ) ) ;
#3605 = AXIS2_PLACEMENT_3D ( 'NONE', #1351, #2396, #579 ) ;
#3606 = ORIENTED_EDGE ( 'NONE', *, *, #53, .T. ) ;
#3607 = CARTESIAN_POINT ( 'NONE',  ( 0.003749999999999617788, 0.001749999835035196717, 0.001590646241597155289 ) ) ;
#3608 = LINE ( 'NONE', #2303, #3036 ) ;
#3609 = VERTEX_POINT ( 'NONE', #3457 ) ;
#3610 = LINE ( 'NONE', #1839, #1528 ) ;
#3611 = EDGE_CURVE ( 'NONE', #3146, #1434, #4178, .T. ) ;
#3612 = ORIENTED_EDGE ( 'NONE', *, *, #3023, .F. ) ;
#3613 = CARTESIAN_POINT ( 'NONE',  ( 0.0002999999999999999737, -0.001250000000000000026, 0.000000000000000000 ) ) ;
#3614 = ORIENTED_EDGE ( 'NONE', *, *, #3308, .F. ) ;
#3615 = CARTESIAN_POINT ( 'NONE',  ( 0.003500000000000000073, -0.001649999999999999991, 0.001649999999999999991 ) ) ;
#3616 = EDGE_CURVE ( 'NONE', #2609, #1657, #2139, .T. ) ;
#3617 = CARTESIAN_POINT ( 'NONE',  ( 0.003484548935050999809, -0.001304647171185999979, -0.001703824740531000069 ) ) ;
#3618 = CARTESIAN_POINT ( 'NONE',  ( 0.003500000000000000073, 0.001649999999999999991, 0.001299999999999999940 ) ) ;
#3619 = FACE_OUTER_BOUND ( 'NONE', #4479, .T. ) ;
#3620 = FACE_OUTER_BOUND ( 'NONE', #408, .T. ) ;
#3621 = SURFACE_STYLE_FILL_AREA ( #492 ) ;
#3622 =( NAMED_UNIT ( * ) PLANE_ANGLE_UNIT ( ) SI_UNIT ( $, .RADIAN. ) );
#3623 = CARTESIAN_POINT ( 'NONE',  ( 0.000000000000000000, -0.003482339959128999841, -0.002599999999999999881 ) ) ;
#3624 = ORIENTED_EDGE ( 'NONE', *, *, #1415, .T. ) ;
#3625 = LINE ( 'NONE', #4325, #2627 ) ;
#3626 = CARTESIAN_POINT ( 'NONE',  ( 0.003750000000000203258, 0.001550000164966185623, 0.001649999999999968766 ) ) ;
#3627 = VECTOR ( 'NONE', #4369, 1.000000000000000000 ) ;
#3628 = VECTOR ( 'NONE', #1609, 1.000000000000000000 ) ;
#3629 = ORIENTED_EDGE ( 'NONE', *, *, #1835, .T. ) ;
#3630 = ORIENTED_EDGE ( 'NONE', *, *, #4098, .F. ) ;
#3631 = AXIS2_PLACEMENT_3D ( 'NONE', #3318, #499, #3294 ) ;
#3632 = DIRECTION ( 'NONE',  ( -0.000000000000000000, 1.000000000000000000, 0.000000000000000000 ) ) ;
#3633 = CARTESIAN_POINT ( 'NONE',  ( 0.000000000000000000, -0.003000000000000000062, -0.002599999999999999881 ) ) ;
#3634 = ORIENTED_EDGE ( 'NONE', *, *, #2329, .T. ) ;
#3635 = VECTOR ( 'NONE', #2713, 1.000000000000000000 ) ;
#3636 = ORIENTED_EDGE ( 'NONE', *, *, #1509, .T. ) ;
#3637 = CIRCLE ( 'NONE', #3348, 0.0002500000000012122517 ) ;
#3638 = LINE ( 'NONE', #3278, #693 ) ;
#3639 = CARTESIAN_POINT ( 'NONE',  ( 0.0004000000000000000192, 0.003482339959128999841, -0.002599999999999999881 ) ) ;
#3640 = EDGE_CURVE ( 'NONE', #4274, #1599, #28, .T. ) ;
#3641 = CARTESIAN_POINT ( 'NONE',  ( 0.0002999999999999999737, -0.001250000000000000026, -0.001250000000000000026 ) ) ;
#3642 = EDGE_CURVE ( 'NONE', #3594, #494, #898, .T. ) ;
#3643 = PRESENTATION_STYLE_ASSIGNMENT (( #2526 ) ) ;
#3644 = CARTESIAN_POINT ( 'NONE',  ( 0.0002999999999999999737, -0.003000000000000000062, 0.003000000000000000062 ) ) ;
#3645 = DIRECTION ( 'NONE',  ( 0.000000000000000000, -0.000000000000000000, -1.000000000000000000 ) ) ;
#3646 = MECHANICAL_DESIGN_GEOMETRIC_PRESENTATION_REPRESENTATION (  '', ( #4289 ), #743 ) ;
#3647 = CARTESIAN_POINT ( 'NONE',  ( 0.006804188484295556859, -0.001679627412931487124, 1.942779252056435065E-05 ) ) ;
#3648 = CARTESIAN_POINT ( 'NONE',  ( 0.0002999999999999999737, 0.004499999999999999660, -0.002599999999999999881 ) ) ;
#3649 = ORIENTED_EDGE ( 'NONE', *, *, #1438, .T. ) ;
#3650 =( GEOMETRIC_REPRESENTATION_CONTEXT ( 3 ) GLOBAL_UNCERTAINTY_ASSIGNED_CONTEXT ( ( #2007 ) ) GLOBAL_UNIT_ASSIGNED_CONTEXT ( ( #2099, #2472, #1283 ) ) REPRESENTATION_CONTEXT ( 'NONE', 'WORKASPACE' ) );
#3651 =( GEOMETRIC_REPRESENTATION_CONTEXT ( 3 ) GLOBAL_UNCERTAINTY_ASSIGNED_CONTEXT ( ( #3370 ) ) GLOBAL_UNIT_ASSIGNED_CONTEXT ( ( #1885, #811, #3295 ) ) REPRESENTATION_CONTEXT ( 'NONE', 'WORKASPACE' ) );
#3652 = LINE ( 'NONE', #550, #2675 ) ;
#3653 = CARTESIAN_POINT ( 'NONE',  ( 0.0003651377029010569909, 0.003083862079891985970, -0.002599999999999999881 ) ) ;
#3654 = VERTEX_POINT ( 'NONE', #2086 ) ;
#3655 = VECTOR ( 'NONE', #823, 1.000000000000000000 ) ;
#3656 = CARTESIAN_POINT ( 'NONE',  ( 0.003750000000000203258, -0.001550000164968265773, -0.001590646239419738189 ) ) ;
#3657 = ORIENTED_EDGE ( 'NONE', *, *, #3050, .F. ) ;
#3658 = LINE ( 'NONE', #555, #954 ) ;
#3659 = DIRECTION ( 'NONE',  ( -1.000000000000000000, -0.000000000000000000, 0.000000000000000000 ) ) ;
#3660 = ORIENTED_EDGE ( 'NONE', *, *, #2848, .F. ) ;
#3661 = ORIENTED_EDGE ( 'NONE', *, *, #3815, .F. ) ;
#3662 = VECTOR ( 'NONE', #49, 1.000000000000000000 ) ;
#3663 = CARTESIAN_POINT ( 'NONE',  ( 0.003749522019965000497, -0.001594172635774000323, -0.001734548087603000194 ) ) ;
#3664 = CARTESIAN_POINT ( 'NONE',  ( 0.003500000000000000073, 0.001649999999999999991, 0.001649999999999999991 ) ) ;
#3665 = DIRECTION ( 'NONE',  ( -0.9961946980918120476, -0.08715574274689893985, 0.000000000000000000 ) ) ;
#3666 = PLANE ( 'NONE',  #1242 ) ;
#3667 = EDGE_CURVE ( 'NONE', #3152, #1945, #3139, .T. ) ;
#3668 = SURFACE_STYLE_USAGE ( .BOTH. , #900 ) ;
#3669 = CARTESIAN_POINT ( 'NONE',  ( 0.000000000000000000, 0.003000000000000000496, -0.001250000000000000026 ) ) ;
#3670 = VERTEX_POINT ( 'NONE', #1442 ) ;
#3671 = DIRECTION ( 'NONE',  ( 0.000000000000000000, 0.000000000000000000, -1.000000000000000000 ) ) ;
#3672 = SURFACE_SIDE_STYLE ('',( #226 ) ) ;
#3673 = VECTOR ( 'NONE', #3228, 1.000000000000000222 ) ;
#3674 = EDGE_LOOP ( 'NONE', ( #335, #1135, #3471, #785 ) ) ;
#3675 = EDGE_CURVE ( 'NONE', #3874, #2825, #1333, .T. ) ;
#3676 = LINE ( 'NONE', #252, #1614 ) ;
#3677 = CARTESIAN_POINT ( 'NONE',  ( 0.0007500000000000000156, 0.003000000000000000062, -0.001899999999999999996 ) ) ;
#3678 = FACE_OUTER_BOUND ( 'NONE', #2087, .T. ) ;
#3679 = ORIENTED_EDGE ( 'NONE', *, *, #81, .T. ) ;
#3680 = ORIENTED_EDGE ( 'NONE', *, *, #3556, .T. ) ;
#3681 = CARTESIAN_POINT ( 'NONE',  ( 0.003645476736785999757, -0.001258247030612000012, -0.001829179676092000098 ) ) ;
#3682 = FILL_AREA_STYLE ('',( #3389 ) ) ;
#3683 = CARTESIAN_POINT ( 'NONE',  ( 0.000000000000000000, -0.003000000000000000062, 0.003000000000000000062 ) ) ;
#3684 = LINE ( 'NONE', #606, #821 ) ;
#3685 = CARTESIAN_POINT ( 'NONE',  ( 0.003500000000000001808, -0.001300000000000027262, -0.001650000000000141588 ) ) ;
#3686 = ORIENTED_EDGE ( 'NONE', *, *, #2046, .T. ) ;
#3687 = DIRECTION ( 'NONE',  ( -1.000000000000000000, -0.000000000000000000, -0.000000000000000000 ) ) ;
#3688 = ADVANCED_FACE ( 'NONE', ( #2552 ), #914, .T. ) ;
#3689 = CARTESIAN_POINT ( 'NONE',  ( 0.0007543577871373999526, 0.003049809734904999816, -0.001899999999999999996 ) ) ;
#3690 = LINE ( 'NONE', #3393, #3868 ) ;
#3691 = ADVANCED_FACE ( 'NONE', ( #1931 ), #1512, .T. ) ;
#3692 = ORIENTED_EDGE ( 'NONE', *, *, #61, .T. ) ;
#3693 = EDGE_CURVE ( 'NONE', #2964, #1255, #1854, .T. ) ;
#3694 = CARTESIAN_POINT ( 'NONE',  ( 0.0003651377029008999985, 0.003083862079891999848, -0.002599999999999999881 ) ) ;
#3695 = CIRCLE ( 'NONE', #514, 0.0002500000000009177823 ) ;
#3696 = CIRCLE ( 'NONE', #2738, 0.0002500000000012129022 ) ;
#3697 = AXIS2_PLACEMENT_3D ( 'NONE', #3391, #2343, #2680 ) ;
#3698 = ADVANCED_FACE ( 'NONE', ( #1175, #3935, #2877, #828, #2206, #3602 ), #1877, .T. ) ;
#3699 = CARTESIAN_POINT ( 'NONE',  ( 0.000000000000000000, 0.001250000000000000243, -0.003000000000000000496 ) ) ;
#3700 = COLOUR_RGB ( '',0.2980392156862745057, 0.2980392156862745057, 0.2980392156862745057 ) ;
#3701 = AXIS2_PLACEMENT_3D ( 'NONE', #927, #1596, #908 ) ;
#3702 = EDGE_LOOP ( 'NONE', ( #1431, #2536, #2582, #313, #189, #740, #1829, #3723, #4164, #2887 ) ) ;
#3703 = VERTEX_POINT ( 'NONE', #565 ) ;
#3704 = DIRECTION ( 'NONE',  ( 0.000000000000000000, 0.000000000000000000, 1.000000000000000000 ) ) ;
#3705 = CIRCLE ( 'NONE', #1742, 0.0003499999999999999964 ) ;
#3706 = CARTESIAN_POINT ( 'NONE',  ( 0.003449999999999999942, 0.001000000000000000021, 0.002799999999999999972 ) ) ;
#3707 = VECTOR ( 'NONE', #842, 1.000000000000000000 ) ;
#3708 = CARTESIAN_POINT ( 'NONE',  ( 0.0003912844257252190644, -0.003382720489318998165, 0.002599999999999999881 ) ) ;
#3709 = AXIS2_PLACEMENT_3D ( 'NONE', #333, #2802, #4186 ) ;
#3710 = DIRECTION ( 'NONE',  ( 0.000000000000000000, 0.000000000000000000, -1.000000000000000000 ) ) ;
#3711 = CARTESIAN_POINT ( 'NONE',  ( 0.003160000000000000048, -0.003000000000000000062, 0.003000000000000000062 ) ) ;
#3712 = LINE ( 'NONE', #1906, #1815 ) ;
#3713 = ORIENTED_EDGE ( 'NONE', *, *, #1022, .F. ) ;
#3714 = CARTESIAN_POINT ( 'NONE',  ( 0.003449999999999999942, -0.001000000000000000021, -0.002799999999999999972 ) ) ;
#3715 = VECTOR ( 'NONE', #3999, 1.000000000000000000 ) ;
#3716 = CARTESIAN_POINT ( 'NONE',  ( 0.003449999999999999942, -0.001649999999999999991, -0.001299999999999999940 ) ) ;
#3717 = ORIENTED_EDGE ( 'NONE', *, *, #1315, .T. ) ;
#3718 = CARTESIAN_POINT ( 'NONE',  ( 0.0007805045099617000451, 0.003348668144331999868, -0.002599999999999999881 ) ) ;
#3719 = AXIS2_PLACEMENT_3D ( 'NONE', #3683, #849, #3645 ) ;
#3720 = EDGE_CURVE ( 'NONE', #3007, #4102, #3390, .T. ) ;
#3721 = LINE ( 'NONE', #1292, #1670 ) ;
#3722 = AXIS2_PLACEMENT_3D ( 'NONE', #846, #1901, #2157 ) ;
#3723 = ORIENTED_EDGE ( 'NONE', *, *, #225, .T. ) ;
#3724 = ORIENTED_EDGE ( 'NONE', *, *, #1746, .T. ) ;
#3725 = DIRECTION ( 'NONE',  ( -1.000000000000000000, -0.000000000000000000, -0.000000000000000000 ) ) ;
#3726 = CARTESIAN_POINT ( 'NONE',  ( 0.003484548935050999809, -0.001995352826075999855, -0.001703824758098000007 ) ) ;
#3727 = AXIS2_PLACEMENT_3D ( 'NONE', #2199, #115, #1162 ) ;
#3728 = PLANE ( 'NONE',  #1195 ) ;
#3729 = ADVANCED_FACE ( 'NONE', ( #3409 ), #581, .T. ) ;
#3730 = CARTESIAN_POINT ( 'NONE',  ( 0.0002999999999999999737, -0.004499999999999999660, -0.002599999999999999881 ) ) ;
#3731 =( LENGTH_UNIT ( ) NAMED_UNIT ( * ) SI_UNIT ( $, .METRE. ) );
#3732 = LINE ( 'NONE', #1433, #3908 ) ;
#3733 = CARTESIAN_POINT ( 'NONE',  ( 0.003750000000000204559, 0.001550000164964844031, -0.001590646241597246362 ) ) ;
#3734 = MANIFOLD_SOLID_BREP ( '1', #720 ) ;
#3735 = LINE ( 'NONE', #2015, #183 ) ;
#3736 = ORIENTED_EDGE ( 'NONE', *, *, #4001, .T. ) ;
#3737 =( NAMED_UNIT ( * ) PLANE_ANGLE_UNIT ( ) SI_UNIT ( $, .RADIAN. ) );
#3738 = AXIS2_PLACEMENT_3D ( 'NONE', #1193, #1562, #2926 ) ;
#3739 = LINE ( 'NONE', #292, #2091 ) ;
#3740 = ORIENTED_EDGE ( 'NONE', *, *, #978, .T. ) ;
#3741 = ORIENTED_EDGE ( 'NONE', *, *, #3366, .F. ) ;
#3742 = CIRCLE ( 'NONE', #489, 0.0003500000000000000507 ) ;
#3743 = CARTESIAN_POINT ( 'NONE',  ( 0.000000000000000000, 0.003000000000000000062, -0.002599999999999999881 ) ) ;
#3744 = CARTESIAN_POINT ( 'NONE',  ( 0.003645476736785999757, -0.002041752969387999970, -0.001470820323908000101 ) ) ;
#3745 = SURFACE_STYLE_FILL_AREA ( #1277 ) ;
#3746 = EDGE_CURVE ( 'NONE', #3303, #578, #2028, .T. ) ;
#3747 = CARTESIAN_POINT ( 'NONE',  ( 0.000000000000000000, -0.002700000000000000143, -0.003000000000000000062 ) ) ;
#3748 = DIRECTION ( 'NONE',  ( 0.000000000000000000, -0.000000000000000000, 1.000000000000000000 ) ) ;
#3749 = DIRECTION ( 'NONE',  ( -0.000000000000000000, -0.000000000000000000, 1.000000000000000000 ) ) ;
#3750 = CARTESIAN_POINT ( 'NONE',  ( 0.000000000000000000, 0.000000000000000000, 0.000000000000000000 ) ) ;
#3751 = DIRECTION ( 'NONE',  ( 0.000000000000000000, 1.000000000000000000, 0.000000000000000000 ) ) ;
#3752 = VERTEX_POINT ( 'NONE', #217 ) ;
#3753 = FILL_AREA_STYLE_COLOUR ( '', #18 ) ;
#3754 = ORIENTED_EDGE ( 'NONE', *, *, #1691, .T. ) ;
#3755 = PRESENTATION_STYLE_ASSIGNMENT (( #4395 ) ) ;
#3756 = ORIENTED_EDGE ( 'NONE', *, *, #1231, .T. ) ;
#3757 =( GEOMETRIC_REPRESENTATION_CONTEXT ( 3 ) GLOBAL_UNCERTAINTY_ASSIGNED_CONTEXT ( ( #1681 ) ) GLOBAL_UNIT_ASSIGNED_CONTEXT ( ( #3831, #3765, #3453 ) ) REPRESENTATION_CONTEXT ( 'NONE', 'WORKASPACE' ) );
#3758 = EDGE_LOOP ( 'NONE', ( #4259, #3424, #3634, #1163, #952, #4453, #4160, #3361 ) ) ;
#3759 = CARTESIAN_POINT ( 'NONE',  ( 0.003160000000000000048, 0.003000000000000000062, -0.003000000000000000062 ) ) ;
#3760 = COLOUR_RGB ( '',0.2980392156862745057, 0.2980392156862745057, 0.2980392156862745057 ) ;
#3761 = AXIS2_PLACEMENT_3D ( 'NONE', #2940, #951, #2001 ) ;
#3762 = ORIENTED_EDGE ( 'NONE', *, *, #1809, .T. ) ;
#3763 = CARTESIAN_POINT ( 'NONE',  ( 0.003749522019965000497, 0.001742136713358999941, -0.001607858574239000088 ) ) ;
#3764 = EDGE_CURVE ( 'NONE', #3594, #2801, #97, .T. ) ;
#3765 =( NAMED_UNIT ( * ) PLANE_ANGLE_UNIT ( ) SI_UNIT ( $, .RADIAN. ) );
#3766 = ADVANCED_FACE ( 'NONE', ( #4366 ), #2997, .T. ) ;
#3767 = CARTESIAN_POINT ( 'NONE',  ( 0.003449999999999999942, -0.001000000000000000021, 0.002799999999999999972 ) ) ;
#3768 = EDGE_CURVE ( 'NONE', #4093, #3247, #4386, .T. ) ;
#3769 = SURFACE_STYLE_FILL_AREA ( #2383 ) ;
#3770 = LINE ( 'NONE', #1099, #4121 ) ;
#3771 = CARTESIAN_POINT ( 'NONE',  ( 0.000000000000000000, 0.001250000000000000026, 0.000000000000000000 ) ) ;
#3772 = VERTEX_POINT ( 'NONE', #4066 ) ;
#3773 = CARTESIAN_POINT ( 'NONE',  ( 0.003759487639609000037, -0.001407452280371000080, 0.001612197882899999964 ) ) ;
#3774 = VERTEX_POINT ( 'NONE', #1665 ) ;
#3775 = ORIENTED_EDGE ( 'NONE', *, *, #447, .F. ) ;
#3776 = DIRECTION ( 'NONE',  ( 1.000000000000000000, 0.000000000000000000, 0.000000000000000000 ) ) ;
#3777 = AXIS2_PLACEMENT_3D ( 'NONE', #2284, #2935, #1226 ) ;
#3778 = VERTEX_POINT ( 'NONE', #2619 ) ;
#3779 = DIRECTION ( 'NONE',  ( 0.000000000000000000, -1.000000000000000000, -0.000000000000000000 ) ) ;
#3780 = ORIENTED_EDGE ( 'NONE', *, *, #2008, .T. ) ;
#3781 = AXIS2_PLACEMENT_3D ( 'NONE', #3133, #24, #1412 ) ;
#3782 = PRESENTATION_STYLE_ASSIGNMENT (( #3501 ) ) ;
#3783 = VECTOR ( 'NONE', #317, 1.000000000000000000 ) ;
#3784 = PLANE ( 'NONE',  #1028 ) ;
#3785 = CARTESIAN_POINT ( 'NONE',  ( 0.0003651377029010702182, -0.003083862079892137759, -0.002599999999999999881 ) ) ;
#3786 = EDGE_CURVE ( 'NONE', #2016, #3029, #3684, .T. ) ;
#3787 = AXIS2_PLACEMENT_3D ( 'NONE', #1671, #4447, #4393 ) ;
#3788 = DIRECTION ( 'NONE',  ( -1.000000000000000000, -0.000000000000000000, -0.000000000000000000 ) ) ;
#3789 = DIRECTION ( 'NONE',  ( -0.000000000000000000, 1.000000000000000000, 0.000000000000000000 ) ) ;
#3790 = ORIENTED_EDGE ( 'NONE', *, *, #4070, .T. ) ;
#3791 = VERTEX_POINT ( 'NONE', #2701 ) ;
#3792 = DIRECTION ( 'NONE',  ( -1.000000000000000000, 0.000000000000000000, 0.000000000000000000 ) ) ;
#3793 =( NAMED_UNIT ( * ) PLANE_ANGLE_UNIT ( ) SI_UNIT ( $, .RADIAN. ) );
#3794 = LINE ( 'NONE', #695, #1675 ) ;
#3795 = ORIENTED_EDGE ( 'NONE', *, *, #2301, .F. ) ;
#3796 = ORIENTED_EDGE ( 'NONE', *, *, #3074, .F. ) ;
#3797 = DIRECTION ( 'NONE',  ( 0.000000000000000000, -0.000000000000000000, -1.000000000000000000 ) ) ;
#3798 = VECTOR ( 'NONE', #759, 1.000000000000000000 ) ;
#3799 = CARTESIAN_POINT ( 'NONE',  ( 0.006804188484295555991, 0.001640771826349461367, -0.003378682619131834815 ) ) ;
#3800 = ORIENTED_EDGE ( 'NONE', *, *, #694, .T. ) ;
#3801 = VECTOR ( 'NONE', #2590, 1.000000000000000000 ) ;
#3802 = CARTESIAN_POINT ( 'NONE',  ( 0.003749522019963999996, 0.001705827359924999998, -0.001565451909557000285 ) ) ;
#3803 = UNCERTAINTY_MEASURE_WITH_UNIT (LENGTH_MEASURE( 1.000000000000000082E-05 ), #4221, 'distance_accuracy_value', 'NONE');
#3804 = VERTEX_POINT ( 'NONE', #923 ) ;
#3805 = CARTESIAN_POINT ( 'NONE',  ( 0.000000000000000000, -0.003482339959128999841, -0.002599999999999999881 ) ) ;
#3806 = CARTESIAN_POINT ( 'NONE',  ( 0.006804188484295536909, 0.000000000000000000, 0.000000000000000000 ) ) ;
#3807 = PLANE ( 'NONE',  #2985 ) ;
#3808 = DIRECTION ( 'NONE',  ( 0.000000000000000000, 0.000000000000000000, -1.000000000000000000 ) ) ;
#3809 = DIRECTION ( 'NONE',  ( -0.000000000000000000, 1.000000000000000000, 0.000000000000000000 ) ) ;
#3810 = CARTESIAN_POINT ( 'NONE',  ( 0.003484548935050999809, 0.001880790503530999904, 0.001300477933515000080 ) ) ;
#3811 = DIRECTION ( 'NONE',  ( -1.000000000000000000, -0.000000000000000000, -0.000000000000000000 ) ) ;
#3812 = ORIENTED_EDGE ( 'NONE', *, *, #3132, .F. ) ;
#3813 = DIRECTION ( 'NONE',  ( 0.08715574274766391127, -0.9961946980917451011, 0.000000000000000000 ) ) ;
#3814 = EDGE_CURVE ( 'NONE', #1043, #1878, #1032, .T. ) ;
#3815 = EDGE_CURVE ( 'NONE', #496, #1625, #3351, .T. ) ;
#3816 = ADVANCED_FACE ( 'NONE', ( #2011 ), #1284, .T. ) ;
#3817 = CARTESIAN_POINT ( 'NONE',  ( 0.003150000000000000022, 0.003000000000000000062, 0.002700000000000000143 ) ) ;
#3818 = ORIENTED_EDGE ( 'NONE', *, *, #2902, .F. ) ;
#3819 = ORIENTED_EDGE ( 'NONE', *, *, #1572, .T. ) ;
#3820 = CARTESIAN_POINT ( 'NONE',  ( 0.003759487639609000037, -0.001917508573304000036, 0.001527647115126999980 ) ) ;
#3821 = ADVANCED_FACE ( 'NONE', ( #2059 ), #2765, .T. ) ;
#3822 = CARTESIAN_POINT ( 'NONE',  ( 0.000000000000000000, 0.001250000000000000026, 0.003000000000000000062 ) ) ;
#3823 = ORIENTED_EDGE ( 'NONE', *, *, #637, .T. ) ;
#3824 = CARTESIAN_POINT ( 'NONE',  ( 0.003759487639609000037, 0.001917508573304000036, -0.001527647115126999980 ) ) ;
#3825 = CARTESIAN_POINT ( 'NONE',  ( 0.000000000000000000, -0.003482339959128999841, -0.002599999999999999881 ) ) ;
#3826 = ORIENTED_EDGE ( 'NONE', *, *, #1178, .F. ) ;
#3827 = DIRECTION ( 'NONE',  ( -0.000000000000000000, -0.000000000000000000, 1.000000000000000000 ) ) ;
#3828 = CIRCLE ( 'NONE', #790, 0.0003500000000000000507 ) ;
#3829 = CIRCLE ( 'NONE', #1890, 9.999999999999999124E-05 ) ;
#3830 = VECTOR ( 'NONE', #1612, 1.000000000000000000 ) ;
#3831 =( LENGTH_UNIT ( ) NAMED_UNIT ( * ) SI_UNIT ( $, .METRE. ) );
#3832 = AXIS2_PLACEMENT_3D ( 'NONE', #3968, #861, #187 ) ;
#3833 = CARTESIAN_POINT ( 'NONE',  ( 0.003160000000000000048, 0.003000000000000000062, 0.001000000000000000021 ) ) ;
#3834 = DIRECTION ( 'NONE',  ( -1.000000000000000000, 0.000000000000000000, -0.000000000000000000 ) ) ;
#3835 = VECTOR ( 'NONE', #3838, 1.000000000000000000 ) ;
#3836 = CARTESIAN_POINT ( 'NONE',  ( 0.0007500000000000000156, -0.003000000000000000062, -0.001899999999999999996 ) ) ;
#3837 = DIRECTION ( 'NONE',  ( -1.000000000000000000, 0.000000000000000000, 0.000000000000000000 ) ) ;
#3838 = DIRECTION ( 'NONE',  ( 0.000000000000000000, -0.000000000000000000, 1.000000000000000000 ) ) ;
#3839 = CARTESIAN_POINT ( 'NONE',  ( 0.003500000000000003109, -0.002000000000000122773, -0.001649999999998282181 ) ) ;
#3840 = CIRCLE ( 'NONE', #1536, 0.0002500000000012357788 ) ;
#3841 = ORIENTED_EDGE ( 'NONE', *, *, #1749, .T. ) ;
#3842 = EDGE_LOOP ( 'NONE', ( #4298, #1842, #1916, #1752 ) ) ;
#3843 = CARTESIAN_POINT ( 'NONE',  ( 0.003645476736785999757, -0.001887370472663000079, 0.002009487140320999950 ) ) ;
#3844 = VECTOR ( 'NONE', #815, 1.000000000000000000 ) ;
#3845 = VERTEX_POINT ( 'NONE', #3477 ) ;
#3846 = CARTESIAN_POINT ( 'NONE',  ( 0.003484548935050999809, 0.001304647173923999910, 0.001596175241901999975 ) ) ;
#3847 = ORIENTED_EDGE ( 'NONE', *, *, #1698, .T. ) ;
#3848 = DIRECTION ( 'NONE',  ( -0.9961946980917451011, -0.08715574274766391127, 0.000000000000000000 ) ) ;
#3849 = EDGE_CURVE ( 'NONE', #427, #1945, #1192, .T. ) ;
#3850 = AXIS2_PLACEMENT_3D ( 'NONE', #3547, #2854, #4241 ) ;
#3851 = CARTESIAN_POINT ( 'NONE',  ( 0.006999999999999998411, 0.001445454419459956232, -0.002976484387010972909 ) ) ;
#3852 = VERTEX_POINT ( 'NONE', #45 ) ;
#3853 = CARTESIAN_POINT ( 'NONE',  ( 0.003160000000000000048, 0.003000000000000000062, 0.003000000000000000062 ) ) ;
#3854 = UNCERTAINTY_MEASURE_WITH_UNIT (LENGTH_MEASURE( 1.000000000000000082E-05 ), #3311, 'distance_accuracy_value', 'NONE');
#3855 = LINE ( 'NONE', #2719, #795 ) ;
#3856 = EDGE_LOOP ( 'NONE', ( #1714, #4397, #105, #41, #3488 ) ) ;
#3857 = PRESENTATION_LAYER_ASSIGNMENT (  '', '', ( #1759 ) ) ;
#3858 = DIRECTION ( 'NONE',  ( -1.000000000000000000, -0.000000000000000000, -0.000000000000000000 ) ) ;
#3859 = SURFACE_SIDE_STYLE ('',( #2478 ) ) ;
#3860 = DIRECTION ( 'NONE',  ( -0.000000000000000000, 0.000000000000000000, -1.000000000000000000 ) ) ;
#3861 = VECTOR ( 'NONE', #3779, 1.000000000000000000 ) ;
#3862 = CARTESIAN_POINT ( 'NONE',  ( 0.003484548935050999809, 0.001269106530198000184, 0.001475787210167000011 ) ) ;
#3863 = DIRECTION ( 'NONE',  ( -1.000000000000000000, 0.000000000000000000, 0.000000000000000000 ) ) ;
#3864 = DIRECTION ( 'NONE',  ( -1.000000000000000000, 1.239088197126290866E-15, 0.000000000000000000 ) ) ;
#3865 = ORIENTED_EDGE ( 'NONE', *, *, #3461, .T. ) ;
#3866 = DIRECTION ( 'NONE',  ( 0.000000000000000000, 0.000000000000000000, -1.000000000000000000 ) ) ;
#3867 = ORIENTED_EDGE ( 'NONE', *, *, #4237, .F. ) ;
#3868 = VECTOR ( 'NONE', #4428, 1.000000000000000000 ) ;
#3869 = CARTESIAN_POINT ( 'NONE',  ( 0.003449999999999999942, -0.002700000000000000143, -0.003000000000000000062 ) ) ;
#3870 = ORIENTED_EDGE ( 'NONE', *, *, #4296, .T. ) ;
#3871 = FACE_OUTER_BOUND ( 'NONE', #2981, .T. ) ;
#3872 = ORIENTED_EDGE ( 'NONE', *, *, #3244, .T. ) ;
#3873 = CARTESIAN_POINT ( 'NONE',  ( 0.003749522019965000497, -0.001557863284497000003, 0.001607858578926000008 ) ) ;
#3874 = VERTEX_POINT ( 'NONE', #2135 ) ;
#3875 = CARTESIAN_POINT ( 'NONE',  ( 0.006999999999999998411, 0.0008838943028153680272, 0.001469658839777493627 ) ) ;
#3876 = DIRECTION ( 'NONE',  ( -1.000000000000000000, 0.000000000000000000, 0.000000000000000000 ) ) ;
#3877 = ORIENTED_EDGE ( 'NONE', *, *, #1455, .T. ) ;
#3878 = DIRECTION ( 'NONE',  ( 0.000000000000000000, -1.000000000000000000, -0.000000000000000000 ) ) ;
#3879 = ADVANCED_FACE ( 'NONE', ( #3526 ), #1359, .F. ) ;
#3880 = CARTESIAN_POINT ( 'NONE',  ( 0.000000000000000000, 0.000000000000000000, 0.000000000000000000 ) ) ;
#3881 = ADVANCED_FACE ( 'NONE', ( #2740 ), #3807, .F. ) ;
#3882 = CARTESIAN_POINT ( 'NONE',  ( 0.003160000000000000048, -0.002799999999999999972, 0.001000000000000000021 ) ) ;
#3883 = ADVANCED_FACE ( 'NONE', ( #1802 ), #660, .T. ) ;
#3884 = LINE ( 'NONE', #1851, #2311 ) ;
#3885 = CARTESIAN_POINT ( 'NONE',  ( 0.003449999999999999942, -0.001649999999999999991, 0.001649999999999999991 ) ) ;
#3886 = SURFACE_SIDE_STYLE ('',( #2949 ) ) ;
#3887 = ORIENTED_EDGE ( 'NONE', *, *, #3746, .T. ) ;
#3888 = FILL_AREA_STYLE_COLOUR ( '', #23 ) ;
#3889 = CARTESIAN_POINT ( 'NONE',  ( 0.003759487639609000037, 0.001812088466267000163, -0.001895475852847000034 ) ) ;
#3890 = ORIENTED_EDGE ( 'NONE', *, *, #1455, .F. ) ;
#3891 = DIRECTION ( 'NONE',  ( -0.9961946980918119365, 0.08715574274689891210, 0.000000000000000000 ) ) ;
#3892 =( NAMED_UNIT ( * ) PLANE_ANGLE_UNIT ( ) SI_UNIT ( $, .RADIAN. ) );
#3893 = ORIENTED_EDGE ( 'NONE', *, *, #3126, .T. ) ;
#3894 = ORIENTED_EDGE ( 'NONE', *, *, #1478, .F. ) ;
#3895 = CARTESIAN_POINT ( 'NONE',  ( 0.003500000000000000073, 0.001649999999999999991, -0.001649999999999999991 ) ) ;
#3896 = VERTEX_POINT ( 'NONE', #3785 ) ;
#3897 = CARTESIAN_POINT ( 'NONE',  ( 0.006999999999999999278, -0.0008496640841682146904, 0.001489710437622084396 ) ) ;
#3898 = EDGE_LOOP ( 'NONE', ( #377, #1660, #1106, #747 ) ) ;
#3899 = FILL_AREA_STYLE_COLOUR ( '', #625 ) ;
#3900 = CARTESIAN_POINT ( 'NONE',  ( 0.003750000000000254432, -0.001550000148469617188, -0.001649999999999952286 ) ) ;
#3901 = AXIS2_PLACEMENT_3D ( 'NONE', #3536, #1076, #3143 ) ;
#3902 = ADVANCED_FACE ( 'NONE', ( #681 ), #322, .F. ) ;
#3903 = VECTOR ( 'NONE', #1279, 1.000000000000000000 ) ;
#3904 = CARTESIAN_POINT ( 'NONE',  ( 0.0002999999999999999737, 0.003000000000000000062, -0.001899999999999999996 ) ) ;
#3905 = EDGE_CURVE ( 'NONE', #2530, #3596, #1385, .T. ) ;
#3906 = VECTOR ( 'NONE', #4033, 1.000000000000000000 ) ;
#3907 = CARTESIAN_POINT ( 'NONE',  ( 0.003645476736786000191, 0.001294800964697999900, 0.001705359314640000077 ) ) ;
#3908 = VECTOR ( 'NONE', #1340, 1.000000000000000000 ) ;
#3909 = DIRECTION ( 'NONE',  ( -0.000000000000000000, 1.000000000000000000, 0.000000000000000000 ) ) ;
#3910 = CARTESIAN_POINT ( 'NONE',  ( 0.006999999999999999278, 0.001479684638695391054, -1.711510970377346473E-05 ) ) ;
#3911 = VERTEX_POINT ( 'NONE', #706 ) ;
#3912 = DIRECTION ( 'NONE',  ( -0.000000000000000000, -0.000000000000000000, 1.000000000000000000 ) ) ;
#3913 = ADVANCED_FACE ( 'NONE', ( #2109 ), #370, .T. ) ;
#3914 = ORIENTED_EDGE ( 'NONE', *, *, #1438, .F. ) ;
#3915 = CARTESIAN_POINT ( 'NONE',  ( 0.0003651377029008999985, 0.003083862079891999848, 0.002599999999999999881 ) ) ;
#3916 = FILL_AREA_STYLE ('',( #3215 ) ) ;
#3917 = CARTESIAN_POINT ( 'NONE',  ( 0.003160000000000000048, -0.003000000000000000062, 0.002700000000000000143 ) ) ;
#3918 = AXIS2_PLACEMENT_3D ( 'NONE', #2957, #859, #527 ) ;
#3919 = ORIENTED_EDGE ( 'NONE', *, *, #1278, .F. ) ;
#3920 = ORIENTED_EDGE ( 'NONE', *, *, #2731, .F. ) ;
#3921 = LINE ( 'NONE', #2238, #3486 ) ;
#3922 = VECTOR ( 'NONE', #1114, 1.000000000000000000 ) ;
#3923 = ORIENTED_EDGE ( 'NONE', *, *, #174, .T. ) ;
#3924 = CARTESIAN_POINT ( 'NONE',  ( 0.003449999999986630428, 0.000000000000000000, 0.000000000000000000 ) ) ;
#3925 = ORIENTED_EDGE ( 'NONE', *, *, #204, .T. ) ;
#3926 = CARTESIAN_POINT ( 'NONE',  ( 0.007000000000000000146, 0.001445454419305435088, -0.002976484385573770122 ) ) ;
#3927 = CIRCLE ( 'NONE', #3490, 0.0003500000000000000507 ) ;
#3928 =( NAMED_UNIT ( * ) SI_UNIT ( $, .STERADIAN. ) SOLID_ANGLE_UNIT ( ) );
#3929 = PLANE ( 'NONE',  #1682 ) ;
#3930 = CARTESIAN_POINT ( 'NONE',  ( 0.003449999999999999942, 0.002799999999999999972, 0.000000000000000000 ) ) ;
#3931 = VECTOR ( 'NONE', #262, 1.000000000000000000 ) ;
#3932 = LINE ( 'NONE', #146, #1004 ) ;
#3933 = DIRECTION ( 'NONE',  ( 1.000000000000000000, 0.000000000000000000, 0.000000000000000000 ) ) ;
#3934 = AXIS2_PLACEMENT_3D ( 'NONE', #69, #1824, #1535 ) ;
#3935 = FACE_BOUND ( 'NONE', #4188, .T. ) ;
#3936 = ORIENTED_EDGE ( 'NONE', *, *, #542, .F. ) ;
#3937 = EDGE_CURVE ( 'NONE', #3129, #3774, #2788, .T. ) ;
#3938 = CARTESIAN_POINT ( 'NONE',  ( 0.003484548935050999809, 0.001419209514247999921, -0.001999522078223999865 ) ) ;
#3939 = ORIENTED_EDGE ( 'NONE', *, *, #1870, .F. ) ;
#3940 = LINE ( 'NONE', #1492, #4426 ) ;
#3941 = VECTOR ( 'NONE', #2042, 1.000000000000000000 ) ;
#3942 = PLANE ( 'NONE',  #3402 ) ;
#3943 = CARTESIAN_POINT ( 'NONE',  ( 0.003500000000000001808, 0.001300000000000029431, -0.001649999999999858177 ) ) ;
#3944 = ORIENTED_EDGE ( 'NONE', *, *, #643, .T. ) ;
#3945 = EDGE_CURVE ( 'NONE', #3081, #3946, #735, .T. ) ;
#3946 = VERTEX_POINT ( 'NONE', #513 ) ;
#3947 = LINE ( 'NONE', #2263, #3844 ) ;
#3948 = DIRECTION ( 'NONE',  ( 0.000000000000000000, 0.01156595424265052276, 0.9999331121142339684 ) ) ;
#3949 = ORIENTED_EDGE ( 'NONE', *, *, #2848, .T. ) ;
#3950 = DIRECTION ( 'NONE',  ( 0.000000000000000000, 0.000000000000000000, 1.000000000000000000 ) ) ;
#3951 = VERTEX_POINT ( 'NONE', #797 ) ;
#3952 = CARTESIAN_POINT ( 'NONE',  ( 0.0007543577871373999526, -0.003049809734904999816, -0.002599999999999999881 ) ) ;
#3953 = CARTESIAN_POINT ( 'NONE',  ( 0.006999999999999999278, -0.001479686363514400894, 1.711512821887041817E-05 ) ) ;
#3954 = CARTESIAN_POINT ( 'NONE',  ( 0.000000000000000000, -0.003482339959128999841, 0.002599999999999999881 ) ) ;
#3955 = CARTESIAN_POINT ( 'NONE',  ( 0.0007805045099615573641, -0.003348668144332067088, -0.002599999999999999881 ) ) ;
#3956 = DIRECTION ( 'NONE',  ( 0.000000000000000000, -1.000000000000000000, -0.000000000000000000 ) ) ;
#3957 = CIRCLE ( 'NONE', #37, 0.0003500000000000000507 ) ;
#3958 = CARTESIAN_POINT ( 'NONE',  ( 0.006919384147009934385, 0.001677214568989327231, -1.939988467429703376E-05 ) ) ;
#3959 = CARTESIAN_POINT ( 'NONE',  ( 0.006804188484295536909, 0.000000000000000000, 0.001679739767162402586 ) ) ;
#3960 = CARTESIAN_POINT ( 'NONE',  ( 0.003749522019965000497, 0.001742136715503000196, -0.001692141421074000191 ) ) ;
#3961 = VECTOR ( 'NONE', #2944, 1.000000000000000000 ) ;
#3962 = ORIENTED_EDGE ( 'NONE', *, *, #257, .T. ) ;
#3963 = CARTESIAN_POINT ( 'NONE',  ( 0.003749999999999456459, 0.001650000002542997054, 0.001550000164965230657 ) ) ;
#3964 = CARTESIAN_POINT ( 'NONE',  ( 0.000000000000000000, -0.004499999999999999660, 0.002599999999999999881 ) ) ;
#3965 = ORIENTED_EDGE ( 'NONE', *, *, #3905, .T. ) ;
#3966 = ORIENTED_EDGE ( 'NONE', *, *, #1540, .T. ) ;
#3967 = EDGE_CURVE ( 'NONE', #3224, #4135, #171, .T. ) ;
#3968 = CARTESIAN_POINT ( 'NONE',  ( 0.000000000000000000, 0.000000000000000000, 0.002599999999999999881 ) ) ;
#3969 = ADVANCED_FACE ( 'NONE', ( #2856 ), #2593, .F. ) ;
#3970 = EDGE_CURVE ( 'NONE', #2908, #388, #4077, .T. ) ;
#3971 = ORIENTED_EDGE ( 'NONE', *, *, #2430, .T. ) ;
#3972 = CARTESIAN_POINT ( 'NONE',  ( 0.003500000000000001808, 0.001300000000000007530, 0.001650000000000142455 ) ) ;
#3973 = EDGE_LOOP ( 'NONE', ( #702, #932, #2921, #2447 ) ) ;
#3974 = DIRECTION ( 'NONE',  ( 0.000000000000000000, 0.000000000000000000, -1.000000000000000000 ) ) ;
#3975 = FACE_OUTER_BOUND ( 'NONE', #2607, .T. ) ;
#3976 = CARTESIAN_POINT ( 'NONE',  ( 0.003150000000000000022, 0.002700000000000000143, -0.002700000000000000143 ) ) ;
#3977 = SURFACE_STYLE_FILL_AREA ( #3255 ) ;
#3978 = CARTESIAN_POINT ( 'NONE',  ( 0.003449999999999999942, -0.001000000000000000021, -0.003000000000000000496 ) ) ;
#3979 =( NAMED_UNIT ( * ) PLANE_ANGLE_UNIT ( ) SI_UNIT ( $, .RADIAN. ) );
#3980 = DIRECTION ( 'NONE',  ( 0.000000000000000000, -1.000000000000000000, -0.000000000000000000 ) ) ;
#3981 = EDGE_LOOP ( 'NONE', ( #3660, #2652, #548, #3867 ) ) ;
#3982 = STYLED_ITEM ( 'NONE', ( #3582 ), #2158 ) ;
#3983 = MECHANICAL_DESIGN_GEOMETRIC_PRESENTATION_REPRESENTATION (  '', ( #3106 ), #290 ) ;
#3984 = AXIS2_PLACEMENT_3D ( 'NONE', #2319, #2574, #940 ) ;
#3985 = CARTESIAN_POINT ( 'NONE',  ( 0.003150000000000000022, -0.002700000000000000143, 0.003000000000000000062 ) ) ;
#3986 = DIRECTION ( 'NONE',  ( -1.000000000000000000, -0.000000000000000000, -0.000000000000000000 ) ) ;
#3987 = EDGE_LOOP ( 'NONE', ( #326, #2021, #2395, #2332 ) ) ;
#3988 = CARTESIAN_POINT ( 'NONE',  ( 0.003749999999999570083, -0.001592200939322930848, -0.001550000163498128176 ) ) ;
#3989 = ORIENTED_EDGE ( 'NONE', *, *, #82, .F. ) ;
#3990 = VECTOR ( 'NONE', #3659, 1.000000000000000000 ) ;
#3991 = ADVANCED_FACE ( 'NONE', ( #539 ), #1925, .T. ) ;
#3992 = DIRECTION ( 'NONE',  ( 0.000000000000000000, 0.000000000000000000, -1.000000000000000000 ) ) ;
#3993 = CARTESIAN_POINT ( 'NONE',  ( 0.0004000000000000000192, -0.003482339959128999841, 0.002599999999999999881 ) ) ;
#3994 = ORIENTED_EDGE ( 'NONE', *, *, #2186, .F. ) ;
#3995 = FACE_OUTER_BOUND ( 'NONE', #917, .T. ) ;
#3996 = EDGE_LOOP ( 'NONE', ( #3429, #3847, #2796, #558, #4078 ) ) ;
#3997 = EDGE_CURVE ( 'NONE', #2123, #688, #1874, .T. ) ;
#3998 = CARTESIAN_POINT ( 'NONE',  ( 0.003500000000000000073, -0.001649999999999999991, 0.001649999999999999991 ) ) ;
#3999 = DIRECTION ( 'NONE',  ( 0.000000000000000000, -0.000000000000000000, -1.000000000000000000 ) ) ;
#4000 = DIRECTION ( 'NONE',  ( 1.000000000000000000, -0.000000000000000000, 0.000000000000000000 ) ) ;
#4001 = EDGE_CURVE ( 'NONE', #2756, #3345, #2834, .T. ) ;
#4002 = SURFACE_STYLE_FILL_AREA ( #827 ) ;
#4003 = AXIS2_PLACEMENT_3D ( 'NONE', #3193, #1546, #3261 ) ;
#4004 = CARTESIAN_POINT ( 'NONE',  ( 0.003499999999999405063, -0.001749999999999001486, -0.001649999999999393271 ) ) ;
#4005 = DIRECTION ( 'NONE',  ( 0.000000000000000000, 0.000000000000000000, 1.000000000000000000 ) ) ;
#4006 = ORIENTED_EDGE ( 'NONE', *, *, #1754, .T. ) ;
#4007 = DIRECTION ( 'NONE',  ( 0.000000000000000000, 0.000000000000000000, 1.000000000000000000 ) ) ;
#4008 = AXIS2_PLACEMENT_3D ( 'NONE', #628, #287, #3001 ) ;
#4009 = DIRECTION ( 'NONE',  ( -1.000000000000000000, -0.000000000000000000, -0.000000000000000000 ) ) ;
#4010 = CARTESIAN_POINT ( 'NONE',  ( 0.003449999999999999942, -0.001649999999999999991, -0.001299999999999999940 ) ) ;
#4011 = VERTEX_POINT ( 'NONE', #1850 ) ;
#4012 = VECTOR ( 'NONE', #3748, 1.000000000000000000 ) ;
#4013 = VECTOR ( 'NONE', #2486, 1.000000000000000000 ) ;
#4014 = CARTESIAN_POINT ( 'NONE',  ( 0.003449999999999999942, -0.001000000000000000021, 0.003000000000000000496 ) ) ;
#4015 = ORIENTED_EDGE ( 'NONE', *, *, #4434, .T. ) ;
#4016 = ORIENTED_EDGE ( 'NONE', *, *, #1506, .F. ) ;
#4017 = CARTESIAN_POINT ( 'NONE',  ( 0.003484548935050999809, -0.001269106521336000075, -0.001824212770458999953 ) ) ;
#4018 = DIRECTION ( 'NONE',  ( 0.000000000000000000, 0.000000000000000000, -1.000000000000000000 ) ) ;
#4019 = ADVANCED_FACE ( 'NONE', ( #3620 ), #3571, .F. ) ;
#4020 = DIRECTION ( 'NONE',  ( 0.000000000000000000, 0.000000000000000000, 1.000000000000000000 ) ) ;
#4021 = EDGE_CURVE ( 'NONE', #4416, #3778, #2548, .T. ) ;
#4022 = EDGE_CURVE ( 'NONE', #2845, #2177, #12, .T. ) ;
#4023 = CARTESIAN_POINT ( 'NONE',  ( 0.003449999999999999942, -0.001000000000000000021, -0.002799999999999999972 ) ) ;
#4024 = DIRECTION ( 'NONE',  ( -1.000000000000000000, 0.000000000000000000, 0.000000000000000000 ) ) ;
#4025 = CARTESIAN_POINT ( 'NONE',  ( 0.003160000000000000048, 0.001000000000000000021, -0.003000000000000000062 ) ) ;
#4026 = ORIENTED_EDGE ( 'NONE', *, *, #3583, .F. ) ;
#4027 = MECHANICAL_DESIGN_GEOMETRIC_PRESENTATION_REPRESENTATION (  '', ( #1137 ), #2427 ) ;
#4028 = CARTESIAN_POINT ( 'NONE',  ( 0.000000000000000000, -0.003000000000000000062, -0.003000000000000000062 ) ) ;
#4029 = DIRECTION ( 'NONE',  ( 0.000000000000000000, 0.000000000000000000, -1.000000000000000000 ) ) ;
#4030 = AXIS2_PLACEMENT_3D ( 'NONE', #4315, #2247, #3280 ) ;
#4031 = PLANE ( 'NONE',  #1837 ) ;
#4032 = EDGE_LOOP ( 'NONE', ( #730, #3078, #2299, #2894, #1740, #1188, #2462, #4079 ) ) ;
#4033 = DIRECTION ( 'NONE',  ( 0.000000000000000000, -1.000000000000000000, -0.000000000000000000 ) ) ;
#4034 = PLANE ( 'NONE',  #3761 ) ;
#4035 = EDGE_LOOP ( 'NONE', ( #1405, #402 ) ) ;
#4036 = EDGE_LOOP ( 'NONE', ( #273, #2207, #2563, #4055, #4476 ) ) ;
#4037 = CARTESIAN_POINT ( 'NONE',  ( 0.0002999999999999999737, 0.004499999999999999660, 0.001899999999999999779 ) ) ;
#4038 = CARTESIAN_POINT ( 'NONE',  ( 0.003449999999999999942, -0.002799999999999999972, -0.001000000000000000021 ) ) ;
#4039 = CARTESIAN_POINT ( 'NONE',  ( 0.000000000000000000, -0.002700000000000000143, 0.002700000000000000143 ) ) ;
#4040 = EDGE_CURVE ( 'NONE', #1625, #578, #2901, .T. ) ;
#4041 = PLANE ( 'NONE',  #2882 ) ;
#4042 = SURFACE_SIDE_STYLE ('',( #283 ) ) ;
#4043 = LINE ( 'NONE', #2620, #3830 ) ;
#4044 = EDGE_LOOP ( 'NONE', ( #1801, #3075, #4016, #2143 ) ) ;
#4045 = EDGE_CURVE ( 'NONE', #3339, #3007, #545, .T. ) ;
#4046 = EDGE_CURVE ( 'NONE', #1268, #2916, #3430, .T. ) ;
#4047 = CARTESIAN_POINT ( 'NONE',  ( 0.003500000000000000073, 0.001649999999999999991, -0.001649999999999999991 ) ) ;
#4048 = LINE ( 'NONE', #3689, #4198 ) ;
#4049 = ADVANCED_FACE ( 'NONE', ( #96 ), #3387, .T. ) ;
#4050 = CARTESIAN_POINT ( 'NONE',  ( 0.003749999999999569650, 0.001592200936783244505, 0.001749999833564596817 ) ) ;
#4051 = VERTEX_POINT ( 'NONE', #621 ) ;
#4052 = CIRCLE ( 'NONE', #1730, 0.0002500000000011225339 ) ;
#4053 = CARTESIAN_POINT ( 'NONE',  ( 0.000000000000000000, 0.003000000000000000062, -0.001899999999999999996 ) ) ;
#4054 = AXIS2_PLACEMENT_3D ( 'NONE', #3993, #2668, #1582 ) ;
#4055 = ORIENTED_EDGE ( 'NONE', *, *, #1172, .F. ) ;
#4056 = ORIENTED_EDGE ( 'NONE', *, *, #2445, .T. ) ;
#4057 = CARTESIAN_POINT ( 'NONE',  ( 0.000000000000000000, -0.001250000000000000026, -0.003000000000000000496 ) ) ;
#4058 = CARTESIAN_POINT ( 'NONE',  ( 0.003645476736785999757, -0.001258247039725999931, -0.001470820303980999947 ) ) ;
#4059 = VECTOR ( 'NONE', #4417, 1.000000000000000000 ) ;
#4060 = PLANE ( 'NONE',  #3300 ) ;
#4061 = VECTOR ( 'NONE', #2425, 1.000000000000000000 ) ;
#4062 = DIRECTION ( 'NONE',  ( -1.000000000000000000, 0.000000000000000000, -0.000000000000000000 ) ) ;
#4063 = DIRECTION ( 'NONE',  ( 1.000000000000000000, 0.000000000000000000, -0.000000000000000000 ) ) ;
#4064 = VECTOR ( 'NONE', #4353, 1.000000000000000000 ) ;
#4065 = CARTESIAN_POINT ( 'NONE',  ( 0.003160000000000000048, 0.003000000000000000496, -0.001000000000000000021 ) ) ;
#4066 = CARTESIAN_POINT ( 'NONE',  ( 0.0002999999999999999737, 0.001250000000000000026, -0.001250000000000000026 ) ) ;
#4067 = DIRECTION ( 'NONE',  ( -0.000000000000000000, 1.000000000000000000, 0.000000000000000000 ) ) ;
#4068 = CARTESIAN_POINT ( 'NONE',  ( 0.003749999999999456459, 0.001650000002542997271, -0.001749999835031791455 ) ) ;
#4069 = VECTOR ( 'NONE', #437, 1.000000000000000000 ) ;
#4070 = EDGE_CURVE ( 'NONE', #3327, #3896, #277, .T. ) ;
#4071 = DIRECTION ( 'NONE',  ( 1.000000000000000000, 0.000000000000000000, 0.000000000000000000 ) ) ;
#4072 = ORIENTED_EDGE ( 'NONE', *, *, #1354, .F. ) ;
#4073 = CARTESIAN_POINT ( 'NONE',  ( 0.000000000000000000, 0.003000000000000000062, -0.001250000000000000026 ) ) ;
#4074 = AXIS2_PLACEMENT_3D ( 'NONE', #2996, #1376, #2074 ) ;
#4075 = CARTESIAN_POINT ( 'NONE',  ( 0.0002999999999999999737, 0.003000000000000000496, -0.001250000000000000026 ) ) ;
#4076 = EDGE_CURVE ( 'NONE', #4464, #4147, #3035, .T. ) ;
#4077 = CIRCLE ( 'NONE', #4374, 0.0002999999999999999195 ) ;
#4078 = ORIENTED_EDGE ( 'NONE', *, *, #1898, .F. ) ;
#4079 = ORIENTED_EDGE ( 'NONE', *, *, #3584, .T. ) ;
#4080 = DIRECTION ( 'NONE',  ( 0.000000000000000000, 0.000000000000000000, 1.000000000000000000 ) ) ;
#4081 =( BOUNDED_SURFACE ( )  B_SPLINE_SURFACE ( 3, 3, ( 
 ( #1051, #3907, #4222, #2138 ),
 ( #3862, #466, #2458, #3530 ),
 ( #765, #800, #123, #1805 ),
 ( #2160, #1760, #2434, #3550 ),
 ( #3810, #48, #709, #2084 ),
 ( #3185, #2114, #3480, #373 ),
 ( #3137, #27, #440, #1418 ) ),
 .UNSPECIFIED., .F., .F., .T. ) 
 B_SPLINE_SURFACE_WITH_KNOTS ( ( 4, 3, 4 ),
 ( 4, 4 ),
 ( 0.000000000000000000, 1.000000000000000000, 2.000000000000000000 ),
 ( 0.000000000000000000, 1.000000000000000000 ),
 .UNSPECIFIED. ) 
 GEOMETRIC_REPRESENTATION_ITEM ( )  RATIONAL_B_SPLINE_SURFACE ( (
 ( 1.458242986893000026, 1.129702315654999900, 1.129702315654999900, 1.458242986893000026),
 ( 1.118361851743000068, 0.8663960567681000535, 0.8663960567681000535, 1.118361851743000068),
 ( 1.118361851743000068, 0.8663960567681000535, 0.8663960567681000535, 1.118361851743000068),
 ( 1.458242986893000026, 1.129702315654999900, 1.129702315654999900, 1.458242986893000026),
 ( 1.118361851743000068, 0.8663960567681000535, 0.8663960567681000535, 1.118361851743000068),
 ( 1.118361851743000068, 0.8663960567681000535, 0.8663960567681000535, 1.118361851743000068),
 ( 1.458242986893000026, 1.129702315654999900, 1.129702315654999900, 1.458242986893000026) ) ) 
 REPRESENTATION_ITEM ( '' )  SURFACE ( )  );
#4082 = CARTESIAN_POINT ( 'NONE',  ( 0.003759487639609000037, -0.001407452280371000080, -0.001687802117100000018 ) ) ;
#4083 = COLOUR_RGB ( '',0.2980392156862745057, 0.2980392156862745057, 0.2980392156862745057 ) ;
#4084 = UNCERTAINTY_MEASURE_WITH_UNIT (LENGTH_MEASURE( 1.000000000000000082E-05 ), #2288, 'distance_accuracy_value', 'NONE');
#4085 = DIRECTION ( 'NONE',  ( 0.000000000000000000, 0.000000000000000000, -1.000000000000000000 ) ) ;
#4086 = LINE ( 'NONE', #2079, #2378 ) ;
#4087 = DIRECTION ( 'NONE',  ( 0.000000000000000000, -0.000000000000000000, -1.000000000000000000 ) ) ;
#4088 = DIRECTION ( 'NONE',  ( -1.000000000000000000, -0.000000000000000000, -0.000000000000000000 ) ) ;
#4089 = LINE ( 'NONE', #983, #2654 ) ;
#4090 = CARTESIAN_POINT ( 'NONE',  ( 0.003750000000000202824, 0.001550000164964842947, 0.001709353758402754053 ) ) ;
#4091 = ORIENTED_EDGE ( 'NONE', *, *, #2031, .F. ) ;
#4092 = DIRECTION ( 'NONE',  ( 1.000000000000000000, 0.000000000000000000, 0.000000000000000000 ) ) ;
#4093 = VERTEX_POINT ( 'NONE', #4339 ) ;
#4094 = EDGE_CURVE ( 'NONE', #63, #1820, #2336, .T. ) ;
#4095 = VERTEX_POINT ( 'NONE', #561 ) ;
#4096 = DIRECTION ( 'NONE',  ( -0.000000000000000000, 1.000000000000000000, 0.000000000000000000 ) ) ;
#4097 = ORIENTED_EDGE ( 'NONE', *, *, #2870, .T. ) ;
#4098 = EDGE_CURVE ( 'NONE', #2758, #3238, #311, .T. ) ;
#4099 = CARTESIAN_POINT ( 'NONE',  ( 0.003160000000000000048, 0.001000000000000000021, 0.003000000000000000496 ) ) ;
#4100 = ADVANCED_FACE ( 'NONE', ( #1322, #2697, #2637 ), #3728, .T. ) ;
#4101 = CARTESIAN_POINT ( 'NONE',  ( 0.003759487639609000037, -0.001650000006243000032, -0.001404524143030999898 ) ) ;
#4102 = VERTEX_POINT ( 'NONE', #2674 ) ;
#4103 = ADVANCED_FACE ( 'NONE', ( #977 ), #935, .T. ) ;
#4104 = CARTESIAN_POINT ( 'NONE',  ( 0.003645476736786000191, 0.001649999990857000049, -0.001290512853641999922 ) ) ;
#4105 =( NAMED_UNIT ( * ) PLANE_ANGLE_UNIT ( ) SI_UNIT ( $, .RADIAN. ) );
#4106 = PLANE ( 'NONE',  #3697 ) ;
#4107 = CARTESIAN_POINT ( 'NONE',  ( 0.000000000000000000, -0.003482339959128999841, 0.001899999999999999779 ) ) ;
#4108 = FILL_AREA_STYLE ('',( #2721 ) ) ;
#4109 = CARTESIAN_POINT ( 'NONE',  ( 0.0002999999999999999737, 0.000000000000000000, -0.001250000000000000026 ) ) ;
#4110 = VERTEX_POINT ( 'NONE', #1650 ) ;
#4111 = CARTESIAN_POINT ( 'NONE',  ( 0.003750000000000365021, -0.001749999835035113884, 0.001709353758402795903 ) ) ;
#4112 = ORIENTED_EDGE ( 'NONE', *, *, #423, .T. ) ;
#4113 = CARTESIAN_POINT ( 'NONE',  ( 0.000000000000000000, 0.004499999999999999660, 0.001899999999999999779 ) ) ;
#4114 = CARTESIAN_POINT ( 'NONE',  ( 0.0003912844257251999825, -0.003382720489318999900, -0.002599999999999999881 ) ) ;
#4115 = CIRCLE ( 'NONE', #2881, 0.0003500000000000000507 ) ;
#4116 = ORIENTED_EDGE ( 'NONE', *, *, #444, .T. ) ;
#4117 = PRESENTATION_LAYER_ASSIGNMENT (  '', '', ( #2029 ) ) ;
#4118 = ORIENTED_EDGE ( 'NONE', *, *, #4040, .T. ) ;
#4119 = CARTESIAN_POINT ( 'NONE',  ( 0.000000000000000000, 0.004499999999999999660, -0.002599999999999999881 ) ) ;
#4120 =( GEOMETRIC_REPRESENTATION_CONTEXT ( 3 ) GLOBAL_UNCERTAINTY_ASSIGNED_CONTEXT ( ( #1323 ) ) GLOBAL_UNIT_ASSIGNED_CONTEXT ( ( #613, #593, #230 ) ) REPRESENTATION_CONTEXT ( 'NONE', 'WORKASPACE' ) );
#4121 = VECTOR ( 'NONE', #3113, 1.000000000000000000 ) ;
#4122 = AXIS2_PLACEMENT_3D ( 'NONE', #3065, #4088, #1090 ) ;
#4123 = ADVANCED_FACE ( 'NONE', ( #1630 ), #2991, .T. ) ;
#4124 = ORIENTED_EDGE ( 'NONE', *, *, #4046, .T. ) ;
#4125 = CARTESIAN_POINT ( 'NONE',  ( 0.003484548935050999809, 0.001419209496469000078, -0.001300477933515000080 ) ) ;
#4126 = UNCERTAINTY_MEASURE_WITH_UNIT (LENGTH_MEASURE( 1.000000000000000082E-05 ), #1007, 'distance_accuracy_value', 'NONE');
#4127 = ORIENTED_EDGE ( 'NONE', *, *, #2496, .T. ) ;
#4128 = CARTESIAN_POINT ( 'NONE',  ( 0.003150000000000000022, -0.002700000000000000143, -0.002700000000000000143 ) ) ;
#4129 = VECTOR ( 'NONE', #3186, 1.000000000000000000 ) ;
#4130 = DIRECTION ( 'NONE',  ( 0.9961946980918120476, -0.08715574274689893985, 0.000000000000000000 ) ) ;
#4131 = DIRECTION ( 'NONE',  ( 0.000000000000000000, 0.000000000000000000, 1.000000000000000000 ) ) ;
#4132 = CARTESIAN_POINT ( 'NONE',  ( 0.003449999999999999942, 0.003000000000000000062, 0.000000000000000000 ) ) ;
#4133 = VECTOR ( 'NONE', #3502, 1.000000000000000000 ) ;
#4134 = CARTESIAN_POINT ( 'NONE',  ( 0.0004000000000000000192, -0.003482339959128999841, -0.002599999999999999881 ) ) ;
#4135 = VERTEX_POINT ( 'NONE', #4038 ) ;
#4136 = DIRECTION ( 'NONE',  ( 0.000000000000000000, 0.000000000000000000, -1.000000000000000000 ) ) ;
#4137 = AXIS2_PLACEMENT_3D ( 'NONE', #1194, #490, #413 ) ;
#4138 = CARTESIAN_POINT ( 'NONE',  ( 0.000000000000000000, 0.002700000000000000143, 0.003000000000000000062 ) ) ;
#4139 = CIRCLE ( 'NONE', #1107, 0.0003500000000000000507 ) ;
#4140 = ORIENTED_EDGE ( 'NONE', *, *, #2216, .T. ) ;
#4141 = VERTEX_POINT ( 'NONE', #2312 ) ;
#4142 = CARTESIAN_POINT ( 'NONE',  ( 0.003645476736786000191, -0.001649999990857000049, 0.001290512853641999922 ) ) ;
#4143 = VECTOR ( 'NONE', #392, 1.000000000000000000 ) ;
#4144 = SURFACE_SIDE_STYLE ('',( #726 ) ) ;
#4145 = ORIENTED_EDGE ( 'NONE', *, *, #1717, .F. ) ;
#4146 = LINE ( 'NONE', #1041, #3941 ) ;
#4147 = VERTEX_POINT ( 'NONE', #3706 ) ;
#4148 = STYLED_ITEM ( 'NONE', ( #3048 ), #4459 ) ;
#4149 = CARTESIAN_POINT ( 'NONE',  ( 0.003750000000000364153, -0.001649999997457002928, 0.001550000164968211129 ) ) ;
#4150 = CARTESIAN_POINT ( 'NONE',  ( 0.0007805045099617095861, 0.003348668144332108288, -0.002599999999999999881 ) ) ;
#4151 = DIRECTION ( 'NONE',  ( 0.000000000000000000, 0.000000000000000000, -1.000000000000000000 ) ) ;
#4152 = EDGE_CURVE ( 'NONE', #1985, #33, #601, .T. ) ;
#4153 = DIRECTION ( 'NONE',  ( -1.000000000000000000, 0.000000000000000000, 0.000000000000000000 ) ) ;
#4154 = DIRECTION ( 'NONE',  ( 0.000000000000000000, 0.000000000000000000, 1.000000000000000000 ) ) ;
#4155 = ADVANCED_FACE ( 'NONE', ( #4400 ), #4060, .T. ) ;
#4156 = DIRECTION ( 'NONE',  ( 0.000000000000000000, -0.000000000000000000, -1.000000000000000000 ) ) ;
#4157 = DIRECTION ( 'NONE',  ( -0.000000000000000000, 1.000000000000000000, 0.000000000000000000 ) ) ;
#4158 = EDGE_LOOP ( 'NONE', ( #4184, #776, #3322, #2863, #1468, #4165, #711, #835 ) ) ;
#4159 = EDGE_CURVE ( 'NONE', #1857, #4095, #465, .T. ) ;
#4160 = ORIENTED_EDGE ( 'NONE', *, *, #2031, .T. ) ;
#4161 = CARTESIAN_POINT ( 'NONE',  ( 0.003449999999999999942, -0.002799999999999999972, 0.001000000000000000021 ) ) ;
#4162 =( NAMED_UNIT ( * ) SI_UNIT ( $, .STERADIAN. ) SOLID_ANGLE_UNIT ( ) );
#4163 = DIRECTION ( 'NONE',  ( -1.000000000000000000, 0.000000000000000000, 0.000000000000000000 ) ) ;
#4164 = ORIENTED_EDGE ( 'NONE', *, *, #4045, .T. ) ;
#4165 = ORIENTED_EDGE ( 'NONE', *, *, #664, .T. ) ;
#4166 = CARTESIAN_POINT ( 'NONE',  ( 0.003749522019965000064, -0.001733539564521000128, 0.001663020004498000142 ) ) ;
#4167 = PLANE ( 'NONE',  #8 ) ;
#4168 = ORIENTED_EDGE ( 'NONE', *, *, #481, .T. ) ;
#4169 = CIRCLE ( 'NONE', #267, 0.0002999999999999999195 ) ;
#4170 = CARTESIAN_POINT ( 'NONE',  ( 0.003759487639609000037, 0.001407452282292999965, -0.001687802129436999929 ) ) ;
#4171 = UNCERTAINTY_MEASURE_WITH_UNIT (LENGTH_MEASURE( 1.000000000000000082E-05 ), #2094, 'distance_accuracy_value', 'NONE');
#4172 = ORIENTED_EDGE ( 'NONE', *, *, #53, .F. ) ;
#4173 = LINE ( 'NONE', #365, #1375 ) ;
#4174 = DIRECTION ( 'NONE',  ( 1.000000000000000000, 0.000000000000000000, 0.000000000000000000 ) ) ;
#4175 = CARTESIAN_POINT ( 'NONE',  ( 0.000000000000000000, 0.004499999999999999660, -0.002599999999999999881 ) ) ;
#4176 = CARTESIAN_POINT ( 'NONE',  ( 0.003160000000000000048, 0.002700000000000000143, -0.002700000000000000143 ) ) ;
#4177 = DIRECTION ( 'NONE',  ( -0.000000000000000000, 1.000000000000000000, 0.000000000000000000 ) ) ;
#4178 = LINE ( 'NONE', #342, #2265 ) ;
#4179 = ORIENTED_EDGE ( 'NONE', *, *, #3220, .F. ) ;
#4180 = CYLINDRICAL_SURFACE ( 'NONE', #3369, 9.999999999999999124E-05 ) ;
#4181 = EDGE_CURVE ( 'NONE', #1134, #2801, #1389, .T. ) ;
#4182 = CARTESIAN_POINT ( 'NONE',  ( 0.003484548935050999809, -0.001650000008888999987, 0.001999522072354000066 ) ) ;
#4183 = DIRECTION ( 'NONE',  ( 1.000000000000000000, 0.000000000000000000, 0.000000000000000000 ) ) ;
#4184 = ORIENTED_EDGE ( 'NONE', *, *, #4232, .F. ) ;
#4185 = ORIENTED_EDGE ( 'NONE', *, *, #4046, .F. ) ;
#4186 = DIRECTION ( 'NONE',  ( 0.000000000000000000, 0.000000000000000000, -1.000000000000000000 ) ) ;
#4187 = CARTESIAN_POINT ( 'NONE',  ( 0.003150000000000000022, -0.002700000000000000143, 0.002700000000000000143 ) ) ;
#4188 = EDGE_LOOP ( 'NONE', ( #424, #2601 ) ) ;
#4189 = DIRECTION ( 'NONE',  ( -0.000000000000000000, 0.000000000000000000, 1.000000000000000000 ) ) ;
#4190 = ORIENTED_EDGE ( 'NONE', *, *, #1115, .F. ) ;
#4191 = PLANE ( 'NONE',  #3559 ) ;
#4192 = CIRCLE ( 'NONE', #2239, 0.0003500000000000000507 ) ;
#4193 = AXIS2_PLACEMENT_3D ( 'NONE', #3568, #410, #4195 ) ;
#4194 =( GEOMETRIC_REPRESENTATION_CONTEXT ( 3 ) GLOBAL_UNCERTAINTY_ASSIGNED_CONTEXT ( ( #4084 ) ) GLOBAL_UNIT_ASSIGNED_CONTEXT ( ( #2288, #531, #1644 ) ) REPRESENTATION_CONTEXT ( 'NONE', 'WORKASPACE' ) );
#4195 = DIRECTION ( 'NONE',  ( 0.000000000000000000, 1.000000000000000000, 0.000000000000000000 ) ) ;
#4196 = FACE_OUTER_BOUND ( 'NONE', #1705, .T. ) ;
#4197 =( NAMED_UNIT ( * ) PLANE_ANGLE_UNIT ( ) SI_UNIT ( $, .RADIAN. ) );
#4198 = VECTOR ( 'NONE', #3356, 1.000000000000000000 ) ;
#4199 = LINE ( 'NONE', #1098, #3382 ) ;
#4200 = CARTESIAN_POINT ( 'NONE',  ( 0.000000000000000000, 0.004499999999999999660, 0.002599999999999999881 ) ) ;
#4201 = FACE_OUTER_BOUND ( 'NONE', #4036, .T. ) ;
#4202 = CARTESIAN_POINT ( 'NONE',  ( 0.0007500000000000000156, -0.003000000000000000062, 0.001899999999999999779 ) ) ;
#4203 = FACE_OUTER_BOUND ( 'NONE', #1420, .T. ) ;
#4204 = VERTEX_POINT ( 'NONE', #1774 ) ;
#4205 = CIRCLE ( 'NONE', #2251, 0.0004000000000000000192 ) ;
#4206 = PLANE ( 'NONE',  #3901 ) ;
#4207 = ORIENTED_EDGE ( 'NONE', *, *, #689, .F. ) ;
#4208 = ORIENTED_EDGE ( 'NONE', *, *, #3494, .F. ) ;
#4209 = LINE ( 'NONE', #1402, #1319 ) ;
#4210 = EDGE_CURVE ( 'NONE', #4135, #63, #4457, .T. ) ;
#4211 = CIRCLE ( 'NONE', #306, 0.0002999999999999999195 ) ;
#4212 = EDGE_LOOP ( 'NONE', ( #2840, #4015, #655, #3796, #756 ) ) ;
#4213 = CARTESIAN_POINT ( 'NONE',  ( 0.003449999999999999942, 0.003000000000000000496, -0.001000000000000000021 ) ) ;
#4214 = UNCERTAINTY_MEASURE_WITH_UNIT (LENGTH_MEASURE( 1.000000000000000082E-05 ), #1727, 'distance_accuracy_value', 'NONE');
#4215 = CARTESIAN_POINT ( 'NONE',  ( 0.000000000000000000, -0.003000000000000000062, 0.001899999999999999996 ) ) ;
#4216 = ORIENTED_EDGE ( 'NONE', *, *, #2961, .F. ) ;
#4217 = CIRCLE ( 'NONE', #4008, 5.000000000000002272E-05 ) ;
#4218 = PLANE ( 'NONE',  #1649 ) ;
#4219 = DIRECTION ( 'NONE',  ( 0.000000000000000000, -0.000000000000000000, -1.000000000000000000 ) ) ;
#4220 = AXIS2_PLACEMENT_3D ( 'NONE', #2044, #4151, #3834 ) ;
#4221 =( LENGTH_UNIT ( ) NAMED_UNIT ( * ) SI_UNIT ( $, .METRE. ) );
#4222 = CARTESIAN_POINT ( 'NONE',  ( 0.003759487639609000037, 0.001407452280371000080, 0.001687802117100000018 ) ) ;
#4223 = CARTESIAN_POINT ( 'NONE',  ( 0.003160000000000000048, -0.002700000000000000143, 0.003000000000000000062 ) ) ;
#4224 = VERTEX_POINT ( 'NONE', #3079 ) ;
#4225 = CARTESIAN_POINT ( 'NONE',  ( 0.0004000000000000000192, 0.003482339959128999841, -0.002599999999999999881 ) ) ;
#4226 = CARTESIAN_POINT ( 'NONE',  ( 0.003645476736786000191, 0.001650000009142999933, -0.002009487146357999843 ) ) ;
#4227 = ORIENTED_EDGE ( 'NONE', *, *, #4210, .F. ) ;
#4228 = VECTOR ( 'NONE', #124, 1.000000000000000000 ) ;
#4229 = DIRECTION ( 'NONE',  ( 0.000000000000000000, -1.000000000000000000, 0.000000000000000000 ) ) ;
#4230 = ORIENTED_EDGE ( 'NONE', *, *, #1568, .T. ) ;
#4231 = EDGE_LOOP ( 'NONE', ( #2071, #1880, #210, #1128 ) ) ;
#4232 = EDGE_CURVE ( 'NONE', #1602, #887, #1089, .T. ) ;
#4233 = CARTESIAN_POINT ( 'NONE',  ( 0.003484548935050999809, -0.001649999991110999995, 0.001300477927645999916 ) ) ;
#4234 = ORIENTED_EDGE ( 'NONE', *, *, #113, .T. ) ;
#4235 = CARTESIAN_POINT ( 'NONE',  ( 0.000000000000000000, 0.001250000000000000026, 0.003000000000000000062 ) ) ;
#4236 = ORIENTED_EDGE ( 'NONE', *, *, #3675, .T. ) ;
#4237 = EDGE_CURVE ( 'NONE', #2586, #3103, #1432, .T. ) ;
#4238 = FACE_OUTER_BOUND ( 'NONE', #3492, .T. ) ;
#4240 = EDGE_CURVE ( 'NONE', #4204, #3201, #656, .T. ) ;
#4239 = CIRCLE ( 'NONE', #4030, 0.0003499999999999999964 ) ;
#4241 = DIRECTION ( 'NONE',  ( 0.000000000000000000, 0.000000000000000000, 1.000000000000000000 ) ) ;
#4242 = SURFACE_SIDE_STYLE ('',( #3977 ) ) ;
#4243 = CARTESIAN_POINT ( 'NONE',  ( 0.0002999999999999999737, 0.000000000000000000, 0.001250000000000000026 ) ) ;
#4244 = PLANE ( 'NONE',  #874 ) ;
#4245 = CARTESIAN_POINT ( 'NONE',  ( 0.006999999999999999278, -0.001479684638704186102, 1.711510894338074616E-05 ) ) ;
#4246 = EDGE_LOOP ( 'NONE', ( #2867, #1275, #2782, #1659, #433, #3122, #1789, #4185, #1821, #2865 ) ) ;
#4247 = CARTESIAN_POINT ( 'NONE',  ( 0.0007543577871373639571, 0.003049809734904589120, -0.002599999999999999881 ) ) ;
#4248 = ORIENTED_EDGE ( 'NONE', *, *, #4040, .F. ) ;
#4249 = CARTESIAN_POINT ( 'NONE',  ( 0.0007543577871373724139, 0.003049809734904795552, 0.001899999999999999779 ) ) ;
#4250 = PRESENTATION_STYLE_ASSIGNMENT (( #2860 ) ) ;
#4251 = LINE ( 'NONE', #3964, #3385 ) ;
#4252 = ORIENTED_EDGE ( 'NONE', *, *, #595, .F. ) ;
#4253 = ORIENTED_EDGE ( 'NONE', *, *, #2093, .F. ) ;
#4254 = LINE ( 'NONE', #1157, #1545 ) ;
#4255 = CARTESIAN_POINT ( 'NONE',  ( 0.000000000000000000, -0.004499999999999999660, -0.001899999999999999996 ) ) ;
#4256 = CARTESIAN_POINT ( 'NONE',  ( 0.003645476736785999757, 0.001412629527336999903, 0.002009487140320999950 ) ) ;
#4257 = ORIENTED_EDGE ( 'NONE', *, *, #930, .F. ) ;
#4258 = DIRECTION ( 'NONE',  ( -1.000000000000000000, -0.000000000000000000, 0.000000000000000000 ) ) ;
#4259 = ORIENTED_EDGE ( 'NONE', *, *, #4268, .F. ) ;
#4260 = CARTESIAN_POINT ( 'NONE',  ( 0.003449999999999999942, 0.001000000000000000021, 0.003000000000000000496 ) ) ;
#4261 = EDGE_CURVE ( 'NONE', #4093, #2262, #4146, .T. ) ;
#4262 = DIRECTION ( 'NONE',  ( -1.000000000000000000, 0.000000000000000000, 0.000000000000000000 ) ) ;
#4263 = DIRECTION ( 'NONE',  ( 0.000000000000000000, -1.000000000000000000, 0.000000000000000000 ) ) ;
#4264 = AXIS2_PLACEMENT_3D ( 'NONE', #1511, #1903, #2137 ) ;
#4265 = VECTOR ( 'NONE', #982, 1.000000000000000000 ) ;
#4266 = CARTESIAN_POINT ( 'NONE',  ( 0.003750000000000208028, -0.001550000148470599042, 0.001650000000000032083 ) ) ;
#4267 = CIRCLE ( 'NONE', #1734, 0.0002000000000000000909 ) ;
#4268 = EDGE_CURVE ( 'NONE', #2908, #1963, #1064, .T. ) ;
#4269 = VECTOR ( 'NONE', #4318, 1.000000000000000000 ) ;
#4270 = CARTESIAN_POINT ( 'NONE',  ( 0.0003651377029008999985, -0.003083862079891999848, -0.001899999999999999996 ) ) ;
#4271 = VECTOR ( 'NONE', #1203, 1.000000000000000222 ) ;
#4272 = CARTESIAN_POINT ( 'NONE',  ( 0.006999999999999999278, 1.711510932357710544E-05, 0.001479684638699788578 ) ) ;
#4273 = ORIENTED_EDGE ( 'NONE', *, *, #2439, .T. ) ;
#4274 = VERTEX_POINT ( 'NONE', #1355 ) ;
#4275 = DIRECTION ( 'NONE',  ( 0.9961946980918120476, -0.08715574274689893985, 0.000000000000000000 ) ) ;
#4276 = FILL_AREA_STYLE_COLOUR ( '', #1080 ) ;
#4277 = VECTOR ( 'NONE', #3986, 1.000000000000000000 ) ;
#4278 = ADVANCED_FACE ( 'NONE', ( #1680 ), #3570, .T. ) ;
#4279 = FILL_AREA_STYLE ('',( #157 ) ) ;
#4280 = AXIS2_PLACEMENT_3D ( 'NONE', #3452, #2359, #4085 ) ;
#4281 = VERTEX_POINT ( 'NONE', #1818 ) ;
#4282 = ORIENTED_EDGE ( 'NONE', *, *, #572, .T. ) ;
#4283 = DIRECTION ( 'NONE',  ( 0.000000000000000000, 0.000000000000000000, -1.000000000000000000 ) ) ;
#4284 = VECTOR ( 'NONE', #1111, 1.000000000000000000 ) ;
#4285 = ORIENTED_EDGE ( 'NONE', *, *, #1688, .F. ) ;
#4286 = CARTESIAN_POINT ( 'NONE',  ( 0.0007500000000000000156, 0.003000000000000000062, -0.002599999999999999881 ) ) ;
#4287 = ORIENTED_EDGE ( 'NONE', *, *, #1304, .F. ) ;
#4288 = CARTESIAN_POINT ( 'NONE',  ( 0.003749522019963999996, -0.001557863284497000003, -0.001692141421074000191 ) ) ;
#4289 = STYLED_ITEM ( 'NONE', ( #2900 ), #1109 ) ;
#4290 = CARTESIAN_POINT ( 'NONE',  ( 0.001100000000000000066, -0.003000000000000000062, 0.001899999999999999779 ) ) ;
#4291 = LINE ( 'NONE', #3205, #4069 ) ;
#4292 = SURFACE_SIDE_STYLE ('',( #3621 ) ) ;
#4293 = FILL_AREA_STYLE_COLOUR ( '', #3056 ) ;
#4294 = VECTOR ( 'NONE', #3665, 1.000000000000000000 ) ;
#4295 = CARTESIAN_POINT ( 'NONE',  ( 0.006804188484295556859, 0.001679627412921503356, -1.942779338370533701E-05 ) ) ;
#4296 = EDGE_CURVE ( 'NONE', #2020, #3445, #389, .T. ) ;
#4297 = CARTESIAN_POINT ( 'NONE',  ( 0.0004000000000000000192, -0.003482339959128999841, -0.002599999999999999881 ) ) ;
#4298 = ORIENTED_EDGE ( 'NONE', *, *, #356, .T. ) ;
#4299 = EDGE_CURVE ( 'NONE', #2016, #974, #1482, .T. ) ;
#4300 = FACE_OUTER_BOUND ( 'NONE', #788, .T. ) ;
#4301 = AXIS2_PLACEMENT_3D ( 'NONE', #135, #1526, #2892 ) ;
#4302 = DIRECTION ( 'NONE',  ( -1.000000000000000000, 0.000000000000000000, 0.000000000000000000 ) ) ;
#4303 = EDGE_CURVE ( 'NONE', #3951, #2370, #3225, .T. ) ;
#4304 = LINE ( 'NONE', #2600, #4277 ) ;
#4305 = VECTOR ( 'NONE', #2837, 1.000000000000000000 ) ;
#4306 = ORIENTED_EDGE ( 'NONE', *, *, #282, .T. ) ;
#4307 = ORIENTED_EDGE ( 'NONE', *, *, #2937, .T. ) ;
#4308 = CARTESIAN_POINT ( 'NONE',  ( 0.003160000000000000048, 0.002700000000000000143, 0.002700000000000000143 ) ) ;
#4309 = EDGE_CURVE ( 'NONE', #2165, #3896, #839, .T. ) ;
#4310 = CARTESIAN_POINT ( 'NONE',  ( 0.003759487639609000037, 0.001382491420473000183, 0.001772352871265999927 ) ) ;
#4311 = EDGE_LOOP ( 'NONE', ( #2938, #2888, #1619, #9 ) ) ;
#4312 = DIRECTION ( 'NONE',  ( -1.000000000000000000, 0.000000000000000000, 0.000000000000000000 ) ) ;
#4313 = ORIENTED_EDGE ( 'NONE', *, *, #3157, .F. ) ;
#4314 = LINE ( 'NONE', #1213, #3801 ) ;
#4315 = CARTESIAN_POINT ( 'NONE',  ( 0.0007500000000000000156, -0.003000000000000000062, 0.002599999999999999881 ) ) ;
#4316 = DIRECTION ( 'NONE',  ( 0.000000000000000000, -0.000000000000000000, -1.000000000000000000 ) ) ;
#4317 = CARTESIAN_POINT ( 'NONE',  ( 0.003449999999999999942, -0.002799999999999999972, 0.000000000000000000 ) ) ;
#4318 = DIRECTION ( 'NONE',  ( -0.000000000000000000, -1.000000000000000000, -0.000000000000000000 ) ) ;
#4319 = FACE_OUTER_BOUND ( 'NONE', #2117, .T. ) ;
#4320 = EDGE_CURVE ( 'NONE', #2290, #3165, #3595, .T. ) ;
#4321 = CARTESIAN_POINT ( 'NONE',  ( 0.006804188484295556859, 0.001003330751911290586, 0.001668246875299792681 ) ) ;
#4322 = DIRECTION ( 'NONE',  ( -0.000000000000000000, -0.000000000000000000, 1.000000000000000000 ) ) ;
#4323 = PRESENTATION_LAYER_ASSIGNMENT (  '', '', ( #3009 ) ) ;
#4324 = VERTEX_POINT ( 'NONE', #4213 ) ;
#4325 = CARTESIAN_POINT ( 'NONE',  ( 0.0007543577871373639571, 0.003049809734904589120, -0.002599999999999999881 ) ) ;
#4326 = CARTESIAN_POINT ( 'NONE',  ( 0.003750000000000250529, 0.001707799063216766536, 0.001550000166435320983 ) ) ;
#4327 = CARTESIAN_POINT ( 'NONE',  ( 0.0004000000000000000192, 0.003482339959128999841, -0.002599999999999999881 ) ) ;
#4328 = ADVANCED_FACE ( 'NONE', ( #507 ), #1211, .T. ) ;
#4329 = CARTESIAN_POINT ( 'NONE',  ( 0.003449999999999999942, 0.003000000000000000062, 0.000000000000000000 ) ) ;
#4330 = ORIENTED_EDGE ( 'NONE', *, *, #995, .F. ) ;
#4331 = CARTESIAN_POINT ( 'NONE',  ( 0.003750000000000203258, -0.001749999835032261131, -0.001590646241598964389 ) ) ;
#4332 = VERTEX_POINT ( 'NONE', #2542 ) ;
#4333 = PLANE ( 'NONE',  #222 ) ;
#4334 = SURFACE_STYLE_FILL_AREA ( #188 ) ;
#4335 = ORIENTED_EDGE ( 'NONE', *, *, #1057, .T. ) ;
#4336 = ORIENTED_EDGE ( 'NONE', *, *, #1669, .F. ) ;
#4337 = DIRECTION ( 'NONE',  ( 0.000000000000000000, 0.000000000000000000, 1.000000000000000000 ) ) ;
#4338 = EDGE_CURVE ( 'NONE', #1199, #4141, #154, .T. ) ;
#4339 = CARTESIAN_POINT ( 'NONE',  ( 0.003449999999999999942, 0.001000000000000000021, -0.003000000000000000496 ) ) ;
#4340 = CARTESIAN_POINT ( 'NONE',  ( 0.003449999999999999942, -0.002799999999999999972, -0.001000000000000000021 ) ) ;
#4341 = CARTESIAN_POINT ( 'NONE',  ( 0.000000000000000000, -0.003482339959128999841, -0.001899999999999999996 ) ) ;
#4342 = CIRCLE ( 'NONE', #64, 0.0003499999999999999964 ) ;
#4343 = CARTESIAN_POINT ( 'NONE',  ( 0.006999999999999999278, -0.0008496640841682141483, 0.001489710437622084396 ) ) ;
#4344 = AXIS2_PLACEMENT_3D ( 'NONE', #1409, #1779, #1723 ) ;
#4345 = CARTESIAN_POINT ( 'NONE',  ( 0.000000000000000000, 0.004499999999999999660, 0.001899999999999999996 ) ) ;
#4346 = ORIENTED_EDGE ( 'NONE', *, *, #4303, .T. ) ;
#4347 = DIRECTION ( 'NONE',  ( 1.000000000000000000, 0.000000000000000000, -0.000000000000000000 ) ) ;
#4348 = VECTOR ( 'NONE', #832, 1.000000000000000000 ) ;
#4349 = PRESENTATION_LAYER_ASSIGNMENT (  '', '', ( #724 ) ) ;
#4350 = AXIS2_PLACEMENT_3D ( 'NONE', #3027, #209, #1942 ) ;
#4351 = CARTESIAN_POINT ( 'NONE',  ( 0.0003912844257251999825, -0.003382720489318999900, -0.002599999999999999881 ) ) ;
#4352 = ORIENTED_EDGE ( 'NONE', *, *, #3970, .F. ) ;
#4353 = DIRECTION ( 'NONE',  ( 0.000000000000000000, 1.000000000000000000, 0.000000000000000000 ) ) ;
#4354 = CARTESIAN_POINT ( 'NONE',  ( 0.001100000000000000066, -0.003000000000000000062, 0.003000000000000000062 ) ) ;
#4355 = EDGE_LOOP ( 'NONE', ( #2648, #1206, #1152, #2493 ) ) ;
#4356 = SURFACE_STYLE_USAGE ( .BOTH. , #2017 ) ;
#4357 = EDGE_LOOP ( 'NONE', ( #1722, #3100, #3606, #3894 ) ) ;
#4358 = EDGE_CURVE ( 'NONE', #673, #3951, #251, .T. ) ;
#4359 = AXIS2_PLACEMENT_3D ( 'NONE', #2327, #2391, #1879 ) ;
#4360 = CARTESIAN_POINT ( 'NONE',  ( 0.003759487639609000037, -0.001649999993756999950, -0.001895475856969000084 ) ) ;
#4361 = EDGE_CURVE ( 'NONE', #4095, #427, #774, .T. ) ;
#4362 = CARTESIAN_POINT ( 'NONE',  ( 0.003449999999999999942, 0.001649999999999999991, 0.001649999999999999991 ) ) ;
#4363 = CARTESIAN_POINT ( 'NONE',  ( 0.003449999999999999942, -0.003000000000000000062, 0.000000000000000000 ) ) ;
#4364 = DIRECTION ( 'NONE',  ( -0.000000000000000000, 1.000000000000000000, 0.000000000000000000 ) ) ;
#4365 = DIRECTION ( 'NONE',  ( -1.000000000000000000, -0.000000000000000000, -0.000000000000000000 ) ) ;
#4366 = FACE_OUTER_BOUND ( 'NONE', #556, .T. ) ;
#4367 = CARTESIAN_POINT ( 'NONE',  ( 0.0004000000000000000192, 0.003482339959128999841, -0.001899999999999999996 ) ) ;
#4368 = ORIENTED_EDGE ( 'NONE', *, *, #2224, .F. ) ;
#4369 = DIRECTION ( 'NONE',  ( -1.000000000000000000, -0.000000000000000000, -0.000000000000000000 ) ) ;
#4370 = VECTOR ( 'NONE', #1617, 1.000000000000000000 ) ;
#4371 = DIRECTION ( 'NONE',  ( -1.000000000000000000, 0.000000000000000000, 0.000000000000000000 ) ) ;
#4372 = DIRECTION ( 'NONE',  ( -1.000000000000000000, -0.000000000000000000, -0.000000000000000000 ) ) ;
#4373 = ORIENTED_EDGE ( 'NONE', *, *, #1959, .F. ) ;
#4374 = AXIS2_PLACEMENT_3D ( 'NONE', #491, #2249, #1169 ) ;
#4375 = CARTESIAN_POINT ( 'NONE',  ( 0.000000000000000000, -0.003000000000000000062, 0.002599999999999999881 ) ) ;
#4376 = SURFACE_SIDE_STYLE ('',( #1961 ) ) ;
#4377 = VECTOR ( 'NONE', #3470, 1.000000000000000000 ) ;
#4378 = CARTESIAN_POINT ( 'NONE',  ( 0.003449999999999999942, 0.003000000000000000062, -0.001000000000000000021 ) ) ;
#4379 = ORIENTED_EDGE ( 'NONE', *, *, #662, .F. ) ;
#4380 = ORIENTED_EDGE ( 'NONE', *, *, #2557, .T. ) ;
#4381 = CARTESIAN_POINT ( 'NONE',  ( 0.0003912844257252190644, -0.003382720489318998165, 0.001899999999999999779 ) ) ;
#4382 = EDGE_CURVE ( 'NONE', #3911, #1401, #753, .T. ) ;
#4383 = EDGE_CURVE ( 'NONE', #3238, #1862, #792, .T. ) ;
#4384 = CARTESIAN_POINT ( 'NONE',  ( 0.000000000000000000, -0.004499999999999999660, -0.002599999999999999881 ) ) ;
#4385 = EDGE_CURVE ( 'NONE', #1719, #1550, #3518, .T. ) ;
#4386 = LINE ( 'NONE', #1654, #2915 ) ;
#4387 = LINE ( 'NONE', #2906, #66 ) ;
#4388 = ORIENTED_EDGE ( 'NONE', *, *, #1597, .F. ) ;
#4389 = AXIS2_PLACEMENT_3D ( 'NONE', #1485, #1847, #1436 ) ;
#4390 = CARTESIAN_POINT ( 'NONE',  ( 0.003750000000000248794, 0.001749999851530085289, -0.001649999999999951419 ) ) ;
#4391 = CYLINDRICAL_SURFACE ( 'NONE', #3701, 0.0003500000000000000507 ) ;
#4392 = AXIS2_PLACEMENT_3D ( 'NONE', #258, #3365, #1702 ) ;
#4393 = DIRECTION ( 'NONE',  ( 0.000000000000000000, 0.000000000000000000, 1.000000000000000000 ) ) ;
#4394 = ORIENTED_EDGE ( 'NONE', *, *, #4382, .F. ) ;
#4395 = SURFACE_STYLE_USAGE ( .BOTH. , #2347 ) ;
#4396 = LINE ( 'NONE', #4354, #2963 ) ;
#4397 = ORIENTED_EDGE ( 'NONE', *, *, #810, .T. ) ;
#4398 = ORIENTED_EDGE ( 'NONE', *, *, #2502, .F. ) ;
#4399 = CARTESIAN_POINT ( 'NONE',  ( 0.0003912844257252321291, 0.003382720489319147351, -0.002599999999999999881 ) ) ;
#4400 = FACE_OUTER_BOUND ( 'NONE', #4355, .T. ) ;
#4401 = CARTESIAN_POINT ( 'NONE',  ( 0.003470160231246000124, 0.002700000000000000143, -0.003000000000000000062 ) ) ;
#4402 = ADVANCED_FACE ( 'NONE', ( #91 ), #2851, .F. ) ;
#4403 = DIRECTION ( 'NONE',  ( -1.000000000000000000, 0.000000000000000000, -0.000000000000000000 ) ) ;
#4404 = DIRECTION ( 'NONE',  ( -0.000000000000000000, 1.000000000000000000, 0.000000000000000000 ) ) ;
#4405 = LINE ( 'NONE', #303, #2883 ) ;
#4406 = CARTESIAN_POINT ( 'NONE',  ( 0.003150000000000000022, -0.002700000000000000143, 0.002700000000000000143 ) ) ;
#4407 = EDGE_CURVE ( 'NONE', #1703, #2256, #3248, .T. ) ;
#4408 = DIRECTION ( 'NONE',  ( 0.000000000000000000, 1.000000000000000000, 0.000000000000000000 ) ) ;
#4409 = ORIENTED_EDGE ( 'NONE', *, *, #1982, .T. ) ;
#4410 = PLANE ( 'NONE',  #2682 ) ;
#4411 =( GEOMETRIC_REPRESENTATION_CONTEXT ( 3 ) GLOBAL_UNCERTAINTY_ASSIGNED_CONTEXT ( ( #3803 ) ) GLOBAL_UNIT_ASSIGNED_CONTEXT ( ( #4221, #2205, #1126 ) ) REPRESENTATION_CONTEXT ( 'NONE', 'WORKASPACE' ) );
#4412 = CIRCLE ( 'NONE', #1159, 0.0003500000000000000507 ) ;
#4413 = CARTESIAN_POINT ( 'NONE',  ( 0.003150000000000000022, 0.002700000000000000143, -0.002700000000000000143 ) ) ;
#4414 = FILL_AREA_STYLE_COLOUR ( '', #3034 ) ;
#4415 = EDGE_LOOP ( 'NONE', ( #2053, #288, #2375, #3790 ) ) ;
#4416 = VERTEX_POINT ( 'NONE', #2176 ) ;
#4417 = DIRECTION ( 'NONE',  ( 1.000000000000000000, 0.000000000000000000, 0.000000000000000000 ) ) ;
#4418 = VECTOR ( 'NONE', #2534, 1.000000000000000000 ) ;
#4419 = CARTESIAN_POINT ( 'NONE',  ( 0.0004000000000000000192, 0.003482339959128999841, -0.002599999999999999881 ) ) ;
#4420 = STYLED_ITEM ( 'NONE', ( #1052 ), #1539 ) ;
#4421 = CARTESIAN_POINT ( 'NONE',  ( 0.003449999999999999942, -0.001000000000000000021, 0.002799999999999999972 ) ) ;
#4422 = CARTESIAN_POINT ( 'NONE',  ( 0.0007500000000000000156, 0.003000000000000000062, -0.002599999999999999881 ) ) ;
#4423 = CIRCLE ( 'NONE', #1180, 0.0002999999999999999195 ) ;
#4424 = DIRECTION ( 'NONE',  ( 0.000000000000000000, -0.000000000000000000, 1.000000000000000000 ) ) ;
#4425 = LINE ( 'NONE', #1388, #2431 ) ;
#4426 = VECTOR ( 'NONE', #3891, 1.000000000000000222 ) ;
#4427 = ADVANCED_FACE ( 'NONE', ( #3566 ), #457, .T. ) ;
#4428 = DIRECTION ( 'NONE',  ( -1.000000000000000000, -0.000000000000000000, -0.000000000000000000 ) ) ;
#4429 = EDGE_CURVE ( 'NONE', #1373, #4102, #3367, .T. ) ;
#4430 = VERTEX_POINT ( 'NONE', #3972 ) ;
#4431 = EDGE_CURVE ( 'NONE', #4324, #4416, #1345, .T. ) ;
#4432 = ORIENTED_EDGE ( 'NONE', *, *, #3786, .T. ) ;
#4433 = CARTESIAN_POINT ( 'NONE',  ( 0.003449999999986630428, 0.000000000000000000, 0.001749999999998888512 ) ) ;
#4434 = EDGE_CURVE ( 'NONE', #165, #2520, #3545, .T. ) ;
#4435 = ORIENTED_EDGE ( 'NONE', *, *, #1057, .F. ) ;
#4436 = ORIENTED_EDGE ( 'NONE', *, *, #1693, .T. ) ;
#4437 = CARTESIAN_POINT ( 'NONE',  ( 0.003150000000000000022, -0.002700000000000000143, -0.002700000000000000143 ) ) ;
#4438 = CARTESIAN_POINT ( 'NONE',  ( 0.003749522019963999996, -0.001705827364226000092, -0.001565451912397000005 ) ) ;
#4439 = AXIS2_PLACEMENT_3D ( 'NONE', #1458, #1868, #2830 ) ;
#4440 = CARTESIAN_POINT ( 'NONE',  ( 0.003645476736785999757, 0.001887370454376999978, -0.001290512847605000029 ) ) ;
#4441 = VECTOR ( 'NONE', #2460, 1.000000000000000000 ) ;
#4442 = DIRECTION ( 'NONE',  ( 0.000000000000000000, 0.000000000000000000, -1.000000000000000000 ) ) ;
#4443 = DIRECTION ( 'NONE',  ( -0.06180425979330570613, -0.9980882894170243214, 2.785098540668274494E-12 ) ) ;
#4444 = DIRECTION ( 'NONE',  ( 1.000000000000000000, 0.000000000000000000, 0.000000000000000000 ) ) ;
#4445 = CARTESIAN_POINT ( 'NONE',  ( 0.003150000000000000022, -0.003000000000000000062, -0.002700000000000000143 ) ) ;
#4446 = DIRECTION ( 'NONE',  ( -1.000000000000000000, 0.000000000000000000, 0.000000000000000000 ) ) ;
#4447 = DIRECTION ( 'NONE',  ( -1.000000000000000000, -0.000000000000000000, -0.000000000000000000 ) ) ;
#4448 = ORIENTED_EDGE ( 'NONE', *, *, #2479, .T. ) ;
#4449 = DIRECTION ( 'NONE',  ( 0.000000000000000000, 0.000000000000000000, -1.000000000000000000 ) ) ;
#4450 = DIRECTION ( 'NONE',  ( 1.000000000000000000, 0.000000000000000000, -0.000000000000000000 ) ) ;
#4451 = ADVANCED_FACE ( 'NONE', ( #3995 ), #1710, .F. ) ;
#4452 = AXIS2_PLACEMENT_3D ( 'NONE', #2132, #138, #1532 ) ;
#4453 = ORIENTED_EDGE ( 'NONE', *, *, #2636, .T. ) ;
#4454 = ORIENTED_EDGE ( 'NONE', *, *, #2937, .F. ) ;
#4455 = FACE_OUTER_BOUND ( 'NONE', #3702, .T. ) ;
#4456 = EDGE_LOOP ( 'NONE', ( #159, #3680, #991, #783 ) ) ;
#4457 = LINE ( 'NONE', #2757, #3861 ) ;
#4459 = ADVANCED_FACE ( 'NONE', ( #2049 ), #1330, .T. ) ;
#4458 = VERTEX_POINT ( 'NONE', #669 ) ;
#4460 = SURFACE_STYLE_USAGE ( .BOTH. , #20 ) ;
#4461 =( NAMED_UNIT ( * ) SI_UNIT ( $, .STERADIAN. ) SOLID_ANGLE_UNIT ( ) );
#4462 = DIRECTION ( 'NONE',  ( -1.000000000000000000, -0.000000000000000000, 0.000000000000000000 ) ) ;
#4463 = CARTESIAN_POINT ( 'NONE',  ( 0.0002999999999999999737, 0.001250000000000000026, 0.000000000000000000 ) ) ;
#4464 = VERTEX_POINT ( 'NONE', #988 ) ;
#4465 = EDGE_LOOP ( 'NONE', ( #85, #2862, #2838, #443 ) ) ;
#4466 = CARTESIAN_POINT ( 'NONE',  ( 0.003645476736786000191, -0.001650000009142999933, 0.002009487146357999843 ) ) ;
#4467 = VERTEX_POINT ( 'NONE', #2367 ) ;
#4468 = PRESENTATION_LAYER_ASSIGNMENT (  '', '', ( #2814 ) ) ;
#4469 = LINE ( 'NONE', #1960, #1538 ) ;
#4470 = ORIENTED_EDGE ( 'NONE', *, *, #637, .F. ) ;
#4471 = CARTESIAN_POINT ( 'NONE',  ( 0.003759487639609000037, -0.001649999993756999950, 0.001404524143030999898 ) ) ;
#4472 = VECTOR ( 'NONE', #2018, 1.000000000000000000 ) ;
#4473 = VECTOR ( 'NONE', #3496, 1.000000000000000000 ) ;
#4474 = FACE_OUTER_BOUND ( 'NONE', #1331, .T. ) ;
#4475 = EDGE_CURVE ( 'NONE', #3171, #3165, #1484, .T. ) ;
#4476 = ORIENTED_EDGE ( 'NONE', *, *, #543, .F. ) ;
#4477 = CARTESIAN_POINT ( 'NONE',  ( 0.003645476736785999757, 0.001412629527336999903, -0.001290512859679000032 ) ) ;
#4478 = EDGE_CURVE ( 'NONE', #2845, #1131, #1421, .T. ) ;
#4479 = EDGE_LOOP ( 'NONE', ( #838, #59, #2858, #3692 ) ) ;
#4480 = SURFACE_STYLE_FILL_AREA ( #2106 ) ;
#4481 = ADVANCED_FACE ( 'NONE', ( #3509 ), #4180, .F. ) ;
#4482 = ADVANCED_FACE ( 'NONE', ( #1104 ), #2774, .T. ) ;
#4483 = VECTOR ( 'NONE', #1830, 1.000000000000000000 ) ;
#4484 = CARTESIAN_POINT ( 'NONE',  ( 0.000000000000000000, 0.003000000000000000062, 0.003000000000000000062 ) ) ;
#4485 = DIRECTION ( 'NONE',  ( -1.000000000000000000, -0.000000000000000000, -0.000000000000000000 ) ) ;
#4486 = VECTOR ( 'NONE', #3776, 1.000000000000000000 ) ;
#4487 =( NAMED_UNIT ( * ) PLANE_ANGLE_UNIT ( ) SI_UNIT ( $, .RADIAN. ) );
ENDSEC;
END-ISO-10303-21;
