ISO-10303-21;
HEADER;
FILE_DESCRIPTION (( 'STEP AP214' ),
    '1' );
FILE_NAME ('BIVAR__INC_SMTLA5050RGB.step',
    '2025-10-09T22:26:39',
    ( '' ),
    ( '' ),
    'SwSTEP 2.0',
    'SolidWorks 2025',
    '' );
FILE_SCHEMA (( 'AUTOMOTIVE_DESIGN' ));
ENDSEC;

DATA;
#1 = ADVANCED_FACE ( 'NONE', ( #3215 ), #3943, .F. ) ;
#2 = VERTEX_POINT ( 'NONE', #3238 ) ;
#3 = PLANE ( 'NONE',  #2912 ) ;
#4 = VECTOR ( 'NONE', #520, 1000.000000000000000 ) ;
#5 = VERTEX_POINT ( 'NONE', #3264 ) ;
#6 = LINE ( 'NONE', #2590, #2542 ) ;
#7 = ORIENTED_EDGE ( 'NONE', *, *, #4635, .T. ) ;
#8 = EDGE_CURVE ( 'NONE', #4800, #3772, #2513, .T. ) ;
#9 = CARTESIAN_POINT ( 'NONE',  ( -0.9960286258184729569, -0.5332195235787650089, 0.3499999999999999778 ) ) ;
#10 = CARTESIAN_POINT ( 'NONE',  ( 2.471716000805965319, 1.199999999999999956, -0.5396908546970039522 ) ) ;
#11 = PRESENTATION_STYLE_ASSIGNMENT (( #2331 ) ) ;
#12 = ORIENTED_EDGE ( 'NONE', *, *, #1300, .F. ) ;
#13 = EDGE_CURVE ( 'NONE', #1105, #3701, #973, .T. ) ;
#14 =( GEOMETRIC_REPRESENTATION_CONTEXT ( 3 ) GLOBAL_UNCERTAINTY_ASSIGNED_CONTEXT ( ( #2348 ) ) GLOBAL_UNIT_ASSIGNED_CONTEXT ( ( #4035, #3567, #966 ) ) REPRESENTATION_CONTEXT ( 'NONE', 'WORKASPACE' ) );
#15 =( NAMED_UNIT ( * ) PLANE_ANGLE_UNIT ( ) SI_UNIT ( $, .RADIAN. ) );
#16 = SURFACE_STYLE_USAGE ( .BOTH. , #3738 ) ;
#17 = CARTESIAN_POINT ( 'NONE',  ( -0.03316504619022000305, -2.056952929731179935, 0.3499999999999999778 ) ) ;
#18 = ORIENTED_EDGE ( 'NONE', *, *, #718, .T. ) ;
#19 = ORIENTED_EDGE ( 'NONE', *, *, #2725, .F. ) ;
#20 = CARTESIAN_POINT ( 'NONE',  ( 2.463314554501874643, 2.200000000000000178, -0.6999999999999999556 ) ) ;
#21 = VERTEX_POINT ( 'NONE', #229 ) ;
#22 = AXIS2_PLACEMENT_3D ( 'NONE', #2421, #1230, #2319 ) ;
#23 = LINE ( 'NONE', #823, #3193 ) ;
#24 = ORIENTED_EDGE ( 'NONE', *, *, #832, .T. ) ;
#25 = LINE ( 'NONE', #756, #90 ) ;
#26 = DIRECTION ( 'NONE',  ( 0.000000000000000000, -1.000000000000000000, 0.000000000000000000 ) ) ;
#27 = CIRCLE ( 'NONE', #3841, 0.09999999999999999167 ) ;
#28 = DIRECTION ( 'NONE',  ( 1.000000000000000000, 1.194186020286708007E-16, 0.000000000000000000 ) ) ;
#29 =( GEOMETRIC_REPRESENTATION_CONTEXT ( 3 ) GLOBAL_UNCERTAINTY_ASSIGNED_CONTEXT ( ( #3317 ) ) GLOBAL_UNIT_ASSIGNED_CONTEXT ( ( #3382, #15, #2993 ) ) REPRESENTATION_CONTEXT ( 'NONE', 'WORKASPACE' ) );
#30 = STYLED_ITEM ( 'NONE', ( #414 ), #210 ) ;
#31 = DIRECTION ( 'NONE',  ( 0.000000000000000000, 1.000000000000000000, 0.000000000000000000 ) ) ;
#32 = LINE ( 'NONE', #4600, #64 ) ;
#33 = CARTESIAN_POINT ( 'NONE',  ( -2.500000000000000000, -2.100000000000000089, -0.4699999999999999734 ) ) ;
#34 = ORIENTED_EDGE ( 'NONE', *, *, #2918, .F. ) ;
#35 = EDGE_CURVE ( 'NONE', #4574, #380, #2677, .T. ) ;
#36 = AXIS2_PLACEMENT_3D ( 'NONE', #4440, #4167, #4497 ) ;
#37 = EDGE_CURVE ( 'NONE', #2196, #1590, #2464, .T. ) ;
#38 = DIRECTION ( 'NONE',  ( 2.409338161078900167E-16, 1.000000000000000000, 0.000000000000000000 ) ) ;
#39 = DIRECTION ( 'NONE',  ( 0.000000000000000000, 1.000000000000000000, 0.000000000000000000 ) ) ;
#40 = ORIENTED_EDGE ( 'NONE', *, *, #2283, .F. ) ;
#41 = EDGE_CURVE ( 'NONE', #1552, #3266, #2090, .T. ) ;
#42 = ADVANCED_FACE ( 'NONE', ( #204 ), #2501, .T. ) ;
#43 = CARTESIAN_POINT ( 'NONE',  ( -2.500000000000000000, -2.200000000000000178, 0.000000000000000000 ) ) ;
#44 = ORIENTED_EDGE ( 'NONE', *, *, #1088, .F. ) ;
#45 = EDGE_LOOP ( 'NONE', ( #1993, #172, #4389, #2594 ) ) ;
#46 = CARTESIAN_POINT ( 'NONE',  ( -1.699999999999999956, 2.100000000000000089, -0.5699999999999999512 ) ) ;
#47 = DIRECTION ( 'NONE',  ( -2.710505431213760099E-16, 1.000000000000000000, 0.000000000000000000 ) ) ;
#48 = STYLED_ITEM ( 'NONE', ( #1112 ), #2496 ) ;
#49 = ORIENTED_EDGE ( 'NONE', *, *, #4459, .F. ) ;
#50 = ADVANCED_FACE ( 'NONE', ( #4323 ), #248, .F. ) ;
#51 =( LENGTH_UNIT ( ) NAMED_UNIT ( * ) SI_UNIT ( .MILLI., .METRE. ) );
#52 = UNCERTAINTY_MEASURE_WITH_UNIT (LENGTH_MEASURE( 1.000000000000000082E-05 ), #1503, 'distance_accuracy_value', 'NONE');
#53 = VECTOR ( 'NONE', #1632, 1000.000000000000000 ) ;
#54 = VERTEX_POINT ( 'NONE', #654 ) ;
#55 = ORIENTED_EDGE ( 'NONE', *, *, #379, .F. ) ;
#56 = PLANE ( 'NONE',  #4253 ) ;
#57 = STYLED_ITEM ( 'NONE', ( #2405 ), #2821 ) ;
#58 = CARTESIAN_POINT ( 'NONE',  ( -2.700000000000000178, 2.100000000000000089, -0.4699999999999999734 ) ) ;
#59 = ORIENTED_EDGE ( 'NONE', *, *, #1954, .F. ) ;
#60 = AXIS2_PLACEMENT_3D ( 'NONE', #1159, #3418, #2226 ) ;
#61 = STYLED_ITEM ( 'NONE', ( #1691 ), #3387 ) ;
#62 = LINE ( 'NONE', #2622, #772 ) ;
#63 = CARTESIAN_POINT ( 'NONE',  ( -2.471716000805965319, 1.199999999999999956, -0.5396908546970039522 ) ) ;
#64 = VECTOR ( 'NONE', #3131, 1000.000000000000000 ) ;
#65 = CIRCLE ( 'NONE', #4477, 0.1499999999999999944 ) ;
#66 = EDGE_CURVE ( 'NONE', #4538, #896, #2136, .T. ) ;
#67 = COLOUR_RGB ( '',1.000000000000000000, 1.000000000000000000, 1.000000000000000000 ) ;
#68 = DIRECTION ( 'NONE',  ( 0.000000000000000000, 0.000000000000000000, 1.000000000000000000 ) ) ;
#69 = ORIENTED_EDGE ( 'NONE', *, *, #2965, .T. ) ;
#70 = FACE_OUTER_BOUND ( 'NONE', #3528, .T. ) ;
#71 = FACE_OUTER_BOUND ( 'NONE', #3363, .T. ) ;
#72 = AXIS2_PLACEMENT_3D ( 'NONE', #4713, #2859, #4381 ) ;
#73 = ORIENTED_EDGE ( 'NONE', *, *, #365, .T. ) ;
#74 = LINE ( 'NONE', #1489, #3420 ) ;
#75 = DIRECTION ( 'NONE',  ( 0.000000000000000000, -1.000000000000000000, 0.000000000000000000 ) ) ;
#76 = CARTESIAN_POINT ( 'NONE',  ( 0.000000000000000000, 0.000000000000000000, 0.3007161552948415251 ) ) ;
#77 = VECTOR ( 'NONE', #1173, 1000.000000000000000 ) ;
#78 = EDGE_CURVE ( 'NONE', #4620, #2485, #3220, .T. ) ;
#79 = ORIENTED_EDGE ( 'NONE', *, *, #3179, .T. ) ;
#80 =( NAMED_UNIT ( * ) PLANE_ANGLE_UNIT ( ) SI_UNIT ( $, .RADIAN. ) );
#81 =( LENGTH_UNIT ( ) NAMED_UNIT ( * ) SI_UNIT ( .MILLI., .METRE. ) );
#82 = CARTESIAN_POINT ( 'NONE',  ( -2.000000000000002665, 2.449293598294709373E-16, 0.8000000000000000444 ) ) ;
#83 = ORIENTED_EDGE ( 'NONE', *, *, #1439, .F. ) ;
#84 = EDGE_LOOP ( 'NONE', ( #4663, #2526, #601, #2618 ) ) ;
#85 = AXIS2_PLACEMENT_3D ( 'NONE', #341, #1537, #2608 ) ;
#86 = FILL_AREA_STYLE ('',( #3196 ) ) ;
#87 = DIRECTION ( 'NONE',  ( 0.000000000000000000, 1.000000000000000000, 0.000000000000000000 ) ) ;
#88 = DIRECTION ( 'NONE',  ( 1.000000000000000000, 0.000000000000000000, 0.000000000000000000 ) ) ;
#89 = ORIENTED_EDGE ( 'NONE', *, *, #1073, .F. ) ;
#90 = VECTOR ( 'NONE', #1098, 1000.000000000000000 ) ;
#91 = LINE ( 'NONE', #1581, #3379 ) ;
#92 = DIRECTION ( 'NONE',  ( 0.000000000000000000, -1.000000000000000000, 0.000000000000000000 ) ) ;
#93 = DIRECTION ( 'NONE',  ( -7.228014483236696753E-15, 0.000000000000000000, 1.000000000000000000 ) ) ;
#94 = ORIENTED_EDGE ( 'NONE', *, *, #623, .F. ) ;
#95 = ORIENTED_EDGE ( 'NONE', *, *, #2695, .F. ) ;
#96 = DIRECTION ( 'NONE',  ( -1.000000000000000000, 0.000000000000000000, 0.000000000000000000 ) ) ;
#97 = DIRECTION ( 'NONE',  ( 0.000000000000000000, 0.000000000000000000, 1.000000000000000000 ) ) ;
#98 =( GEOMETRIC_REPRESENTATION_CONTEXT ( 3 ) GLOBAL_UNCERTAINTY_ASSIGNED_CONTEXT ( ( #252 ) ) GLOBAL_UNIT_ASSIGNED_CONTEXT ( ( #2975, #345, #1514 ) ) REPRESENTATION_CONTEXT ( 'NONE', 'WORKASPACE' ) );
#99 = VERTEX_POINT ( 'NONE', #4347 ) ;
#100 = CYLINDRICAL_SURFACE ( 'NONE', #469, 0.2999999999999999334 ) ;
#101 = DIRECTION ( 'NONE',  ( -1.000000000000000000, 0.000000000000000000, 0.000000000000000000 ) ) ;
#102 = VERTEX_POINT ( 'NONE', #4722 ) ;
#103 = FACE_OUTER_BOUND ( 'NONE', #389, .T. ) ;
#104 = SURFACE_SIDE_STYLE ('',( #4596 ) ) ;
#105 = EDGE_CURVE ( 'NONE', #3710, #2750, #114, .T. ) ;
#106 = VERTEX_POINT ( 'NONE', #1350 ) ;
#107 = CARTESIAN_POINT ( 'NONE',  ( 0.000000000000000000, -1.199999999999999956, -0.5699999999999999512 ) ) ;
#108 = LINE ( 'NONE', #4215, #2888 ) ;
#109 =( GEOMETRIC_REPRESENTATION_CONTEXT ( 3 ) GLOBAL_UNCERTAINTY_ASSIGNED_CONTEXT ( ( #1420 ) ) GLOBAL_UNIT_ASSIGNED_CONTEXT ( ( #2693, #2325, #1957 ) ) REPRESENTATION_CONTEXT ( 'NONE', 'WORKASPACE' ) );
#110 = ORIENTED_EDGE ( 'NONE', *, *, #398, .F. ) ;
#111 = DIRECTION ( 'NONE',  ( 0.000000000000000000, -1.000000000000000000, 0.000000000000000000 ) ) ;
#112 = CARTESIAN_POINT ( 'NONE',  ( -2.470127565808669878, 1.100000000000000089, -0.5699999999999999512 ) ) ;
#113 = ORIENTED_EDGE ( 'NONE', *, *, #1209, .T. ) ;
#114 = CIRCLE ( 'NONE', #2834, 0.1500000000000000222 ) ;
#115 = CARTESIAN_POINT ( 'NONE',  ( -1.680009069179265069, 2.879687624179894989, 0.4000000000000000222 ) ) ;
#116 = ORIENTED_EDGE ( 'NONE', *, *, #4544, .F. ) ;
#117 = LINE ( 'NONE', #3540, #4570 ) ;
#118 = EDGE_CURVE ( 'NONE', #4432, #4462, #292, .T. ) ;
#119 = AXIS2_PLACEMENT_3D ( 'NONE', #4438, #28, #1131 ) ;
#120 = VECTOR ( 'NONE', #4247, 1000.000000000000000 ) ;
#121 = LINE ( 'NONE', #942, #728 ) ;
#122 = DIRECTION ( 'NONE',  ( 0.000000000000000000, 1.000000000000000000, 0.000000000000000000 ) ) ;
#123 = LINE ( 'NONE', #4556, #4375 ) ;
#124 = ORIENTED_EDGE ( 'NONE', *, *, #3228, .F. ) ;
#125 = VERTEX_POINT ( 'NONE', #2064 ) ;
#126 = PLANE ( 'NONE',  #2637 ) ;
#127 = DIRECTION ( 'NONE',  ( -1.000000000000000000, 4.818676322157800333E-16, -3.043374519257555240E-15 ) ) ;
#128 = SURFACE_STYLE_FILL_AREA ( #3486 ) ;
#129 = LINE ( 'NONE', #1614, #1962 ) ;
#130 = VERTEX_POINT ( 'NONE', #4684 ) ;
#131 =( NAMED_UNIT ( * ) PLANE_ANGLE_UNIT ( ) SI_UNIT ( $, .RADIAN. ) );
#132 = DIRECTION ( 'NONE',  ( -2.409338161078900167E-16, 1.000000000000000000, 0.000000000000000000 ) ) ;
#133 = VERTEX_POINT ( 'NONE', #4256 ) ;
#134 = EDGE_CURVE ( 'NONE', #3852, #4267, #1373, .T. ) ;
#135 = DIRECTION ( 'NONE',  ( 0.000000000000000000, -1.000000000000000000, 0.000000000000000000 ) ) ;
#136 = FILL_AREA_STYLE_COLOUR ( '', #3022 ) ;
#137 = FILL_AREA_STYLE_COLOUR ( '', #2045 ) ;
#138 = AXIS2_PLACEMENT_3D ( 'NONE', #1372, #4746, #2525 ) ;
#139 =( GEOMETRIC_REPRESENTATION_CONTEXT ( 3 ) GLOBAL_UNCERTAINTY_ASSIGNED_CONTEXT ( ( #500 ) ) GLOBAL_UNIT_ASSIGNED_CONTEXT ( ( #1674, #3543, #4657 ) ) REPRESENTATION_CONTEXT ( 'NONE', 'WORKASPACE' ) );
#140 = CARTESIAN_POINT ( 'NONE',  ( -1.699999999999999956, -1.199999999999999956, -0.7699999999999999067 ) ) ;
#141 = VERTEX_POINT ( 'NONE', #3168 ) ;
#142 = VECTOR ( 'NONE', #835, 1000.000000000000000 ) ;
#143 = EDGE_CURVE ( 'NONE', #2580, #376, #4641, .T. ) ;
#144 = CARTESIAN_POINT ( 'NONE',  ( -1.971607025033959903, 0.8251250982098670139, 0.3499999999999999778 ) ) ;
#145 = CARTESIAN_POINT ( 'NONE',  ( 0.5500000000000000444, 6.735557395310442516E-17, -0.5699999999999999512 ) ) ;
#146 = CARTESIAN_POINT ( 'NONE',  ( -1.919276727925025128, -0.8787392438591720145, 0.3499999999999999778 ) ) ;
#147 = MECHANICAL_DESIGN_GEOMETRIC_PRESENTATION_REPRESENTATION (  '', ( #920 ), #375 ) ;
#148 = EDGE_LOOP ( 'NONE', ( #3321, #612, #4117, #3669 ) ) ;
#149 = ORIENTED_EDGE ( 'NONE', *, *, #2239, .T. ) ;
#150 = LINE ( 'NONE', #2803, #3639 ) ;
#151 = CARTESIAN_POINT ( 'NONE',  ( -1.699999999999999956, -1.199999999999999956, -0.7699999999999999067 ) ) ;
#152 = ORIENTED_EDGE ( 'NONE', *, *, #1140, .F. ) ;
#153 = PRESENTATION_LAYER_ASSIGNMENT (  '', '', ( #767 ) ) ;
#154 = ORIENTED_EDGE ( 'NONE', *, *, #2786, .F. ) ;
#155 = FACE_OUTER_BOUND ( 'NONE', #2062, .T. ) ;
#156 = CARTESIAN_POINT ( 'NONE',  ( 0.2103187164337330106, -2.056952929731179935, 0.3499999999999999778 ) ) ;
#157 = ORIENTED_EDGE ( 'NONE', *, *, #730, .T. ) ;
#158 = DIRECTION ( 'NONE',  ( 0.000000000000000000, 1.000000000000000000, 0.000000000000000000 ) ) ;
#159 = VECTOR ( 'NONE', #2493, 1000.000000000000000 ) ;
#160 =( GEOMETRIC_REPRESENTATION_CONTEXT ( 3 ) GLOBAL_UNCERTAINTY_ASSIGNED_CONTEXT ( ( #4328 ) ) GLOBAL_UNIT_ASSIGNED_CONTEXT ( ( #4350, #299, #2581 ) ) REPRESENTATION_CONTEXT ( 'NONE', 'WORKASPACE' ) );
#161 = FILL_AREA_STYLE_COLOUR ( '', #1120 ) ;
#162 = CARTESIAN_POINT ( 'NONE',  ( 0.3603187164337335324, 0.6070589046025529623, 0.2999999999999999889 ) ) ;
#163 = DIRECTION ( 'NONE',  ( -2.409338161078900167E-16, 1.000000000000000000, 0.000000000000000000 ) ) ;
#164 = CARTESIAN_POINT ( 'NONE',  ( -1.680009069179265069, 2.430009069179265069, 0.4000000000000000222 ) ) ;
#165 = CARTESIAN_POINT ( 'NONE',  ( 1.699999999999999956, 1.199999999999999956, -0.7699999999999999067 ) ) ;
#166 = AXIS2_PLACEMENT_3D ( 'NONE', #4391, #4412, #2852 ) ;
#167 = LINE ( 'NONE', #4173, #1694 ) ;
#168 = ORIENTED_EDGE ( 'NONE', *, *, #503, .T. ) ;
#169 = EDGE_CURVE ( 'NONE', #4685, #477, #993, .T. ) ;
#170 = DIRECTION ( 'NONE',  ( 1.000000000000000000, 4.818676322157800333E-16, -3.043374519257555240E-15 ) ) ;
#171 = LINE ( 'NONE', #3139, #753 ) ;
#172 = ORIENTED_EDGE ( 'NONE', *, *, #1736, .F. ) ;
#173 = VERTEX_POINT ( 'NONE', #2944 ) ;
#174 =( NAMED_UNIT ( * ) PLANE_ANGLE_UNIT ( ) SI_UNIT ( $, .RADIAN. ) );
#175 = LINE ( 'NONE', #3456, #630 ) ;
#176 = ORIENTED_EDGE ( 'NONE', *, *, #3963, .T. ) ;
#177 = VERTEX_POINT ( 'NONE', #4406 ) ;
#178 = ORIENTED_EDGE ( 'NONE', *, *, #3440, .T. ) ;
#179 = DIRECTION ( 'NONE',  ( 0.000000000000000000, -1.000000000000000000, 0.000000000000000000 ) ) ;
#180 = ORIENTED_EDGE ( 'NONE', *, *, #2052, .F. ) ;
#181 = CARTESIAN_POINT ( 'NONE',  ( 2.399999999999999911, -1.199999999999999956, -0.2999999999999999889 ) ) ;
#182 = MECHANICAL_DESIGN_GEOMETRIC_PRESENTATION_REPRESENTATION (  '', ( #1796 ), #98 ) ;
#183 = VECTOR ( 'NONE', #1124, 1000.000000000000000 ) ;
#184 = LINE ( 'NONE', #1690, #638 ) ;
#185 = DIRECTION ( 'NONE',  ( 0.000000000000000000, 0.000000000000000000, -1.000000000000000000 ) ) ;
#186 = AXIS2_PLACEMENT_3D ( 'NONE', #3489, #4569, #1305 ) ;
#187 = ORIENTED_EDGE ( 'NONE', *, *, #3358, .T. ) ;
#188 =( LENGTH_UNIT ( ) NAMED_UNIT ( * ) SI_UNIT ( .MILLI., .METRE. ) );
#189 = DIRECTION ( 'NONE',  ( 0.000000000000000000, 0.000000000000000000, -1.000000000000000000 ) ) ;
#190 = EDGE_LOOP ( 'NONE', ( #3668, #3434, #467, #1213, #2780, #4458, #3405, #813, #2976 ) ) ;
#191 = MECHANICAL_DESIGN_GEOMETRIC_PRESENTATION_REPRESENTATION (  '', ( #2367 ), #268 ) ;
#192 = CARTESIAN_POINT ( 'NONE',  ( 1.930905544980989985, 0.8251250982098670139, 0.3499999999999999778 ) ) ;
#193 = CARTESIAN_POINT ( 'NONE',  ( 2.430009069179265069, -2.430009069179265069, 0.8000000000000000444 ) ) ;
#194 = VECTOR ( 'NONE', #2385, 1000.000000000000000 ) ;
#195 = CARTESIAN_POINT ( 'NONE',  ( 0.000000000000000000, 0.000000000000000000, 0.2999999999999999889 ) ) ;
#196 = EDGE_CURVE ( 'NONE', #2059, #884, #2232, .T. ) ;
#197 = EDGE_LOOP ( 'NONE', ( #846, #4100, #3453, #7 ) ) ;
#198 = ORIENTED_EDGE ( 'NONE', *, *, #659, .F. ) ;
#199 = DIRECTION ( 'NONE',  ( -1.000000000000000000, -2.404031325876695139E-16, 0.000000000000000000 ) ) ;
#200 = FILL_AREA_STYLE_COLOUR ( '', #3901 ) ;
#201 = ADVANCED_FACE ( 'NONE', ( #2628 ), #1839, .T. ) ;
#202 = STYLED_ITEM ( 'NONE', ( #352 ), #4668 ) ;
#203 = DIRECTION ( 'NONE',  ( 1.000000000000000000, 0.000000000000000000, 0.000000000000000000 ) ) ;
#204 = FACE_OUTER_BOUND ( 'NONE', #4161, .T. ) ;
#205 = ORIENTED_EDGE ( 'NONE', *, *, #1058, .T. ) ;
#206 = ORIENTED_EDGE ( 'NONE', *, *, #2756, .F. ) ;
#207 =( LENGTH_UNIT ( ) NAMED_UNIT ( * ) SI_UNIT ( .MILLI., .METRE. ) );
#208 = ADVANCED_FACE ( 'NONE', ( #698 ), #3313, .F. ) ;
#209 = UNCERTAINTY_MEASURE_WITH_UNIT (LENGTH_MEASURE( 1.000000000000000082E-05 ), #81, 'distance_accuracy_value', 'NONE');
#210 = ADVANCED_FACE ( 'NONE', ( #339 ), #1819, .T. ) ;
#211 = LINE ( 'NONE', #115, #2948 ) ;
#212 = ORIENTED_EDGE ( 'NONE', *, *, #3121, .T. ) ;
#213 = LINE ( 'NONE', #1956, #2355 ) ;
#214 = DIRECTION ( 'NONE',  ( 0.000000000000000000, 0.000000000000000000, 1.000000000000000000 ) ) ;
#215 = DIRECTION ( 'NONE',  ( 0.000000000000000000, 0.000000000000000000, -1.000000000000000000 ) ) ;
#216 = ORIENTED_EDGE ( 'NONE', *, *, #196, .T. ) ;
#217 = CARTESIAN_POINT ( 'NONE',  ( 2.463314554501874643, 0.000000000000000000, -0.6999999999999999556 ) ) ;
#218 =( GEOMETRIC_REPRESENTATION_CONTEXT ( 3 ) GLOBAL_UNCERTAINTY_ASSIGNED_CONTEXT ( ( #782 ) ) GLOBAL_UNIT_ASSIGNED_CONTEXT ( ( #2418, #4566, #875 ) ) REPRESENTATION_CONTEXT ( 'NONE', 'WORKASPACE' ) );
#219 = EDGE_LOOP ( 'NONE', ( #4495, #3592, #152, #212 ) ) ;
#220 = AXIS2_PLACEMENT_3D ( 'NONE', #603, #1059, #4678 ) ;
#221 = DIRECTION ( 'NONE',  ( 0.000000000000000000, -1.000000000000000000, 0.000000000000000000 ) ) ;
#222 = FACE_OUTER_BOUND ( 'NONE', #3148, .T. ) ;
#223 = FACE_OUTER_BOUND ( 'NONE', #3244, .T. ) ;
#224 = VECTOR ( 'NONE', #3955, 1000.000000000000000 ) ;
#225 = EDGE_CURVE ( 'NONE', #2145, #4056, #316, .T. ) ;
#226 = COLOUR_RGB ( '',1.000000000000000000, 1.000000000000000000, 1.000000000000000000 ) ;
#227 = ORIENTED_EDGE ( 'NONE', *, *, #1620, .T. ) ;
#228 = SURFACE_STYLE_USAGE ( .BOTH. , #1613 ) ;
#229 = CARTESIAN_POINT ( 'NONE',  ( -1.699999999999999956, -2.100000000000000089, -0.5699999999999999512 ) ) ;
#230 = ORIENTED_EDGE ( 'NONE', *, *, #3152, .T. ) ;
#231 = SURFACE_STYLE_FILL_AREA ( #4018 ) ;
#232 = COLOUR_RGB ( '',1.000000000000000000, 1.000000000000000000, 1.000000000000000000 ) ;
#233 = FACE_OUTER_BOUND ( 'NONE', #2857, .T. ) ;
#234 = VECTOR ( 'NONE', #1769, 1000.000000000000000 ) ;
#235 =( LENGTH_UNIT ( ) NAMED_UNIT ( * ) SI_UNIT ( .MILLI., .METRE. ) );
#236 =( NAMED_UNIT ( * ) SI_UNIT ( $, .STERADIAN. ) SOLID_ANGLE_UNIT ( ) );
#237 = DIRECTION ( 'NONE',  ( -7.228014483236696753E-15, 0.000000000000000000, 1.000000000000000000 ) ) ;
#238 = EDGE_CURVE ( 'NONE', #4611, #817, #1290, .T. ) ;
#239 = DIRECTION ( 'NONE',  ( 1.445602896647339311E-15, 0.000000000000000000, 1.000000000000000000 ) ) ;
#240 = CARTESIAN_POINT ( 'NONE',  ( 2.500000000000000000, 1.199999999999999956, -0.4699999999999999734 ) ) ;
#241 = ORIENTED_EDGE ( 'NONE', *, *, #2566, .F. ) ;
#242 = EDGE_CURVE ( 'NONE', #2309, #2277, #4042, .T. ) ;
#243 = CARTESIAN_POINT ( 'NONE',  ( 1.600000000000000089, 2.200000000000000178, -0.5699999999999999512 ) ) ;
#244 = CARTESIAN_POINT ( 'NONE',  ( 2.500000000000000000, -2.100000000000000089, -0.2999999999999999889 ) ) ;
#245 = DIRECTION ( 'NONE',  ( -0.05233595624294389709, 0.000000000000000000, 0.9986295347545739443 ) ) ;
#246 = ORIENTED_EDGE ( 'NONE', *, *, #2756, .T. ) ;
#247 = CARTESIAN_POINT ( 'NONE',  ( -0.5500000000000000444, -1.050000000000000044, -0.6999999999999999556 ) ) ;
#248 = CYLINDRICAL_SURFACE ( 'NONE', #1288, 0.1499999999999999667 ) ;
#249 = VERTEX_POINT ( 'NONE', #1252 ) ;
#250 = CARTESIAN_POINT ( 'NONE',  ( -2.471716000805965319, 2.100000000000000089, -0.5396908546970039522 ) ) ;
#251 = EDGE_CURVE ( 'NONE', #1105, #4611, #517, .T. ) ;
#252 = UNCERTAINTY_MEASURE_WITH_UNIT (LENGTH_MEASURE( 1.000000000000000082E-05 ), #2975, 'distance_accuracy_value', 'NONE');
#253 = FACE_OUTER_BOUND ( 'NONE', #656, .T. ) ;
#254 = STYLED_ITEM ( 'NONE', ( #4689 ), #853 ) ;
#255 = ORIENTED_EDGE ( 'NONE', *, *, #814, .T. ) ;
#256 = LINE ( 'NONE', #2472, #2320 ) ;
#257 = EDGE_CURVE ( 'NONE', #3769, #1695, #793, .T. ) ;
#258 = DIRECTION ( 'NONE',  ( 0.000000000000000000, 1.000000000000000000, 0.000000000000000000 ) ) ;
#259 = LINE ( 'NONE', #961, #3789 ) ;
#261 = VECTOR ( 'NONE', #3851, 1000.000000000000000 ) ;
#260 = CARTESIAN_POINT ( 'NONE',  ( 0.000000000000000000, -3.299999999999999822, -0.7699999999999999067 ) ) ;
#262 = ORIENTED_EDGE ( 'NONE', *, *, #8, .F. ) ;
#263 = FACE_OUTER_BOUND ( 'NONE', #2430, .T. ) ;
#264 = EDGE_CURVE ( 'NONE', #1806, #2810, #1988, .T. ) ;
#265 = DIRECTION ( 'NONE',  ( 0.000000000000000000, 0.000000000000000000, -1.000000000000000000 ) ) ;
#266 = DIRECTION ( 'NONE',  ( 0.000000000000000000, 0.000000000000000000, -1.000000000000000000 ) ) ;
#267 = CARTESIAN_POINT ( 'NONE',  ( 1.930905544980989985, -2.056952929731179935, 0.2999999999999999889 ) ) ;
#268 =( GEOMETRIC_REPRESENTATION_CONTEXT ( 3 ) GLOBAL_UNCERTAINTY_ASSIGNED_CONTEXT ( ( #4367 ) ) GLOBAL_UNIT_ASSIGNED_CONTEXT ( ( #2473, #2879, #1049 ) ) REPRESENTATION_CONTEXT ( 'NONE', 'WORKASPACE' ) );
#269 = AXIS2_PLACEMENT_3D ( 'NONE', #2419, #3527, #3618 ) ;
#270 = AXIS2_PLACEMENT_3D ( 'NONE', #3063, #1533, #1221 ) ;
#271 = ORIENTED_EDGE ( 'NONE', *, *, #564, .T. ) ;
#272 =( NAMED_UNIT ( * ) SI_UNIT ( $, .STERADIAN. ) SOLID_ANGLE_UNIT ( ) );
#273 = CARTESIAN_POINT ( 'NONE',  ( -1.600000000000000089, -1.100000000000000089, -0.5699999999999999512 ) ) ;
#274 = ORIENTED_EDGE ( 'NONE', *, *, #690, .F. ) ;
#275 = ORIENTED_EDGE ( 'NONE', *, *, #3015, .T. ) ;
#276 = VECTOR ( 'NONE', #3727, 1000.000000000000000 ) ;
#277 = VECTOR ( 'NONE', #2251, 1000.000000000000000 ) ;
#278 = DIRECTION ( 'NONE',  ( 1.000000000000000000, 0.000000000000000000, 0.000000000000000000 ) ) ;
#279 = SURFACE_STYLE_USAGE ( .BOTH. , #3605 ) ;
#280 = EDGE_CURVE ( 'NONE', #1986, #1427, #4179, .T. ) ;
#281 = EDGE_LOOP ( 'NONE', ( #974, #255, #1005, #2037 ) ) ;
#282 = DIRECTION ( 'NONE',  ( 2.353123974012615482E-15, -1.000000000000000000, 0.000000000000000000 ) ) ;
#283 = FACE_OUTER_BOUND ( 'NONE', #2592, .T. ) ;
#284 = AXIS2_PLACEMENT_3D ( 'NONE', #3896, #2038, #203 ) ;
#285 = CARTESIAN_POINT ( 'NONE',  ( 2.399999999999999911, 1.199999999999999956, -0.4699999999999999734 ) ) ;
#286 = FACE_OUTER_BOUND ( 'NONE', #3549, .T. ) ;
#287 = DIRECTION ( 'NONE',  ( 0.000000000000000000, 0.000000000000000000, 1.000000000000000000 ) ) ;
#288 = DIRECTION ( 'NONE',  ( 1.000000000000000000, 0.000000000000000000, 0.000000000000000000 ) ) ;
#289 = AXIS2_PLACEMENT_3D ( 'NONE', #4591, #4232, #2781 ) ;
#290 = EDGE_CURVE ( 'NONE', #3266, #3619, #3427, .T. ) ;
#291 = FILL_AREA_STYLE_COLOUR ( '', #1530 ) ;
#292 = LINE ( 'NONE', #2442, #424 ) ;
#293 = AXIS2_PLACEMENT_3D ( 'NONE', #4201, #3116, #1653 ) ;
#294 = ORIENTED_EDGE ( 'NONE', *, *, #4791, .T. ) ;
#295 = CARTESIAN_POINT ( 'NONE',  ( -1.600000000000000089, 1.100000000000000089, -0.6999999999999999556 ) ) ;
#296 = UNCERTAINTY_MEASURE_WITH_UNIT (LENGTH_MEASURE( 1.000000000000000082E-05 ), #1880, 'distance_accuracy_value', 'NONE');
#297 = AXIS2_PLACEMENT_3D ( 'NONE', #355, #2254, #1525 ) ;
#298 = VECTOR ( 'NONE', #3562, 1000.000000000000000 ) ;
#299 =( NAMED_UNIT ( * ) PLANE_ANGLE_UNIT ( ) SI_UNIT ( $, .RADIAN. ) );
#300 = EDGE_LOOP ( 'NONE', ( #4454, #318, #3811, #2679 ) ) ;
#301 = MECHANICAL_DESIGN_GEOMETRIC_PRESENTATION_REPRESENTATION (  '', ( #1393 ), #1067 ) ;
#302 = CARTESIAN_POINT ( 'NONE',  ( 2.500000000000000000, 1.204669080539450182E-15, -7.608436298143899539E-15 ) ) ;
#303 = MECHANICAL_DESIGN_GEOMETRIC_PRESENTATION_REPRESENTATION (  '', ( #3177 ), #3492 ) ;
#304 = ORIENTED_EDGE ( 'NONE', *, *, #1859, .T. ) ;
#305 = SURFACE_STYLE_FILL_AREA ( #4052 ) ;
#306 = ORIENTED_EDGE ( 'NONE', *, *, #3440, .F. ) ;
#307 = LINE ( 'NONE', #1696, #1311 ) ;
#308 = LINE ( 'NONE', #1792, #159 ) ;
#309 = CIRCLE ( 'NONE', #688, 0.09999999999999999167 ) ;
#310 =( NAMED_UNIT ( * ) PLANE_ANGLE_UNIT ( ) SI_UNIT ( $, .RADIAN. ) );
#311 = PRESENTATION_STYLE_ASSIGNMENT (( #3637 ) ) ;
#312 = CARTESIAN_POINT ( 'NONE',  ( -2.470127565808669878, -2.200000000000000178, -0.5699999999999999512 ) ) ;
#313 = EDGE_CURVE ( 'NONE', #3286, #3596, #1633, .T. ) ;
#314 = CIRCLE ( 'NONE', #2873, 0.2999999999999999889 ) ;
#315 = CARTESIAN_POINT ( 'NONE',  ( 2.399999999999999911, -1.199999999999999956, -0.4699999999999999734 ) ) ;
#316 = LINE ( 'NONE', #388, #3069 ) ;
#317 = ORIENTED_EDGE ( 'NONE', *, *, #66, .F. ) ;
#318 = ORIENTED_EDGE ( 'NONE', *, *, #3121, .F. ) ;
#319 = VECTOR ( 'NONE', #3269, 1000.000000000000000 ) ;
#320 = CARTESIAN_POINT ( 'NONE',  ( 1.262305442492821950, 0.6070589046025529623, 0.3499999999999999778 ) ) ;
#321 = CARTESIAN_POINT ( 'NONE',  ( -2.700000000000000178, -3.299999999999999822, -0.4699999999999999734 ) ) ;
#322 = DIRECTION ( 'NONE',  ( 1.000000000000000000, 4.822120870246889395E-16, 0.000000000000000000 ) ) ;
#323 = DIRECTION ( 'NONE',  ( -1.000000000000000000, 0.000000000000000000, 0.000000000000000000 ) ) ;
#324 = CARTESIAN_POINT ( 'NONE',  ( 0.5500000000000000444, 1.050000000000000044, -0.5699999999999999512 ) ) ;
#325 = EDGE_LOOP ( 'NONE', ( #3236, #1351, #3847, #4157 ) ) ;
#326 = LINE ( 'NONE', #1522, #1366 ) ;
#327 = ORIENTED_EDGE ( 'NONE', *, *, #3470, .F. ) ;
#328 = DIRECTION ( 'NONE',  ( 1.000000000000000000, 0.000000000000000000, 0.000000000000000000 ) ) ;
#329 = CARTESIAN_POINT ( 'NONE',  ( -2.399999999999999911, -1.199999999999999956, -0.2999999999999999889 ) ) ;
#330 = MECHANICAL_DESIGN_GEOMETRIC_PRESENTATION_REPRESENTATION (  '', ( #4736 ), #1579 ) ;
#331 = CARTESIAN_POINT ( 'NONE',  ( 2.500000000000000000, -2.430009069179265069, 0.8000000000000000444 ) ) ;
#332 = ADVANCED_FACE ( 'NONE', ( #437 ), #843, .T. ) ;
#333 = MECHANICAL_DESIGN_GEOMETRIC_PRESENTATION_REPRESENTATION (  '', ( #2193 ), #871 ) ;
#334 = PLANE ( 'NONE',  #2397 ) ;
#335 = DIRECTION ( 'NONE',  ( 0.000000000000000000, 1.000000000000000000, 0.000000000000000000 ) ) ;
#336 = EDGE_CURVE ( 'NONE', #2444, #4087, #4531, .T. ) ;
#337 = EDGE_CURVE ( 'NONE', #3352, #2211, #1914, .T. ) ;
#338 = CARTESIAN_POINT ( 'NONE',  ( -2.399999999999999911, -1.199999999999999956, -0.4699999999999999734 ) ) ;
#339 = FACE_OUTER_BOUND ( 'NONE', #1547, .T. ) ;
#340 = VERTEX_POINT ( 'NONE', #4480 ) ;
#341 = CARTESIAN_POINT ( 'NONE',  ( -1.600000000000000089, -2.200000000000000178, -0.5699999999999999512 ) ) ;
#342 = UNCERTAINTY_MEASURE_WITH_UNIT (LENGTH_MEASURE( 1.000000000000000082E-05 ), #188, 'distance_accuracy_value', 'NONE');
#343 = AXIS2_PLACEMENT_3D ( 'NONE', #3347, #4416, #4119 ) ;
#344 = DIRECTION ( 'NONE',  ( 0.000000000000000000, -1.000000000000000000, 0.000000000000000000 ) ) ;
#345 =( NAMED_UNIT ( * ) PLANE_ANGLE_UNIT ( ) SI_UNIT ( $, .RADIAN. ) );
#346 = VERTEX_POINT ( 'NONE', #1583 ) ;
#347 = CARTESIAN_POINT ( 'NONE',  ( -1.600000000000000089, 2.200000000000000178, -0.5699999999999999512 ) ) ;
#348 = PRESENTATION_LAYER_ASSIGNMENT (  '', '', ( #2451 ) ) ;
#349 = CIRCLE ( 'NONE', #3685, 0.2999999999999999889 ) ;
#350 = EDGE_CURVE ( 'NONE', #2309, #2088, #4528, .T. ) ;
#351 = STYLED_ITEM ( 'NONE', ( #3102 ), #4779 ) ;
#352 = PRESENTATION_STYLE_ASSIGNMENT (( #4378 ) ) ;
#353 = ORIENTED_EDGE ( 'NONE', *, *, #2598, .T. ) ;
#354 = CARTESIAN_POINT ( 'NONE',  ( 2.500000000000000000, 2.500000000000000000, 0.000000000000000000 ) ) ;
#355 = CARTESIAN_POINT ( 'NONE',  ( -0.1831650461902200322, -0.1370056143358111822, 0.3499999999999999778 ) ) ;
#356 = LINE ( 'NONE', #3331, #3110 ) ;
#357 = CARTESIAN_POINT ( 'NONE',  ( -0.5500000000000000444, -1.050000000000000044, -0.5699999999999999512 ) ) ;
#358 = SURFACE_STYLE_FILL_AREA ( #1481 ) ;
#359 = FACE_OUTER_BOUND ( 'NONE', #1752, .T. ) ;
#360 = CARTESIAN_POINT ( 'NONE',  ( 1.699999999999999956, 2.100000000000000089, -0.7699999999999999067 ) ) ;
#361 = ORIENTED_EDGE ( 'NONE', *, *, #2461, .T. ) ;
#362 = ORIENTED_EDGE ( 'NONE', *, *, #118, .T. ) ;
#363 = CARTESIAN_POINT ( 'NONE',  ( 1.930905544980989985, -0.8360159872360369837, 0.3499999999999999778 ) ) ;
#364 = COLOUR_RGB ( '',1.000000000000000000, 1.000000000000000000, 1.000000000000000000 ) ;
#365 = EDGE_CURVE ( 'NONE', #2759, #496, #1670, .T. ) ;
#366 = VERTEX_POINT ( 'NONE', #3865 ) ;
#367 = CIRCLE ( 'NONE', #985, 0.1499999999999999667 ) ;
#368 = CARTESIAN_POINT ( 'NONE',  ( 0.5500000000000000444, 2.254834989607330087, -0.5699999999999999512 ) ) ;
#369 = EDGE_LOOP ( 'NONE', ( #2499, #3515, #2589, #4386, #2456, #3541, #2755, #3819, #4252, #3974, #3394 ) ) ;
#370 = FILL_AREA_STYLE ('',( #3702 ) ) ;
#371 = AXIS2_PLACEMENT_3D ( 'NONE', #3610, #282, #2539 ) ;
#372 = EDGE_CURVE ( 'NONE', #4559, #3077, #349, .T. ) ;
#373 = VERTEX_POINT ( 'NONE', #2336 ) ;
#374 = DIRECTION ( 'NONE',  ( -1.000000000000000000, 0.000000000000000000, 0.000000000000000000 ) ) ;
#375 =( GEOMETRIC_REPRESENTATION_CONTEXT ( 3 ) GLOBAL_UNCERTAINTY_ASSIGNED_CONTEXT ( ( #2919 ) ) GLOBAL_UNIT_ASSIGNED_CONTEXT ( ( #934, #4285, #236 ) ) REPRESENTATION_CONTEXT ( 'NONE', 'WORKASPACE' ) );
#376 = VERTEX_POINT ( 'NONE', #3452 ) ;
#377 = DIRECTION ( 'NONE',  ( 1.000000000000000000, -4.818676322157800333E-16, 0.000000000000000000 ) ) ;
#378 = FILL_AREA_STYLE ('',( #2909 ) ) ;
#379 = EDGE_CURVE ( 'NONE', #872, #382, #123, .T. ) ;
#380 = VERTEX_POINT ( 'NONE', #4223 ) ;
#381 = AXIS2_PLACEMENT_3D ( 'NONE', #1610, #464, #4374 ) ;
#382 = VERTEX_POINT ( 'NONE', #3040 ) ;
#383 = CARTESIAN_POINT ( 'NONE',  ( -2.500000000000000000, -1.199999999999999956, -0.4699999999999999734 ) ) ;
#384 = DIRECTION ( 'NONE',  ( -1.445602896647339311E-15, 0.000000000000000000, 1.000000000000000000 ) ) ;
#385 = VECTOR ( 'NONE', #3839, 1000.000000000000114 ) ;
#386 = LINE ( 'NONE', #790, #3340 ) ;
#387 = DIRECTION ( 'NONE',  ( 0.000000000000000000, 0.000000000000000000, 1.000000000000000000 ) ) ;
#388 = CARTESIAN_POINT ( 'NONE',  ( -2.700000000000000178, 2.100000000000000089, -0.5699999999999999512 ) ) ;
#389 = EDGE_LOOP ( 'NONE', ( #1246, #3926, #4522, #4379, #1800, #4787, #4660, #2517, #2338, #4476, #3054 ) ) ;
#390 = ORIENTED_EDGE ( 'NONE', *, *, #1564, .T. ) ;
#391 = SURFACE_STYLE_USAGE ( .BOTH. , #4067 ) ;
#392 = VECTOR ( 'NONE', #2875, 1000.000000000000000 ) ;
#393 = ORIENTED_EDGE ( 'NONE', *, *, #2785, .F. ) ;
#394 = LINE ( 'NONE', #1200, #1341 ) ;
#395 = FILL_AREA_STYLE ('',( #200 ) ) ;
#396 = ORIENTED_EDGE ( 'NONE', *, *, #1540, .T. ) ;
#397 = UNCERTAINTY_MEASURE_WITH_UNIT (LENGTH_MEASURE( 1.000000000000000082E-05 ), #207, 'distance_accuracy_value', 'NONE');
#398 = EDGE_CURVE ( 'NONE', #1437, #2, #4156, .T. ) ;
#399 = EDGE_LOOP ( 'NONE', ( #995, #4203, #2265, #2393 ) ) ;
#400 = VECTOR ( 'NONE', #1277, 1000.000000000000000 ) ;
#401 = PRESENTATION_STYLE_ASSIGNMENT (( #1930 ) ) ;
#402 =( NAMED_UNIT ( * ) PLANE_ANGLE_UNIT ( ) SI_UNIT ( $, .RADIAN. ) );
#403 = PRESENTATION_STYLE_ASSIGNMENT (( #1882 ) ) ;
#404 = ORIENTED_EDGE ( 'NONE', *, *, #1088, .T. ) ;
#405 = PLANE ( 'NONE',  #2552 ) ;
#406 =( NAMED_UNIT ( * ) SI_UNIT ( $, .STERADIAN. ) SOLID_ANGLE_UNIT ( ) );
#407 = VECTOR ( 'NONE', #135, 1000.000000000000000 ) ;
#408 = ORIENTED_EDGE ( 'NONE', *, *, #4788, .F. ) ;
#409 = DIRECTION ( 'NONE',  ( 0.000000000000000000, -1.000000000000000000, 0.000000000000000000 ) ) ;
#410 = VERTEX_POINT ( 'NONE', #2287 ) ;
#411 = EDGE_CURVE ( 'NONE', #3898, #2969, #866, .T. ) ;
#412 = CARTESIAN_POINT ( 'NONE',  ( 2.500000000000000000, -1.199999999999999956, -0.2999999999999999889 ) ) ;
#413 =( NAMED_UNIT ( * ) SI_UNIT ( $, .STERADIAN. ) SOLID_ANGLE_UNIT ( ) );
#414 = PRESENTATION_STYLE_ASSIGNMENT (( #2890 ) ) ;
#415 = ORIENTED_EDGE ( 'NONE', *, *, #1540, .F. ) ;
#416 = FACE_OUTER_BOUND ( 'NONE', #1946, .T. ) ;
#417 = AXIS2_PLACEMENT_3D ( 'NONE', #1567, #4394, #2270 ) ;
#418 = ORIENTED_EDGE ( 'NONE', *, *, #977, .T. ) ;
#419 = LINE ( 'NONE', #3024, #2563 ) ;
#420 = SURFACE_STYLE_FILL_AREA ( #395 ) ;
#421 = CARTESIAN_POINT ( 'NONE',  ( 2.500000000000000000, 1.199999999999999956, -0.2999999999999999889 ) ) ;
#422 = PLANE ( 'NONE',  #3068 ) ;
#423 = VECTOR ( 'NONE', #4352, 1000.000000000000000 ) ;
#424 = VECTOR ( 'NONE', #3921, 1000.000000000000000 ) ;
#425 = CARTESIAN_POINT ( 'NONE',  ( 0.5500000000000000444, -1.050000000000000044, -0.6999999999999999556 ) ) ;
#426 = MECHANICAL_DESIGN_GEOMETRIC_PRESENTATION_REPRESENTATION (  '', ( #3306 ), #4758 ) ;
#427 = AXIS2_PLACEMENT_3D ( 'NONE', #2157, #4388, #746 ) ;
#428 = LINE ( 'NONE', #1497, #3330 ) ;
#429 = DIRECTION ( 'NONE',  ( 0.000000000000000000, 1.000000000000000000, 0.000000000000000000 ) ) ;
#430 = ORIENTED_EDGE ( 'NONE', *, *, #1020, .T. ) ;
#431 = AXIS2_PLACEMENT_3D ( 'NONE', #1206, #2690, #3078 ) ;
#432 = EDGE_CURVE ( 'NONE', #1681, #4127, #1167, .T. ) ;
#433 =( NAMED_UNIT ( * ) PLANE_ANGLE_UNIT ( ) SI_UNIT ( $, .RADIAN. ) );
#434 =( LENGTH_UNIT ( ) NAMED_UNIT ( * ) SI_UNIT ( .MILLI., .METRE. ) );
#435 = ORIENTED_EDGE ( 'NONE', *, *, #2154, .F. ) ;
#436 = CARTESIAN_POINT ( 'NONE',  ( -1.919276727925025128, -0.8787392438591720145, 0.3499999999999999778 ) ) ;
#437 = FACE_OUTER_BOUND ( 'NONE', #4655, .T. ) ;
#438 = ORIENTED_EDGE ( 'NONE', *, *, #4500, .T. ) ;
#439 = ORIENTED_EDGE ( 'NONE', *, *, #2482, .T. ) ;
#440 = CARTESIAN_POINT ( 'NONE',  ( 0.000000000000000000, 0.000000000000000000, -0.7699999999999999067 ) ) ;
#441 = DIRECTION ( 'NONE',  ( -3.043374519257555240E-15, 0.000000000000000000, 1.000000000000000000 ) ) ;
#442 = EDGE_CURVE ( 'NONE', #3772, #3286, #2012, .T. ) ;
#443 = ORIENTED_EDGE ( 'NONE', *, *, #4540, .T. ) ;
#444 = CARTESIAN_POINT ( 'NONE',  ( -0.03316504619022000305, 2.110000814877110109, 0.2999999999999999889 ) ) ;
#445 = PRESENTATION_STYLE_ASSIGNMENT (( #1924 ) ) ;
#446 = COLOUR_RGB ( '',0.7960784313725489669, 0.8235294117647058432, 0.9372549019607843146 ) ;
#447 =( NAMED_UNIT ( * ) PLANE_ANGLE_UNIT ( ) SI_UNIT ( $, .RADIAN. ) );
#448 = FACE_OUTER_BOUND ( 'NONE', #1045, .T. ) ;
#449 = SURFACE_STYLE_FILL_AREA ( #3753 ) ;
#450 = PLANE ( 'NONE',  #1778 ) ;
#451 = VECTOR ( 'NONE', #4059, 1000.000000000000000 ) ;
#452 = VERTEX_POINT ( 'NONE', #3018 ) ;
#453 = VECTOR ( 'NONE', #763, 1000.000000000000000 ) ;
#454 = CARTESIAN_POINT ( 'NONE',  ( -1.600000000000000089, -1.100000000000000089, -0.5699999999999999512 ) ) ;
#455 = LINE ( 'NONE', #3423, #2162 ) ;
#456 = AXIS2_PLACEMENT_3D ( 'NONE', #4083, #409, #4795 ) ;
#457 = AXIS2_PLACEMENT_3D ( 'NONE', #1186, #2647, #715 ) ;
#458 = LINE ( 'NONE', #1506, #3008 ) ;
#459 = DIRECTION ( 'NONE',  ( 0.000000000000000000, 1.000000000000000000, 0.000000000000000000 ) ) ;
#460 = VERTEX_POINT ( 'NONE', #1724 ) ;
#461 = VERTEX_POINT ( 'NONE', #2479 ) ;
#462 = ORIENTED_EDGE ( 'NONE', *, *, #2238, .F. ) ;
#463 = EDGE_CURVE ( 'NONE', #410, #2649, #2911, .T. ) ;
#464 = DIRECTION ( 'NONE',  ( 0.000000000000000000, 0.000000000000000000, -1.000000000000000000 ) ) ;
#465 = DIRECTION ( 'NONE',  ( 0.000000000000000000, -1.000000000000000000, 0.000000000000000000 ) ) ;
#466 = EDGE_CURVE ( 'NONE', #4533, #4432, #1702, .T. ) ;
#467 = ORIENTED_EDGE ( 'NONE', *, *, #1247, .F. ) ;
#468 = LINE ( 'NONE', #1226, #1334 ) ;
#469 = AXIS2_PLACEMENT_3D ( 'NONE', #3723, #4513, #4460 ) ;
#470 = ORIENTED_EDGE ( 'NONE', *, *, #781, .T. ) ;
#471 = DIRECTION ( 'NONE',  ( 1.000000000000000000, 4.818676322157800333E-16, 0.000000000000000000 ) ) ;
#472 = DIRECTION ( 'NONE',  ( 0.000000000000000000, 0.000000000000000000, 1.000000000000000000 ) ) ;
#473 = CIRCLE ( 'NONE', #4047, 0.2999999999999999889 ) ;
#474 = ORIENTED_EDGE ( 'NONE', *, *, #3318, .F. ) ;
#475 = FILL_AREA_STYLE ('',( #2815 ) ) ;
#476 = CARTESIAN_POINT ( 'NONE',  ( 0.000000000000000000, 0.000000000000000000, -0.5699999999999999512 ) ) ;
#477 = VERTEX_POINT ( 'NONE', #3187 ) ;
#478 = CARTESIAN_POINT ( 'NONE',  ( 0.000000000000000000, 0.000000000000000000, 0.3007161552948415251 ) ) ;
#479 = SURFACE_STYLE_FILL_AREA ( #3514 ) ;
#480 = FACE_OUTER_BOUND ( 'NONE', #666, .T. ) ;
#481 = VECTOR ( 'NONE', #3505, 1000.000000000000000 ) ;
#482 = ADVANCED_FACE ( 'NONE', ( #2801 ), #3890, .T. ) ;
#483 = VECTOR ( 'NONE', #1337, 1000.000000000000000 ) ;
#484 = DIRECTION ( 'NONE',  ( -2.409338161078900167E-16, 1.000000000000000000, 0.000000000000000000 ) ) ;
#485 = LINE ( 'NONE', #2412, #4625 ) ;
#486 = DIRECTION ( 'NONE',  ( 0.000000000000000000, 1.000000000000000000, 0.000000000000000000 ) ) ;
#487 = VERTEX_POINT ( 'NONE', #244 ) ;
#488 = VERTEX_POINT ( 'NONE', #2861 ) ;
#489 = PLANE ( 'NONE',  #3334 ) ;
#490 = CARTESIAN_POINT ( 'NONE',  ( 2.500000000000000000, -2.100000000000000089, 0.000000000000000000 ) ) ;
#491 = VECTOR ( 'NONE', #779, 1000.000000000000000 ) ;
#492 = ADVANCED_FACE ( 'NONE', ( #583 ), #561, .F. ) ;
#493 = LINE ( 'NONE', #4185, #1949 ) ;
#494 =( LENGTH_UNIT ( ) NAMED_UNIT ( * ) SI_UNIT ( .MILLI., .METRE. ) );
#495 = ADVANCED_FACE ( 'NONE', ( #223 ), #4296, .T. ) ;
#496 = VERTEX_POINT ( 'NONE', #3521 ) ;
#497 = STYLED_ITEM ( 'NONE', ( #445 ), #1625 ) ;
#498 = PLANE ( 'NONE',  #186 ) ;
#499 = DIRECTION ( 'NONE',  ( 1.000000000000000000, 0.000000000000000000, 0.000000000000000000 ) ) ;
#500 = UNCERTAINTY_MEASURE_WITH_UNIT (LENGTH_MEASURE( 1.000000000000000082E-05 ), #1674, 'distance_accuracy_value', 'NONE');
#501 = EDGE_LOOP ( 'NONE', ( #2699, #89, #818, #1115 ) ) ;
#502 = DIRECTION ( 'NONE',  ( 0.000000000000000000, 0.000000000000000000, -1.000000000000000000 ) ) ;
#503 = EDGE_CURVE ( 'NONE', #1169, #173, #1320, .T. ) ;
#504 = CARTESIAN_POINT ( 'NONE',  ( 2.463314554501874643, 2.463314554501874643, -0.6999999999999999556 ) ) ;
#505 = VECTOR ( 'NONE', #2166, 1000.000000000000000 ) ;
#506 = FACE_OUTER_BOUND ( 'NONE', #4455, .T. ) ;
#507 = CARTESIAN_POINT ( 'NONE',  ( 0.000000000000000000, 0.000000000000000000, -0.5699999999999999512 ) ) ;
#508 = EDGE_CURVE ( 'NONE', #173, #3250, #1296, .T. ) ;
#509 = VECTOR ( 'NONE', #4270, 1000.000000000000000 ) ;
#510 = VECTOR ( 'NONE', #4342, 1000.000000000000000 ) ;
#511 = ORIENTED_EDGE ( 'NONE', *, *, #4481, .F. ) ;
#512 = LINE ( 'NONE', #2406, #2947 ) ;
#513 = AXIS2_PLACEMENT_3D ( 'NONE', #3778, #4143, #287 ) ;
#514 = ORIENTED_EDGE ( 'NONE', *, *, #623, .T. ) ;
#515 = DIRECTION ( 'NONE',  ( 0.000000000000000000, -1.000000000000000000, 0.000000000000000000 ) ) ;
#516 = PRESENTATION_STYLE_ASSIGNMENT (( #4271 ) ) ;
#517 = LINE ( 'NONE', #4585, #734 ) ;
#518 = ORIENTED_EDGE ( 'NONE', *, *, #747, .F. ) ;
#519 = ORIENTED_EDGE ( 'NONE', *, *, #1795, .T. ) ;
#520 = DIRECTION ( 'NONE',  ( 3.043374519257555240E-15, 0.000000000000000000, 1.000000000000000000 ) ) ;
#521 = CARTESIAN_POINT ( 'NONE',  ( -2.399999999999999911, 1.199999999999999956, -0.7699999999999999067 ) ) ;
#522 = VERTEX_POINT ( 'NONE', #2824 ) ;
#523 = DIRECTION ( 'NONE',  ( -4.818676322157800333E-16, 1.000000000000000000, 1.466503673540475931E-30 ) ) ;
#524 = EDGE_CURVE ( 'NONE', #54, #4651, #650, .T. ) ;
#525 = DIRECTION ( 'NONE',  ( 0.000000000000000000, 0.000000000000000000, 1.000000000000000000 ) ) ;
#526 = DIRECTION ( 'NONE',  ( -2.409338161078900167E-16, 1.000000000000000000, 0.000000000000000000 ) ) ;
#527 = CARTESIAN_POINT ( 'NONE',  ( 1.699999999999999956, 0.000000000000000000, 0.2999999999999999889 ) ) ;
#528 = SURFACE_STYLE_USAGE ( .BOTH. , #3080 ) ;
#529 = EDGE_CURVE ( 'NONE', #2759, #1275, #1675, .T. ) ;
#530 = DIRECTION ( 'NONE',  ( -1.000000000000000000, 0.000000000000000000, 0.000000000000000000 ) ) ;
#531 = CIRCLE ( 'NONE', #138, 0.09999999999999999167 ) ;
#532 = DIRECTION ( 'NONE',  ( 0.7071067811865474617, 0.7071067811865474617, 0.000000000000000000 ) ) ;
#533 = ORIENTED_EDGE ( 'NONE', *, *, #4654, .T. ) ;
#534 = STYLED_ITEM ( 'NONE', ( #1960 ), #2871 ) ;
#535 = CYLINDRICAL_SURFACE ( 'NONE', #1037, 0.2999999999999999889 ) ;
#536 = DIRECTION ( 'NONE',  ( 0.000000000000000000, 0.000000000000000000, -1.000000000000000000 ) ) ;
#537 = MECHANICAL_DESIGN_GEOMETRIC_PRESENTATION_REPRESENTATION (  '', ( #1317 ), #2004 ) ;
#538 = ORIENTED_EDGE ( 'NONE', *, *, #3179, .F. ) ;
#539 = ORIENTED_EDGE ( 'NONE', *, *, #3879, .T. ) ;
#540 = DIRECTION ( 'NONE',  ( 0.000000000000000000, 0.000000000000000000, 1.000000000000000000 ) ) ;
#541 = CARTESIAN_POINT ( 'NONE',  ( 2.500000000000000000, 1.199999999999999956, 0.000000000000000000 ) ) ;
#542 = VERTEX_POINT ( 'NONE', #2082 ) ;
#543 = VECTOR ( 'NONE', #847, 1000.000000000000000 ) ;
#544 = CARTESIAN_POINT ( 'NONE',  ( 2.700000000000000178, 1.199999999999999956, -0.2999999999999999889 ) ) ;
#545 = FACE_OUTER_BOUND ( 'NONE', #2349, .T. ) ;
#546 = ORIENTED_EDGE ( 'NONE', *, *, #2007, .T. ) ;
#547 = MECHANICAL_DESIGN_GEOMETRIC_PRESENTATION_REPRESENTATION (  '', ( #4793 ), #3564 ) ;
#548 =( NAMED_UNIT ( * ) PLANE_ANGLE_UNIT ( ) SI_UNIT ( $, .RADIAN. ) );
#549 = UNCERTAINTY_MEASURE_WITH_UNIT (LENGTH_MEASURE( 1.000000000000000082E-05 ), #1558, 'distance_accuracy_value', 'NONE');
#550 = SURFACE_STYLE_FILL_AREA ( #885 ) ;
#551 = EDGE_CURVE ( 'NONE', #1846, #1094, #2434, .T. ) ;
#552 = CARTESIAN_POINT ( 'NONE',  ( -2.500000000000000000, 2.100000000000000089, 0.000000000000000000 ) ) ;
#553 = ADVANCED_FACE ( 'NONE', ( #4628 ), #3590, .F. ) ;
#554 = CARTESIAN_POINT ( 'NONE',  ( -1.699999999999999956, -1.199999999999999956, -0.5699999999999999512 ) ) ;
#555 = AXIS2_PLACEMENT_3D ( 'NONE', #850, #3411, #2343 ) ;
#556 = SURFACE_SIDE_STYLE ('',( #2026 ) ) ;
#557 = EDGE_LOOP ( 'NONE', ( #59, #3195, #49, #3161 ) ) ;
#558 = AXIS2_PLACEMENT_3D ( 'NONE', #1900, #2660, #799 ) ;
#559 = DIRECTION ( 'NONE',  ( 0.000000000000000000, 1.000000000000000000, 0.000000000000000000 ) ) ;
#560 = FACE_OUTER_BOUND ( 'NONE', #3576, .T. ) ;
#561 = PLANE ( 'NONE',  #2207 ) ;
#562 = ORIENTED_EDGE ( 'NONE', *, *, #3079, .T. ) ;
#563 = DIRECTION ( 'NONE',  ( 1.971276677246369793E-16, 1.000000000000000000, 0.000000000000000000 ) ) ;
#564 = EDGE_CURVE ( 'NONE', #2452, #1222, #2152, .T. ) ;
#565 = ORIENTED_EDGE ( 'NONE', *, *, #2708, .T. ) ;
#566 = EDGE_LOOP ( 'NONE', ( #4777, #2224, #2532, #304, #710, #3992 ) ) ;
#567 = PRESENTATION_STYLE_ASSIGNMENT (( #1329 ) ) ;
#568 = CARTESIAN_POINT ( 'NONE',  ( 0.2103187164337330106, -2.056952929731179935, 0.3499999999999999778 ) ) ;
#569 = VERTEX_POINT ( 'NONE', #3391 ) ;
#570 = LINE ( 'NONE', #1283, #4745 ) ;
#571 = VECTOR ( 'NONE', #2422, 1000.000000000000000 ) ;
#572 = CARTESIAN_POINT ( 'NONE',  ( 2.700000000000000178, -3.299999999999999822, -8.306732565912529366E-15 ) ) ;
#573 = LINE ( 'NONE', #4216, #1505 ) ;
#574 = AXIS2_PLACEMENT_3D ( 'NONE', #1203, #523, #471 ) ;
#575 = CARTESIAN_POINT ( 'NONE',  ( 0.5500000000000000444, 2.254834989607330087, -0.5699999999999999512 ) ) ;
#576 = DIRECTION ( 'NONE',  ( -1.000000000000000000, 0.000000000000000000, 0.000000000000000000 ) ) ;
#577 = EDGE_LOOP ( 'NONE', ( #586, #2443 ) ) ;
#578 = EDGE_CURVE ( 'NONE', #3867, #2337, #4614, .T. ) ;
#579 = CARTESIAN_POINT ( 'NONE',  ( 0.2103187164337330106, 0.9751250982098680353, 0.3499999999999999778 ) ) ;
#580 = AXIS2_PLACEMENT_3D ( 'NONE', #3854, #3465, #132 ) ;
#581 = DIRECTION ( 'NONE',  ( -0.05226442768871401856, -0.05226442768871401856, 0.9972646886342373396 ) ) ;
#582 = VECTOR ( 'NONE', #3090, 1000.000000000000000 ) ;
#583 = FACE_OUTER_BOUND ( 'NONE', #190, .T. ) ;
#584 = ORIENTED_EDGE ( 'NONE', *, *, #3329, .T. ) ;
#585 = CARTESIAN_POINT ( 'NONE',  ( -1.600000000000000089, 1.100000000000000089, -0.5699999999999999512 ) ) ;
#586 = ORIENTED_EDGE ( 'NONE', *, *, #914, .T. ) ;
#587 = LINE ( 'NONE', #2757, #1228 ) ;
#588 = DIRECTION ( 'NONE',  ( -1.000000000000000000, 0.000000000000000000, 0.000000000000000000 ) ) ;
#589 = ORIENTED_EDGE ( 'NONE', *, *, #1154, .F. ) ;
#590 = EDGE_CURVE ( 'NONE', #1094, #3144, #2666, .T. ) ;
#591 = CARTESIAN_POINT ( 'NONE',  ( 0.000000000000000000, 0.000000000000000000, 0.2999999999999999889 ) ) ;
#592 =( LENGTH_UNIT ( ) NAMED_UNIT ( * ) SI_UNIT ( .MILLI., .METRE. ) );
#593 = ORIENTED_EDGE ( 'NONE', *, *, #1985, .F. ) ;
#594 = DIRECTION ( 'NONE',  ( 0.7071067811865475727, -0.7071067811865475727, 0.000000000000000000 ) ) ;
#595 = LINE ( 'NONE', #2073, #3715 ) ;
#596 = DIRECTION ( 'NONE',  ( 0.000000000000000000, 1.000000000000000000, 0.000000000000000000 ) ) ;
#597 = ORIENTED_EDGE ( 'NONE', *, *, #2093, .T. ) ;
#598 = CARTESIAN_POINT ( 'NONE',  ( 2.470127565808669878, -1.199999999999999956, -0.5699999999999999512 ) ) ;
#599 = VECTOR ( 'NONE', #697, 1000.000000000000000 ) ;
#600 = CARTESIAN_POINT ( 'NONE',  ( 0.5500000000000000444, -2.240667692902679864, -0.5699999999999999512 ) ) ;
#601 = ORIENTED_EDGE ( 'NONE', *, *, #1741, .F. ) ;
#602 = PRESENTATION_LAYER_ASSIGNMENT (  '', '', ( #2932 ) ) ;
#603 = CARTESIAN_POINT ( 'NONE',  ( 2.399999999999999911, 2.100000000000000089, -0.4699999999999999734 ) ) ;
#604 = DIRECTION ( 'NONE',  ( 1.000000000000000000, 0.000000000000000000, 0.000000000000000000 ) ) ;
#605 = VECTOR ( 'NONE', #4785, 1000.000000000000000 ) ;
#606 = VECTOR ( 'NONE', #4576, 1000.000000000000000 ) ;
#607 = EDGE_CURVE ( 'NONE', #1017, #2222, #1033, .T. ) ;
#608 = ORIENTED_EDGE ( 'NONE', *, *, #78, .F. ) ;
#609 = ADVANCED_FACE ( 'NONE', ( #4467 ), #3256, .F. ) ;
#610 = CARTESIAN_POINT ( 'NONE',  ( 2.470127565808669878, 2.500000000000000000, -0.5699999999999999512 ) ) ;
#611 = DIRECTION ( 'NONE',  ( 1.185975313885232060E-16, -1.000000000000000000, 0.000000000000000000 ) ) ;
#612 = ORIENTED_EDGE ( 'NONE', *, *, #264, .F. ) ;
#613 = ORIENTED_EDGE ( 'NONE', *, *, #2785, .T. ) ;
#614 = AXIS2_PLACEMENT_3D ( 'NONE', #440, #1917, #3066 ) ;
#615 = EDGE_CURVE ( 'NONE', #980, #4720, #4717, .T. ) ;
#616 =( NAMED_UNIT ( * ) PLANE_ANGLE_UNIT ( ) SI_UNIT ( $, .RADIAN. ) );
#617 = AXIS2_PLACEMENT_3D ( 'NONE', #4449, #812, #4474 ) ;
#618 = AXIS2_PLACEMENT_3D ( 'NONE', #3733, #1161, #4081 ) ;
#619 = ORIENTED_EDGE ( 'NONE', *, *, #2895, .T. ) ;
#620 = FILL_AREA_STYLE_COLOUR ( '', #1270 ) ;
#621 = FACE_OUTER_BOUND ( 'NONE', #3404, .T. ) ;
#622 = FILL_AREA_STYLE_COLOUR ( '', #722 ) ;
#623 = EDGE_CURVE ( 'NONE', #2444, #4422, #2378, .T. ) ;
#624 = ORIENTED_EDGE ( 'NONE', *, *, #2380, .F. ) ;
#625 = CARTESIAN_POINT ( 'NONE',  ( -0.1831650461902210036, -0.2870056143358110101, 0.3499999999999999778 ) ) ;
#626 = CARTESIAN_POINT ( 'NONE',  ( -1.919276727925025128, -0.8787392438591720145, 0.2999999999999999889 ) ) ;
#627 =( NAMED_UNIT ( * ) SI_UNIT ( $, .STERADIAN. ) SOLID_ANGLE_UNIT ( ) );
#628 = CARTESIAN_POINT ( 'NONE',  ( -1.296028625818473889, -0.8787392438591720145, 0.3499999999999999778 ) ) ;
#629 = DIRECTION ( 'NONE',  ( -1.000000000000000000, 0.000000000000000000, 0.000000000000000000 ) ) ;
#630 = VECTOR ( 'NONE', #1655, 1000.000000000000114 ) ;
#631 = CARTESIAN_POINT ( 'NONE',  ( -1.971607025033959903, 2.110000814877110109, 0.3499999999999999778 ) ) ;
#632 = DIRECTION ( 'NONE',  ( 0.000000000000000000, 1.000000000000000000, 0.000000000000000000 ) ) ;
#633 = ORIENTED_EDGE ( 'NONE', *, *, #1529, .T. ) ;
#634 = ORIENTED_EDGE ( 'NONE', *, *, #41, .T. ) ;
#635 = CARTESIAN_POINT ( 'NONE',  ( 0.5500000000000000444, 2.254834989607330087, -0.6999999999999999556 ) ) ;
#636 = ADVANCED_FACE ( 'NONE', ( #1773, #1132, #1549 ), #1210, .T. ) ;
#637 = LINE ( 'NONE', #2215, #936 ) ;
#638 = VECTOR ( 'NONE', #1665, 1000.000000000000000 ) ;
#639 = VERTEX_POINT ( 'NONE', #4099 ) ;
#640 = SURFACE_STYLE_FILL_AREA ( #2899 ) ;
#641 = DIRECTION ( 'NONE',  ( 3.043374519257555240E-15, 0.000000000000000000, -1.000000000000000000 ) ) ;
#642 = EDGE_CURVE ( 'NONE', #3250, #4756, #1181, .T. ) ;
#643 = AXIS2_PLACEMENT_3D ( 'NONE', #243, #1722, #3207 ) ;
#644 = DIRECTION ( 'NONE',  ( 0.000000000000000000, 1.000000000000000000, 0.000000000000000000 ) ) ;
#645 = DIRECTION ( 'NONE',  ( 7.228014483236696753E-15, 0.000000000000000000, 1.000000000000000000 ) ) ;
#646 = EDGE_CURVE ( 'NONE', #1552, #2797, #2992, .T. ) ;
#647 = PRESENTATION_LAYER_ASSIGNMENT (  '', '', ( #2753 ) ) ;
#648 = CARTESIAN_POINT ( 'NONE',  ( -0.9960286258184729569, -0.5332195235787650089, 0.3499999999999999778 ) ) ;
#649 = CARTESIAN_POINT ( 'NONE',  ( -0.5500000000000000444, -1.050000000000000044, -0.5699999999999999512 ) ) ;
#650 = LINE ( 'NONE', #2133, #510 ) ;
#651 = LINE ( 'NONE', #4680, #3180 ) ;
#652 = MECHANICAL_DESIGN_GEOMETRIC_PRESENTATION_REPRESENTATION (  '', ( #1207 ), #29 ) ;
#653 = CARTESIAN_POINT ( 'NONE',  ( 2.499117102666014834, -1.199999999999999956, -0.01684668471109859733 ) ) ;
#654 = CARTESIAN_POINT ( 'NONE',  ( -2.463314554501874643, -2.200000000000000178, -0.6999999999999999556 ) ) ;
#655 = ORIENTED_EDGE ( 'NONE', *, *, #1212, .T. ) ;
#656 = EDGE_LOOP ( 'NONE', ( #2949, #1916, #4782, #3428, #1460, #3516, #2952, #1304, #679, #2783, #3809 ) ) ;
#657 = LINE ( 'NONE', #295, #1345 ) ;
#658 = LINE ( 'NONE', #2140, #2167 ) ;
#659 = EDGE_CURVE ( 'NONE', #2527, #4065, #1523, .T. ) ;
#660 = CARTESIAN_POINT ( 'NONE',  ( 1.699999999999999956, 1.199999999999999956, -0.7699999999999999067 ) ) ;
#661 = DIRECTION ( 'NONE',  ( 0.000000000000000000, 1.000000000000000000, 0.000000000000000000 ) ) ;
#662 = CARTESIAN_POINT ( 'NONE',  ( 2.700000000000000178, -1.199999999999999956, -0.5699999999999999512 ) ) ;
#663 = EDGE_CURVE ( 'NONE', #3573, #2452, #1293, .T. ) ;
#664 = LINE ( 'NONE', #1767, #1922 ) ;
#665 = DIRECTION ( 'NONE',  ( 1.000000000000000000, 0.000000000000000000, 0.000000000000000000 ) ) ;
#666 = EDGE_LOOP ( 'NONE', ( #2448, #3020, #4301, #2387 ) ) ;
#667 = EDGE_CURVE ( 'NONE', #2649, #2309, #3856, .T. ) ;
#668 = PRESENTATION_LAYER_ASSIGNMENT (  '', '', ( #48 ) ) ;
#669 = CYLINDRICAL_SURFACE ( 'NONE', #1836, 0.5500000000000000444 ) ;
#670 = PLANE ( 'NONE',  #2245 ) ;
#671 =( GEOMETRIC_REPRESENTATION_CONTEXT ( 3 ) GLOBAL_UNCERTAINTY_ASSIGNED_CONTEXT ( ( #3466 ) ) GLOBAL_UNIT_ASSIGNED_CONTEXT ( ( #3568, #2458, #1723 ) ) REPRESENTATION_CONTEXT ( 'NONE', 'WORKASPACE' ) );
#672 = CARTESIAN_POINT ( 'NONE',  ( 0.5500000000000000444, 1.050000000000000044, -0.5699999999999999512 ) ) ;
#673 = ORIENTED_EDGE ( 'NONE', *, *, #1820, .F. ) ;
#674 = ORIENTED_EDGE ( 'NONE', *, *, #3318, .T. ) ;
#675 = UNCERTAINTY_MEASURE_WITH_UNIT (LENGTH_MEASURE( 1.000000000000000082E-05 ), #3838, 'distance_accuracy_value', 'NONE');
#676 = VECTOR ( 'NONE', #764, 1000.000000000000000 ) ;
#677 =( GEOMETRIC_REPRESENTATION_CONTEXT ( 3 ) GLOBAL_UNCERTAINTY_ASSIGNED_CONTEXT ( ( #2971 ) ) GLOBAL_UNIT_ASSIGNED_CONTEXT ( ( #2854, #3624, #2816 ) ) REPRESENTATION_CONTEXT ( 'NONE', 'WORKASPACE' ) );
#678 = CARTESIAN_POINT ( 'NONE',  ( 1.699999999999999956, 1.199999999999999956, -0.5699999999999999512 ) ) ;
#679 = ORIENTED_EDGE ( 'NONE', *, *, #2607, .F. ) ;
#680 = DIRECTION ( 'NONE',  ( 1.000000000000000000, 0.000000000000000000, 0.000000000000000000 ) ) ;
#681 =( NAMED_UNIT ( * ) PLANE_ANGLE_UNIT ( ) SI_UNIT ( $, .RADIAN. ) );
#682 = CIRCLE ( 'NONE', #3409, 0.09999999999999999167 ) ;
#683 =( GEOMETRIC_REPRESENTATION_CONTEXT ( 3 ) GLOBAL_UNCERTAINTY_ASSIGNED_CONTEXT ( ( #1757 ) ) GLOBAL_UNIT_ASSIGNED_CONTEXT ( ( #1276, #2388, #4274 ) ) REPRESENTATION_CONTEXT ( 'NONE', 'WORKASPACE' ) );
#684 = LINE ( 'NONE', #2616, #276 ) ;
#685 = EDGE_LOOP ( 'NONE', ( #3194, #2058 ) ) ;
#686 = CARTESIAN_POINT ( 'NONE',  ( -2.399999999999999911, 2.100000000000000089, -0.4699999999999999734 ) ) ;
#687 = LINE ( 'NONE', #600, #2247 ) ;
#688 = AXIS2_PLACEMENT_3D ( 'NONE', #329, #4764, #2127 ) ;
#689 = ORIENTED_EDGE ( 'NONE', *, *, #1212, .F. ) ;
#690 = EDGE_CURVE ( 'NONE', #3077, #1238, #883, .T. ) ;
#691 = LINE ( 'NONE', #3686, #3262 ) ;
#692 = EDGE_CURVE ( 'NONE', #4404, #3009, #108, .T. ) ;
#693 = SURFACE_SIDE_STYLE ('',( #4766 ) ) ;
#694 = DIRECTION ( 'NONE',  ( -0.05226442768871401856, 0.05226442768871401856, 0.9972646886342373396 ) ) ;
#695 = VECTOR ( 'NONE', #4162, 1000.000000000000000 ) ;
#696 = EDGE_CURVE ( 'NONE', #2897, #4090, #2740, .T. ) ;
#697 = DIRECTION ( 'NONE',  ( 9.105833465946929316E-17, 1.000000000000000000, 0.000000000000000000 ) ) ;
#698 = FACE_OUTER_BOUND ( 'NONE', #45, .T. ) ;
#699 = ORIENTED_EDGE ( 'NONE', *, *, #607, .F. ) ;
#700 = EDGE_LOOP ( 'NONE', ( #4303, #519, #206, #4441 ) ) ;
#701 = DIRECTION ( 'NONE',  ( 0.000000000000000000, -1.000000000000000000, 0.000000000000000000 ) ) ;
#702 = EDGE_CURVE ( 'NONE', #3609, #522, #2023, .T. ) ;
#703 = VECTOR ( 'NONE', #2998, 1000.000000000000000 ) ;
#704 = CARTESIAN_POINT ( 'NONE',  ( 0.5500000000000000444, -1.050000000000000044, -0.5699999999999999512 ) ) ;
#705 = LINE ( 'NONE', #2554, #1879 ) ;
#706 = ORIENTED_EDGE ( 'NONE', *, *, #4705, .F. ) ;
#707 = CARTESIAN_POINT ( 'NONE',  ( 0.000000000000000000, 0.000000000000000000, -0.5699999999999999512 ) ) ;
#708 =( LENGTH_UNIT ( ) NAMED_UNIT ( * ) SI_UNIT ( .MILLI., .METRE. ) );
#709 = COLOUR_RGB ( '',1.000000000000000000, 1.000000000000000000, 1.000000000000000000 ) ;
#710 = ORIENTED_EDGE ( 'NONE', *, *, #3560, .T. ) ;
#711 = SURFACE_SIDE_STYLE ('',( #305 ) ) ;
#712 = EDGE_LOOP ( 'NONE', ( #3475, #4558, #2665, #1301, #1195 ) ) ;
#713 = PRESENTATION_STYLE_ASSIGNMENT (( #4055 ) ) ;
#714 = PRESENTATION_LAYER_ASSIGNMENT (  '', '', ( #1796 ) ) ;
#715 = DIRECTION ( 'NONE',  ( 0.000000000000000000, 0.000000000000000000, 1.000000000000000000 ) ) ;
#716 = VECTOR ( 'NONE', #2921, 1000.000000000000000 ) ;
#717 = CARTESIAN_POINT ( 'NONE',  ( -2.700000000000000178, 1.199999999999999956, -0.4699999999999999734 ) ) ;
#718 = EDGE_CURVE ( 'NONE', #3619, #2441, #4599, .T. ) ;
#719 = ADVANCED_FACE ( 'NONE', ( #2044 ), #1307, .F. ) ;
#720 = CARTESIAN_POINT ( 'NONE',  ( -2.399999999999999911, 2.100000000000000089, -0.4699999999999999734 ) ) ;
#721 = AXIS2_PLACEMENT_3D ( 'NONE', #1468, #879, #2688 ) ;
#722 = COLOUR_RGB ( '',1.000000000000000000, 1.000000000000000000, 1.000000000000000000 ) ;
#723 = CARTESIAN_POINT ( 'NONE',  ( 2.700000000000000178, -1.199999999999999956, -0.2999999999999999889 ) ) ;
#724 = VERTEX_POINT ( 'NONE', #2765 ) ;
#725 = ORIENTED_EDGE ( 'NONE', *, *, #4057, .F. ) ;
#726 = PLANE ( 'NONE',  #85 ) ;
#727 = UNCERTAINTY_MEASURE_WITH_UNIT (LENGTH_MEASURE( 1.000000000000000082E-05 ), #1314, 'distance_accuracy_value', 'NONE');
#728 = VECTOR ( 'NONE', #864, 1000.000000000000000 ) ;
#729 = EDGE_LOOP ( 'NONE', ( #216, #1766, #2805, #3118 ) ) ;
#730 = EDGE_CURVE ( 'NONE', #4267, #3273, #2323, .T. ) ;
#731 = SURFACE_STYLE_USAGE ( .BOTH. , #2636 ) ;
#732 = ORIENTED_EDGE ( 'NONE', *, *, #1247, .T. ) ;
#733 = SURFACE_STYLE_USAGE ( .BOTH. , #3002 ) ;
#734 = VECTOR ( 'NONE', #816, 1000.000000000000000 ) ;
#735 = DIRECTION ( 'NONE',  ( -1.000000000000000000, 1.522241498270669760E-16, 0.000000000000000000 ) ) ;
#736 = CARTESIAN_POINT ( 'NONE',  ( 0.000000000000000000, 0.000000000000000000, -0.5699999999999999512 ) ) ;
#737 = ORIENTED_EDGE ( 'NONE', *, *, #4096, .F. ) ;
#738 = CARTESIAN_POINT ( 'NONE',  ( 2.471716000805965319, -1.199999999999999956, -0.5396908546970039522 ) ) ;
#739 =( NAMED_UNIT ( * ) PLANE_ANGLE_UNIT ( ) SI_UNIT ( $, .RADIAN. ) );
#740 = ORIENTED_EDGE ( 'NONE', *, *, #766, .F. ) ;
#741 = LINE ( 'NONE', #1861, #3497 ) ;
#742 = FACE_OUTER_BOUND ( 'NONE', #219, .T. ) ;
#743 = CARTESIAN_POINT ( 'NONE',  ( 2.500000000000000000, 2.100000000000000089, -0.5699999999999999512 ) ) ;
#744 = CARTESIAN_POINT ( 'NONE',  ( 1.600000000000000089, -1.100000000000000089, -0.5699999999999999512 ) ) ;
#745 =( NAMED_UNIT ( * ) PLANE_ANGLE_UNIT ( ) SI_UNIT ( $, .RADIAN. ) );
#746 = DIRECTION ( 'NONE',  ( 0.000000000000000000, 0.05233595624294389709, -0.9986295347545739443 ) ) ;
#747 = EDGE_CURVE ( 'NONE', #3419, #461, #213, .T. ) ;
#748 = ORIENTED_EDGE ( 'NONE', *, *, #1058, .F. ) ;
#749 = ORIENTED_EDGE ( 'NONE', *, *, #4788, .T. ) ;
#750 = LINE ( 'NONE', #4088, #4725 ) ;
#751 = MECHANICAL_DESIGN_GEOMETRIC_PRESENTATION_REPRESENTATION (  '', ( #3242 ), #2535 ) ;
#752 = ORIENTED_EDGE ( 'NONE', *, *, #8, .T. ) ;
#753 = VECTOR ( 'NONE', #4609, 1000.000000000000000 ) ;
#754 = DIRECTION ( 'NONE',  ( 2.409338161078900167E-16, 1.000000000000000000, 0.000000000000000000 ) ) ;
#755 = VERTEX_POINT ( 'NONE', #504 ) ;
#756 = CARTESIAN_POINT ( 'NONE',  ( -1.971607025033959903, 0.8251250982098670139, 0.3499999999999999778 ) ) ;
#757 = CIRCLE ( 'NONE', #3097, 0.2999999999999999889 ) ;
#758 = ORIENTED_EDGE ( 'NONE', *, *, #1310, .T. ) ;
#759 =( NAMED_UNIT ( * ) PLANE_ANGLE_UNIT ( ) SI_UNIT ( $, .RADIAN. ) );
#760 = CIRCLE ( 'NONE', #4029, 0.09999999999999999167 ) ;
#761 = CARTESIAN_POINT ( 'NONE',  ( -1.680009069179265069, 2.430009069179265069, 0.4000000000000000222 ) ) ;
#762 = ORIENTED_EDGE ( 'NONE', *, *, #3498, .F. ) ;
#763 = DIRECTION ( 'NONE',  ( 0.000000000000000000, 1.000000000000000000, 0.000000000000000000 ) ) ;
#764 = DIRECTION ( 'NONE',  ( 0.05233595624294389709, 0.000000000000000000, -0.9986295347545739443 ) ) ;
#765 = EDGE_LOOP ( 'NONE', ( #4168, #4507, #262, #3572, #4799, #3977, #2189, #2733, #2087 ) ) ;
#766 = EDGE_CURVE ( 'NONE', #380, #2750, #1263, .T. ) ;
#767 = STYLED_ITEM ( 'NONE', ( #4588 ), #3548 ) ;
#768 = ORIENTED_EDGE ( 'NONE', *, *, #2085, .F. ) ;
#769 = FILL_AREA_STYLE_COLOUR ( '', #67 ) ;
#770 =( LENGTH_UNIT ( ) NAMED_UNIT ( * ) SI_UNIT ( .MILLI., .METRE. ) );
#771 = CIRCLE ( 'NONE', #1000, 0.1499999999999999667 ) ;
#772 = VECTOR ( 'NONE', #2257, 1000.000000000000000 ) ;
#773 = DIRECTION ( 'NONE',  ( 0.000000000000000000, 0.000000000000000000, -1.000000000000000000 ) ) ;
#774 = FILL_AREA_STYLE ('',( #1192 ) ) ;
#775 = CARTESIAN_POINT ( 'NONE',  ( -1.699999999999999956, 2.100000000000000089, -0.5699999999999999512 ) ) ;
#776 = EDGE_LOOP ( 'NONE', ( #4074, #19, #327, #655 ) ) ;
#777 = PRESENTATION_STYLE_ASSIGNMENT (( #391 ) ) ;
#778 = DIRECTION ( 'NONE',  ( -3.043374519257555240E-15, 0.000000000000000000, -1.000000000000000000 ) ) ;
#779 = DIRECTION ( 'NONE',  ( -1.971276677246369793E-16, -1.000000000000000000, 0.000000000000000000 ) ) ;
#780 = CARTESIAN_POINT ( 'NONE',  ( 2.500000000000000000, -2.500000000000000000, 0.000000000000000000 ) ) ;
#781 = EDGE_CURVE ( 'NONE', #3144, #3710, #184, .T. ) ;
#782 = UNCERTAINTY_MEASURE_WITH_UNIT (LENGTH_MEASURE( 1.000000000000000082E-05 ), #2418, 'distance_accuracy_value', 'NONE');
#783 =( GEOMETRIC_REPRESENTATION_CONTEXT ( 3 ) GLOBAL_UNCERTAINTY_ASSIGNED_CONTEXT ( ( #3171 ) ) GLOBAL_UNIT_ASSIGNED_CONTEXT ( ( #3217, #1352, #1418 ) ) REPRESENTATION_CONTEXT ( 'NONE', 'WORKASPACE' ) );
#784 = CARTESIAN_POINT ( 'NONE',  ( -2.500000000000000000, 2.500000000000000000, 0.000000000000000000 ) ) ;
#785 = CARTESIAN_POINT ( 'NONE',  ( -1.971607025033959903, 0.8251250982098670139, 0.3499999999999999778 ) ) ;
#786 = ORIENTED_EDGE ( 'NONE', *, *, #4459, .T. ) ;
#787 = EDGE_CURVE ( 'NONE', #4422, #487, #4622, .T. ) ;
#788 = DIRECTION ( 'NONE',  ( 0.000000000000000000, -1.000000000000000000, 0.000000000000000000 ) ) ;
#789 =( GEOMETRIC_REPRESENTATION_CONTEXT ( 3 ) GLOBAL_UNCERTAINTY_ASSIGNED_CONTEXT ( ( #3806 ) ) GLOBAL_UNIT_ASSIGNED_CONTEXT ( ( #235, #3223, #2898 ) ) REPRESENTATION_CONTEXT ( 'NONE', 'WORKASPACE' ) );
#790 = CARTESIAN_POINT ( 'NONE',  ( 0.5500000000000000444, -2.240667692902679864, -0.5699999999999999512 ) ) ;
#791 = FILL_AREA_STYLE_COLOUR ( '', #2292 ) ;
#792 = DIRECTION ( 'NONE',  ( 0.000000000000000000, 1.000000000000000000, 0.000000000000000000 ) ) ;
#793 = LINE ( 'NONE', #1273, #1208 ) ;
#794 = ORIENTED_EDGE ( 'NONE', *, *, #1763, .F. ) ;
#795 = FACE_OUTER_BOUND ( 'NONE', #3349, .T. ) ;
#796 = LINE ( 'NONE', #1801, #1099 ) ;
#797 = ORIENTED_EDGE ( 'NONE', *, *, #4230, .F. ) ;
#798 = CIRCLE ( 'NONE', #4146, 0.2999999999999999889 ) ;
#799 = DIRECTION ( 'NONE',  ( 0.000000000000000000, 0.000000000000000000, 1.000000000000000000 ) ) ;
#800 = FACE_OUTER_BOUND ( 'NONE', #4077, .T. ) ;
#801 = PRESENTATION_STYLE_ASSIGNMENT (( #4073 ) ) ;
#802 = PRESENTATION_LAYER_ASSIGNMENT (  '', '', ( #2754 ) ) ;
#803 = AXIS2_PLACEMENT_3D ( 'NONE', #2827, #2848, #1779 ) ;
#804 = PRESENTATION_LAYER_ASSIGNMENT (  '', '', ( #3306 ) ) ;
#805 = DIRECTION ( 'NONE',  ( 0.05233595624294389709, 0.000000000000000000, -0.9986295347545739443 ) ) ;
#806 = DIRECTION ( 'NONE',  ( 0.000000000000000000, 0.000000000000000000, 1.000000000000000000 ) ) ;
#807 = ORIENTED_EDGE ( 'NONE', *, *, #2937, .T. ) ;
#808 = VECTOR ( 'NONE', #2980, 1000.000000000000000 ) ;
#809 = EDGE_CURVE ( 'NONE', #366, #992, #3468, .T. ) ;
#810 = LINE ( 'NONE', #2303, #1707 ) ;
#811 = FILL_AREA_STYLE_COLOUR ( '', #3708 ) ;
#812 = DIRECTION ( 'NONE',  ( 2.404031325876695139E-16, -1.000000000000000000, 0.000000000000000000 ) ) ;
#813 = ORIENTED_EDGE ( 'NONE', *, *, #4396, .F. ) ;
#814 = EDGE_CURVE ( 'NONE', #410, #2088, #1621, .T. ) ;
#815 = LINE ( 'NONE', #3426, #1615 ) ;
#816 = DIRECTION ( 'NONE',  ( -1.000000000000000000, -2.353123974012615482E-15, 0.000000000000000000 ) ) ;
#817 = VERTEX_POINT ( 'NONE', #1739 ) ;
#818 = ORIENTED_EDGE ( 'NONE', *, *, #1202, .F. ) ;
#819 = ORIENTED_EDGE ( 'NONE', *, *, #667, .T. ) ;
#820 = DIRECTION ( 'NONE',  ( -8.998760675425409848E-17, 1.000000000000000000, 0.000000000000000000 ) ) ;
#821 = CARTESIAN_POINT ( 'NONE',  ( 2.471716000805965319, 2.100000000000000089, -0.5396908546970039522 ) ) ;
#822 = ORIENTED_EDGE ( 'NONE', *, *, #2314, .F. ) ;
#823 = CARTESIAN_POINT ( 'NONE',  ( 1.600000000000000089, -1.100000000000000089, -0.6999999999999999556 ) ) ;
#824 =( NAMED_UNIT ( * ) SI_UNIT ( $, .STERADIAN. ) SOLID_ANGLE_UNIT ( ) );
#825 = MECHANICAL_DESIGN_GEOMETRIC_PRESENTATION_REPRESENTATION (  '', ( #1995 ), #218 ) ;
#826 = PLANE ( 'NONE',  #4373 ) ;
#827 = CARTESIAN_POINT ( 'NONE',  ( 0.2103187164337325110, 2.110000814877110109, 0.3499999999999999778 ) ) ;
#828 = CARTESIAN_POINT ( 'NONE',  ( 2.500000000000000000, -3.299999999999999822, -7.608436298143899539E-15 ) ) ;
#829 = DIRECTION ( 'NONE',  ( 1.000000000000000000, 0.000000000000000000, -3.071906155375596554E-15 ) ) ;
#830 = VECTOR ( 'NONE', #3279, 1000.000000000000000 ) ;
#831 = ORIENTED_EDGE ( 'NONE', *, *, #4263, .T. ) ;
#832 = EDGE_CURVE ( 'NONE', #2705, #340, #1046, .T. ) ;
#833 = PRESENTATION_LAYER_ASSIGNMENT (  '', '', ( #4475 ) ) ;
#834 = DIRECTION ( 'NONE',  ( -1.000000000000000000, 4.818676322157800333E-16, -3.043374519257555240E-15 ) ) ;
#835 = DIRECTION ( 'NONE',  ( 0.05233595624294389709, 0.000000000000000000, 0.9986295347545739443 ) ) ;
#836 = SURFACE_SIDE_STYLE ('',( #358 ) ) ;
#837 = AXIS2_PLACEMENT_3D ( 'NONE', #720, #2545, #1034 ) ;
#838 = ORIENTED_EDGE ( 'NONE', *, *, #336, .T. ) ;
#839 = EDGE_CURVE ( 'NONE', #4065, #1136, #4000, .T. ) ;
#840 = AXIS2_PLACEMENT_3D ( 'NONE', #572, #1335, #3173 ) ;
#841 = PLANE ( 'NONE',  #3763 ) ;
#842 = FACE_OUTER_BOUND ( 'NONE', #4428, .T. ) ;
#843 = CYLINDRICAL_SURFACE ( 'NONE', #967, 0.2999999999999999889 ) ;
#844 = ORIENTED_EDGE ( 'NONE', *, *, #2426, .F. ) ;
#845 = ORIENTED_EDGE ( 'NONE', *, *, #3498, .T. ) ;
#846 = ORIENTED_EDGE ( 'NONE', *, *, #2667, .T. ) ;
#847 = DIRECTION ( 'NONE',  ( -1.776016655323405090E-16, 1.000000000000000000, 0.000000000000000000 ) ) ;
#848 = CARTESIAN_POINT ( 'NONE',  ( -2.463314554501874643, 0.000000000000000000, -0.6999999999999999556 ) ) ;
#849 = EDGE_CURVE ( 'NONE', #4404, #2230, #2164, .T. ) ;
#850 = CARTESIAN_POINT ( 'NONE',  ( -2.399999999999999911, 1.199999999999999956, -0.4699999999999999734 ) ) ;
#851 = FILL_AREA_STYLE_COLOUR ( '', #2894 ) ;
#852 = ORIENTED_EDGE ( 'NONE', *, *, #3612, .T. ) ;
#853 = ADVANCED_FACE ( 'NONE', ( #2533 ), #2923, .F. ) ;
#854 =( LENGTH_UNIT ( ) NAMED_UNIT ( * ) SI_UNIT ( .MILLI., .METRE. ) );
#855 =( NAMED_UNIT ( * ) SI_UNIT ( $, .STERADIAN. ) SOLID_ANGLE_UNIT ( ) );
#856 = CARTESIAN_POINT ( 'NONE',  ( -1.699999999999999956, 2.100000000000000089, -0.5699999999999999512 ) ) ;
#857 = FACE_OUTER_BOUND ( 'NONE', #1764, .T. ) ;
#858 = AXIS2_PLACEMENT_3D ( 'NONE', #4366, #1018, #3994 ) ;
#859 = DIRECTION ( 'NONE',  ( -4.822120870246889395E-16, 1.000000000000000000, 0.000000000000000000 ) ) ;
#860 = CARTESIAN_POINT ( 'NONE',  ( -1.680009069179265069, 2.500000000000000000, 1.750070525410790157E-16 ) ) ;
#861 = ORIENTED_EDGE ( 'NONE', *, *, #3749, .F. ) ;
#862 = PRESENTATION_LAYER_ASSIGNMENT (  '', '', ( #4284 ) ) ;
#863 = ADVANCED_FACE ( 'NONE', ( #1786 ), #3274, .F. ) ;
#864 = DIRECTION ( 'NONE',  ( 0.000000000000000000, 0.000000000000000000, -1.000000000000000000 ) ) ;
#865 = CARTESIAN_POINT ( 'NONE',  ( 2.399999999999999911, -1.199999999999999956, -0.2999999999999999889 ) ) ;
#866 = LINE ( 'NONE', #895, #194 ) ;
#867 = ORIENTED_EDGE ( 'NONE', *, *, #2505, .F. ) ;
#868 = ORIENTED_EDGE ( 'NONE', *, *, #2902, .F. ) ;
#869 = CARTESIAN_POINT ( 'NONE',  ( 1.699999999999999956, 2.100000000000000089, -0.7699999999999999067 ) ) ;
#870 = CARTESIAN_POINT ( 'NONE',  ( -2.399999999999999911, 2.100000000000000089, -0.4699999999999999734 ) ) ;
#871 =( GEOMETRIC_REPRESENTATION_CONTEXT ( 3 ) GLOBAL_UNCERTAINTY_ASSIGNED_CONTEXT ( ( #3218 ) ) GLOBAL_UNIT_ASSIGNED_CONTEXT ( ( #494, #1660, #824 ) ) REPRESENTATION_CONTEXT ( 'NONE', 'WORKASPACE' ) );
#872 = VERTEX_POINT ( 'NONE', #2118 ) ;
#873 = EDGE_CURVE ( 'NONE', #639, #1190, #1807, .T. ) ;
#874 = ADVANCED_FACE ( 'NONE', ( #1715 ), #1024, .T. ) ;
#875 =( NAMED_UNIT ( * ) SI_UNIT ( $, .STERADIAN. ) SOLID_ANGLE_UNIT ( ) );
#876 = FACE_BOUND ( 'NONE', #2386, .T. ) ;
#877 = ORIENTED_EDGE ( 'NONE', *, *, #1925, .T. ) ;
#878 = AXIS2_PLACEMENT_3D ( 'NONE', #285, #4358, #2543 ) ;
#879 = DIRECTION ( 'NONE',  ( 0.000000000000000000, 0.000000000000000000, -1.000000000000000000 ) ) ;
#880 = DIRECTION ( 'NONE',  ( 0.000000000000000000, 0.000000000000000000, 1.000000000000000000 ) ) ;
#881 = EDGE_CURVE ( 'NONE', #2934, #1169, #1151, .T. ) ;
#882 = LINE ( 'NONE', #425, #4308 ) ;
#883 = LINE ( 'NONE', #4261, #3663 ) ;
#884 = VERTEX_POINT ( 'NONE', #3747 ) ;
#885 = FILL_AREA_STYLE ('',( #3834 ) ) ;
#886 = AXIS2_PLACEMENT_3D ( 'NONE', #2111, #1710, #588 ) ;
#887 = CARTESIAN_POINT ( 'NONE',  ( 1.262305442492821950, 0.4570589046025529956, 0.3499999999999999778 ) ) ;
#888 = VECTOR ( 'NONE', #1944, 1000.000000000000000 ) ;
#889 = PLANE ( 'NONE',  #2866 ) ;
#890 = COLOUR_RGB ( '',1.000000000000000000, 1.000000000000000000, 1.000000000000000000 ) ;
#891 = COLOUR_RGB ( '',1.000000000000000000, 1.000000000000000000, 1.000000000000000000 ) ;
#892 = ORIENTED_EDGE ( 'NONE', *, *, #2955, .T. ) ;
#893 = DIRECTION ( 'NONE',  ( 0.000000000000000000, 0.000000000000000000, -1.000000000000000000 ) ) ;
#894 = PLANE ( 'NONE',  #1455 ) ;
#895 = CARTESIAN_POINT ( 'NONE',  ( -2.470127565808669878, 2.500000000000000000, -0.5699999999999999512 ) ) ;
#896 = VERTEX_POINT ( 'NONE', #421 ) ;
#897 = ORIENTED_EDGE ( 'NONE', *, *, #615, .F. ) ;
#898 = LINE ( 'NONE', #3870, #2102 ) ;
#899 = EDGE_CURVE ( 'NONE', #3031, #3908, #25, .T. ) ;
#900 = ADVANCED_FACE ( 'NONE', ( #1516 ), #1175, .T. ) ;
#901 = PRESENTATION_STYLE_ASSIGNMENT (( #228 ) ) ;
#902 = CARTESIAN_POINT ( 'NONE',  ( -2.500000000000000000, -1.100000000000000089, 0.000000000000000000 ) ) ;
#903 = ORIENTED_EDGE ( 'NONE', *, *, #529, .T. ) ;
#904 =( NAMED_UNIT ( * ) SI_UNIT ( $, .STERADIAN. ) SOLID_ANGLE_UNIT ( ) );
#905 = PLANE ( 'NONE',  #580 ) ;
#906 = EDGE_CURVE ( 'NONE', #3640, #1275, #2506, .T. ) ;
#907 = AXIS2_PLACEMENT_3D ( 'NONE', #436, #92, #4530 ) ;
#908 = DIRECTION ( 'NONE',  ( -1.000000000000000000, 0.000000000000000000, 0.000000000000000000 ) ) ;
#909 = CYLINDRICAL_SURFACE ( 'NONE', #4606, 0.1499999999999999667 ) ;
#910 = VECTOR ( 'NONE', #265, 1000.000000000000000 ) ;
#911 = AXIS2_PLACEMENT_3D ( 'NONE', #2727, #4740, #4295 ) ;
#912 = FACE_OUTER_BOUND ( 'NONE', #2017, .T. ) ;
#913 = DIRECTION ( 'NONE',  ( 0.000000000000000000, 1.000000000000000000, 0.000000000000000000 ) ) ;
#914 = EDGE_CURVE ( 'NONE', #2277, #4027, #1030, .T. ) ;
#915 = ORIENTED_EDGE ( 'NONE', *, *, #1564, .F. ) ;
#916 = PRESENTATION_LAYER_ASSIGNMENT (  '', '', ( #4040 ) ) ;
#917 = COLOUR_RGB ( '',1.000000000000000000, 1.000000000000000000, 1.000000000000000000 ) ;
#918 = FACE_OUTER_BOUND ( 'NONE', #3259, .T. ) ;
#919 = DIRECTION ( 'NONE',  ( 0.000000000000000000, -1.000000000000000000, 0.000000000000000000 ) ) ;
#920 = STYLED_ITEM ( 'NONE', ( #1358 ), #3299 ) ;
#921 = ORIENTED_EDGE ( 'NONE', *, *, #1803, .T. ) ;
#922 = PLANE ( 'NONE',  #1266 ) ;
#923 = VERTEX_POINT ( 'NONE', #2190 ) ;
#924 = MECHANICAL_DESIGN_GEOMETRIC_PRESENTATION_REPRESENTATION (  '', ( #3184 ), #1470 ) ;
#925 = ORIENTED_EDGE ( 'NONE', *, *, #2671, .T. ) ;
#926 = CARTESIAN_POINT ( 'NONE',  ( -1.680009069179265069, 2.465004534589634755, 0.4000000000000000222 ) ) ;
#927 = CARTESIAN_POINT ( 'NONE',  ( 2.500000000000000000, -2.500000000000000000, 0.000000000000000000 ) ) ;
#928 = ORIENTED_EDGE ( 'NONE', *, *, #4287, .F. ) ;
#929 = EDGE_LOOP ( 'NONE', ( #1575, #79, #1144, #396, #3265, #1438, #511, #3166, #2609, #903, #3092, #1315, #1958, #438, #1254, #2776, #2575, #1391, #462, #3415 ) ) ;
#930 = COLOUR_RGB ( '',1.000000000000000000, 1.000000000000000000, 1.000000000000000000 ) ;
#931 = EDGE_CURVE ( 'NONE', #4165, #1990, #1850, .T. ) ;
#932 = ADVANCED_FACE ( 'NONE', ( #3322 ), #4778, .F. ) ;
#933 = DIRECTION ( 'NONE',  ( 1.000000000000000000, -1.400746772075019846E-16, 0.000000000000000000 ) ) ;
#934 =( LENGTH_UNIT ( ) NAMED_UNIT ( * ) SI_UNIT ( .MILLI., .METRE. ) );
#935 = CARTESIAN_POINT ( 'NONE',  ( -0.1831650461902210036, -0.5332195235787650089, 0.3499999999999999778 ) ) ;
#936 = VECTOR ( 'NONE', #2950, 1000.000000000000000 ) ;
#937 = EDGE_CURVE ( 'NONE', #3740, #177, #570, .T. ) ;
#938 = SURFACE_SIDE_STYLE ('',( #479 ) ) ;
#939 =( NAMED_UNIT ( * ) PLANE_ANGLE_UNIT ( ) SI_UNIT ( $, .RADIAN. ) );
#940 = ORIENTED_EDGE ( 'NONE', *, *, #2708, .F. ) ;
#941 = ADVANCED_FACE ( 'NONE', ( #103 ), #2714, .T. ) ;
#942 = CARTESIAN_POINT ( 'NONE',  ( -0.5500000000000000444, -2.240667692902679864, -0.5699999999999999512 ) ) ;
#943 = FILL_AREA_STYLE ('',( #3961 ) ) ;
#944 = ORIENTED_EDGE ( 'NONE', *, *, #4431, .T. ) ;
#945 = PLANE ( 'NONE',  #4564 ) ;
#946 = VERTEX_POINT ( 'NONE', #3073 ) ;
#947 = ORIENTED_EDGE ( 'NONE', *, *, #696, .T. ) ;
#948 = CARTESIAN_POINT ( 'NONE',  ( 2.000000000000002665, 0.000000000000000000, 0.8000000000000000444 ) ) ;
#949 = DIRECTION ( 'NONE',  ( 0.000000000000000000, 0.000000000000000000, 1.000000000000000000 ) ) ;
#950 = ORIENTED_EDGE ( 'NONE', *, *, #2173, .T. ) ;
#951 = CARTESIAN_POINT ( 'NONE',  ( 1.699999999999999956, 1.199999999999999956, -0.7699999999999999067 ) ) ;
#952 = MECHANICAL_DESIGN_GEOMETRIC_PRESENTATION_REPRESENTATION (  '', ( #497 ), #4597 ) ;
#953 = PRESENTATION_STYLE_ASSIGNMENT (( #2447 ) ) ;
#954 = ORIENTED_EDGE ( 'NONE', *, *, #2745, .T. ) ;
#955 = CARTESIAN_POINT ( 'NONE',  ( -1.680009069179265069, 2.430009069179265069, 0.4000000000000000222 ) ) ;
#956 = FACE_OUTER_BOUND ( 'NONE', #1526, .T. ) ;
#957 = PRESENTATION_LAYER_ASSIGNMENT (  '', '', ( #3910 ) ) ;
#958 = ADVANCED_FACE ( 'NONE', ( #1642, #3462, #4188 ), #498, .T. ) ;
#959 = PRESENTATION_LAYER_ASSIGNMENT (  '', '', ( #964 ) ) ;
#960 = ADVANCED_FACE ( 'NONE', ( #4258 ), #2373, .F. ) ;
#961 = CARTESIAN_POINT ( 'NONE',  ( 1.600000000000000089, -2.200000000000000178, -0.5699999999999999512 ) ) ;
#962 = DIRECTION ( 'NONE',  ( 0.000000000000000000, 0.000000000000000000, -1.000000000000000000 ) ) ;
#963 = ORIENTED_EDGE ( 'NONE', *, *, #3630, .F. ) ;
#964 = STYLED_ITEM ( 'NONE', ( #4436 ), #4314 ) ;
#965 = ADVANCED_FACE ( 'NONE', ( #3853 ), #3149, .F. ) ;
#966 =( NAMED_UNIT ( * ) SI_UNIT ( $, .STERADIAN. ) SOLID_ANGLE_UNIT ( ) );
#967 = AXIS2_PLACEMENT_3D ( 'NONE', #3117, #486, #93 ) ;
#968 = CARTESIAN_POINT ( 'NONE',  ( 1.930905544980989985, 2.110000814877110109, 0.3499999999999999778 ) ) ;
#969 = EDGE_CURVE ( 'NONE', #2326, #2358, #798, .T. ) ;
#970 = MANIFOLD_SOLID_BREP ( 'NONE', #4752 ) ;
#971 = ORIENTED_EDGE ( 'NONE', *, *, #3015, .F. ) ;
#972 = VERTEX_POINT ( 'NONE', #635 ) ;
#973 = LINE ( 'NONE', #4701, #1036 ) ;
#974 = ORIENTED_EDGE ( 'NONE', *, *, #463, .F. ) ;
#975 = LINE ( 'NONE', #3647, #319 ) ;
#976 = UNCERTAINTY_MEASURE_WITH_UNIT (LENGTH_MEASURE( 1.000000000000000082E-05 ), #3623, 'distance_accuracy_value', 'NONE');
#977 = EDGE_CURVE ( 'NONE', #2, #2436, #3756, .T. ) ;
#978 = CARTESIAN_POINT ( 'NONE',  ( 0.000000000000000000, 0.000000000000000000, 0.000000000000000000 ) ) ;
#979 = DIRECTION ( 'NONE',  ( 0.000000000000000000, 0.000000000000000000, -1.000000000000000000 ) ) ;
#980 = VERTEX_POINT ( 'NONE', #250 ) ;
#981 = DIRECTION ( 'NONE',  ( -1.000000000000000000, 2.710505431213760099E-16, 0.000000000000000000 ) ) ;
#982 = LINE ( 'NONE', #3178, #3678 ) ;
#983 = CARTESIAN_POINT ( 'NONE',  ( 1.930905544980989985, -2.056952929731179935, 0.2999999999999999889 ) ) ;
#984 = CARTESIAN_POINT ( 'NONE',  ( 1.930905544980989985, 0.8251250982098670139, 0.2999999999999999889 ) ) ;
#985 = AXIS2_PLACEMENT_3D ( 'NONE', #1909, #2623, #3762 ) ;
#986 = CARTESIAN_POINT ( 'NONE',  ( 0.000000000000000000, -2.100000000000000089, -0.5699999999999999512 ) ) ;
#987 = DIRECTION ( 'NONE',  ( 0.000000000000000000, 1.000000000000000000, 0.000000000000000000 ) ) ;
#988 = EDGE_CURVE ( 'NONE', #3326, #3867, #3620, .T. ) ;
#989 = FILL_AREA_STYLE ('',( #1389 ) ) ;
#990 = VECTOR ( 'NONE', #2492, 1000.000000000000000 ) ;
#991 = ORIENTED_EDGE ( 'NONE', *, *, #551, .F. ) ;
#992 = VERTEX_POINT ( 'NONE', #2160 ) ;
#993 = LINE ( 'NONE', #3967, #3598 ) ;
#994 = EDGE_LOOP ( 'NONE', ( #1780, #154, #4175, #4737, #3216, #3380, #4408, #3768, #1689, #2959, #897, #2462, #4364, #2018, #2694, #1451, #1730, #4552, #3390, #1753 ) ) ;
#995 = ORIENTED_EDGE ( 'NONE', *, *, #2238, .T. ) ;
#996 = LINE ( 'NONE', #2486, #4276 ) ;
#997 = ADVANCED_FACE ( 'NONE', ( #3923 ), #2811, .F. ) ;
#998 = DIRECTION ( 'NONE',  ( 0.000000000000000000, 0.000000000000000000, 1.000000000000000000 ) ) ;
#999 = CARTESIAN_POINT ( 'NONE',  ( -2.500000000000000000, -2.500000000000000000, 0.000000000000000000 ) ) ;
#1000 = AXIS2_PLACEMENT_3D ( 'NONE', #1813, #1743, #3563 ) ;
#1001 = VECTOR ( 'NONE', #979, 1000.000000000000000 ) ;
#1002 = VERTEX_POINT ( 'NONE', #2467 ) ;
#1003 = SURFACE_SIDE_STYLE ('',( #640 ) ) ;
#1004 = CARTESIAN_POINT ( 'NONE',  ( -2.470127565808669878, -2.100000000000000089, -0.5699999999999999512 ) ) ;
#1005 = ORIENTED_EDGE ( 'NONE', *, *, #2918, .T. ) ;
#1006 = ORIENTED_EDGE ( 'NONE', *, *, #4580, .F. ) ;
#1007 = FACE_OUTER_BOUND ( 'NONE', #4450, .T. ) ;
#1008 = DIRECTION ( 'NONE',  ( 0.000000000000000000, 1.000000000000000000, 0.000000000000000000 ) ) ;
#1009 = CARTESIAN_POINT ( 'NONE',  ( -2.500000000000000000, -1.199999999999999956, -0.2999999999999999889 ) ) ;
#1010 = FACE_OUTER_BOUND ( 'NONE', #3934, .T. ) ;
#1011 =( NAMED_UNIT ( * ) PLANE_ANGLE_UNIT ( ) SI_UNIT ( $, .RADIAN. ) );
#1012 = DIRECTION ( 'NONE',  ( 0.000000000000000000, 0.000000000000000000, 1.000000000000000000 ) ) ;
#1013 = ORIENTED_EDGE ( 'NONE', *, *, #3348, .F. ) ;
#1014 = CIRCLE ( 'NONE', #858, 0.1499999999999999667 ) ;
#1015 = ORIENTED_EDGE ( 'NONE', *, *, #2572, .T. ) ;
#1016 = CARTESIAN_POINT ( 'NONE',  ( -2.399999999999999911, 2.100000000000000089, -0.2999999999999999889 ) ) ;
#1017 = VERTEX_POINT ( 'NONE', #4305 ) ;
#1018 = DIRECTION ( 'NONE',  ( 0.000000000000000000, 0.000000000000000000, 1.000000000000000000 ) ) ;
#1019 = EDGE_CURVE ( 'NONE', #4629, #21, #996, .T. ) ;
#1020 = EDGE_CURVE ( 'NONE', #1590, #3286, #975, .T. ) ;
#1021 = CARTESIAN_POINT ( 'NONE',  ( 2.486873320506370444, 2.100000000000000089, -0.2504719656739949896 ) ) ;
#1022 = VECTOR ( 'NONE', #163, 1000.000000000000000 ) ;
#1023 = ORIENTED_EDGE ( 'NONE', *, *, #1638, .T. ) ;
#1024 = PLANE ( 'NONE',  #1577 ) ;
#1025 = DIRECTION ( 'NONE',  ( 1.400746772075019846E-16, 1.000000000000000000, 0.000000000000000000 ) ) ;
#1026 = LINE ( 'NONE', #4024, #505 ) ;
#1027 = ORIENTED_EDGE ( 'NONE', *, *, #2427, .F. ) ;
#1028 = CARTESIAN_POINT ( 'NONE',  ( 0.000000000000000000, -2.200000000000000178, -0.6999999999999999556 ) ) ;
#1030 = CIRCLE ( 'NONE', #3748, 2.000000000000000000 ) ;
#1029 = FACE_OUTER_BOUND ( 'NONE', #1160, .T. ) ;
#1031 =( GEOMETRIC_REPRESENTATION_CONTEXT ( 3 ) GLOBAL_UNCERTAINTY_ASSIGNED_CONTEXT ( ( #397 ) ) GLOBAL_UNIT_ASSIGNED_CONTEXT ( ( #207, #3804, #3970 ) ) REPRESENTATION_CONTEXT ( 'NONE', 'WORKASPACE' ) );
#1032 = CARTESIAN_POINT ( 'NONE',  ( 2.399999999999999911, 2.100000000000000089, -0.2999999999999999889 ) ) ;
#1033 = LINE ( 'NONE', #2981, #2764 ) ;
#1034 = DIRECTION ( 'NONE',  ( -1.000000000000000000, 0.000000000000000000, -3.071906155375596554E-15 ) ) ;
#1035 = MECHANICAL_DESIGN_GEOMETRIC_PRESENTATION_REPRESENTATION (  '', ( #4751 ), #109 ) ;
#1036 = VECTOR ( 'NONE', #2808, 1000.000000000000000 ) ;
#1037 = AXIS2_PLACEMENT_3D ( 'NONE', #4583, #1271, #4220 ) ;
#1038 = VECTOR ( 'NONE', #3818, 1000.000000000000000 ) ;
#1039 = CARTESIAN_POINT ( 'NONE',  ( -1.699999999999999956, -1.199999999999999956, -0.5699999999999999512 ) ) ;
#1040 = SURFACE_STYLE_FILL_AREA ( #1143 ) ;
#1041 = VERTEX_POINT ( 'NONE', #2893 ) ;
#1042 = VERTEX_POINT ( 'NONE', #1685 ) ;
#1043 = DIRECTION ( 'NONE',  ( 0.000000000000000000, 0.000000000000000000, -1.000000000000000000 ) ) ;
#1044 = CARTESIAN_POINT ( 'NONE',  ( -0.9960286258184729569, -0.5332195235787650089, 0.2999999999999999889 ) ) ;
#1045 = EDGE_LOOP ( 'NONE', ( #2502, #4616, #4516, #1302, #1676, #4647, #2916, #3488, #1255 ) ) ;
#1046 = LINE ( 'NONE', #660, #4357 ) ;
#1047 = CARTESIAN_POINT ( 'NONE',  ( -0.1831650461902200322, -0.6832195235787649201, 0.3499999999999999778 ) ) ;
#1048 = ADVANCED_FACE ( 'NONE', ( #4704 ), #3553, .F. ) ;
#1049 =( NAMED_UNIT ( * ) SI_UNIT ( $, .STERADIAN. ) SOLID_ANGLE_UNIT ( ) );
#1050 = VERTEX_POINT ( 'NONE', #4349 ) ;
#1051 = DIRECTION ( 'NONE',  ( 0.000000000000000000, 0.000000000000000000, -1.000000000000000000 ) ) ;
#1052 = ORIENTED_EDGE ( 'NONE', *, *, #4062, .F. ) ;
#1053 = CARTESIAN_POINT ( 'NONE',  ( 2.700000000000000178, -2.100000000000000089, -0.4699999999999999734 ) ) ;
#1054 = CARTESIAN_POINT ( 'NONE',  ( 2.463314554501874643, 1.100000000000000089, -0.6999999999999999556 ) ) ;
#1055 = EDGE_CURVE ( 'NONE', #1437, #3609, #1014, .T. ) ;
#1056 = VECTOR ( 'NONE', #1484, 1000.000000000000000 ) ;
#1057 = PRESENTATION_STYLE_ASSIGNMENT (( #2130 ) ) ;
#1058 = EDGE_CURVE ( 'NONE', #2731, #1323, #657, .T. ) ;
#1059 = DIRECTION ( 'NONE',  ( 0.000000000000000000, 1.000000000000000000, 0.000000000000000000 ) ) ;
#1060 = FACE_OUTER_BOUND ( 'NONE', #1842, .T. ) ;
#1061 = FILL_AREA_STYLE ('',( #291 ) ) ;
#1062 = DIRECTION ( 'NONE',  ( 1.000000000000000000, 0.000000000000000000, 0.000000000000000000 ) ) ;
#1063 = VECTOR ( 'NONE', #1791, 1000.000000000000000 ) ;
#1064 = ORIENTED_EDGE ( 'NONE', *, *, #3268, .F. ) ;
#1065 = LINE ( 'NONE', #4045, #3823 ) ;
#1066 = UNCERTAINTY_MEASURE_WITH_UNIT (LENGTH_MEASURE( 1.000000000000000082E-05 ), #3370, 'distance_accuracy_value', 'NONE');
#1067 =( GEOMETRIC_REPRESENTATION_CONTEXT ( 3 ) GLOBAL_UNCERTAINTY_ASSIGNED_CONTEXT ( ( #4802 ) ) GLOBAL_UNIT_ASSIGNED_CONTEXT ( ( #1600, #3106, #2353 ) ) REPRESENTATION_CONTEXT ( 'NONE', 'WORKASPACE' ) );
#1068 = LINE ( 'NONE', #4049, #1735 ) ;
#1069 = DIRECTION ( 'NONE',  ( 0.000000000000000000, 0.000000000000000000, -1.000000000000000000 ) ) ;
#1070 = DIRECTION ( 'NONE',  ( 1.000000000000000000, 4.818676322157800333E-16, 0.000000000000000000 ) ) ;
#1071 =( NAMED_UNIT ( * ) PLANE_ANGLE_UNIT ( ) SI_UNIT ( $, .RADIAN. ) );
#1072 = AXIS2_PLACEMENT_3D ( 'NONE', #260, #4339, #665 ) ;
#1073 = EDGE_CURVE ( 'NONE', #2907, #3573, #3170, .T. ) ;
#1074 = AXIS2_PLACEMENT_3D ( 'NONE', #478, #4309, #4666 ) ;
#1075 = CARTESIAN_POINT ( 'NONE',  ( 2.399999999999999911, -2.100000000000000089, -0.4699999999999999734 ) ) ;
#1076 = VERTEX_POINT ( 'NONE', #2529 ) ;
#1077 = FILL_AREA_STYLE_COLOUR ( '', #226 ) ;
#1078 = CYLINDRICAL_SURFACE ( 'NONE', #1970, 0.2999999999999999334 ) ;
#1079 = VECTOR ( 'NONE', #2266, 1000.000000000000000 ) ;
#1080 = DIRECTION ( 'NONE',  ( 0.000000000000000000, 0.000000000000000000, -1.000000000000000000 ) ) ;
#1081 = LINE ( 'NONE', #2568, #451 ) ;
#1082 = DIRECTION ( 'NONE',  ( 1.000000000000000000, 0.000000000000000000, 0.000000000000000000 ) ) ;
#1083 = VECTOR ( 'NONE', #754, 1000.000000000000000 ) ;
#1084 = EDGE_CURVE ( 'NONE', #340, #2021, #4281, .T. ) ;
#1085 = FACE_BOUND ( 'NONE', #577, .T. ) ;
#1086 =( LENGTH_UNIT ( ) NAMED_UNIT ( * ) SI_UNIT ( .MILLI., .METRE. ) );
#1087 =( LENGTH_UNIT ( ) NAMED_UNIT ( * ) SI_UNIT ( .MILLI., .METRE. ) );
#1088 = EDGE_CURVE ( 'NONE', #177, #54, #3292, .T. ) ;
#1089 = ORIENTED_EDGE ( 'NONE', *, *, #2427, .T. ) ;
#1090 = ORIENTED_EDGE ( 'NONE', *, *, #398, .T. ) ;
#1091 = VECTOR ( 'NONE', #2445, 1000.000000000000000 ) ;
#1092 = DIRECTION ( 'NONE',  ( 1.000000000000000000, 1.185975313885232060E-16, 0.000000000000000000 ) ) ;
#1093 = MECHANICAL_DESIGN_GEOMETRIC_PRESENTATION_REPRESENTATION (  '', ( #2880 ), #2178 ) ;
#1094 = VERTEX_POINT ( 'NONE', #1898 ) ;
#1095 = DIRECTION ( 'NONE',  ( 1.000000000000000000, 0.000000000000000000, 0.000000000000000000 ) ) ;
#1096 = DIRECTION ( 'NONE',  ( 1.000000000000000000, 2.710505431213760099E-16, 0.000000000000000000 ) ) ;
#1097 = ORIENTED_EDGE ( 'NONE', *, *, #1258, .F. ) ;
#1098 = DIRECTION ( 'NONE',  ( 0.000000000000000000, -1.000000000000000000, 0.000000000000000000 ) ) ;
#1099 = VECTOR ( 'NONE', #4801, 1000.000000000000000 ) ;
#1100 = AXIS2_PLACEMENT_3D ( 'NONE', #3130, #3902, #3535 ) ;
#1101 = ORIENTED_EDGE ( 'NONE', *, *, #3830, .T. ) ;
#1102 = DIRECTION ( 'NONE',  ( 0.000000000000000000, 0.000000000000000000, 1.000000000000000000 ) ) ;
#1103 = ORIENTED_EDGE ( 'NONE', *, *, #4231, .T. ) ;
#1104 = LINE ( 'NONE', #2197, #1236 ) ;
#1105 = VERTEX_POINT ( 'NONE', #363 ) ;
#1106 = AXIS2_PLACEMENT_3D ( 'NONE', #1365, #3636, #2494 ) ;
#1107 = DIRECTION ( 'NONE',  ( -1.000000000000000000, -8.998760675425409848E-17, 0.000000000000000000 ) ) ;
#1108 = FACE_OUTER_BOUND ( 'NONE', #1168, .T. ) ;
#1109 = ADVANCED_FACE ( 'NONE', ( #2946 ), #3361, .F. ) ;
#1110 = DIRECTION ( 'NONE',  ( -1.000000000000000000, 2.710505431213760099E-16, 0.000000000000000000 ) ) ;
#1111 = VECTOR ( 'NONE', #3654, 1000.000000000000000 ) ;
#1112 = PRESENTATION_STYLE_ASSIGNMENT (( #16 ) ) ;
#1113 = VECTOR ( 'NONE', #1755, 1000.000000000000114 ) ;
#1114 = DIRECTION ( 'NONE',  ( -1.000000000000000000, 0.000000000000000000, 0.000000000000000000 ) ) ;
#1115 = ORIENTED_EDGE ( 'NONE', *, *, #1218, .T. ) ;
#1116 = VERTEX_POINT ( 'NONE', #3694 ) ;
#1117 = ADVANCED_FACE ( 'NONE', ( #3720 ), #726, .F. ) ;
#1118 = DIRECTION ( 'NONE',  ( 0.000000000000000000, 0.000000000000000000, -1.000000000000000000 ) ) ;
#1119 = UNCERTAINTY_MEASURE_WITH_UNIT (LENGTH_MEASURE( 1.000000000000000082E-05 ), #708, 'distance_accuracy_value', 'NONE');
#1120 = COLOUR_RGB ( '',1.000000000000000000, 1.000000000000000000, 1.000000000000000000 ) ;
#1121 = AXIS2_PLACEMENT_3D ( 'NONE', #17, #1485, #1062 ) ;
#1122 = VERTEX_POINT ( 'NONE', #3670 ) ;
#1123 = DIRECTION ( 'NONE',  ( 1.000000000000000000, 0.000000000000000000, 0.000000000000000000 ) ) ;
#1124 = DIRECTION ( 'NONE',  ( 1.000000000000000000, 0.000000000000000000, 0.000000000000000000 ) ) ;
#1125 = ORIENTED_EDGE ( 'NONE', *, *, #3726, .T. ) ;
#1126 = EDGE_CURVE ( 'NONE', #2288, #3189, #750, .T. ) ;
#1127 = PRESENTATION_STYLE_ASSIGNMENT (( #733 ) ) ;
#1128 = MECHANICAL_DESIGN_GEOMETRIC_PRESENTATION_REPRESENTATION (  '', ( #1518 ), #4006 ) ;
#1129 = SURFACE_STYLE_USAGE ( .BOTH. , #2614 ) ;
#1130 = ORIENTED_EDGE ( 'NONE', *, *, #839, .F. ) ;
#1131 = DIRECTION ( 'NONE',  ( -1.194186020286708007E-16, 1.000000000000000000, 0.000000000000000000 ) ) ;
#1132 = FACE_BOUND ( 'NONE', #4371, .T. ) ;
#1133 = ORIENTED_EDGE ( 'NONE', *, *, #4726, .F. ) ;
#1134 = DIRECTION ( 'NONE',  ( 0.000000000000000000, 0.000000000000000000, -1.000000000000000000 ) ) ;
#1135 = DIRECTION ( 'NONE',  ( 0.000000000000000000, -1.000000000000000000, 0.000000000000000000 ) ) ;
#1136 = VERTEX_POINT ( 'NONE', #20 ) ;
#1137 = LINE ( 'NONE', #2987, #1279 ) ;
#1138 = ORIENTED_EDGE ( 'NONE', *, *, #2960, .T. ) ;
#1139 = DIRECTION ( 'NONE',  ( -3.043374519257555240E-15, 0.000000000000000000, 1.000000000000000000 ) ) ;
#1140 = EDGE_CURVE ( 'NONE', #3213, #1486, #2236, .T. ) ;
#1141 = CARTESIAN_POINT ( 'NONE',  ( 1.699999999999999956, -2.100000000000000089, -0.5699999999999999512 ) ) ;
#1142 = DIRECTION ( 'NONE',  ( 0.000000000000000000, 0.000000000000000000, -1.000000000000000000 ) ) ;
#1143 = FILL_AREA_STYLE ('',( #1866 ) ) ;
#1144 = ORIENTED_EDGE ( 'NONE', *, *, #2965, .F. ) ;
#1145 = ORIENTED_EDGE ( 'NONE', *, *, #466, .F. ) ;
#1146 = PLANE ( 'NONE',  #3737 ) ;
#1147 = AXIS2_PLACEMENT_3D ( 'NONE', #315, #2847, #4322 ) ;
#1148 = ORIENTED_EDGE ( 'NONE', *, *, #2208, .T. ) ;
#1149 = DIRECTION ( 'NONE',  ( 0.000000000000000000, 0.000000000000000000, 1.000000000000000000 ) ) ;
#1150 = DIRECTION ( 'NONE',  ( 0.000000000000000000, -1.000000000000000000, 0.000000000000000000 ) ) ;
#1151 = LINE ( 'NONE', #3027, #2186 ) ;
#1152 = CARTESIAN_POINT ( 'NONE',  ( 2.500000000000000000, 2.500000000000000000, 0.000000000000000000 ) ) ;
#1153 = CIRCLE ( 'NONE', #297, 0.1499999999999999944 ) ;
#1154 = EDGE_CURVE ( 'NONE', #1590, #2930, #4390, .T. ) ;
#1155 = ORIENTED_EDGE ( 'NONE', *, *, #4431, .F. ) ;
#1156 = CARTESIAN_POINT ( 'NONE',  ( -0.03316504619022000305, -2.056952929731179935, 0.3499999999999999778 ) ) ;
#1157 = AXIS2_PLACEMENT_3D ( 'NONE', #3369, #3327, #1474 ) ;
#1158 = CARTESIAN_POINT ( 'NONE',  ( 1.600000000000000089, 2.200000000000000178, -0.6999999999999999556 ) ) ;
#1159 = CARTESIAN_POINT ( 'NONE',  ( -1.699999999999999956, -2.100000000000000089, -0.7699999999999999067 ) ) ;
#1160 = EDGE_LOOP ( 'NONE', ( #4519, #4224, #4115, #1616 ) ) ;
#1161 = DIRECTION ( 'NONE',  ( 0.000000000000000000, 0.000000000000000000, 1.000000000000000000 ) ) ;
#1162 = PRESENTATION_LAYER_ASSIGNMENT (  '', '', ( #3261 ) ) ;
#1163 = AXIS2_PLACEMENT_3D ( 'NONE', #2896, #3672, #1095 ) ;
#1164 = ORIENTED_EDGE ( 'NONE', *, *, #1563, .F. ) ;
#1165 = SURFACE_STYLE_USAGE ( .BOTH. , #4478 ) ;
#1166 = CARTESIAN_POINT ( 'NONE',  ( 1.262305442492821950, 0.6070589046025529623, 0.2999999999999999889 ) ) ;
#1167 = LINE ( 'NONE', #2361, #3604 ) ;
#1168 = EDGE_LOOP ( 'NONE', ( #3503, #1821, #3655, #2832 ) ) ;
#1169 = VERTEX_POINT ( 'NONE', #4429 ) ;
#1170 = FILL_AREA_STYLE_COLOUR ( '', #4637 ) ;
#1171 = DIRECTION ( 'NONE',  ( 0.000000000000000000, 1.000000000000000000, 0.000000000000000000 ) ) ;
#1172 = VECTOR ( 'NONE', #3699, 1000.000000000000000 ) ;
#1173 = DIRECTION ( 'NONE',  ( 0.000000000000000000, 0.000000000000000000, -1.000000000000000000 ) ) ;
#1174 = CARTESIAN_POINT ( 'NONE',  ( -2.471716000805965319, -2.100000000000000089, -0.5396908546970039522 ) ) ;
#1175 = PLANE ( 'NONE',  #3056 ) ;
#1176 = PRESENTATION_STYLE_ASSIGNMENT (( #279 ) ) ;
#1177 = EDGE_CURVE ( 'NONE', #4267, #177, #3742, .T. ) ;
#1178 = AXIS2_PLACEMENT_3D ( 'NONE', #1398, #2503, #2872 ) ;
#1179 = FACE_OUTER_BOUND ( 'NONE', #3732, .T. ) ;
#1180 = VECTOR ( 'NONE', #3067, 1000.000000000000000 ) ;
#1181 = LINE ( 'NONE', #761, #277 ) ;
#1182 = ORIENTED_EDGE ( 'NONE', *, *, #2213, .T. ) ;
#1183 = DIRECTION ( 'NONE',  ( 1.000000000000000000, 0.000000000000000000, 0.000000000000000000 ) ) ;
#1184 = ADVANCED_FACE ( 'NONE', ( #416 ), #1146, .F. ) ;
#1185 = ORIENTED_EDGE ( 'NONE', *, *, #143, .F. ) ;
#1186 = CARTESIAN_POINT ( 'NONE',  ( 2.399999999999999911, 2.100000000000000089, -0.2999999999999999889 ) ) ;
#1187 = CARTESIAN_POINT ( 'NONE',  ( 2.399999999999999911, -2.100000000000000089, -0.2999999999999999889 ) ) ;
#1188 =( GEOMETRIC_REPRESENTATION_CONTEXT ( 3 ) GLOBAL_UNCERTAINTY_ASSIGNED_CONTEXT ( ( #4192 ) ) GLOBAL_UNIT_ASSIGNED_CONTEXT ( ( #1644, #4575, #3833 ) ) REPRESENTATION_CONTEXT ( 'NONE', 'WORKASPACE' ) );
#1189 = DIRECTION ( 'NONE',  ( -3.043374519257555240E-15, 0.000000000000000000, -1.000000000000000000 ) ) ;
#1190 = VERTEX_POINT ( 'NONE', #2657 ) ;
#1191 = VECTOR ( 'NONE', #1259, 1000.000000000000000 ) ;
#1192 = FILL_AREA_STYLE_COLOUR ( '', #1364 ) ;
#1193 = CARTESIAN_POINT ( 'NONE',  ( -2.399999999999999911, -1.199999999999999956, -0.2999999999999999889 ) ) ;
#1194 = DIRECTION ( 'NONE',  ( 0.000000000000000000, -1.000000000000000000, 0.000000000000000000 ) ) ;
#1195 = ORIENTED_EDGE ( 'NONE', *, *, #105, .F. ) ;
#1196 = ORIENTED_EDGE ( 'NONE', *, *, #379, .T. ) ;
#1197 = CARTESIAN_POINT ( 'NONE',  ( 2.700000000000000178, 1.301042606982605912E-15, -0.4699999999999999734 ) ) ;
#1198 = FACE_OUTER_BOUND ( 'NONE', #2661, .T. ) ;
#1199 = ORIENTED_EDGE ( 'NONE', *, *, #1536, .F. ) ;
#1200 = CARTESIAN_POINT ( 'NONE',  ( -2.399999999999999911, -1.199999999999999956, -0.7699999999999999067 ) ) ;
#1201 = FILL_AREA_STYLE ('',( #1303 ) ) ;
#1202 = EDGE_CURVE ( 'NONE', #2337, #2907, #796, .T. ) ;
#1203 = CARTESIAN_POINT ( 'NONE',  ( 2.700000000000000178, 2.100000000000000089, -0.5699999999999999512 ) ) ;
#1204 = FACE_OUTER_BOUND ( 'NONE', #1403, .T. ) ;
#1205 = ORIENTED_EDGE ( 'NONE', *, *, #2795, .F. ) ;
#1206 = CARTESIAN_POINT ( 'NONE',  ( 0.5500000000000000444, -1.050000000000000044, -0.5699999999999999512 ) ) ;
#1207 = STYLED_ITEM ( 'NONE', ( #3400 ), #4448 ) ;
#1208 = VECTOR ( 'NONE', #4202, 1000.000000000000000 ) ;
#1209 = EDGE_CURVE ( 'NONE', #1649, #4351, #1065, .T. ) ;
#1210 = PLANE ( 'NONE',  #3381 ) ;
#1211 =( NAMED_UNIT ( * ) SI_UNIT ( $, .STERADIAN. ) SOLID_ANGLE_UNIT ( ) );
#1212 = EDGE_CURVE ( 'NONE', #1190, #102, #2184, .T. ) ;
#1213 = ORIENTED_EDGE ( 'NONE', *, *, #1925, .F. ) ;
#1214 = SURFACE_SIDE_STYLE ('',( #3055 ) ) ;
#1215 = LINE ( 'NONE', #554, #4781 ) ;
#1216 = FILL_AREA_STYLE_COLOUR ( '', #2551 ) ;
#1217 = EDGE_CURVE ( 'NONE', #1313, #1042, #1611, .T. ) ;
#1218 = EDGE_CURVE ( 'NONE', #2337, #2892, #3094, .T. ) ;
#1219 = DIRECTION ( 'NONE',  ( -0.05233595624294389709, 7.966796444468710527E-18, -0.9986295347545739443 ) ) ;
#1220 = DIRECTION ( 'NONE',  ( 1.000000000000000000, 0.000000000000000000, 0.000000000000000000 ) ) ;
#1221 = DIRECTION ( 'NONE',  ( 1.000000000000000000, 0.000000000000000000, 0.000000000000000000 ) ) ;
#1222 = VERTEX_POINT ( 'NONE', #3483 ) ;
#1223 = ORIENTED_EDGE ( 'NONE', *, *, #2863, .F. ) ;
#1224 = SURFACE_STYLE_FILL_AREA ( #2191 ) ;
#1225 = CYLINDRICAL_SURFACE ( 'NONE', #3357, 0.09999999999999982514 ) ;
#1226 = CARTESIAN_POINT ( 'NONE',  ( 2.500000000000000000, -1.199999999999999956, -0.5699999999999999512 ) ) ;
#1227 = LINE ( 'NONE', #1281, #1191 ) ;
#1228 = VECTOR ( 'NONE', #3942, 1000.000000000000000 ) ;
#1229 = ORIENTED_EDGE ( 'NONE', *, *, #809, .T. ) ;
#1230 = DIRECTION ( 'NONE',  ( -2.000708728360074935E-16, 1.000000000000000000, 0.000000000000000000 ) ) ;
#1231 = DIRECTION ( 'NONE',  ( 1.000000000000000000, 0.000000000000000000, -3.252606517456518824E-15 ) ) ;
#1232 = MECHANICAL_DESIGN_GEOMETRIC_PRESENTATION_REPRESENTATION (  '', ( #1770 ), #139 ) ;
#1233 = ORIENTED_EDGE ( 'NONE', *, *, #2339, .F. ) ;
#1234 = CARTESIAN_POINT ( 'NONE',  ( -1.699999999999999956, -1.199999999999999956, -0.7699999999999999067 ) ) ;
#1235 = CARTESIAN_POINT ( 'NONE',  ( -2.463314554501874643, -1.100000000000000089, -0.6999999999999999556 ) ) ;
#1236 = VECTOR ( 'NONE', #4398, 1000.000000000000000 ) ;
#1237 = DIRECTION ( 'NONE',  ( -1.000000000000000000, 0.000000000000000000, 0.000000000000000000 ) ) ;
#1238 = VERTEX_POINT ( 'NONE', #4510 ) ;
#1239 = EDGE_CURVE ( 'NONE', #1486, #972, #3431, .T. ) ;
#1240 = EDGE_CURVE ( 'NONE', #4248, #382, #3045, .T. ) ;
#1241 = LINE ( 'NONE', #3950, #1001 ) ;
#1242 =( NAMED_UNIT ( * ) PLANE_ANGLE_UNIT ( ) SI_UNIT ( $, .RADIAN. ) );
#1243 = EDGE_LOOP ( 'NONE', ( #4749, #3443, #116, #1027 ) ) ;
#1244 = FILL_AREA_STYLE_COLOUR ( '', #2084 ) ;
#1245 = VECTOR ( 'NONE', #694, 1000.000000000000114 ) ;
#1246 = ORIENTED_EDGE ( 'NONE', *, *, #3734, .F. ) ;
#1247 = EDGE_CURVE ( 'NONE', #2867, #130, #2574, .T. ) ;
#1248 = VECTOR ( 'NONE', #1648, 1000.000000000000000 ) ;
#1249 = AXIS2_PLACEMENT_3D ( 'NONE', #2070, #2469, #4549 ) ;
#1250 = CARTESIAN_POINT ( 'NONE',  ( 2.500000000000000000, 1.100000000000000089, -1.113822951755387926E-17 ) ) ;
#1251 = CARTESIAN_POINT ( 'NONE',  ( 1.600000000000000089, 1.100000000000000089, -0.6999999999999999556 ) ) ;
#1252 = CARTESIAN_POINT ( 'NONE',  ( -1.699999999999999956, -1.199999999999999956, -0.5699999999999999512 ) ) ;
#1253 = ORIENTED_EDGE ( 'NONE', *, *, #1650, .F. ) ;
#1254 = ORIENTED_EDGE ( 'NONE', *, *, #4294, .T. ) ;
#1255 = ORIENTED_EDGE ( 'NONE', *, *, #37, .T. ) ;
#1256 = LINE ( 'NONE', #3188, #4034 ) ;
#1257 = DIRECTION ( 'NONE',  ( 0.000000000000000000, 0.000000000000000000, -1.000000000000000000 ) ) ;
#1258 = EDGE_CURVE ( 'NONE', #477, #3031, #2732, .T. ) ;
#1259 = DIRECTION ( 'NONE',  ( 0.000000000000000000, 0.000000000000000000, 1.000000000000000000 ) ) ;
#1260 = ORIENTED_EDGE ( 'NONE', *, *, #3079, .F. ) ;
#1261 = FILL_AREA_STYLE ('',( #161 ) ) ;
#1262 = DIRECTION ( 'NONE',  ( 2.409338161078900167E-16, 1.000000000000000000, 0.000000000000000000 ) ) ;
#1263 = LINE ( 'NONE', #1980, #3905 ) ;
#1264 = CARTESIAN_POINT ( 'NONE',  ( 1.699999999999999956, -2.100000000000000089, -0.5699999999999999512 ) ) ;
#1265 = VECTOR ( 'NONE', #1043, 1000.000000000000000 ) ;
#1266 = AXIS2_PLACEMENT_3D ( 'NONE', #3771, #127, #441 ) ;
#1267 =( NAMED_UNIT ( * ) SI_UNIT ( $, .STERADIAN. ) SOLID_ANGLE_UNIT ( ) );
#1268 = ORIENTED_EDGE ( 'NONE', *, *, #257, .F. ) ;
#1269 = EDGE_CURVE ( 'NONE', #3875, #1447, #4535, .T. ) ;
#1270 = COLOUR_RGB ( '',1.000000000000000000, 1.000000000000000000, 1.000000000000000000 ) ;
#1271 = DIRECTION ( 'NONE',  ( 0.000000000000000000, 1.000000000000000000, 0.000000000000000000 ) ) ;
#1272 = LINE ( 'NONE', #1964, #3871 ) ;
#1273 = CARTESIAN_POINT ( 'NONE',  ( -0.9960286258184729569, -0.5332195235787650089, 0.3499999999999999778 ) ) ;
#1274 = VERTEX_POINT ( 'NONE', #3822 ) ;
#1275 = VERTEX_POINT ( 'NONE', #821 ) ;
#1276 =( LENGTH_UNIT ( ) NAMED_UNIT ( * ) SI_UNIT ( .MILLI., .METRE. ) );
#1277 = DIRECTION ( 'NONE',  ( 0.000000000000000000, 0.000000000000000000, -1.000000000000000000 ) ) ;
#1278 = EDGE_CURVE ( 'NONE', #2077, #3009, #898, .T. ) ;
#1279 = VECTOR ( 'NONE', #38, 1000.000000000000000 ) ;
#1280 = ORIENTED_EDGE ( 'NONE', *, *, #931, .T. ) ;
#1281 = CARTESIAN_POINT ( 'NONE',  ( 1.699999999999999956, -1.199999999999999956, -0.7699999999999999067 ) ) ;
#1282 = ORIENTED_EDGE ( 'NONE', *, *, #1795, .F. ) ;
#1283 = CARTESIAN_POINT ( 'NONE',  ( -1.600000000000000089, -2.200000000000000178, -0.5699999999999999512 ) ) ;
#1284 = EDGE_CURVE ( 'NONE', #2288, #487, #4207, .T. ) ;
#1285 = DIRECTION ( 'NONE',  ( 0.000000000000000000, -1.000000000000000000, 0.000000000000000000 ) ) ;
#1286 = SURFACE_SIDE_STYLE ('',( #3880 ) ) ;
#1287 =( GEOMETRIC_REPRESENTATION_CONTEXT ( 3 ) GLOBAL_UNCERTAINTY_ASSIGNED_CONTEXT ( ( #1844 ) ) GLOBAL_UNIT_ASSIGNED_CONTEXT ( ( #2192, #2585, #2926 ) ) REPRESENTATION_CONTEXT ( 'NONE', 'WORKASPACE' ) );
#1288 = AXIS2_PLACEMENT_3D ( 'NONE', #2869, #1683, #2484 ) ;
#1289 = CARTESIAN_POINT ( 'NONE',  ( -1.600000000000000089, 2.200000000000000178, -0.5699999999999999512 ) ) ;
#1290 = CIRCLE ( 'NONE', #4610, 0.1499999999999999667 ) ;
#1291 = CARTESIAN_POINT ( 'NONE',  ( -0.5500000000000000444, -1.050000000000000044, -0.6999999999999999556 ) ) ;
#1292 = AXIS2_PLACEMENT_3D ( 'NONE', #3751, #3032, #1978 ) ;
#1293 = CIRCLE ( 'NONE', #2819, 0.1499999999999999944 ) ;
#1294 = FACE_OUTER_BOUND ( 'NONE', #557, .T. ) ;
#1295 = CARTESIAN_POINT ( 'NONE',  ( -2.399999999999999911, -1.199999999999999956, -0.2999999999999999889 ) ) ;
#1296 = LINE ( 'NONE', #1388, #1434 ) ;
#1297 = VERTEX_POINT ( 'NONE', #151 ) ;
#1298 = CARTESIAN_POINT ( 'NONE',  ( -1.296028625818473889, -0.7287392438591728805, 0.3499999999999999778 ) ) ;
#1299 = CARTESIAN_POINT ( 'NONE',  ( -0.9960286258184729569, -0.2870056143358115097, 0.3499999999999999778 ) ) ;
#1300 = EDGE_CURVE ( 'NONE', #496, #896, #4250, .T. ) ;
#1301 = ORIENTED_EDGE ( 'NONE', *, *, #3664, .F. ) ;
#1302 = ORIENTED_EDGE ( 'NONE', *, *, #238, .T. ) ;
#1303 = FILL_AREA_STYLE_COLOUR ( '', #2036 ) ;
#1304 = ORIENTED_EDGE ( 'NONE', *, *, #2094, .F. ) ;
#1305 = DIRECTION ( 'NONE',  ( 0.000000000000000000, -1.000000000000000000, 0.000000000000000000 ) ) ;
#1306 = ADVANCED_FACE ( 'NONE', ( #71 ), #1225, .F. ) ;
#1307 = PLANE ( 'NONE',  #1100 ) ;
#1308 = DIRECTION ( 'NONE',  ( 0.000000000000000000, 1.000000000000000000, 0.000000000000000000 ) ) ;
#1309 = FACE_OUTER_BOUND ( 'NONE', #3113, .T. ) ;
#1310 = EDGE_CURVE ( 'NONE', #1041, #376, #175, .T. ) ;
#1311 = VECTOR ( 'NONE', #3181, 1000.000000000000000 ) ;
#1312 = ORIENTED_EDGE ( 'NONE', *, *, #169, .F. ) ;
#1313 = VERTEX_POINT ( 'NONE', #1636 ) ;
#1314 =( LENGTH_UNIT ( ) NAMED_UNIT ( * ) SI_UNIT ( .MILLI., .METRE. ) );
#1315 = ORIENTED_EDGE ( 'NONE', *, *, #2239, .F. ) ;
#1316 = VECTOR ( 'NONE', #1183, 1000.000000000000000 ) ;
#1317 = STYLED_ITEM ( 'NONE', ( #3417 ), #3287 ) ;
#1318 = CARTESIAN_POINT ( 'NONE',  ( 2.463314554501874643, 0.000000000000000000, -0.6999999999999999556 ) ) ;
#1319 = FILL_AREA_STYLE_COLOUR ( '', #1999 ) ;
#1320 = LINE ( 'NONE', #3985, #4682 ) ;
#1321 = AXIS2_PLACEMENT_3D ( 'NONE', #4014, #288, #335 ) ;
#1322 = ORIENTED_EDGE ( 'NONE', *, *, #1713, .T. ) ;
#1323 = VERTEX_POINT ( 'NONE', #4612 ) ;
#1324 = FACE_OUTER_BOUND ( 'NONE', #2147, .T. ) ;
#1325 = LINE ( 'NONE', #3162, #4503 ) ;
#1326 = AXIS2_PLACEMENT_3D ( 'NONE', #4735, #2454, #3933 ) ;
#1327 = CONICAL_SURFACE ( 'NONE', #1074, 1.699999999999999956, 0.5410520681182430236 ) ;
#1328 = ORIENTED_EDGE ( 'NONE', *, *, #906, .T. ) ;
#1329 = SURFACE_STYLE_USAGE ( .BOTH. , #2391 ) ;
#1330 = CARTESIAN_POINT ( 'NONE',  ( 0.3603187164337330328, 0.9751250982098669251, 0.3499999999999999778 ) ) ;
#1331 = ORIENTED_EDGE ( 'NONE', *, *, #3608, .F. ) ;
#1332 = DIRECTION ( 'NONE',  ( 0.000000000000000000, -1.000000000000000000, 0.000000000000000000 ) ) ;
#1333 = AXIS2_PLACEMENT_3D ( 'NONE', #4675, #4694, #2172 ) ;
#1334 = VECTOR ( 'NONE', #778, 1000.000000000000000 ) ;
#1335 = DIRECTION ( 'NONE',  ( 1.000000000000000000, 4.818676322157800333E-16, -3.043374519257555240E-15 ) ) ;
#1336 = ORIENTED_EDGE ( 'NONE', *, *, #4290, .T. ) ;
#1337 = DIRECTION ( 'NONE',  ( -1.000000000000000000, -2.404031325876695139E-16, 0.000000000000000000 ) ) ;
#1338 = LINE ( 'NONE', #4671, #2240 ) ;
#1339 = ADVANCED_FACE ( 'NONE', ( #1198 ), #922, .F. ) ;
#1340 = DIRECTION ( 'NONE',  ( 0.000000000000000000, -1.000000000000000000, 0.000000000000000000 ) ) ;
#1341 = VECTOR ( 'NONE', #3388, 1000.000000000000000 ) ;
#1342 = ORIENTED_EDGE ( 'NONE', *, *, #1571, .T. ) ;
#1343 = LINE ( 'NONE', #3203, #1390 ) ;
#1344 = DIRECTION ( 'NONE',  ( -1.000000000000000000, -1.776016655323405090E-16, 0.000000000000000000 ) ) ;
#1345 = VECTOR ( 'NONE', #1781, 1000.000000000000000 ) ;
#1346 = DIRECTION ( 'NONE',  ( 0.000000000000000000, -1.000000000000000000, 0.000000000000000000 ) ) ;
#1347 = DIRECTION ( 'NONE',  ( -1.000000000000000000, 0.000000000000000000, 0.000000000000000000 ) ) ;
#1348 = SURFACE_STYLE_USAGE ( .BOTH. , #1635 ) ;
#1349 = PRESENTATION_LAYER_ASSIGNMENT (  '', '', ( #3437 ) ) ;
#1350 = CARTESIAN_POINT ( 'NONE',  ( -1.296028625818473889, -0.8787392438591720145, 0.3499999999999999778 ) ) ;
#1351 = ORIENTED_EDGE ( 'NONE', *, *, #4148, .F. ) ;
#1352 =( NAMED_UNIT ( * ) PLANE_ANGLE_UNIT ( ) SI_UNIT ( $, .RADIAN. ) );
#1353 = ADVANCED_FACE ( 'NONE', ( #1918 ), #3120, .T. ) ;
#1354 = AXIS2_PLACEMENT_3D ( 'NONE', #3412, #3124, #4567 ) ;
#1355 = CARTESIAN_POINT ( 'NONE',  ( 1.930905544980989985, 2.110000814877110109, 0.3499999999999999778 ) ) ;
#1356 = EDGE_LOOP ( 'NONE', ( #4771, #2141, #2227, #3071 ) ) ;
#1357 = PRESENTATION_STYLE_ASSIGNMENT (( #3296 ) ) ;
#1358 = PRESENTATION_STYLE_ASSIGNMENT (( #1740 ) ) ;
#1359 = DIRECTION ( 'NONE',  ( -3.043374519257555240E-15, 0.000000000000000000, -1.000000000000000000 ) ) ;
#1360 = EDGE_CURVE ( 'NONE', #1698, #2438, #3128, .T. ) ;
#1361 = MECHANICAL_DESIGN_GEOMETRIC_PRESENTATION_REPRESENTATION (  '', ( #964 ), #1669 ) ;
#1362 = CARTESIAN_POINT ( 'NONE',  ( 1.412305442492821861, -0.6860159872360369615, 0.3499999999999999778 ) ) ;
#1363 = CARTESIAN_POINT ( 'NONE',  ( 1.699999999999999956, 1.199999999999999956, -0.5699999999999999512 ) ) ;
#1364 = COLOUR_RGB ( '',1.000000000000000000, 1.000000000000000000, 1.000000000000000000 ) ;
#1365 = CARTESIAN_POINT ( 'NONE',  ( -0.1831650461902200322, -0.6832195235787649201, 0.3499999999999999778 ) ) ;
#1366 = VECTOR ( 'NONE', #1051, 1000.000000000000000 ) ;
#1367 = FILL_AREA_STYLE ('',( #1772 ) ) ;
#1368 = COLOUR_RGB ( '',1.000000000000000000, 1.000000000000000000, 1.000000000000000000 ) ;
#1369 = CARTESIAN_POINT ( 'NONE',  ( -1.146028625818473978, -0.1370056143358111822, 0.3499999999999999778 ) ) ;
#1370 = EDGE_CURVE ( 'NONE', #5, #2211, #1587, .T. ) ;
#1371 = ORIENTED_EDGE ( 'NONE', *, *, #143, .T. ) ;
#1372 = CARTESIAN_POINT ( 'NONE',  ( -2.399999999999999911, 2.100000000000000089, -0.4699999999999999734 ) ) ;
#1373 = LINE ( 'NONE', #273, #3759 ) ;
#1374 = EDGE_LOOP ( 'NONE', ( #3729, #4407, #762, #2549 ) ) ;
#1375 = EDGE_LOOP ( 'NONE', ( #4377, #3776, #2382, #3556 ) ) ;
#1376 = SURFACE_SIDE_STYLE ('',( #231 ) ) ;
#1377 = UNCERTAINTY_MEASURE_WITH_UNIT (LENGTH_MEASURE( 1.000000000000000082E-05 ), #4424, 'distance_accuracy_value', 'NONE');
#1378 = SHAPE_DEFINITION_REPRESENTATION ( #2876, #3752 ) ;
#1379 = ORIENTED_EDGE ( 'NONE', *, *, #2863, .T. ) ;
#1380 = DIRECTION ( 'NONE',  ( 0.000000000000000000, 0.000000000000000000, -1.000000000000000000 ) ) ;
#1381 = DIRECTION ( 'NONE',  ( -3.043374519257555240E-15, 0.000000000000000000, -1.000000000000000000 ) ) ;
#1382 = ORIENTED_EDGE ( 'NONE', *, *, #2537, .T. ) ;
#1383 = CARTESIAN_POINT ( 'NONE',  ( 0.5500000000000000444, -2.240667692902679864, -0.6999999999999999556 ) ) ;
#1384 = CIRCLE ( 'NONE', #1147, 0.2999999999999999889 ) ;
#1385 = PLANE ( 'NONE',  #72 ) ;
#1386 = EDGE_CURVE ( 'NONE', #1733, #3875, #2024, .T. ) ;
#1387 = DIRECTION ( 'NONE',  ( 0.000000000000000000, 1.000000000000000000, 0.000000000000000000 ) ) ;
#1388 = CARTESIAN_POINT ( 'NONE',  ( -1.680009069179265069, 2.430009069179265069, 0.4000000000000000222 ) ) ;
#1389 = FILL_AREA_STYLE_COLOUR ( '', #232 ) ;
#1390 = VECTOR ( 'NONE', #1407, 1000.000000000000000 ) ;
#1391 = ORIENTED_EDGE ( 'NONE', *, *, #2902, .T. ) ;
#1392 = EDGE_CURVE ( 'NONE', #4125, #3631, #1325, .T. ) ;
#1393 = STYLED_ITEM ( 'NONE', ( #3512 ), #3235 ) ;
#1394 = ORIENTED_EDGE ( 'NONE', *, *, #2605, .F. ) ;
#1395 = DIRECTION ( 'NONE',  ( 1.000000000000000000, 0.000000000000000000, 0.000000000000000000 ) ) ;
#1396 = DIRECTION ( 'NONE',  ( 0.000000000000000000, 0.000000000000000000, 1.000000000000000000 ) ) ;
#1397 = ORIENTED_EDGE ( 'NONE', *, *, #2762, .T. ) ;
#1398 = CARTESIAN_POINT ( 'NONE',  ( 0.000000000000000000, -3.299999999999999822, -0.7699999999999999067 ) ) ;
#1399 = MECHANICAL_DESIGN_GEOMETRIC_PRESENTATION_REPRESENTATION (  '', ( #1783 ), #2083 ) ;
#1400 = CARTESIAN_POINT ( 'NONE',  ( -0.5500000000000000444, 0.000000000000000000, -0.5699999999999999512 ) ) ;
#1401 = AXIS2_PLACEMENT_3D ( 'NONE', #1408, #2515, #1719 ) ;
#1402 = COLOUR_RGB ( '',1.000000000000000000, 1.000000000000000000, 1.000000000000000000 ) ;
#1403 = EDGE_LOOP ( 'NONE', ( #4631, #1830, #786, #2159 ) ) ;
#1404 = SURFACE_SIDE_STYLE ('',( #4670 ) ) ;
#1405 = LINE ( 'NONE', #2450, #1111 ) ;
#1406 = VERTEX_POINT ( 'NONE', #1678 ) ;
#1407 = DIRECTION ( 'NONE',  ( 0.05233595624294389709, 0.000000000000000000, 0.9986295347545739443 ) ) ;
#1408 = CARTESIAN_POINT ( 'NONE',  ( -2.500000000000000000, -3.299999999999999822, -7.608436298143899539E-15 ) ) ;
#1409 = FACE_OUTER_BOUND ( 'NONE', #1634, .T. ) ;
#1410 = ADVANCED_FACE ( 'NONE', ( #2034 ), #4633, .F. ) ;
#1411 = FILL_AREA_STYLE ('',( #3614 ) ) ;
#1412 = FILL_AREA_STYLE_COLOUR ( '', #891 ) ;
#1413 = DIRECTION ( 'NONE',  ( -0.000000000000000000, 1.000000000000000000, 0.000000000000000000 ) ) ;
#1414 = AXIS2_PLACEMENT_3D ( 'NONE', #3408, #1562, #4562 ) ;
#1415 = DIRECTION ( 'NONE',  ( 1.000000000000000000, 0.000000000000000000, 0.000000000000000000 ) ) ;
#1416 = ORIENTED_EDGE ( 'NONE', *, *, #3578, .T. ) ;
#1417 = ORIENTED_EDGE ( 'NONE', *, *, #2027, .F. ) ;
#1418 =( NAMED_UNIT ( * ) SI_UNIT ( $, .STERADIAN. ) SOLID_ANGLE_UNIT ( ) );
#1419 = ADVANCED_FACE ( 'NONE', ( #2414 ), #3524, .T. ) ;
#1420 = UNCERTAINTY_MEASURE_WITH_UNIT (LENGTH_MEASURE( 1.000000000000000082E-05 ), #2693, 'distance_accuracy_value', 'NONE');
#1421 = DIRECTION ( 'NONE',  ( 1.000000000000000000, 2.710505431213760099E-16, 0.000000000000000000 ) ) ;
#1422 = VECTOR ( 'NONE', #3808, 1000.000000000000000 ) ;
#1423 = FILL_AREA_STYLE_COLOUR ( '', #1699 ) ;
#1424 = EDGE_CURVE ( 'NONE', #3852, #3740, #2243, .T. ) ;
#1425 = ORIENTED_EDGE ( 'NONE', *, *, #1745, .F. ) ;
#1426 = LINE ( 'NONE', #2904, #4444 ) ;
#1427 = VERTEX_POINT ( 'NONE', #4776 ) ;
#1428 = CARTESIAN_POINT ( 'NONE',  ( -2.430009069179265069, 1.680009069179260184, 0.8000000000000000444 ) ) ;
#1429 = FACE_OUTER_BOUND ( 'NONE', #566, .T. ) ;
#1430 = CYLINDRICAL_SURFACE ( 'NONE', #2586, 0.09999999999999999167 ) ;
#1431 = DIRECTION ( 'NONE',  ( 0.000000000000000000, -1.000000000000000000, 0.000000000000000000 ) ) ;
#1432 = CLOSED_SHELL ( 'NONE', ( #2330, #1353, #4760, #3909, #3671, #42, #4692 ) ) ;
#1433 = AXIS2_PLACEMENT_3D ( 'NONE', #3690, #4796, #1483 ) ;
#1434 = VECTOR ( 'NONE', #2031, 1000.000000000000114 ) ;
#1435 = CARTESIAN_POINT ( 'NONE',  ( -1.146028625818473978, -0.1370056143358101830, 0.3499999999999999778 ) ) ;
#1436 = DIRECTION ( 'NONE',  ( 1.000000000000000000, 0.000000000000000000, 0.000000000000000000 ) ) ;
#1437 = VERTEX_POINT ( 'NONE', #2216 ) ;
#1438 = ORIENTED_EDGE ( 'NONE', *, *, #1482, .T. ) ;
#1439 = EDGE_CURVE ( 'NONE', #3679, #4132, #4805, .T. ) ;
#1440 = SURFACE_STYLE_USAGE ( .BOTH. , #1214 ) ;
#1441 = CARTESIAN_POINT ( 'NONE',  ( -2.700000000000000178, 1.301042606982605912E-15, -0.4699999999999999734 ) ) ;
#1442 = ORIENTED_EDGE ( 'NONE', *, *, #1278, .T. ) ;
#1443 = CARTESIAN_POINT ( 'NONE',  ( 1.600000000000000089, -1.100000000000000089, -0.5699999999999999512 ) ) ;
#1444 = FACE_OUTER_BOUND ( 'NONE', #2465, .T. ) ;
#1445 = FILL_AREA_STYLE_COLOUR ( '', #3060 ) ;
#1446 = DIRECTION ( 'NONE',  ( -1.000000000000000000, 0.000000000000000000, 0.000000000000000000 ) ) ;
#1447 = VERTEX_POINT ( 'NONE', #1174 ) ;
#1448 = DIRECTION ( 'NONE',  ( -0.05233595624294389709, 0.000000000000000000, 0.9986295347545739443 ) ) ;
#1449 = CYLINDRICAL_SURFACE ( 'NONE', #2327, 0.2999999999999999889 ) ;
#1450 = EDGE_CURVE ( 'NONE', #639, #130, #705, .T. ) ;
#1451 = ORIENTED_EDGE ( 'NONE', *, *, #4547, .T. ) ;
#1452 = DIRECTION ( 'NONE',  ( 1.000000000000000000, 0.000000000000000000, 0.000000000000000000 ) ) ;
#1453 = CARTESIAN_POINT ( 'NONE',  ( -1.919276727925025128, -0.8787392438591720145, 0.3499999999999999778 ) ) ;
#1454 = CARTESIAN_POINT ( 'NONE',  ( -1.699999999999999956, 1.199999999999999956, -0.5699999999999999512 ) ) ;
#1455 = AXIS2_PLACEMENT_3D ( 'NONE', #3844, #2030, #3889 ) ;
#1456 = FACE_OUTER_BOUND ( 'NONE', #729, .T. ) ;
#1457 = FILL_AREA_STYLE ('',( #3692 ) ) ;
#1458 =( GEOMETRIC_REPRESENTATION_CONTEXT ( 3 ) GLOBAL_UNCERTAINTY_ASSIGNED_CONTEXT ( ( #675 ) ) GLOBAL_UNIT_ASSIGNED_CONTEXT ( ( #3838, #1242, #1983 ) ) REPRESENTATION_CONTEXT ( 'NONE', 'WORKASPACE' ) );
#1459 = ORIENTED_EDGE ( 'NONE', *, *, #1720, .T. ) ;
#1460 = ORIENTED_EDGE ( 'NONE', *, *, #2838, .F. ) ;
#1461 = CARTESIAN_POINT ( 'NONE',  ( -1.600000000000000089, -2.200000000000000178, -0.6999999999999999556 ) ) ;
#1462 = UNCERTAINTY_MEASURE_WITH_UNIT (LENGTH_MEASURE( 1.000000000000000082E-05 ), #4768, 'distance_accuracy_value', 'NONE');
#1463 = PRESENTATION_LAYER_ASSIGNMENT (  '', '', ( #1317 ) ) ;
#1464 = CARTESIAN_POINT ( 'NONE',  ( -2.399999999999999911, 2.100000000000000089, -0.7699999999999999067 ) ) ;
#1465 = LINE ( 'NONE', #4092, #3836 ) ;
#1466 = EDGE_CURVE ( 'NONE', #3189, #724, #1493, .T. ) ;
#1467 = VERTEX_POINT ( 'NONE', #4070 ) ;
#1468 = CARTESIAN_POINT ( 'NONE',  ( -1.296028625818473889, 0.6751250982098669917, 0.3499999999999999778 ) ) ;
#1469 = PRESENTATION_LAYER_ASSIGNMENT (  '', '', ( #1784 ) ) ;
#1470 =( GEOMETRIC_REPRESENTATION_CONTEXT ( 3 ) GLOBAL_UNCERTAINTY_ASSIGNED_CONTEXT ( ( #2396 ) ) GLOBAL_UNIT_ASSIGNED_CONTEXT ( ( #592, #616, #2696 ) ) REPRESENTATION_CONTEXT ( 'NONE', 'WORKASPACE' ) );
#1471 = ORIENTED_EDGE ( 'NONE', *, *, #2605, .T. ) ;
#1472 = ADVANCED_FACE ( 'NONE', ( #1490 ), #4434, .F. ) ;
#1473 = ORIENTED_EDGE ( 'NONE', *, *, #1392, .T. ) ;
#1474 = DIRECTION ( 'NONE',  ( 1.000000000000000000, 0.000000000000000000, -3.252606517456518824E-15 ) ) ;
#1475 = EDGE_CURVE ( 'NONE', #755, #4248, #1465, .T. ) ;
#1476 = DIRECTION ( 'NONE',  ( 1.000000000000000000, 1.604850264224744813E-16, 0.000000000000000000 ) ) ;
#1477 = ORIENTED_EDGE ( 'NONE', *, *, #4676, .F. ) ;
#1478 = PRODUCT_DEFINITION ( 'UNKNOWN', '', #2836, #2237 ) ;
#1479 = CARTESIAN_POINT ( 'NONE',  ( 1.600000000000000089, -2.200000000000000178, -0.5699999999999999512 ) ) ;
#1480 = SURFACE_SIDE_STYLE ('',( #4106 ) ) ;
#1481 = FILL_AREA_STYLE ('',( #1216 ) ) ;
#1482 = EDGE_CURVE ( 'NONE', #2077, #3965, #4392, .T. ) ;
#1483 = DIRECTION ( 'NONE',  ( 1.000000000000000000, 0.000000000000000000, 0.000000000000000000 ) ) ;
#1484 = DIRECTION ( 'NONE',  ( 1.000000000000000000, 0.000000000000000000, 0.000000000000000000 ) ) ;
#1485 = DIRECTION ( 'NONE',  ( -0.000000000000000000, 1.000000000000000000, 0.000000000000000000 ) ) ;
#1486 = VERTEX_POINT ( 'NONE', #368 ) ;
#1487 = CARTESIAN_POINT ( 'NONE',  ( -1.146028625818473978, -0.7287392438591709931, 0.3499999999999999778 ) ) ;
#1488 = ORIENTED_EDGE ( 'NONE', *, *, #4488, .T. ) ;
#1489 = CARTESIAN_POINT ( 'NONE',  ( 2.500000000000000000, -2.100000000000000089, 0.000000000000000000 ) ) ;
#1490 = FACE_OUTER_BOUND ( 'NONE', #1601, .T. ) ;
#1491 = ORIENTED_EDGE ( 'NONE', *, *, #4011, .T. ) ;
#1492 =( NAMED_UNIT ( * ) PLANE_ANGLE_UNIT ( ) SI_UNIT ( $, .RADIAN. ) );
#1493 = CIRCLE ( 'NONE', #4213, 0.09999999999999999167 ) ;
#1494 = DIRECTION ( 'NONE',  ( 0.000000000000000000, -1.000000000000000000, 0.000000000000000000 ) ) ;
#1495 = CARTESIAN_POINT ( 'NONE',  ( -0.03316504619022000305, -0.1370056143358099887, 0.2999999999999999889 ) ) ;
#1496 = ORIENTED_EDGE ( 'NONE', *, *, #3463, .T. ) ;
#1497 = CARTESIAN_POINT ( 'NONE',  ( 2.500000000000000000, 2.430009069179265069, 0.8000000000000000444 ) ) ;
#1498 = SURFACE_STYLE_FILL_AREA ( #378 ) ;
#1499 = ORIENTED_EDGE ( 'NONE', *, *, #2402, .T. ) ;
#1500 = STYLED_ITEM ( 'NONE', ( #1057 ), #1705 ) ;
#1501 = EDGE_CURVE ( 'NONE', #4365, #3712, #1542, .T. ) ;
#1502 = DIRECTION ( 'NONE',  ( 0.000000000000000000, -1.000000000000000000, 0.000000000000000000 ) ) ;
#1503 =( LENGTH_UNIT ( ) NAMED_UNIT ( * ) SI_UNIT ( .MILLI., .METRE. ) );
#1504 = CARTESIAN_POINT ( 'NONE',  ( 0.2103187164337330106, 0.9751250982098680353, 0.2999999999999999889 ) ) ;
#1505 = VECTOR ( 'NONE', #2048, 1000.000000000000000 ) ;
#1506 = CARTESIAN_POINT ( 'NONE',  ( 1.412305442492821861, -0.6860159872360369615, 0.2999999999999999889 ) ) ;
#1507 =( LENGTH_UNIT ( ) NAMED_UNIT ( * ) SI_UNIT ( .MILLI., .METRE. ) );
#1508 = VERTEX_POINT ( 'NONE', #4755 ) ;
#1509 = VERTEX_POINT ( 'NONE', #4137 ) ;
#1510 = DIRECTION ( 'NONE',  ( 1.000000000000000000, 0.000000000000000000, 0.000000000000000000 ) ) ;
#1511 = EDGE_CURVE ( 'NONE', #488, #1274, #2163, .T. ) ;
#1512 = ORIENTED_EDGE ( 'NONE', *, *, #646, .F. ) ;
#1513 = CARTESIAN_POINT ( 'NONE',  ( 2.499117102666014834, 2.100000000000000089, -0.01684668471109859733 ) ) ;
#1514 =( NAMED_UNIT ( * ) SI_UNIT ( $, .STERADIAN. ) SOLID_ANGLE_UNIT ( ) );
#1515 = VERTEX_POINT ( 'NONE', #3652 ) ;
#1516 = FACE_OUTER_BOUND ( 'NONE', #2749, .T. ) ;
#1517 = MECHANICAL_DESIGN_GEOMETRIC_PRESENTATION_REPRESENTATION (  '', ( #202 ), #2455 ) ;
#1518 = STYLED_ITEM ( 'NONE', ( #401 ), #636 ) ;
#1519 = LINE ( 'NONE', #1152, #3758 ) ;
#1520 = UNCERTAINTY_MEASURE_WITH_UNIT (LENGTH_MEASURE( 1.000000000000000082E-05 ), #854, 'distance_accuracy_value', 'NONE');
#1521 = ORIENTED_EDGE ( 'NONE', *, *, #4282, .F. ) ;
#1522 = CARTESIAN_POINT ( 'NONE',  ( -1.296028625818473889, 0.8251250982098670139, 0.3499999999999999778 ) ) ;
#1523 = LINE ( 'NONE', #1158, #3606 ) ;
#1524 = LINE ( 'NONE', #4468, #605 ) ;
#1525 = DIRECTION ( 'NONE',  ( 1.000000000000000000, 0.000000000000000000, 0.000000000000000000 ) ) ;
#1526 = EDGE_LOOP ( 'NONE', ( #317, #1967, #3795, #1729 ) ) ;
#1527 = SURFACE_STYLE_FILL_AREA ( #2279 ) ;
#1528 = ORIENTED_EDGE ( 'NONE', *, *, #3782, .F. ) ;
#1529 = EDGE_CURVE ( 'NONE', #2797, #4056, #3295, .T. ) ;
#1530 = COLOUR_RGB ( '',1.000000000000000000, 1.000000000000000000, 1.000000000000000000 ) ;
#1531 = CARTESIAN_POINT ( 'NONE',  ( 0.000000000000000000, 0.000000000000000000, 0.8000000000000000444 ) ) ;
#1532 = LINE ( 'NONE', #3017, #3551 ) ;
#1533 = DIRECTION ( 'NONE',  ( 0.000000000000000000, 0.000000000000000000, 1.000000000000000000 ) ) ;
#1534 = ORIENTED_EDGE ( 'NONE', *, *, #3109, .F. ) ;
#1535 = ORIENTED_EDGE ( 'NONE', *, *, #257, .T. ) ;
#1536 = EDGE_CURVE ( 'NONE', #946, #1116, #1068, .T. ) ;
#1537 = DIRECTION ( 'NONE',  ( 1.000000000000000000, -1.971276677246369793E-16, 0.000000000000000000 ) ) ;
#1538 = CIRCLE ( 'NONE', #220, 0.2999999999999999889 ) ;
#1539 = AXIS2_PLACEMENT_3D ( 'NONE', #686, #2839, #2475 ) ;
#1540 = EDGE_CURVE ( 'NONE', #2996, #3009, #3673, .T. ) ;
#1541 = LINE ( 'NONE', #46, #4656 ) ;
#1542 = LINE ( 'NONE', #321, #4359 ) ;
#1543 = ORIENTED_EDGE ( 'NONE', *, *, #2838, .T. ) ;
#1544 = DIRECTION ( 'NONE',  ( 0.000000000000000000, -1.000000000000000000, 0.000000000000000000 ) ) ;
#1545 = MECHANICAL_DESIGN_GEOMETRIC_PRESENTATION_REPRESENTATION (  '', ( #4040 ), #3872 ) ;
#1546 = AXIS2_PLACEMENT_3D ( 'NONE', #575, #2025, #2005 ) ;
#1547 = EDGE_LOOP ( 'NONE', ( #4079, #2669, #4030, #4304, #362, #4180 ) ) ;
#1548 = LINE ( 'NONE', #2351, #2991 ) ;
#1549 = FACE_OUTER_BOUND ( 'NONE', #994, .T. ) ;
#1550 = CARTESIAN_POINT ( 'NONE',  ( -2.399999999999999911, -2.100000000000000089, -0.7699999999999999067 ) ) ;
#1551 = SURFACE_SIDE_STYLE ('',( #1498 ) ) ;
#1552 = VERTEX_POINT ( 'NONE', #521 ) ;
#1553 = AXIS2_PLACEMENT_3D ( 'NONE', #1298, #540, #1677 ) ;
#1554 = FACE_OUTER_BOUND ( 'NONE', #300, .T. ) ;
#1555 = VECTOR ( 'NONE', #4653, 1000.000000000000000 ) ;
#1556 = CARTESIAN_POINT ( 'NONE',  ( -1.600000000000000089, -2.200000000000000178, -0.5699999999999999512 ) ) ;
#1557 = CARTESIAN_POINT ( 'NONE',  ( -1.919276727925025128, -0.8787392438591720145, 0.2999999999999999889 ) ) ;
#1558 =( LENGTH_UNIT ( ) NAMED_UNIT ( * ) SI_UNIT ( .MILLI., .METRE. ) );
#1559 = CARTESIAN_POINT ( 'NONE',  ( 2.399999999999999911, 1.199999999999999956, -0.4699999999999999734 ) ) ;
#1560 = VERTEX_POINT ( 'NONE', #1994 ) ;
#1561 = CARTESIAN_POINT ( 'NONE',  ( -1.146028625818473978, -0.1370056143358111822, 0.2999999999999999889 ) ) ;
#1562 = DIRECTION ( 'NONE',  ( 0.000000000000000000, 0.000000000000000000, 1.000000000000000000 ) ) ;
#1563 = EDGE_CURVE ( 'NONE', #3619, #3679, #4592, .T. ) ;
#1564 = EDGE_CURVE ( 'NONE', #3930, #1467, #2712, .T. ) ;
#1565 = CARTESIAN_POINT ( 'NONE',  ( -2.700000000000000178, -1.199999999999999956, -0.5699999999999999512 ) ) ;
#1566 = EDGE_CURVE ( 'NONE', #1122, #1050, #3487, .T. ) ;
#1567 = CARTESIAN_POINT ( 'NONE',  ( 2.399999999999999911, 2.100000000000000089, -0.4699999999999999734 ) ) ;
#1568 = FACE_OUTER_BOUND ( 'NONE', #2109, .T. ) ;
#1569 = ORIENTED_EDGE ( 'NONE', *, *, #3049, .T. ) ;
#1570 = FACE_OUTER_BOUND ( 'NONE', #2112, .T. ) ;
#1571 = EDGE_CURVE ( 'NONE', #2021, #460, #4210, .T. ) ;
#1572 = CARTESIAN_POINT ( 'NONE',  ( -2.500000000000000000, 2.100000000000000089, 0.000000000000000000 ) ) ;
#1573 = SURFACE_SIDE_STYLE ('',( #550 ) ) ;
#1574 = CARTESIAN_POINT ( 'NONE',  ( -0.5500000000000000444, 1.050000000000000044, -0.5699999999999999512 ) ) ;
#1575 = ORIENTED_EDGE ( 'NONE', *, *, #1370, .F. ) ;
#1576 = EDGE_CURVE ( 'NONE', #2969, #3273, #4233, .T. ) ;
#1577 = AXIS2_PLACEMENT_3D ( 'NONE', #707, #4139, #1544 ) ;
#1578 = SURFACE_STYLE_FILL_AREA ( #2722 ) ;
#1579 =( GEOMETRIC_REPRESENTATION_CONTEXT ( 3 ) GLOBAL_UNCERTAINTY_ASSIGNED_CONTEXT ( ( #2446 ) ) GLOBAL_UNIT_ASSIGNED_CONTEXT ( ( #3346, #4492, #4093 ) ) REPRESENTATION_CONTEXT ( 'NONE', 'WORKASPACE' ) );
#1580 = VECTOR ( 'NONE', #1827, 1000.000000000000000 ) ;
#1581 = CARTESIAN_POINT ( 'NONE',  ( 0.5500000000000000444, -2.240667692902679864, -0.6999999999999999556 ) ) ;
#1582 = LINE ( 'NONE', #2994, #2851 ) ;
#1583 = CARTESIAN_POINT ( 'NONE',  ( -2.700000000000000178, 1.199999999999999956, -0.2999999999999999889 ) ) ;
#1584 = ORIENTED_EDGE ( 'NONE', *, *, #3406, .F. ) ;
#1585 = ORIENTED_EDGE ( 'NONE', *, *, #1239, .T. ) ;
#1586 = DIRECTION ( 'NONE',  ( 0.000000000000000000, 0.000000000000000000, 1.000000000000000000 ) ) ;
#1587 = LINE ( 'NONE', #2312, #1180 ) ;
#1588 = MECHANICAL_DESIGN_GEOMETRIC_PRESENTATION_REPRESENTATION (  '', ( #3910 ), #2122 ) ;
#1589 = VECTOR ( 'NONE', #26, 1000.000000000000000 ) ;
#1590 = VERTEX_POINT ( 'NONE', #156 ) ;
#1591 = CARTESIAN_POINT ( 'NONE',  ( -0.5500000000000000444, -1.050000000000000044, -0.5699999999999999512 ) ) ;
#1592 = ORIENTED_EDGE ( 'NONE', *, *, #242, .F. ) ;
#1593 = FILL_AREA_STYLE ('',( #2737 ) ) ;
#1594 = ADVANCED_FACE ( 'NONE', ( #545 ), #3147, .T. ) ;
#1595 = PRESENTATION_STYLE_ASSIGNMENT (( #4191 ) ) ;
#1596 = VECTOR ( 'NONE', #893, 1000.000000000000000 ) ;
#1597 = PLANE ( 'NONE',  #4613 ) ;
#1598 = VECTOR ( 'NONE', #1219, 1000.000000000000000 ) ;
#1599 = VECTOR ( 'NONE', #3501, 1000.000000000000000 ) ;
#1600 =( LENGTH_UNIT ( ) NAMED_UNIT ( * ) SI_UNIT ( .MILLI., .METRE. ) );
#1601 = EDGE_LOOP ( 'NONE', ( #2634, #4762, #4772, #1182, #584, #2922, #1471, #3622, #3595, #1512, #634 ) ) ;
#1602 = PLANE ( 'NONE',  #1249 ) ;
#1603 = EDGE_CURVE ( 'NONE', #4090, #884, #129, .T. ) ;
#1604 = LINE ( 'NONE', #1627, #1248 ) ;
#1605 = PLANE ( 'NONE',  #2204 ) ;
#1606 = CYLINDRICAL_SURFACE ( 'NONE', #3248, 0.09999999999999999167 ) ;
#1607 = DIRECTION ( 'NONE',  ( -1.000000000000000000, 0.000000000000000000, 0.000000000000000000 ) ) ;
#1608 = ORIENTED_EDGE ( 'NONE', *, *, #4183, .F. ) ;
#1609 = ORIENTED_EDGE ( 'NONE', *, *, #3964, .T. ) ;
#1610 = CARTESIAN_POINT ( 'NONE',  ( -1.296028625818473889, -0.7287392438591728805, 0.3499999999999999778 ) ) ;
#1611 = LINE ( 'NONE', #1992, #2179 ) ;
#1612 = EDGE_LOOP ( 'NONE', ( #34, #2846, #2659, #1592 ) ) ;
#1613 = SURFACE_SIDE_STYLE ('',( #128 ) ) ;
#1614 = CARTESIAN_POINT ( 'NONE',  ( -0.5500000000000000444, 1.050000000000000044, -0.5699999999999999512 ) ) ;
#1615 = VECTOR ( 'NONE', #4155, 1000.000000000000000 ) ;
#1616 = ORIENTED_EDGE ( 'NONE', *, *, #2000, .F. ) ;
#1617 = CARTESIAN_POINT ( 'NONE',  ( 2.399999999999999911, 2.100000000000000089, -0.4699999999999999734 ) ) ;
#1618 = UNCERTAINTY_MEASURE_WITH_UNIT (LENGTH_MEASURE( 1.000000000000000082E-05 ), #770, 'distance_accuracy_value', 'NONE');
#1619 = COLOUR_RGB ( '',1.000000000000000000, 1.000000000000000000, 1.000000000000000000 ) ;
#1620 = EDGE_CURVE ( 'NONE', #4532, #3951, #1227, .T. ) ;
#1621 = LINE ( 'NONE', #3104, #1805 ) ;
#1622 = SURFACE_STYLE_FILL_AREA ( #4262 ) ;
#1623 = AXIS2_PLACEMENT_3D ( 'NONE', #1626, #4240, #2697 ) ;
#1624 = FACE_OUTER_BOUND ( 'NONE', #4465, .T. ) ;
#1625 = ADVANCED_FACE ( 'NONE', ( #876, #2318, #4618, #800 ), #3959, .F. ) ;
#1626 = CARTESIAN_POINT ( 'NONE',  ( -2.399999999999999911, -1.199999999999999956, -0.4699999999999999734 ) ) ;
#1627 = CARTESIAN_POINT ( 'NONE',  ( -0.03316504619022000305, -0.6832195235787659193, 0.3499999999999999778 ) ) ;
#1628 =( GEOMETRIC_REPRESENTATION_CONTEXT ( 3 ) GLOBAL_UNCERTAINTY_ASSIGNED_CONTEXT ( ( #3695 ) ) GLOBAL_UNIT_ASSIGNED_CONTEXT ( ( #4743, #2106, #3333 ) ) REPRESENTATION_CONTEXT ( 'NONE', 'WORKASPACE' ) );
#1629 = CIRCLE ( 'NONE', #1333, 0.1499999999999999667 ) ;
#1630 = MECHANICAL_DESIGN_GEOMETRIC_PRESENTATION_REPRESENTATION (  '', ( #3958 ), #160 ) ;
#1631 = CARTESIAN_POINT ( 'NONE',  ( -0.5500000000000000444, 2.254834989607330087, -0.6999999999999999556 ) ) ;
#1632 = DIRECTION ( 'NONE',  ( 0.000000000000000000, 0.000000000000000000, -1.000000000000000000 ) ) ;
#1633 = LINE ( 'NONE', #4506, #888 ) ;
#1634 = EDGE_LOOP ( 'NONE', ( #3315, #3479, #2655, #3314 ) ) ;
#1635 = SURFACE_SIDE_STYLE ('',( #2060 ) ) ;
#1636 = CARTESIAN_POINT ( 'NONE',  ( -2.499117102666014834, -1.199999999999999956, -0.01684668471109859733 ) ) ;
#1637 = EDGE_LOOP ( 'NONE', ( #3461, #947, #1496, #1711 ) ) ;
#1638 = EDGE_CURVE ( 'NONE', #2705, #1017, #3907, .T. ) ;
#1639 = CARTESIAN_POINT ( 'NONE',  ( 0.000000000000000000, 0.000000000000000000, -0.5699999999999999512 ) ) ;
#1640 = SURFACE_STYLE_USAGE ( .BOTH. , #2020 ) ;
#1641 = VERTEX_POINT ( 'NONE', #1771 ) ;
#1642 = FACE_BOUND ( 'NONE', #3506, .T. ) ;
#1643 = DIRECTION ( 'NONE',  ( 0.000000000000000000, 0.000000000000000000, -1.000000000000000000 ) ) ;
#1644 =( LENGTH_UNIT ( ) NAMED_UNIT ( * ) SI_UNIT ( .MILLI., .METRE. ) );
#1645 = FACE_OUTER_BOUND ( 'NONE', #4711, .T. ) ;
#1646 = DIRECTION ( 'NONE',  ( 1.000000000000000000, -2.710505431213760099E-16, 0.000000000000000000 ) ) ;
#1647 = CARTESIAN_POINT ( 'NONE',  ( -0.5500000000000000444, -1.050000000000000044, -0.5699999999999999512 ) ) ;
#1648 = DIRECTION ( 'NONE',  ( 0.000000000000000000, 0.000000000000000000, -1.000000000000000000 ) ) ;
#1649 = VERTEX_POINT ( 'NONE', #1009 ) ;
#1650 = EDGE_CURVE ( 'NONE', #2217, #2705, #2822, .T. ) ;
#1651 = ADVANCED_FACE ( 'NONE', ( #3254 ), #2151, .T. ) ;
#1652 = DIRECTION ( 'NONE',  ( -3.043374519257555240E-15, 0.000000000000000000, -1.000000000000000000 ) ) ;
#1653 = DIRECTION ( 'NONE',  ( 0.000000000000000000, 0.000000000000000000, 1.000000000000000000 ) ) ;
#1654 = ORIENTED_EDGE ( 'NONE', *, *, #2578, .T. ) ;
#1655 = DIRECTION ( 'NONE',  ( 0.05226442768871401856, -0.05226442768871401856, 0.9972646886342373396 ) ) ;
#1656 = EDGE_LOOP ( 'NONE', ( #2234, #1799, #562, #205 ) ) ;
#1657 = MECHANICAL_DESIGN_GEOMETRIC_PRESENTATION_REPRESENTATION (  '', ( #1500 ), #14 ) ;
#1658 = ORIENTED_EDGE ( 'NONE', *, *, #2491, .T. ) ;
#1659 = ORIENTED_EDGE ( 'NONE', *, *, #873, .T. ) ;
#1660 =( NAMED_UNIT ( * ) PLANE_ANGLE_UNIT ( ) SI_UNIT ( $, .RADIAN. ) );
#1661 = ORIENTED_EDGE ( 'NONE', *, *, #2895, .F. ) ;
#1662 = VECTOR ( 'NONE', #1828, 1000.000000000000000 ) ;
#1663 = ADVANCED_FACE ( 'NONE', ( #263 ), #1793, .F. ) ;
#1664 = CARTESIAN_POINT ( 'NONE',  ( 1.262305442492821950, 0.4570589046025529956, 0.2999999999999999889 ) ) ;
#1665 = DIRECTION ( 'NONE',  ( 1.194186020286708007E-16, -1.000000000000000000, 0.000000000000000000 ) ) ;
#1666 = COLOUR_RGB ( '',1.000000000000000000, 1.000000000000000000, 1.000000000000000000 ) ;
#1667 = STYLED_ITEM ( 'NONE', ( #4798 ), #201 ) ;
#1668 =( NAMED_UNIT ( * ) SI_UNIT ( $, .STERADIAN. ) SOLID_ANGLE_UNIT ( ) );
#1669 =( GEOMETRIC_REPRESENTATION_CONTEXT ( 3 ) GLOBAL_UNCERTAINTY_ASSIGNED_CONTEXT ( ( #2577 ) ) GLOBAL_UNIT_ASSIGNED_CONTEXT ( ( #51, #1071, #4780 ) ) REPRESENTATION_CONTEXT ( 'NONE', 'WORKASPACE' ) );
#1670 = CIRCLE ( 'NONE', #2601, 0.09999999999999999167 ) ;
#1671 = CARTESIAN_POINT ( 'NONE',  ( -1.600000000000000089, -1.100000000000000089, -0.5699999999999999512 ) ) ;
#1672 = ORIENTED_EDGE ( 'NONE', *, *, #134, .F. ) ;
#1673 = DIRECTION ( 'NONE',  ( 0.000000000000000000, 0.000000000000000000, 1.000000000000000000 ) ) ;
#1674 =( LENGTH_UNIT ( ) NAMED_UNIT ( * ) SI_UNIT ( .MILLI., .METRE. ) );
#1675 = LINE ( 'NONE', #3160, #4439 ) ;
#1676 = ORIENTED_EDGE ( 'NONE', *, *, #2272, .T. ) ;
#1677 = DIRECTION ( 'NONE',  ( 1.000000000000000000, 0.000000000000000000, 0.000000000000000000 ) ) ;
#1678 = CARTESIAN_POINT ( 'NONE',  ( -2.499117102666014834, -2.100000000000000089, -0.01684668471109859733 ) ) ;
#1679 = ORIENTED_EDGE ( 'NONE', *, *, #1126, .T. ) ;
#1680 = ADVANCED_FACE ( 'NONE', ( #2055 ), #1430, .F. ) ;
#1681 = VERTEX_POINT ( 'NONE', #1746 ) ;
#1682 = DIRECTION ( 'NONE',  ( 0.000000000000000000, 0.000000000000000000, -1.000000000000000000 ) ) ;
#1683 = DIRECTION ( 'NONE',  ( 0.000000000000000000, 0.000000000000000000, -1.000000000000000000 ) ) ;
#1684 = ORIENTED_EDGE ( 'NONE', *, *, #899, .F. ) ;
#1685 = CARTESIAN_POINT ( 'NONE',  ( -2.486873320506370444, -1.199999999999999956, -0.2504719656739949896 ) ) ;
#1686 = EDGE_CURVE ( 'NONE', #972, #2059, #2860, .T. ) ;
#1687 = CIRCLE ( 'NONE', #3621, 0.5500000000000000444 ) ;
#1688 = LINE ( 'NONE', #454, #4794 ) ;
#1689 = ORIENTED_EDGE ( 'NONE', *, *, #4066, .F. ) ;
#1690 = CARTESIAN_POINT ( 'NONE',  ( 0.2103187164337325110, 2.110000814877110109, 0.2999999999999999889 ) ) ;
#1691 = PRESENTATION_STYLE_ASSIGNMENT (( #3603 ) ) ;
#1692 = FACE_OUTER_BOUND ( 'NONE', #2460, .T. ) ;
#1693 =( GEOMETRIC_REPRESENTATION_CONTEXT ( 3 ) GLOBAL_UNCERTAINTY_ASSIGNED_CONTEXT ( ( #549 ) ) GLOBAL_UNIT_ASSIGNED_CONTEXT ( ( #1558, #745, #413 ) ) REPRESENTATION_CONTEXT ( 'NONE', 'WORKASPACE' ) );
#1694 = VECTOR ( 'NONE', #2723, 1000.000000000000000 ) ;
#1695 = VERTEX_POINT ( 'NONE', #648 ) ;
#1696 = CARTESIAN_POINT ( 'NONE',  ( -2.500000000000000000, -2.100000000000000089, 0.000000000000000000 ) ) ;
#1697 = CARTESIAN_POINT ( 'NONE',  ( 1.699999999999999956, -2.100000000000000089, -0.7699999999999999067 ) ) ;
#1698 = VERTEX_POINT ( 'NONE', #3542 ) ;
#1699 = COLOUR_RGB ( '',1.000000000000000000, 1.000000000000000000, 1.000000000000000000 ) ;
#1700 = FILL_AREA_STYLE_COLOUR ( '', #3136 ) ;
#1701 = PLANE ( 'NONE',  #2075 ) ;
#1702 = LINE ( 'NONE', #3569, #3845 ) ;
#1703 = AXIS2_PLACEMENT_3D ( 'NONE', #2522, #4362, #4697 ) ;
#1704 = FILL_AREA_STYLE_COLOUR ( '', #3028 ) ;
#1705 = ADVANCED_FACE ( 'NONE', ( #1409 ), #3282, .F. ) ;
#1706 = CIRCLE ( 'NONE', #456, 0.09999999999999999167 ) ;
#1707 = VECTOR ( 'NONE', #3580, 1000.000000000000114 ) ;
#1708 = ORIENTED_EDGE ( 'NONE', *, *, #1745, .T. ) ;
#1709 = FILL_AREA_STYLE_COLOUR ( '', #364 ) ;
#1710 = DIRECTION ( 'NONE',  ( 0.000000000000000000, 0.000000000000000000, -1.000000000000000000 ) ) ;
#1711 = ORIENTED_EDGE ( 'NONE', *, *, #1140, .T. ) ;
#1712 = EDGE_CURVE ( 'NONE', #1681, #4532, #1137, .T. ) ;
#1713 = EDGE_CURVE ( 'NONE', #4629, #1297, #3375, .T. ) ;
#1714 = DIRECTION ( 'NONE',  ( 0.000000000000000000, 0.000000000000000000, 1.000000000000000000 ) ) ;
#1715 = FACE_OUTER_BOUND ( 'NONE', #2054, .T. ) ;
#1716 = ADVANCED_FACE ( 'NONE', ( #4447 ), #2595, .F. ) ;
#1717 = ADVANCED_FACE ( 'NONE', ( #2936 ), #405, .F. ) ;
#1718 = DIRECTION ( 'NONE',  ( 0.000000000000000000, 0.000000000000000000, 1.000000000000000000 ) ) ;
#1719 = DIRECTION ( 'NONE',  ( -3.043374519257555240E-15, 0.000000000000000000, 1.000000000000000000 ) ) ;
#1720 = EDGE_CURVE ( 'NONE', #4044, #4351, #4765, .T. ) ;
#1721 = ORIENTED_EDGE ( 'NONE', *, *, #1055, .F. ) ;
#1722 = DIRECTION ( 'NONE',  ( -0.000000000000000000, 1.000000000000000000, 0.000000000000000000 ) ) ;
#1723 =( NAMED_UNIT ( * ) SI_UNIT ( $, .STERADIAN. ) SOLID_ANGLE_UNIT ( ) );
#1724 = CARTESIAN_POINT ( 'NONE',  ( 1.699999999999999956, 2.100000000000000089, -0.5699999999999999512 ) ) ;
#1725 = ORIENTED_EDGE ( 'NONE', *, *, #931, .F. ) ;
#1727 = AXIS2_PLACEMENT_3D ( 'NONE', #2775, #2365, #4182 ) ;
#1726 = LINE ( 'NONE', #2203, #2941 ) ;
#1728 = COLOUR_RGB ( '',1.000000000000000000, 1.000000000000000000, 1.000000000000000000 ) ;
#1729 = ORIENTED_EDGE ( 'NONE', *, *, #1300, .T. ) ;
#1730 = ORIENTED_EDGE ( 'NONE', *, *, #1576, .F. ) ;
#1731 = SURFACE_SIDE_STYLE ('',( #2943 ) ) ;
#1732 = DIRECTION ( 'NONE',  ( 1.000000000000000000, 2.710505431213760099E-16, 0.000000000000000000 ) ) ;
#1733 = VERTEX_POINT ( 'NONE', #383 ) ;
#1734 = DIRECTION ( 'NONE',  ( 0.000000000000000000, 0.000000000000000000, 1.000000000000000000 ) ) ;
#1735 = VECTOR ( 'NONE', #2188, 1000.000000000000000 ) ;
#1736 = EDGE_CURVE ( 'NONE', #4723, #1274, #741, .T. ) ;
#1737 = EDGE_CURVE ( 'NONE', #1427, #3419, #3721, .T. ) ;
#1738 = ORIENTED_EDGE ( 'NONE', *, *, #2098, .F. ) ;
#1739 = CARTESIAN_POINT ( 'NONE',  ( 1.412305442492821861, -0.6860159872360369615, 0.3499999999999999778 ) ) ;
#1740 = SURFACE_STYLE_USAGE ( .BOTH. , #1003 ) ;
#1741 = EDGE_CURVE ( 'NONE', #4512, #972, #62, .T. ) ;
#1742 = DIRECTION ( 'NONE',  ( -1.000000000000000000, 0.000000000000000000, 0.000000000000000000 ) ) ;
#1743 = DIRECTION ( 'NONE',  ( 0.000000000000000000, 0.000000000000000000, 1.000000000000000000 ) ) ;
#1744 = AXIS2_PLACEMENT_3D ( 'NONE', #3911, #1673, #3863 ) ;
#1745 = EDGE_CURVE ( 'NONE', #4125, #2527, #3036, .T. ) ;
#1746 = CARTESIAN_POINT ( 'NONE',  ( 1.699999999999999956, -2.100000000000000089, -0.7699999999999999067 ) ) ;
#1747 =( GEOMETRIC_REPRESENTATION_CONTEXT ( 3 ) GLOBAL_UNCERTAINTY_ASSIGNED_CONTEXT ( ( #2139 ) ) GLOBAL_UNIT_ASSIGNED_CONTEXT ( ( #4517, #80, #1955 ) ) REPRESENTATION_CONTEXT ( 'NONE', 'WORKASPACE' ) );
#1748 = CARTESIAN_POINT ( 'NONE',  ( -2.471716000805965319, 2.100000000000000089, -0.5396908546970039522 ) ) ;
#1749 = AXIS2_PLACEMENT_3D ( 'NONE', #3368, #31, #2299 ) ;
#1750 =( LENGTH_UNIT ( ) NAMED_UNIT ( * ) SI_UNIT ( .MILLI., .METRE. ) );
#1751 = ORIENTED_EDGE ( 'NONE', *, *, #442, .T. ) ;
#1752 = EDGE_LOOP ( 'NONE', ( #3206, #3005, #3026, #613, #2417 ) ) ;
#1753 = ORIENTED_EDGE ( 'NONE', *, *, #1269, .T. ) ;
#1754 = DIRECTION ( 'NONE',  ( 0.000000000000000000, 0.000000000000000000, -1.000000000000000000 ) ) ;
#1755 = DIRECTION ( 'NONE',  ( 0.08682659386424759762, -0.08682659386424759762, -0.9924325091389669673 ) ) ;
#1756 = ORIENTED_EDGE ( 'NONE', *, *, #508, .T. ) ;
#1757 = UNCERTAINTY_MEASURE_WITH_UNIT (LENGTH_MEASURE( 1.000000000000000082E-05 ), #1276, 'distance_accuracy_value', 'NONE');
#1758 = DIRECTION ( 'NONE',  ( 1.000000000000000000, 0.000000000000000000, 0.000000000000000000 ) ) ;
#1759 = DIRECTION ( 'NONE',  ( -1.000000000000000000, 0.000000000000000000, 0.000000000000000000 ) ) ;
#1760 = CARTESIAN_POINT ( 'NONE',  ( -1.680009069179265069, 2.879687624179894989, 0.4000000000000000222 ) ) ;
#1761 = DIRECTION ( 'NONE',  ( -3.043374519257555240E-15, 0.000000000000000000, 1.000000000000000000 ) ) ;
#1762 = CARTESIAN_POINT ( 'NONE',  ( -2.399999999999999911, 2.100000000000000089, -0.2999999999999999889 ) ) ;
#1763 = EDGE_CURVE ( 'NONE', #4703, #2230, #691, .T. ) ;
#1764 = EDGE_LOOP ( 'NONE', ( #3522, #2168, #2604, #3157 ) ) ;
#1765 = EDGE_CURVE ( 'NONE', #923, #2580, #3661, .T. ) ;
#1766 = ORIENTED_EDGE ( 'NONE', *, *, #1603, .F. ) ;
#1767 = CARTESIAN_POINT ( 'NONE',  ( 2.700000000000000178, -2.100000000000000089, -6.982962677686269669E-16 ) ) ;
#1768 = VECTOR ( 'NONE', #1142, 1000.000000000000000 ) ;
#1769 = DIRECTION ( 'NONE',  ( 0.000000000000000000, -1.000000000000000000, 0.000000000000000000 ) ) ;
#1770 = STYLED_ITEM ( 'NONE', ( #516 ), #2569 ) ;
#1771 = CARTESIAN_POINT ( 'NONE',  ( 0.5500000000000000444, -1.050000000000000044, -0.5699999999999999512 ) ) ;
#1772 = FILL_AREA_STYLE_COLOUR ( '', #1619 ) ;
#1773 = FACE_BOUND ( 'NONE', #3539, .T. ) ;
#1774 = ORIENTED_EDGE ( 'NONE', *, *, #2745, .F. ) ;
#1775 = LINE ( 'NONE', #1369, #3799 ) ;
#1776 = MECHANICAL_DESIGN_GEOMETRIC_PRESENTATION_REPRESENTATION (  '', ( #3261 ), #1940 ) ;
#1777 = STYLED_ITEM ( 'NONE', ( #3354 ), #2779 ) ;
#1778 = AXIS2_PLACEMENT_3D ( 'NONE', #476, #3442, #111 ) ;
#1779 = DIRECTION ( 'NONE',  ( 1.000000000000000000, 0.000000000000000000, 0.000000000000000000 ) ) ;
#1780 = ORIENTED_EDGE ( 'NONE', *, *, #2960, .F. ) ;
#1781 = DIRECTION ( 'NONE',  ( -1.000000000000000000, 0.000000000000000000, 0.000000000000000000 ) ) ;
#1782 = EDGE_CURVE ( 'NONE', #1695, #2867, #4401, .T. ) ;
#1783 = STYLED_ITEM ( 'NONE', ( #3938 ), #3507 ) ;
#1784 = STYLED_ITEM ( 'NONE', ( #11 ), #3783 ) ;
#1785 = EDGE_LOOP ( 'NONE', ( #4199, #2117, #2415, #2877, #1989, #1788, #565, #2390 ) ) ;
#1786 = FACE_OUTER_BOUND ( 'NONE', #2071, .T. ) ;
#1787 = FACE_OUTER_BOUND ( 'NONE', #3565, .T. ) ;
#1788 = ORIENTED_EDGE ( 'NONE', *, *, #2786, .T. ) ;
#1789 = FACE_OUTER_BOUND ( 'NONE', #3345, .T. ) ;
#1790 = ORIENTED_EDGE ( 'NONE', *, *, #937, .T. ) ;
#1791 = DIRECTION ( 'NONE',  ( 0.000000000000000000, 1.000000000000000000, 0.000000000000000000 ) ) ;
#1792 = CARTESIAN_POINT ( 'NONE',  ( 0.2103187164337325110, 2.110000814877110109, 0.3499999999999999778 ) ) ;
#1793 = PLANE ( 'NONE',  #2743 ) ;
#1794 = DIRECTION ( 'NONE',  ( 3.043374519257555240E-15, 0.000000000000000000, 1.000000000000000000 ) ) ;
#1795 = EDGE_CURVE ( 'NONE', #2326, #4135, #356, .T. ) ;
#1796 = STYLED_ITEM ( 'NONE', ( #2582 ), #1419 ) ;
#1797 =( NAMED_UNIT ( * ) PLANE_ANGLE_UNIT ( ) SI_UNIT ( $, .RADIAN. ) );
#1798 = DIRECTION ( 'NONE',  ( 3.043374519257555240E-15, 0.000000000000000000, -1.000000000000000000 ) ) ;
#1799 = ORIENTED_EDGE ( 'NONE', *, *, #2537, .F. ) ;
#1800 = ORIENTED_EDGE ( 'NONE', *, *, #747, .T. ) ;
#1801 = CARTESIAN_POINT ( 'NONE',  ( -0.1831650461902210036, -0.2870056143358110101, 0.3499999999999999778 ) ) ;
#1802 = UNCERTAINTY_MEASURE_WITH_UNIT (LENGTH_MEASURE( 1.000000000000000082E-05 ), #2015, 'distance_accuracy_value', 'NONE');
#1803 = EDGE_CURVE ( 'NONE', #1515, #4404, #4790, .T. ) ;
#1804 = CARTESIAN_POINT ( 'NONE',  ( 2.399999999999999911, -1.199999999999999956, -0.7699999999999999067 ) ) ;
#1805 = VECTOR ( 'NONE', #4757, 1000.000000000000000 ) ;
#1806 = VERTEX_POINT ( 'NONE', #3221 ) ;
#1807 = LINE ( 'NONE', #2878, #2431 ) ;
#1808 = LINE ( 'NONE', #1197, #3561 ) ;
#1809 = ORIENTED_EDGE ( 'NONE', *, *, #4676, .T. ) ;
#1810 = LINE ( 'NONE', #2250, #4228 ) ;
#1811 = EDGE_LOOP ( 'NONE', ( #2210, #514, #1971, #3239 ) ) ;
#1812 = FILL_AREA_STYLE ('',( #1077 ) ) ;
#1813 = CARTESIAN_POINT ( 'NONE',  ( -0.9960286258184740671, -0.1370056143358111822, 0.2999999999999999889 ) ) ;
#1814 = CARTESIAN_POINT ( 'NONE',  ( -2.470127565808669878, 2.500000000000000000, -0.5699999999999999512 ) ) ;
#1815 = CARTESIAN_POINT ( 'NONE',  ( 2.399999999999999911, 1.199999999999999956, -0.2999999999999999889 ) ) ;
#1816 = VECTOR ( 'NONE', #3790, 1000.000000000000000 ) ;
#1817 = VECTOR ( 'NONE', #2748, 1000.000000000000000 ) ;
#1818 = DIRECTION ( 'NONE',  ( 0.000000000000000000, 1.000000000000000000, 0.000000000000000000 ) ) ;
#1819 = PLANE ( 'NONE',  #3307 ) ;
#1820 = EDGE_CURVE ( 'NONE', #4574, #3710, #1241, .T. ) ;
#1821 = ORIENTED_EDGE ( 'NONE', *, *, #13, .F. ) ;
#1822 = ORIENTED_EDGE ( 'NONE', *, *, #2457, .T. ) ;
#1823 = DIRECTION ( 'NONE',  ( -1.185975313885232060E-16, 1.000000000000000000, 0.000000000000000000 ) ) ;
#1824 = AXIS2_PLACEMENT_3D ( 'NONE', #1075, #4098, #1102 ) ;
#1825 = ADVANCED_FACE ( 'NONE', ( #4687 ), #1327, .F. ) ;
#1826 = CARTESIAN_POINT ( 'NONE',  ( -0.5500000000000000444, -2.240667692902679864, -0.5699999999999999512 ) ) ;
#1827 = DIRECTION ( 'NONE',  ( 0.000000000000000000, 1.000000000000000000, 0.000000000000000000 ) ) ;
#1828 = DIRECTION ( 'NONE',  ( -1.971276677246369793E-16, -1.000000000000000000, 0.000000000000000000 ) ) ;
#1829 = PRESENTATION_STYLE_ASSIGNMENT (( #2165 ) ) ;
#1830 = ORIENTED_EDGE ( 'NONE', *, *, #290, .F. ) ;
#1831 = ORIENTED_EDGE ( 'NONE', *, *, #3887, .F. ) ;
#1832 = FACE_OUTER_BOUND ( 'NONE', #4273, .T. ) ;
#1833 = ADVANCED_FACE ( 'NONE', ( #3446 ), #3925, .T. ) ;
#1834 = DIRECTION ( 'NONE',  ( 9.105833465946929316E-17, 1.000000000000000000, 0.000000000000000000 ) ) ;
#1835 =( NAMED_UNIT ( * ) SI_UNIT ( $, .STERADIAN. ) SOLID_ANGLE_UNIT ( ) );
#1836 = AXIS2_PLACEMENT_3D ( 'NONE', #1939, #3713, #3422 ) ;
#1837 = SURFACE_STYLE_FILL_AREA ( #774 ) ;
#1838 = DIRECTION ( 'NONE',  ( -1.896992367213329726E-16, 1.000000000000000000, 0.000000000000000000 ) ) ;
#1839 = PLANE ( 'NONE',  #427 ) ;
#1840 = AXIS2_PLACEMENT_3D ( 'NONE', #1888, #1107, #2280 ) ;
#1841 = ORIENTED_EDGE ( 'NONE', *, *, #432, .F. ) ;
#1842 = EDGE_LOOP ( 'NONE', ( #4397, #180, #3384, #3868 ) ) ;
#1843 = ORIENTED_EDGE ( 'NONE', *, *, #1954, .T. ) ;
#1844 = UNCERTAINTY_MEASURE_WITH_UNIT (LENGTH_MEASURE( 1.000000000000000082E-05 ), #2192, 'distance_accuracy_value', 'NONE');
#1845 = PRESENTATION_LAYER_ASSIGNMENT (  '', '', ( #920 ) ) ;
#1846 = VERTEX_POINT ( 'NONE', #1355 ) ;
#1847 = CARTESIAN_POINT ( 'NONE',  ( -2.399999999999999911, 1.199999999999999956, -0.2999999999999999889 ) ) ;
#1848 = DIRECTION ( 'NONE',  ( 0.000000000000000000, 1.000000000000000000, 0.000000000000000000 ) ) ;
#1849 = ORIENTED_EDGE ( 'NONE', *, *, #3088, .T. ) ;
#1850 = LINE ( 'NONE', #347, #1662 ) ;
#1851 = COLOUR_RGB ( '',1.000000000000000000, 1.000000000000000000, 1.000000000000000000 ) ;
#1852 = PRESENTATION_STYLE_ASSIGNMENT (( #1129 ) ) ;
#1853 = AXIS2_PLACEMENT_3D ( 'NONE', #2229, #3378, #88 ) ;
#1854 = PRESENTATION_LAYER_ASSIGNMENT (  '', '', ( #4571 ) ) ;
#1855 = ORIENTED_EDGE ( 'NONE', *, *, #2000, .T. ) ;
#1856 = CARTESIAN_POINT ( 'NONE',  ( -1.600000000000000089, 1.100000000000000089, -0.5699999999999999512 ) ) ;
#1857 = CARTESIAN_POINT ( 'NONE',  ( -2.500000000000000000, -2.500000000000000000, 0.000000000000000000 ) ) ;
#1858 = EDGE_LOOP ( 'NONE', ( #4131, #689, #3137, #1973 ) ) ;
#1859 = EDGE_CURVE ( 'NONE', #542, #4462, #810, .T. ) ;
#1860 = ORIENTED_EDGE ( 'NONE', *, *, #35, .F. ) ;
#1861 = CARTESIAN_POINT ( 'NONE',  ( -0.03316504619022000305, -2.056952929731179935, 0.3499999999999999778 ) ) ;
#1862 = EDGE_CURVE ( 'NONE', #3250, #2262, #211, .T. ) ;
#1863 = FACE_OUTER_BOUND ( 'NONE', #3459, .T. ) ;
#1864 = ORIENTED_EDGE ( 'NONE', *, *, #4580, .T. ) ;
#1865 = CARTESIAN_POINT ( 'NONE',  ( 1.600000000000000089, 1.100000000000000089, -0.5699999999999999512 ) ) ;
#1866 = FILL_AREA_STYLE_COLOUR ( '', #3374 ) ;
#1867 = CIRCLE ( 'NONE', #555, 0.09999999999999999167 ) ;
#1868 = ORIENTED_EDGE ( 'NONE', *, *, #242, .T. ) ;
#1869 = ORIENTED_EDGE ( 'NONE', *, *, #2278, .F. ) ;
#1870 = CARTESIAN_POINT ( 'NONE',  ( -1.600000000000000089, -2.200000000000000178, -0.6999999999999999556 ) ) ;
#1871 = AXIS2_PLACEMENT_3D ( 'NONE', #2682, #97, #4160 ) ;
#1872 = ORIENTED_EDGE ( 'NONE', *, *, #3964, .F. ) ;
#1873 = CARTESIAN_POINT ( 'NONE',  ( -2.399999999999999911, 2.100000000000000089, -0.2999999999999999889 ) ) ;
#1874 = ORIENTED_EDGE ( 'NONE', *, *, #1084, .T. ) ;
#1875 = PLANE ( 'NONE',  #343 ) ;
#1876 =( GEOMETRIC_REPRESENTATION_CONTEXT ( 3 ) GLOBAL_UNCERTAINTY_ASSIGNED_CONTEXT ( ( #976 ) ) GLOBAL_UNIT_ASSIGNED_CONTEXT ( ( #3623, #4022, #3927 ) ) REPRESENTATION_CONTEXT ( 'NONE', 'WORKASPACE' ) );
#1877 = EDGE_CURVE ( 'NONE', #569, #4165, #2356, .T. ) ;
#1878 = ORIENTED_EDGE ( 'NONE', *, *, #432, .T. ) ;
#1879 = VECTOR ( 'NONE', #2267, 1000.000000000000000 ) ;
#1880 =( LENGTH_UNIT ( ) NAMED_UNIT ( * ) SI_UNIT ( .MILLI., .METRE. ) );
#1881 = CARTESIAN_POINT ( 'NONE',  ( 2.470127565808669878, 2.100000000000000089, -0.5699999999999999512 ) ) ;
#1882 = SURFACE_STYLE_USAGE ( .BOTH. , #1551 ) ;
#1883 = ORIENTED_EDGE ( 'NONE', *, *, #3587, .T. ) ;
#1884 = VECTOR ( 'NONE', #4058, 1000.000000000000000 ) ;
#1885 = ADVANCED_FACE ( 'NONE', ( #253 ), #1602, .T. ) ;
#1886 = PRESENTATION_STYLE_ASSIGNMENT (( #2962 ) ) ;
#1887 =( GEOMETRIC_REPRESENTATION_CONTEXT ( 3 ) GLOBAL_UNCERTAINTY_ASSIGNED_CONTEXT ( ( #3947 ) ) GLOBAL_UNIT_ASSIGNED_CONTEXT ( ( #2218, #447, #4118 ) ) REPRESENTATION_CONTEXT ( 'NONE', 'WORKASPACE' ) );
#1888 = CARTESIAN_POINT ( 'NONE',  ( -0.5500000000000000444, 2.254834989607330087, -0.5699999999999999512 ) ) ;
#1889 = ORIENTED_EDGE ( 'NONE', *, *, #3937, .F. ) ;
#1890 = DIRECTION ( 'NONE',  ( 0.000000000000000000, -1.000000000000000000, 0.000000000000000000 ) ) ;
#1891 = VECTOR ( 'NONE', #1332, 1000.000000000000000 ) ;
#1892 = EDGE_CURVE ( 'NONE', #2969, #3852, #1688, .T. ) ;
#1893 = LINE ( 'NONE', #1141, #3843 ) ;
#1894 = COLOUR_RGB ( '',1.000000000000000000, 1.000000000000000000, 1.000000000000000000 ) ;
#1895 = DIRECTION ( 'NONE',  ( -0.05233595624294389709, 0.000000000000000000, 0.9986295347545739443 ) ) ;
#1896 = ORIENTED_EDGE ( 'NONE', *, *, #690, .T. ) ;
#1897 = ORIENTED_EDGE ( 'NONE', *, *, #365, .F. ) ;
#1898 = CARTESIAN_POINT ( 'NONE',  ( 1.930905544980989985, 2.110000814877110109, 0.2999999999999999889 ) ) ;
#1899 = ORIENTED_EDGE ( 'NONE', *, *, #849, .T. ) ;
#1900 = CARTESIAN_POINT ( 'NONE',  ( 2.399999999999999911, 2.100000000000000089, -0.2999999999999999889 ) ) ;
#1901 = DIRECTION ( 'NONE',  ( 0.000000000000000000, 0.000000000000000000, 1.000000000000000000 ) ) ;
#1902 = CARTESIAN_POINT ( 'NONE',  ( 0.000000000000000000, 0.000000000000000000, 0.8000000000000000444 ) ) ;
#1903 =( GEOMETRIC_REPRESENTATION_CONTEXT ( 3 ) GLOBAL_UNCERTAINTY_ASSIGNED_CONTEXT ( ( #4089 ) ) GLOBAL_UNIT_ASSIGNED_CONTEXT ( ( #3467, #2273, #4496 ) ) REPRESENTATION_CONTEXT ( 'NONE', 'WORKASPACE' ) );
#1904 = PRESENTATION_LAYER_ASSIGNMENT (  '', '', ( #1518 ) ) ;
#1905 =( NAMED_UNIT ( * ) SI_UNIT ( $, .STERADIAN. ) SOLID_ANGLE_UNIT ( ) );
#1906 = UNCERTAINTY_MEASURE_WITH_UNIT (LENGTH_MEASURE( 1.000000000000000082E-05 ), #1086, 'distance_accuracy_value', 'NONE');
#1907 = DIRECTION ( 'NONE',  ( 0.000000000000000000, -1.000000000000000000, 0.000000000000000000 ) ) ;
#1908 = ORIENTED_EDGE ( 'NONE', *, *, #2035, .F. ) ;
#1909 = CARTESIAN_POINT ( 'NONE',  ( -1.296028625818473889, 0.6751250982098669917, 0.3499999999999999778 ) ) ;
#1910 = ADVANCED_FACE ( 'NONE', ( #233 ), #3555, .T. ) ;
#1911 = VECTOR ( 'NONE', #1895, 1000.000000000000000 ) ;
#1912 = DIRECTION ( 'NONE',  ( -1.000000000000000000, 1.522241498270669760E-16, 0.000000000000000000 ) ) ;
#1913 = CARTESIAN_POINT ( 'NONE',  ( -0.03316504619022000305, -0.1370056143358099887, 0.2999999999999999889 ) ) ;
#1914 = LINE ( 'NONE', #1965, #3764 ) ;
#1915 = ORIENTED_EDGE ( 'NONE', *, *, #3976, .T. ) ;
#1916 = ORIENTED_EDGE ( 'NONE', *, *, #1386, .T. ) ;
#1917 = DIRECTION ( 'NONE',  ( 0.000000000000000000, 0.000000000000000000, 1.000000000000000000 ) ) ;
#1918 = FACE_OUTER_BOUND ( 'NONE', #2692, .T. ) ;
#1919 = VECTOR ( 'NONE', #87, 1000.000000000000000 ) ;
#1920 = EDGE_CURVE ( 'NONE', #1076, #2441, #4283, .T. ) ;
#1921 = ADVANCED_FACE ( 'NONE', ( #3421 ), #2328, .F. ) ;
#1922 = VECTOR ( 'NONE', #2148, 1000.000000000000000 ) ;
#1923 = CARTESIAN_POINT ( 'NONE',  ( 2.470127565808669878, -2.100000000000000089, -0.5699999999999999512 ) ) ;
#1924 = SURFACE_STYLE_USAGE ( .BOTH. , #2296 ) ;
#1925 = EDGE_CURVE ( 'NONE', #2438, #2867, #2920, .T. ) ;
#1926 = LINE ( 'NONE', #4539, #3924 ) ;
#1927 = AXIS2_PLACEMENT_3D ( 'NONE', #2290, #2924, #4484 ) ;
#1928 = ORIENTED_EDGE ( 'NONE', *, *, #4263, .F. ) ;
#1929 = VECTOR ( 'NONE', #3987, 1000.000000000000000 ) ;
#1930 = SURFACE_STYLE_USAGE ( .BOTH. , #4361 ) ;
#1931 = VERTEX_POINT ( 'NONE', #1400 ) ;
#1932 =( LENGTH_UNIT ( ) NAMED_UNIT ( * ) SI_UNIT ( .MILLI., .METRE. ) );
#1933 = CARTESIAN_POINT ( 'NONE',  ( 2.399999999999999911, 1.199999999999999956, -0.2999999999999999889 ) ) ;
#1934 = ORIENTED_EDGE ( 'NONE', *, *, #1126, .F. ) ;
#1935 = ORIENTED_EDGE ( 'NONE', *, *, #1686, .T. ) ;
#1936 = PRESENTATION_LAYER_ASSIGNMENT (  '', '', ( #4793 ) ) ;
#1937 = VECTOR ( 'NONE', #1080, 1000.000000000000000 ) ;
#1938 = CARTESIAN_POINT ( 'NONE',  ( -1.699999999999999956, 2.100000000000000089, -0.7699999999999999067 ) ) ;
#1939 = CARTESIAN_POINT ( 'NONE',  ( 0.000000000000000000, 0.000000000000000000, -0.5699999999999999512 ) ) ;
#1940 =( GEOMETRIC_REPRESENTATION_CONTEXT ( 3 ) GLOBAL_UNCERTAINTY_ASSIGNED_CONTEXT ( ( #1066 ) ) GLOBAL_UNIT_ASSIGNED_CONTEXT ( ( #3370, #3034, #3779 ) ) REPRESENTATION_CONTEXT ( 'NONE', 'WORKASPACE' ) );
#1941 = EDGE_CURVE ( 'NONE', #3609, #2436, #3294, .T. ) ;
#1942 = LINE ( 'NONE', #3716, #2683 ) ;
#1943 = DIRECTION ( 'NONE',  ( 1.000000000000000000, 0.000000000000000000, 0.000000000000000000 ) ) ;
#1944 = DIRECTION ( 'NONE',  ( 1.000000000000000000, 2.520540444682889996E-16, 0.000000000000000000 ) ) ;
#1945 = EDGE_LOOP ( 'NONE', ( #1869, #3105, #1322, #1543 ) ) ;
#1946 = EDGE_LOOP ( 'NONE', ( #4104, #3750, #1684, #2014 ) ) ;
#1947 = CARTESIAN_POINT ( 'NONE',  ( 1.930905544980989985, -2.056952929731179935, 0.3499999999999999778 ) ) ;
#1948 = DIRECTION ( 'NONE',  ( 0.000000000000000000, 0.000000000000000000, 1.000000000000000000 ) ) ;
#1949 = VECTOR ( 'NONE', #3364, 999.9999999999998863 ) ;
#1950 = ORIENTED_EDGE ( 'NONE', *, *, #280, .F. ) ;
#1951 = CARTESIAN_POINT ( 'NONE',  ( -1.296028625818473889, 0.8251250982098670139, 0.3499999999999999778 ) ) ;
#1952 = DIRECTION ( 'NONE',  ( 1.000000000000000000, 0.000000000000000000, 0.000000000000000000 ) ) ;
#1953 = ORIENTED_EDGE ( 'NONE', *, *, #2597, .F. ) ;
#1954 = EDGE_CURVE ( 'NONE', #133, #1552, #2553, .T. ) ;
#1955 =( NAMED_UNIT ( * ) SI_UNIT ( $, .STERADIAN. ) SOLID_ANGLE_UNIT ( ) );
#1956 = CARTESIAN_POINT ( 'NONE',  ( 2.700000000000000178, 2.100000000000000089, -0.5699999999999999512 ) ) ;
#1957 =( NAMED_UNIT ( * ) SI_UNIT ( $, .STERADIAN. ) SOLID_ANGLE_UNIT ( ) );
#1958 = ORIENTED_EDGE ( 'NONE', *, *, #2865, .F. ) ;
#1959 = SURFACE_SIDE_STYLE ('',( #1578 ) ) ;
#1960 = PRESENTATION_STYLE_ASSIGNMENT (( #2428 ) ) ;
#1961 = CARTESIAN_POINT ( 'NONE',  ( -0.9960286258184740671, -0.1370056143358111822, 0.3499999999999999778 ) ) ;
#1962 = VECTOR ( 'NONE', #3098, 1000.000000000000000 ) ;
#1963 = LINE ( 'NONE', #144, #1596 ) ;
#1964 = CARTESIAN_POINT ( 'NONE',  ( 0.2103187164337325110, 2.110000814877110109, 0.3499999999999999778 ) ) ;
#1965 = CARTESIAN_POINT ( 'NONE',  ( 2.470127565808669878, 2.500000000000000000, -0.5699999999999999512 ) ) ;
#1966 = ORIENTED_EDGE ( 'NONE', *, *, #1475, .T. ) ;
#1967 = ORIENTED_EDGE ( 'NONE', *, *, #3734, .T. ) ;
#1968 = DIRECTION ( 'NONE',  ( -4.818676322157800333E-16, 1.000000000000000000, 1.751623080406019977E-46 ) ) ;
#1969 = DIRECTION ( 'NONE',  ( 0.000000000000000000, 1.000000000000000000, 0.000000000000000000 ) ) ;
#1970 = AXIS2_PLACEMENT_3D ( 'NONE', #2791, #4264, #3153 ) ;
#1971 = ORIENTED_EDGE ( 'NONE', *, *, #787, .T. ) ;
#1972 = FACE_OUTER_BOUND ( 'NONE', #3042, .T. ) ;
#1973 = ORIENTED_EDGE ( 'NONE', *, *, #1450, .T. ) ;
#1974 = FILL_AREA_STYLE_COLOUR ( '', #2043 ) ;
#1975 = CARTESIAN_POINT ( 'NONE',  ( -2.500000000000000000, -2.100000000000000089, -0.2999999999999999889 ) ) ;
#1976 =( GEOMETRIC_REPRESENTATION_CONTEXT ( 3 ) GLOBAL_UNCERTAINTY_ASSIGNED_CONTEXT ( ( #2042 ) ) GLOBAL_UNIT_ASSIGNED_CONTEXT ( ( #1087, #3383, #3739 ) ) REPRESENTATION_CONTEXT ( 'NONE', 'WORKASPACE' ) );
#1977 = EDGE_CURVE ( 'NONE', #3908, #2101, #637, .T. ) ;
#1978 = DIRECTION ( 'NONE',  ( -1.000000000000000000, 0.000000000000000000, 0.000000000000000000 ) ) ;
#1979 = STYLED_ITEM ( 'NONE', ( #2844 ), #553 ) ;
#1980 = CARTESIAN_POINT ( 'NONE',  ( 0.3603187164337339765, 0.8251250982098670139, 0.3499999999999999778 ) ) ;
#1981 = CARTESIAN_POINT ( 'NONE',  ( 2.399999999999999911, -1.199999999999999956, -0.4699999999999999734 ) ) ;
#1982 = DIRECTION ( 'NONE',  ( 0.000000000000000000, 0.000000000000000000, -1.000000000000000000 ) ) ;
#1983 =( NAMED_UNIT ( * ) SI_UNIT ( $, .STERADIAN. ) SOLID_ANGLE_UNIT ( ) );
#1984 = SURFACE_STYLE_USAGE ( .BOTH. , #556 ) ;
#1985 = EDGE_CURVE ( 'NONE', #3508, #4559, #4754, .T. ) ;
#1986 = VERTEX_POINT ( 'NONE', #1021 ) ;
#1987 = CARTESIAN_POINT ( 'NONE',  ( -2.486873320506370444, 2.100000000000000089, -0.2504719656739949896 ) ) ;
#1988 = LINE ( 'NONE', #146, #3151 ) ;
#1989 = ORIENTED_EDGE ( 'NONE', *, *, #4638, .T. ) ;
#1990 = VERTEX_POINT ( 'NONE', #2116 ) ;
#1991 = CARTESIAN_POINT ( 'NONE',  ( 2.399999999999999911, -1.199999999999999956, -0.7699999999999999067 ) ) ;
#1992 = CARTESIAN_POINT ( 'NONE',  ( -2.500000000000000000, -1.199999999999999956, 0.000000000000000000 ) ) ;
#1993 = ORIENTED_EDGE ( 'NONE', *, *, #1511, .T. ) ;
#1994 = CARTESIAN_POINT ( 'NONE',  ( 2.470127565808669878, 1.199999999999999956, -0.5699999999999999512 ) ) ;
#1995 = STYLED_ITEM ( 'NONE', ( #901 ), #2246 ) ;
#1996 = EDGE_LOOP ( 'NONE', ( #1336, #4344, #4345, #4803 ) ) ;
#1997 = CARTESIAN_POINT ( 'NONE',  ( 1.699999999999999956, -1.199999999999999956, -0.7699999999999999067 ) ) ;
#1998 = LINE ( 'NONE', #3490, #2049 ) ;
#1999 = COLOUR_RGB ( '',0.7960784313725489669, 0.8235294117647058432, 0.9372549019607843146 ) ;
#2000 = EDGE_CURVE ( 'NONE', #3096, #4629, #3272, .T. ) ;
#2001 = DIRECTION ( 'NONE',  ( 0.000000000000000000, 0.000000000000000000, 1.000000000000000000 ) ) ;
#2002 = ADVANCED_FACE ( 'NONE', ( #3599 ), #4370, .F. ) ;
#2003 = SURFACE_STYLE_FILL_AREA ( #4521 ) ;
#2004 =( GEOMETRIC_REPRESENTATION_CONTEXT ( 3 ) GLOBAL_UNCERTAINTY_ASSIGNED_CONTEXT ( ( #4410 ) ) GLOBAL_UNIT_ASSIGNED_CONTEXT ( ( #1932, #3052, #1211 ) ) REPRESENTATION_CONTEXT ( 'NONE', 'WORKASPACE' ) );
#2005 = DIRECTION ( 'NONE',  ( 1.000000000000000000, 0.000000000000000000, 0.000000000000000000 ) ) ;
#2006 = LINE ( 'NONE', #4242, #2409 ) ;
#2007 = EDGE_CURVE ( 'NONE', #346, #2970, #314, .T. ) ;
#2008 = VECTOR ( 'NONE', #2100, 1000.000000000000000 ) ;
#2009 = AXIS2_PLACEMENT_3D ( 'NONE', #4195, #834, #3083 ) ;
#2010 = CARTESIAN_POINT ( 'NONE',  ( 2.700000000000000178, 1.301042606982605912E-15, -8.306732565912529366E-15 ) ) ;
#2011 = DIRECTION ( 'NONE',  ( 0.000000000000000000, 0.000000000000000000, -1.000000000000000000 ) ) ;
#2012 = LINE ( 'NONE', #4130, #1599 ) ;
#2013 = VERTEX_POINT ( 'NONE', #2507 ) ;
#2014 = ORIENTED_EDGE ( 'NONE', *, *, #2380, .T. ) ;
#2015 =( LENGTH_UNIT ( ) NAMED_UNIT ( * ) SI_UNIT ( .MILLI., .METRE. ) );
#2016 = DIRECTION ( 'NONE',  ( -1.000000000000000000, 0.000000000000000000, -3.252606517456518824E-15 ) ) ;
#2017 = EDGE_LOOP ( 'NONE', ( #2778, #2773, #2095, #443 ) ) ;
#2018 = ORIENTED_EDGE ( 'NONE', *, *, #1439, .T. ) ;
#2019 = LINE ( 'NONE', #610, #4095 ) ;
#2020 = SURFACE_SIDE_STYLE ('',( #3802 ) ) ;
#2021 = VERTEX_POINT ( 'NONE', #678 ) ;
#2022 = DIRECTION ( 'NONE',  ( 0.000000000000000000, 0.000000000000000000, 1.000000000000000000 ) ) ;
#2023 = LINE ( 'NONE', #3493, #483 ) ;
#2024 = CIRCLE ( 'NONE', #4730, 0.09999999999999999167 ) ;
#2025 = DIRECTION ( 'NONE',  ( -0.000000000000000000, 1.000000000000000000, 0.000000000000000000 ) ) ;
#2026 = SURFACE_STYLE_FILL_AREA ( #3112 ) ;
#2027 = EDGE_CURVE ( 'NONE', #1641, #2345, #4048, .T. ) ;
#2028 = COLOUR_RGB ( '',1.000000000000000000, 1.000000000000000000, 1.000000000000000000 ) ;
#2029 = CARTESIAN_POINT ( 'NONE',  ( 2.500000000000000000, 2.100000000000000089, -0.2999999999999999889 ) ) ;
#2030 = DIRECTION ( 'NONE',  ( -1.000000000000000000, -1.896992367213329726E-16, 0.000000000000000000 ) ) ;
#2031 = DIRECTION ( 'NONE',  ( 0.7071067811865474617, 0.7071067811865474617, 0.000000000000000000 ) ) ;
#2032 = VERTEX_POINT ( 'NONE', #1826 ) ;
#2033 = DIRECTION ( 'NONE',  ( -0.000000000000000000, 1.000000000000000000, 0.000000000000000000 ) ) ;
#2034 = FACE_OUTER_BOUND ( 'NONE', #2828, .T. ) ;
#2035 = EDGE_CURVE ( 'NONE', #1169, #542, #3319, .T. ) ;
#2036 = COLOUR_RGB ( '',1.000000000000000000, 1.000000000000000000, 1.000000000000000000 ) ;
#2037 = ORIENTED_EDGE ( 'NONE', *, *, #667, .F. ) ;
#2038 = DIRECTION ( 'NONE',  ( 0.000000000000000000, 0.000000000000000000, -1.000000000000000000 ) ) ;
#2039 = DIRECTION ( 'NONE',  ( 0.000000000000000000, -1.000000000000000000, 0.000000000000000000 ) ) ;
#2040 = ORIENTED_EDGE ( 'NONE', *, *, #2491, .F. ) ;
#2041 = PRESENTATION_STYLE_ASSIGNMENT (( #2784 ) ) ;
#2042 = UNCERTAINTY_MEASURE_WITH_UNIT (LENGTH_MEASURE( 1.000000000000000082E-05 ), #1087, 'distance_accuracy_value', 'NONE');
#2043 = COLOUR_RGB ( '',0.7960784313725489669, 0.8235294117647058432, 0.9372549019607843146 ) ;
#2044 = FACE_OUTER_BOUND ( 'NONE', #3693, .T. ) ;
#2045 = COLOUR_RGB ( '',1.000000000000000000, 1.000000000000000000, 1.000000000000000000 ) ;
#2046 = CARTESIAN_POINT ( 'NONE',  ( 2.470127565808669878, 2.200000000000000178, -0.5699999999999999512 ) ) ;
#2047 = CLOSED_SHELL ( 'NONE', ( #4326, #997, #4153, #3783, #853, #3703, #4314, #863, #2516, #332, #2850, #4114, #4774, #3948, #4039, #4004, #1833, #1885, #1, #4204, #1306, #3698, #4353, #4615, #1472, #1339, #2610, #3086, #2565, #3971, #3200, #3260, #965, #1048, #3696, #609, #1910, #3445, #1680, #4581, #4315, #2067, #1410, #3424, #4169, #4214, #4590, #941, #4448, #3235, #4026, #210, #900, #1921, #2724, #3507, #4288, #719, #1705, #3299, #3814, #3397, #553, #3548, #1117, #3287, #2350, #2779, #2821, #2219, #874, #2246, #2871, #4299, #4779, #4668, #1625, #3387, #636, #201, #958, #1716, #1594, #1419, #3164, #2736, #4456, #1825 ) ) ;
#2048 = DIRECTION ( 'NONE',  ( 1.000000000000000000, 0.000000000000000000, 0.000000000000000000 ) ) ;
#2049 = VECTOR ( 'NONE', #1643, 1000.000000000000000 ) ;
#2050 = MECHANICAL_DESIGN_GEOMETRIC_PRESENTATION_REPRESENTATION (  '', ( #1979 ), #4686 ) ;
#2051 = SURFACE_SIDE_STYLE ('',( #3884 ) ) ;
#2052 = EDGE_CURVE ( 'NONE', #4579, #3919, #3343, .T. ) ;
#2053 = CARTESIAN_POINT ( 'NONE',  ( -1.146028625818473978, -0.1370056143358111822, 0.3499999999999999778 ) ) ;
#2054 = EDGE_LOOP ( 'NONE', ( #2158, #2413, #4293, #1658 ) ) ;
#2055 = FACE_OUTER_BOUND ( 'NONE', #4417, .T. ) ;
#2056 = DIRECTION ( 'NONE',  ( 0.08682659386424759762, 0.08682659386424759762, -0.9924325091389669673 ) ) ;
#2057 = EDGE_CURVE ( 'NONE', #125, #376, #4707, .T. ) ;
#2058 = ORIENTED_EDGE ( 'NONE', *, *, #463, .T. ) ;
#2059 = VERTEX_POINT ( 'NONE', #3243 ) ;
#2060 = SURFACE_STYLE_FILL_AREA ( #3504 ) ;
#2061 = EDGE_CURVE ( 'NONE', #923, #125, #658, .T. ) ;
#2062 = EDGE_LOOP ( 'NONE', ( #4482, #3278, #1528, #176 ) ) ;
#2063 = ORIENTED_EDGE ( 'NONE', *, *, #2646, .F. ) ;
#2064 = CARTESIAN_POINT ( 'NONE',  ( -2.500000000000000000, -2.500000000000000000, 0.000000000000000000 ) ) ;
#2065 = ORIENTED_EDGE ( 'NONE', *, *, #2435, .F. ) ;
#2066 = DIRECTION ( 'NONE',  ( 1.000000000000000000, 0.000000000000000000, 0.000000000000000000 ) ) ;
#2067 = ADVANCED_FACE ( 'NONE', ( #4536 ), #100, .T. ) ;
#2068 = VECTOR ( 'NONE', #2807, 1000.000000000000000 ) ;
#2069 = EDGE_CURVE ( 'NONE', #4422, #3189, #468, .T. ) ;
#2070 = CARTESIAN_POINT ( 'NONE',  ( -2.700000000000000178, -1.199999999999999956, -0.5699999999999999512 ) ) ;
#2071 = EDGE_LOOP ( 'NONE', ( #3023, #3741, #4473 ) ) ;
#2072 = DIRECTION ( 'NONE',  ( 0.000000000000000000, -1.000000000000000000, 0.000000000000000000 ) ) ;
#2073 = CARTESIAN_POINT ( 'NONE',  ( 1.930905544980989985, -2.056952929731179935, 0.3499999999999999778 ) ) ;
#2074 = LINE ( 'NONE', #3201, #3597 ) ;
#2075 = AXIS2_PLACEMENT_3D ( 'NONE', #4555, #3186, #2823 ) ;
#2076 = VECTOR ( 'NONE', #1834, 1000.000000000000000 ) ;
#2077 = VERTEX_POINT ( 'NONE', #4490 ) ;
#2078 = LINE ( 'NONE', #2858, #2935 ) ;
#2079 = LINE ( 'NONE', #2541, #234 ) ;
#2080 = DIRECTION ( 'NONE',  ( 8.673617379884035472E-15, 0.000000000000000000, 1.000000000000000000 ) ) ;
#2081 = LINE ( 'NONE', #1748, #2474 ) ;
#2082 = CARTESIAN_POINT ( 'NONE',  ( -2.465004534589634755, 2.465004534589634755, 0.4000000000000000222 ) ) ;
#2083 =( GEOMETRIC_REPRESENTATION_CONTEXT ( 3 ) GLOBAL_UNCERTAINTY_ASSIGNED_CONTEXT ( ( #1802 ) ) GLOBAL_UNIT_ASSIGNED_CONTEXT ( ( #2015, #174, #3142 ) ) REPRESENTATION_CONTEXT ( 'NONE', 'WORKASPACE' ) );
#2084 = COLOUR_RGB ( '',1.000000000000000000, 1.000000000000000000, 1.000000000000000000 ) ;
#2085 = EDGE_CURVE ( 'NONE', #1427, #946, #2711, .T. ) ;
#2086 = EDGE_CURVE ( 'NONE', #4651, #1041, #3070, .T. ) ;
#2087 = ORIENTED_EDGE ( 'NONE', *, *, #2874, .F. ) ;
#2088 = VERTEX_POINT ( 'NONE', #2611 ) ;
#2089 = PLANE ( 'NONE',  #289 ) ;
#2090 = LINE ( 'NONE', #3192, #3062 ) ;
#2091 = ORIENTED_EDGE ( 'NONE', *, *, #1177, .F. ) ;
#2092 = DIRECTION ( 'NONE',  ( -1.000000000000000000, 0.000000000000000000, 0.000000000000000000 ) ) ;
#2093 = EDGE_CURVE ( 'NONE', #4135, #4087, #74, .T. ) ;
#2094 = EDGE_CURVE ( 'NONE', #366, #3712, #3000, .T. ) ;
#2095 = ORIENTED_EDGE ( 'NONE', *, *, #2813, .F. ) ;
#2096 = FILL_AREA_STYLE ('',( #620 ) ) ;
#2097 = SURFACE_STYLE_FILL_AREA ( #2489 ) ;
#2098 = EDGE_CURVE ( 'NONE', #2088, #4027, #493, .T. ) ;
#2099 = CARTESIAN_POINT ( 'NONE',  ( 0.000000000000000000, 0.000000000000000000, 0.3007161552948415251 ) ) ;
#2100 = DIRECTION ( 'NONE',  ( -1.000000000000000000, 0.000000000000000000, 0.000000000000000000 ) ) ;
#2101 = VERTEX_POINT ( 'NONE', #1951 ) ;
#2102 = VECTOR ( 'NONE', #3143, 1000.000000000000000 ) ;
#2103 = CARTESIAN_POINT ( 'NONE',  ( -0.9960286258184729569, -0.5332195235787650089, 0.3499999999999999778 ) ) ;
#2104 = LINE ( 'NONE', #1814, #4102 ) ;
#2105 = DIRECTION ( 'NONE',  ( 1.000000000000000000, 0.000000000000000000, 0.000000000000000000 ) ) ;
#2106 =( NAMED_UNIT ( * ) PLANE_ANGLE_UNIT ( ) SI_UNIT ( $, .RADIAN. ) );
#2107 = MECHANICAL_DESIGN_GEOMETRIC_PRESENTATION_REPRESENTATION (  '', ( #3743 ), #1188 ) ;
#2108 = AXIS2_PLACEMENT_3D ( 'NONE', #3389, #47, #1096 ) ;
#2109 = EDGE_LOOP ( 'NONE', ( #2294, #73, #1915, #1328 ) ) ;
#2110 = FACE_OUTER_BOUND ( 'NONE', #712, .T. ) ;
#2111 = CARTESIAN_POINT ( 'NONE',  ( 0.3603187164337330328, 0.9751250982098669251, 0.3499999999999999778 ) ) ;
#2112 = EDGE_LOOP ( 'NONE', ( #2310, #474, #737, #4147 ) ) ;
#2113 = ORIENTED_EDGE ( 'NONE', *, *, #4231, .F. ) ;
#2114 = CARTESIAN_POINT ( 'NONE',  ( -1.146028625818473978, -0.1370056143358101830, 0.3499999999999999778 ) ) ;
#2115 = EDGE_CURVE ( 'NONE', #1002, #3096, #394, .T. ) ;
#2116 = CARTESIAN_POINT ( 'NONE',  ( -1.600000000000000089, 1.100000000000000089, -0.5699999999999999512 ) ) ;
#2117 = ORIENTED_EDGE ( 'NONE', *, *, #411, .T. ) ;
#2118 = CARTESIAN_POINT ( 'NONE',  ( -1.600000000000000089, 2.200000000000000178, -0.6999999999999999556 ) ) ;
#2119 = PLANE ( 'NONE',  #4334 ) ;
#2120 = SURFACE_STYLE_FILL_AREA ( #3975 ) ;
#2121 = EDGE_CURVE ( 'NONE', #141, #2145, #473, .T. ) ;
#2122 =( GEOMETRIC_REPRESENTATION_CONTEXT ( 3 ) GLOBAL_UNCERTAINTY_ASSIGNED_CONTEXT ( ( #1520 ) ) GLOBAL_UNIT_ASSIGNED_CONTEXT ( ( #854, #131, #904 ) ) REPRESENTATION_CONTEXT ( 'NONE', 'WORKASPACE' ) );
#2123 = PRESENTATION_LAYER_ASSIGNMENT (  '', '', ( #2367 ) ) ;
#2124 = VECTOR ( 'NONE', #1114, 1000.000000000000000 ) ;
#2125 = ORIENTED_EDGE ( 'NONE', *, *, #2927, .T. ) ;
#2126 = PLANE ( 'NONE',  #371 ) ;
#2127 = DIRECTION ( 'NONE',  ( 0.000000000000000000, 0.000000000000000000, 1.000000000000000000 ) ) ;
#2128 = VECTOR ( 'NONE', #1912, 1000.000000000000000 ) ;
#2129 =( GEOMETRIC_REPRESENTATION_CONTEXT ( 3 ) GLOBAL_UNCERTAINTY_ASSIGNED_CONTEXT ( ( #4237 ) ) GLOBAL_UNIT_ASSIGNED_CONTEXT ( ( #1507, #3667, #4111 ) ) REPRESENTATION_CONTEXT ( 'NONE', 'WORKASPACE' ) );
#2130 = SURFACE_STYLE_USAGE ( .BOTH. , #3982 ) ;
#2131 = EDGE_CURVE ( 'NONE', #2230, #2077, #23, .T. ) ;
#2132 = MECHANICAL_DESIGN_GEOMETRIC_PRESENTATION_REPRESENTATION (  '', ( #351 ), #1747 ) ;
#2133 = CARTESIAN_POINT ( 'NONE',  ( -2.463314554501874643, 0.000000000000000000, -0.6999999999999999556 ) ) ;
#2134 = LINE ( 'NONE', #3285, #4643 ) ;
#2135 = DIRECTION ( 'NONE',  ( 0.000000000000000000, 0.000000000000000000, 1.000000000000000000 ) ) ;
#2136 = LINE ( 'NONE', #4279, #2205 ) ;
#2137 = ORIENTED_EDGE ( 'NONE', *, *, #4563, .F. ) ;
#2138 = ORIENTED_EDGE ( 'NONE', *, *, #1720, .F. ) ;
#2139 = UNCERTAINTY_MEASURE_WITH_UNIT (LENGTH_MEASURE( 1.000000000000000082E-05 ), #4517, 'distance_accuracy_value', 'NONE');
#2140 = CARTESIAN_POINT ( 'NONE',  ( -2.462305712989664830, -2.462305712989664830, 0.4308476720434270546 ) ) ;
#2141 = ORIENTED_EDGE ( 'NONE', *, *, #2954, .F. ) ;
#2142 = CYLINDRICAL_SURFACE ( 'NONE', #3219, 0.2999999999999999889 ) ;
#2143 = VECTOR ( 'NONE', #1220, 1000.000000000000000 ) ;
#2144 = EDGE_CURVE ( 'NONE', #2441, #4720, #1541, .T. ) ;
#2145 = VERTEX_POINT ( 'NONE', #2317 ) ;
#2146 = CARTESIAN_POINT ( 'NONE',  ( -0.03316504619022000305, -0.1370056143358099887, 0.3499999999999999778 ) ) ;
#2147 = EDGE_LOOP ( 'NONE', ( #3796, #4669, #1672, #3981 ) ) ;
#2148 = DIRECTION ( 'NONE',  ( 3.043374519257555240E-15, 0.000000000000000000, 1.000000000000000000 ) ) ;
#2149 = DIRECTION ( 'NONE',  ( 0.000000000000000000, 0.000000000000000000, -1.000000000000000000 ) ) ;
#2150 =( GEOMETRIC_REPRESENTATION_CONTEXT ( 3 ) GLOBAL_UNCERTAINTY_ASSIGNED_CONTEXT ( ( #342 ) ) GLOBAL_UNIT_ASSIGNED_CONTEXT ( ( #188, #3859, #4217 ) ) REPRESENTATION_CONTEXT ( 'NONE', 'WORKASPACE' ) );
#2151 = CYLINDRICAL_SURFACE ( 'NONE', #1106, 0.1499999999999999944 ) ;
#2152 = LINE ( 'NONE', #1495, #3227 ) ;
#2153 = SURFACE_STYLE_FILL_AREA ( #989 ) ;
#2154 = EDGE_CURVE ( 'NONE', #340, #2488, #3435, .T. ) ;
#2155 = AXIS2_PLACEMENT_3D ( 'NONE', #2643, #806, #328 ) ;
#2156 = PLANE ( 'NONE',  #3324 ) ;
#2157 = CARTESIAN_POINT ( 'NONE',  ( -2.500000000000000000, -2.500000000000000000, 0.000000000000000000 ) ) ;
#2158 = ORIENTED_EDGE ( 'NONE', *, *, #2027, .T. ) ;
#2159 = ORIENTED_EDGE ( 'NONE', *, *, #1920, .T. ) ;
#2160 = CARTESIAN_POINT ( 'NONE',  ( -2.700000000000000178, -2.100000000000000089, -0.2999999999999999889 ) ) ;
#2161 = DIRECTION ( 'NONE',  ( 0.000000000000000000, -1.000000000000000000, 0.000000000000000000 ) ) ;
#2162 = VECTOR ( 'NONE', #1139, 1000.000000000000000 ) ;
#2163 = LINE ( 'NONE', #3344, #183 ) ;
#2164 = LINE ( 'NONE', #1443, #4134 ) ;
#2165 = SURFACE_STYLE_USAGE ( .BOTH. , #3797 ) ;
#2166 = DIRECTION ( 'NONE',  ( -0.05233595624294389709, 0.000000000000000000, -0.9986295347545739443 ) ) ;
#2167 = VECTOR ( 'NONE', #4091, 1000.000000000000114 ) ;
#2168 = ORIENTED_EDGE ( 'NONE', *, *, #2566, .T. ) ;
#2169 = LINE ( 'NONE', #1156, #808 ) ;
#2170 = ORIENTED_EDGE ( 'NONE', *, *, #881, .F. ) ;
#2171 = CARTESIAN_POINT ( 'NONE',  ( -2.470127565808669878, -1.100000000000000089, -0.5699999999999999512 ) ) ;
#2172 = DIRECTION ( 'NONE',  ( 1.000000000000000000, 0.000000000000000000, 0.000000000000000000 ) ) ;
#2173 = EDGE_CURVE ( 'NONE', #872, #2731, #419, .T. ) ;
#2174 = DIRECTION ( 'NONE',  ( 1.971276677246369793E-16, 1.000000000000000000, 0.000000000000000000 ) ) ;
#2175 = DIRECTION ( 'NONE',  ( 0.000000000000000000, -1.000000000000000000, 0.000000000000000000 ) ) ;
#2176 = DIRECTION ( 'NONE',  ( 1.000000000000000000, 0.000000000000000000, 0.000000000000000000 ) ) ;
#2177 = EDGE_CURVE ( 'NONE', #2685, #3840, #2242, .T. ) ;
#2178 =( GEOMETRIC_REPRESENTATION_CONTEXT ( 3 ) GLOBAL_UNCERTAINTY_ASSIGNED_CONTEXT ( ( #3076 ) ) GLOBAL_UNIT_ASSIGNED_CONTEXT ( ( #4409, #4750, #2576 ) ) REPRESENTATION_CONTEXT ( 'NONE', 'WORKASPACE' ) );
#2179 = VECTOR ( 'NONE', #2341, 1000.000000000000000 ) ;
#2180 = DIRECTION ( 'NONE',  ( 0.000000000000000000, 0.000000000000000000, 1.000000000000000000 ) ) ;
#2181 = SURFACE_STYLE_USAGE ( .BOTH. , #2261 ) ;
#2182 = VERTEX_POINT ( 'NONE', #4136 ) ;
#2183 = ORIENTED_EDGE ( 'NONE', *, *, #4096, .T. ) ;
#2184 = LINE ( 'NONE', #1487, #4665 ) ;
#2185 = UNCERTAINTY_MEASURE_WITH_UNIT (LENGTH_MEASURE( 1.000000000000000082E-05 ), #2374, 'distance_accuracy_value', 'NONE');
#2186 = VECTOR ( 'NONE', #4415, 1000.000000000000114 ) ;
#2187 = DIRECTION ( 'NONE',  ( 0.000000000000000000, 0.000000000000000000, -1.000000000000000000 ) ) ;
#2188 = DIRECTION ( 'NONE',  ( -0.05233595624294389709, 0.000000000000000000, -0.9986295347545739443 ) ) ;
#2189 = ORIENTED_EDGE ( 'NONE', *, *, #3940, .F. ) ;
#2190 = CARTESIAN_POINT ( 'NONE',  ( -2.430009069179265069, -2.430009069179265069, 0.8000000000000000444 ) ) ;
#2191 = FILL_AREA_STYLE ('',( #1170 ) ) ;
#2192 =( LENGTH_UNIT ( ) NAMED_UNIT ( * ) SI_UNIT ( .MILLI., .METRE. ) );
#2193 = STYLED_ITEM ( 'NONE', ( #2344 ), #1594 ) ;
#2194 = ORIENTED_EDGE ( 'NONE', *, *, #2667, .F. ) ;
#2195 = CARTESIAN_POINT ( 'NONE',  ( -2.463314554501874643, -2.463314554501874643, -0.6999999999999999556 ) ) ;
#2196 = VERTEX_POINT ( 'NONE', #2974 ) ;
#2197 = CARTESIAN_POINT ( 'NONE',  ( -0.03316504619022000305, 2.110000814877110109, 0.3499999999999999778 ) ) ;
#2198 = LINE ( 'NONE', #3683, #1316 ) ;
#2199 = VECTOR ( 'NONE', #1381, 1000.000000000000000 ) ;
#2200 = DIRECTION ( 'NONE',  ( 0.000000000000000000, 0.000000000000000000, -1.000000000000000000 ) ) ;
#2201 = EDGE_CURVE ( 'NONE', #1986, #4538, #2809, .T. ) ;
#2202 = CARTESIAN_POINT ( 'NONE',  ( -2.470127565808669878, 2.500000000000000000, -0.5699999999999999512 ) ) ;
#2203 = CARTESIAN_POINT ( 'NONE',  ( 0.3603187164337339765, 0.8251250982098670139, 0.2999999999999999889 ) ) ;
#2204 = AXIS2_PLACEMENT_3D ( 'NONE', #2746, #4200, #3500 ) ;
#2205 = VECTOR ( 'NONE', #2039, 1000.000000000000000 ) ;
#2206 = AXIS2_PLACEMENT_3D ( 'NONE', #978, #998, #1758 ) ;
#2207 = AXIS2_PLACEMENT_3D ( 'NONE', #2772, #3544, #604 ) ;
#2208 = EDGE_CURVE ( 'NONE', #1222, #2826, #2295, .T. ) ;
#2209 = DIRECTION ( 'NONE',  ( 0.000000000000000000, 0.000000000000000000, 1.000000000000000000 ) ) ;
#2210 = ORIENTED_EDGE ( 'NONE', *, *, #336, .F. ) ;
#2211 = VERTEX_POINT ( 'NONE', #1923 ) ;
#2212 = CARTESIAN_POINT ( 'NONE',  ( 0.5500000000000000444, 2.254834989607330087, -0.5699999999999999512 ) ) ;
#2213 = EDGE_CURVE ( 'NONE', #3786, #3930, #1867, .T. ) ;
#2214 = ORIENTED_EDGE ( 'NONE', *, *, #4066, .T. ) ;
#2215 = CARTESIAN_POINT ( 'NONE',  ( -1.971607025033959903, 0.8251250982098670139, 0.3499999999999999778 ) ) ;
#2216 = CARTESIAN_POINT ( 'NONE',  ( 1.412305442492821861, 0.4570589046025520519, 0.3499999999999999778 ) ) ;
#2217 = VERTEX_POINT ( 'NONE', #3826 ) ;
#2218 =( LENGTH_UNIT ( ) NAMED_UNIT ( * ) SI_UNIT ( .MILLI., .METRE. ) );
#2219 = ADVANCED_FACE ( 'NONE', ( #1972 ), #4433, .F. ) ;
#2220 = CARTESIAN_POINT ( 'NONE',  ( -1.146028625818473978, -0.1370056143358101830, 0.2999999999999999889 ) ) ;
#2221 = EDGE_CURVE ( 'NONE', #1508, #1931, #1687, .T. ) ;
#2222 = VERTEX_POINT ( 'NONE', #544 ) ;
#2223 = DIRECTION ( 'NONE',  ( 0.000000000000000000, 0.000000000000000000, -1.000000000000000000 ) ) ;
#2224 = ORIENTED_EDGE ( 'NONE', *, *, #881, .T. ) ;
#2225 = SURFACE_STYLE_FILL_AREA ( #1812 ) ;
#2226 = DIRECTION ( 'NONE',  ( 1.000000000000000000, 2.710505431213760099E-16, 0.000000000000000000 ) ) ;
#2227 = ORIENTED_EDGE ( 'NONE', *, *, #238, .F. ) ;
#2228 = AXIS2_PLACEMENT_3D ( 'NONE', #338, #3312, #2500 ) ;
#2229 = CARTESIAN_POINT ( 'NONE',  ( 0.000000000000000000, 0.000000000000000000, 0.2999999999999999889 ) ) ;
#2230 = VERTEX_POINT ( 'NONE', #3123 ) ;
#2231 = LINE ( 'NONE', #1865, #2128 ) ;
#2232 = LINE ( 'NONE', #4453, #2124 ) ;
#2233 = COLOUR_RGB ( '',1.000000000000000000, 1.000000000000000000, 1.000000000000000000 ) ;
#2234 = ORIENTED_EDGE ( 'NONE', *, *, #3518, .T. ) ;
#2235 = ORIENTED_EDGE ( 'NONE', *, *, #3726, .F. ) ;
#2236 = LINE ( 'NONE', #2212, #2656 ) ;
#2237 = PRODUCT_DEFINITION_CONTEXT ( 'detailed design', #2468, 'design' ) ;
#2238 = EDGE_CURVE ( 'NONE', #3352, #4243, #587, .T. ) ;
#2239 = EDGE_CURVE ( 'NONE', #3338, #3174, #2019, .T. ) ;
#2240 = VECTOR ( 'NONE', #661, 1000.000000000000000 ) ;
#2241 = ORIENTED_EDGE ( 'NONE', *, *, #3995, .F. ) ;
#2242 = LINE ( 'NONE', #1591, #77 ) ;
#2243 = LINE ( 'NONE', #3320, #491 ) ;
#2244 = FILL_AREA_STYLE_COLOUR ( '', #709 ) ;
#2245 = AXIS2_PLACEMENT_3D ( 'NONE', #4174, #4151, #1890 ) ;
#2246 = ADVANCED_FACE ( 'NONE', ( #155 ), #2089, .F. ) ;
#2247 = VECTOR ( 'NONE', #4356, 1000.000000000000000 ) ;
#2248 = VECTOR ( 'NONE', #4472, 1000.000000000000000 ) ;
#2249 = ORIENTED_EDGE ( 'NONE', *, *, #1258, .T. ) ;
#2250 = CARTESIAN_POINT ( 'NONE',  ( -1.600000000000000089, -2.200000000000000178, -0.5699999999999999512 ) ) ;
#2251 = DIRECTION ( 'NONE',  ( 0.000000000000000000, 0.000000000000000000, 1.000000000000000000 ) ) ;
#2252 = ORIENTED_EDGE ( 'NONE', *, *, #1941, .F. ) ;
#2253 = LINE ( 'NONE', #1856, #4105 ) ;
#2254 = DIRECTION ( 'NONE',  ( 0.000000000000000000, 0.000000000000000000, 1.000000000000000000 ) ) ;
#2255 = EDGE_LOOP ( 'NONE', ( #752, #2538, #124, #1491 ) ) ;
#2256 = VECTOR ( 'NONE', #1421, 1000.000000000000000 ) ;
#2257 = DIRECTION ( 'NONE',  ( 1.000000000000000000, 0.000000000000000000, 0.000000000000000000 ) ) ;
#2258 = VERTEX_POINT ( 'NONE', #4255 ) ;
#2259 = DIRECTION ( 'NONE',  ( -1.000000000000000000, 0.000000000000000000, 0.000000000000000000 ) ) ;
#2260 = DIRECTION ( 'NONE',  ( 0.000000000000000000, 1.000000000000000000, 0.000000000000000000 ) ) ;
#2261 = SURFACE_SIDE_STYLE ('',( #1040 ) ) ;
#2262 = VERTEX_POINT ( 'NONE', #926 ) ;
#2263 = ORIENTED_EDGE ( 'NONE', *, *, #3072, .T. ) ;
#2264 = FILL_AREA_STYLE_COLOUR ( '', #3202 ) ;
#2265 = ORIENTED_EDGE ( 'NONE', *, *, #4376, .F. ) ;
#2266 = DIRECTION ( 'NONE',  ( 0.000000000000000000, -1.000000000000000000, 0.000000000000000000 ) ) ;
#2267 = DIRECTION ( 'NONE',  ( 0.000000000000000000, 0.000000000000000000, -1.000000000000000000 ) ) ;
#2268 = EDGE_CURVE ( 'NONE', #102, #2372, #3010, .T. ) ;
#2269 = ORIENTED_EDGE ( 'NONE', *, *, #2213, .F. ) ;
#2270 = DIRECTION ( 'NONE',  ( 0.000000000000000000, 0.000000000000000000, 1.000000000000000000 ) ) ;
#2271 = SURFACE_STYLE_FILL_AREA ( #370 ) ;
#2272 = EDGE_CURVE ( 'NONE', #817, #1437, #3167, .T. ) ;
#2273 =( NAMED_UNIT ( * ) PLANE_ANGLE_UNIT ( ) SI_UNIT ( $, .RADIAN. ) );
#2274 = DIRECTION ( 'NONE',  ( 0.000000000000000000, 1.000000000000000000, 0.000000000000000000 ) ) ;
#2275 = DIRECTION ( 'NONE',  ( 4.818676322157800333E-16, 1.000000000000000000, 1.466503673540475931E-30 ) ) ;
#2276 = FILL_AREA_STYLE ('',( #3007 ) ) ;
#2277 = VERTEX_POINT ( 'NONE', #948 ) ;
#2278 = EDGE_CURVE ( 'NONE', #21, #249, #4015, .T. ) ;
#2279 = FILL_AREA_STYLE ('',( #769 ) ) ;
#2280 = DIRECTION ( 'NONE',  ( -8.998760675425409848E-17, 1.000000000000000000, 0.000000000000000000 ) ) ;
#2281 = CARTESIAN_POINT ( 'NONE',  ( 0.000000000000000000, 0.000000000000000000, 0.2999999999999999889 ) ) ;
#2282 = PRESENTATION_LAYER_ASSIGNMENT (  '', '', ( #2511 ) ) ;
#2283 = EDGE_CURVE ( 'NONE', #1050, #2713, #4698, .T. ) ;
#2284 =( NAMED_UNIT ( * ) PLANE_ANGLE_UNIT ( ) SI_UNIT ( $, .RADIAN. ) );
#2285 = PRESENTATION_LAYER_ASSIGNMENT (  '', '', ( #4369 ) ) ;
#2286 = FILL_AREA_STYLE_COLOUR ( '', #446 ) ;
#2287 = CARTESIAN_POINT ( 'NONE',  ( -1.699999999999999956, 2.081899558550500280E-16, 0.2999999999999999889 ) ) ;
#2288 = VERTEX_POINT ( 'NONE', #3214 ) ;
#2289 = EDGE_LOOP ( 'NONE', ( #1253, #95, #306, #3291 ) ) ;
#2290 = CARTESIAN_POINT ( 'NONE',  ( -2.500000000000000000, 2.500000000000000000, 0.000000000000000000 ) ) ;
#2291 = SURFACE_STYLE_FILL_AREA ( #3386 ) ;
#2292 = COLOUR_RGB ( '',1.000000000000000000, 1.000000000000000000, 1.000000000000000000 ) ;
#2293 = VECTOR ( 'NONE', #2653, 1000.000000000000000 ) ;
#2294 = ORIENTED_EDGE ( 'NONE', *, *, #529, .F. ) ;
#2295 = LINE ( 'NONE', #444, #2424 ) ;
#2296 = SURFACE_SIDE_STYLE ('',( #3774 ) ) ;
#2297 = PRESENTATION_LAYER_ASSIGNMENT (  '', '', ( #202 ) ) ;
#2298 = CARTESIAN_POINT ( 'NONE',  ( -1.680009069179265069, 2.430009069179265069, 0.8000000000000000444 ) ) ;
#2299 = DIRECTION ( 'NONE',  ( 0.000000000000000000, 0.000000000000000000, 1.000000000000000000 ) ) ;
#2300 = DIRECTION ( 'NONE',  ( 1.000000000000000000, 0.000000000000000000, 0.000000000000000000 ) ) ;
#2301 = ORIENTED_EDGE ( 'NONE', *, *, #3001, .T. ) ;
#2302 = EDGE_CURVE ( 'NONE', #3712, #1002, #3087, .T. ) ;
#2303 = CARTESIAN_POINT ( 'NONE',  ( -2.462305712989664830, 2.462305712989664830, 0.4308476720434270546 ) ) ;
#2304 = DIRECTION ( 'NONE',  ( -1.000000000000000000, 0.000000000000000000, 0.000000000000000000 ) ) ;
#2305 =( GEOMETRIC_REPRESENTATION_CONTEXT ( 3 ) GLOBAL_UNCERTAINTY_ASSIGNED_CONTEXT ( ( #2638 ) ) GLOBAL_UNIT_ASSIGNED_CONTEXT ( ( #2370, #3191, #4209 ) ) REPRESENTATION_CONTEXT ( 'NONE', 'WORKASPACE' ) );
#2306 = DIRECTION ( 'NONE',  ( 1.000000000000000000, 0.000000000000000000, 0.000000000000000000 ) ) ;
#2307 = CARTESIAN_POINT ( 'NONE',  ( -0.1831650461902210036, -0.5332195235787650089, 0.2999999999999999889 ) ) ;
#2308 = DIRECTION ( 'NONE',  ( 0.5150380749100549327, 0.000000000000000000, 0.8571673007021118895 ) ) ;
#2309 = VERTEX_POINT ( 'NONE', #3574 ) ;
#2310 = ORIENTED_EDGE ( 'NONE', *, *, #663, .T. ) ;
#2311 = CARTESIAN_POINT ( 'NONE',  ( 0.2103187164337325110, 0.4570589046025520519, 0.3499999999999999778 ) ) ;
#2312 = CARTESIAN_POINT ( 'NONE',  ( 2.500000000000000000, -2.100000000000000089, 0.000000000000000000 ) ) ;
#2313 = COLOUR_RGB ( '',1.000000000000000000, 1.000000000000000000, 1.000000000000000000 ) ;
#2314 = EDGE_CURVE ( 'NONE', #1467, #980, #531, .T. ) ;
#2315 = EDGE_LOOP ( 'NONE', ( #1908, #168, #1756, #3886, #725 ) ) ;
#2316 = AXIS2_PLACEMENT_3D ( 'NONE', #1647, #4196, #3133 ) ;
#2317 = CARTESIAN_POINT ( 'NONE',  ( -2.700000000000000178, 2.100000000000000089, -0.2999999999999999889 ) ) ;
#2318 = FACE_BOUND ( 'NONE', #3165, .T. ) ;
#2319 = DIRECTION ( 'NONE',  ( 1.000000000000000000, 2.000708728360074935E-16, 0.000000000000000000 ) ) ;
#2320 = VECTOR ( 'NONE', #2509, 1000.000000000000000 ) ;
#2321 = VERTEX_POINT ( 'NONE', #3666 ) ;
#2322 = DIRECTION ( 'NONE',  ( -1.000000000000000000, -2.409338161078900167E-16, 0.000000000000000000 ) ) ;
#2323 = LINE ( 'NONE', #3511, #1422 ) ;
#2324 = DIRECTION ( 'NONE',  ( 0.000000000000000000, -0.9961946980917455452, 0.08715574274765815199 ) ) ;
#2325 =( NAMED_UNIT ( * ) PLANE_ANGLE_UNIT ( ) SI_UNIT ( $, .RADIAN. ) );
#2326 = VERTEX_POINT ( 'NONE', #653 ) ;
#2327 = AXIS2_PLACEMENT_3D ( 'NONE', #3611, #1008, #645 ) ;
#2328 = PLANE ( 'NONE',  #1163 ) ;
#2329 = CARTESIAN_POINT ( 'NONE',  ( -0.9960286258184729569, -0.5332195235787650089, 0.2999999999999999889 ) ) ;
#2330 = ADVANCED_FACE ( 'NONE', ( #2110 ), #2156, .F. ) ;
#2331 = SURFACE_STYLE_USAGE ( .BOTH. , #836 ) ;
#2332 = ORIENTED_EDGE ( 'NONE', *, *, #4142, .T. ) ;
#2333 = EDGE_CURVE ( 'NONE', #1076, #133, #2868, .T. ) ;
#2334 = CARTESIAN_POINT ( 'NONE',  ( 0.000000000000000000, 0.000000000000000000, -0.7699999999999999067 ) ) ;
#2335 = PLANE ( 'NONE',  #911 ) ;
#2336 = CARTESIAN_POINT ( 'NONE',  ( -1.971607025033959903, 0.8251250982098670139, 0.2999999999999999889 ) ) ;
#2337 = VERTEX_POINT ( 'NONE', #4769 ) ;
#2338 = ORIENTED_EDGE ( 'NONE', *, *, #2426, .T. ) ;
#2339 = EDGE_CURVE ( 'NONE', #1509, #3840, #3237, .T. ) ;
#2340 = FACE_OUTER_BOUND ( 'NONE', #1656, .T. ) ;
#2341 = DIRECTION ( 'NONE',  ( 0.05233595624294389709, 0.000000000000000000, -0.9986295347545739443 ) ) ;
#2342 = EDGE_LOOP ( 'NONE', ( #418, #2252, #1721, #1090 ) ) ;
#2343 = DIRECTION ( 'NONE',  ( 0.000000000000000000, 0.000000000000000000, 1.000000000000000000 ) ) ;
#2344 = PRESENTATION_STYLE_ASSIGNMENT (( #1640 ) ) ;
#2345 = VERTEX_POINT ( 'NONE', #4041 ) ;
#2346 = SURFACE_SIDE_STYLE ('',( #4621 ) ) ;
#2347 = DIRECTION ( 'NONE',  ( 0.000000000000000000, 0.000000000000000000, -1.000000000000000000 ) ) ;
#2348 = UNCERTAINTY_MEASURE_WITH_UNIT (LENGTH_MEASURE( 1.000000000000000082E-05 ), #4035, 'distance_accuracy_value', 'NONE');
#2349 = EDGE_LOOP ( 'NONE', ( #3866, #1133, #1155, #3581, #2125, #921, #3410, #415 ) ) ;
#2350 = ADVANCED_FACE ( 'NONE', ( #1456 ), #4721, .F. ) ;
#2351 = CARTESIAN_POINT ( 'NONE',  ( -1.971607025033959903, 0.8251250982098670139, 0.2999999999999999889 ) ) ;
#2352 = SURFACE_STYLE_USAGE ( .BOTH. , #1286 ) ;
#2353 =( NAMED_UNIT ( * ) SI_UNIT ( $, .STERADIAN. ) SOLID_ANGLE_UNIT ( ) );
#2354 = PRESENTATION_STYLE_ASSIGNMENT (( #3107 ) ) ;
#2355 = VECTOR ( 'NONE', #4238, 1000.000000000000000 ) ;
#2356 = LINE ( 'NONE', #4523, #4190 ) ;
#2357 = FILL_AREA_STYLE ('',( #4603 ) ) ;
#2358 = VERTEX_POINT ( 'NONE', #723 ) ;
#2359 = LINE ( 'NONE', #3842, #2518 ) ;
#2360 = SURFACE_SIDE_STYLE ('',( #3817 ) ) ;
#2361 = CARTESIAN_POINT ( 'NONE',  ( 1.699999999999999956, -2.100000000000000089, -0.7699999999999999067 ) ) ;
#2362 = ORIENTED_EDGE ( 'NONE', *, *, #1202, .T. ) ;
#2363 = ORIENTED_EDGE ( 'NONE', *, *, #1650, .T. ) ;
#2364 = SURFACE_STYLE_USAGE ( .BOTH. , #3093 ) ;
#2365 = DIRECTION ( 'NONE',  ( 0.000000000000000000, 0.000000000000000000, 1.000000000000000000 ) ) ;
#2366 = EDGE_CURVE ( 'NONE', #1238, #3508, #1384, .T. ) ;
#2367 = STYLED_ITEM ( 'NONE', ( #3559 ), #4177 ) ;
#2368 = ORIENTED_EDGE ( 'NONE', *, *, #169, .T. ) ;
#2369 = VECTOR ( 'NONE', #611, 1000.000000000000000 ) ;
#2370 =( LENGTH_UNIT ( ) NAMED_UNIT ( * ) SI_UNIT ( .MILLI., .METRE. ) );
#2371 = DIRECTION ( 'NONE',  ( 4.818676322157800333E-16, 1.000000000000000000, 0.000000000000000000 ) ) ;
#2372 = VERTEX_POINT ( 'NONE', #2483 ) ;
#2373 = PLANE ( 'NONE',  #22 ) ;
#2374 =( LENGTH_UNIT ( ) NAMED_UNIT ( * ) SI_UNIT ( .MILLI., .METRE. ) );
#2375 = AXIS2_PLACEMENT_3D ( 'NONE', #3450, #3115, #4245 ) ;
#2376 = FACE_OUTER_BOUND ( 'NONE', #4565, .T. ) ;
#2377 = AXIS2_PLACEMENT_3D ( 'NONE', #2536, #4418, #1446 ) ;
#2378 = CIRCLE ( 'NONE', #513, 0.09999999999999999167 ) ;
#2379 = DIRECTION ( 'NONE',  ( 1.000000000000000000, 0.000000000000000000, 0.000000000000000000 ) ) ;
#2380 = EDGE_CURVE ( 'NONE', #3031, #2826, #3966, .T. ) ;
#2381 = CARTESIAN_POINT ( 'NONE',  ( -2.471716000805965319, -1.199999999999999956, -0.5396908546970039522 ) ) ;
#2382 = ORIENTED_EDGE ( 'NONE', *, *, #1424, .F. ) ;
#2383 = PLANE ( 'NONE',  #2990 ) ;
#2384 = FACE_OUTER_BOUND ( 'NONE', #1811, .T. ) ;
#2385 = DIRECTION ( 'NONE',  ( 0.000000000000000000, 1.000000000000000000, 0.000000000000000000 ) ) ;
#2386 = EDGE_LOOP ( 'NONE', ( #1584, #608 ) ) ;
#2387 = ORIENTED_EDGE ( 'NONE', *, *, #3649, .T. ) ;
#2388 =( NAMED_UNIT ( * ) PLANE_ANGLE_UNIT ( ) SI_UNIT ( $, .RADIAN. ) );
#2389 = DIRECTION ( 'NONE',  ( 0.000000000000000000, -1.000000000000000000, 0.000000000000000000 ) ) ;
#2390 = ORIENTED_EDGE ( 'NONE', *, *, #2278, .T. ) ;
#2391 = SURFACE_SIDE_STYLE ('',( #2734 ) ) ;
#2392 = CARTESIAN_POINT ( 'NONE',  ( 2.470127565808669878, 2.500000000000000000, -0.5699999999999999512 ) ) ;
#2393 = ORIENTED_EDGE ( 'NONE', *, *, #2927, .F. ) ;
#2394 = PRESENTATION_STYLE_ASSIGNMENT (( #4235 ) ) ;
#2395 = ADVANCED_FACE ( 'NONE', ( #4346 ), #3288, .F. ) ;
#2396 = UNCERTAINTY_MEASURE_WITH_UNIT (LENGTH_MEASURE( 1.000000000000000082E-05 ), #592, 'distance_accuracy_value', 'NONE');
#2397 = AXIS2_PLACEMENT_3D ( 'NONE', #4716, #4012, #4316 ) ;
#2398 = DIRECTION ( 'NONE',  ( 0.000000000000000000, 0.000000000000000000, -1.000000000000000000 ) ) ;
#2399 = VECTOR ( 'NONE', #4103, 1000.000000000000000 ) ;
#2400 = CARTESIAN_POINT ( 'NONE',  ( 0.3603187164337324777, 0.4570589046025529956, 0.3499999999999999778 ) ) ;
#2401 = PRESENTATION_LAYER_ASSIGNMENT (  '', '', ( #57 ) ) ;
#2402 = EDGE_CURVE ( 'NONE', #99, #2, #458, .T. ) ;
#2403 = DIRECTION ( 'NONE',  ( -1.000000000000000000, 0.000000000000000000, 0.000000000000000000 ) ) ;
#2404 = COLOUR_RGB ( '',1.000000000000000000, 1.000000000000000000, 1.000000000000000000 ) ;
#2405 = PRESENTATION_STYLE_ASSIGNMENT (( #3538 ) ) ;
#2406 = CARTESIAN_POINT ( 'NONE',  ( -0.5500000000000000444, 0.000000000000000000, -0.5699999999999999512 ) ) ;
#2407 = CIRCLE ( 'NONE', #381, 0.1499999999999999667 ) ;
#2408 = ORIENTED_EDGE ( 'NONE', *, *, #1877, .F. ) ;
#2409 = VECTOR ( 'NONE', #913, 1000.000000000000000 ) ;
#2410 = VECTOR ( 'NONE', #2187, 1000.000000000000000 ) ;
#2411 = DIRECTION ( 'NONE',  ( 4.818676322157800333E-16, 1.000000000000000000, 0.000000000000000000 ) ) ;
#2412 = CARTESIAN_POINT ( 'NONE',  ( -1.600000000000000089, 1.100000000000000089, -0.5699999999999999512 ) ) ;
#2413 = ORIENTED_EDGE ( 'NONE', *, *, #3782, .T. ) ;
#2414 = FACE_OUTER_BOUND ( 'NONE', #4733, .T. ) ;
#2415 = ORIENTED_EDGE ( 'NONE', *, *, #1892, .T. ) ;
#2416 = ORIENTED_EDGE ( 'NONE', *, *, #1985, .T. ) ;
#2417 = ORIENTED_EDGE ( 'NONE', *, *, #3134, .T. ) ;
#2418 =( LENGTH_UNIT ( ) NAMED_UNIT ( * ) SI_UNIT ( .MILLI., .METRE. ) );
#2419 = CARTESIAN_POINT ( 'NONE',  ( 0.000000000000000000, 0.000000000000000000, -0.6999999999999999556 ) ) ;
#2420 = ORIENTED_EDGE ( 'NONE', *, *, #4544, .T. ) ;
#2421 = CARTESIAN_POINT ( 'NONE',  ( -0.1831650461902210036, -0.2870056143358110101, 0.3499999999999999778 ) ) ;
#2422 = DIRECTION ( 'NONE',  ( 0.000000000000000000, -1.000000000000000000, 0.000000000000000000 ) ) ;
#2423 = CARTESIAN_POINT ( 'NONE',  ( -1.146028625818473978, 0.6751250982098659925, 0.3499999999999999778 ) ) ;
#2424 = VECTOR ( 'NONE', #3801, 1000.000000000000000 ) ;
#2425 = LINE ( 'NONE', #935, #4149 ) ;
#2426 = EDGE_CURVE ( 'NONE', #460, #3174, #4479, .T. ) ;
#2427 = EDGE_CURVE ( 'NONE', #1447, #4044, #3704, .T. ) ;
#2428 = SURFACE_STYLE_USAGE ( .BOTH. , #938 ) ;
#2429 = LINE ( 'NONE', #3885, #3957 ) ;
#2430 = EDGE_LOOP ( 'NONE', ( #877, #4630, #1268, #2917 ) ) ;
#2431 = VECTOR ( 'NONE', #2072, 1000.000000000000000 ) ;
#2432 = CARTESIAN_POINT ( 'NONE',  ( 0.5500000000000000444, -1.050000000000000044, -0.6999999999999999556 ) ) ;
#2433 = LINE ( 'NONE', #3912, #4324 ) ;
#2434 = LINE ( 'NONE', #968, #120 ) ;
#2435 = EDGE_CURVE ( 'NONE', #4611, #2258, #815, .T. ) ;
#2436 = VERTEX_POINT ( 'NONE', #1166 ) ;
#2437 = SURFACE_STYLE_FILL_AREA ( #2774 ) ;
#2438 = VERTEX_POINT ( 'NONE', #2307 ) ;
#2439 = VECTOR ( 'NONE', #4163, 1000.000000000000000 ) ;
#2440 = ADVANCED_FACE ( 'NONE', ( #3766 ), #3717, .F. ) ;
#2441 = VERTEX_POINT ( 'NONE', #775 ) ;
#2442 = CARTESIAN_POINT ( 'NONE',  ( -2.500000000000000000, 2.500000000000000000, 0.000000000000000000 ) ) ;
#2443 = ORIENTED_EDGE ( 'NONE', *, *, #3995, .T. ) ;
#2444 = VERTEX_POINT ( 'NONE', #2676 ) ;
#2445 = DIRECTION ( 'NONE',  ( 0.000000000000000000, 0.000000000000000000, 1.000000000000000000 ) ) ;
#2446 = UNCERTAINTY_MEASURE_WITH_UNIT (LENGTH_MEASURE( 1.000000000000000082E-05 ), #3346, 'distance_accuracy_value', 'NONE');
#2447 = SURFACE_STYLE_USAGE ( .BOTH. , #1959 ) ;
#2448 = ORIENTED_EDGE ( 'NONE', *, *, #3937, .T. ) ;
#2449 = DIRECTION ( 'NONE',  ( 0.000000000000000000, 0.000000000000000000, -1.000000000000000000 ) ) ;
#2450 = CARTESIAN_POINT ( 'NONE',  ( -2.430009069179265069, 1.680009069179265069, 0.4000000000000000222 ) ) ;
#2451 = STYLED_ITEM ( 'NONE', ( #2651 ), #4456 ) ;
#2452 = VERTEX_POINT ( 'NONE', #1913 ) ;
#2453 = LINE ( 'NONE', #3585, #4025 ) ;
#2454 = DIRECTION ( 'NONE',  ( 0.000000000000000000, 0.000000000000000000, -1.000000000000000000 ) ) ;
#2455 =( GEOMETRIC_REPRESENTATION_CONTEXT ( 3 ) GLOBAL_UNCERTAINTY_ASSIGNED_CONTEXT ( ( #296 ) ) GLOBAL_UNIT_ASSIGNED_CONTEXT ( ( #1880, #759, #2588 ) ) REPRESENTATION_CONTEXT ( 'NONE', 'WORKASPACE' ) );
#2456 = ORIENTED_EDGE ( 'NONE', *, *, #1920, .F. ) ;
#2457 = EDGE_CURVE ( 'NONE', #1274, #1698, #1582, .T. ) ;
#2458 =( NAMED_UNIT ( * ) PLANE_ANGLE_UNIT ( ) SI_UNIT ( $, .RADIAN. ) );
#2459 = DIRECTION ( 'NONE',  ( 1.000000000000000000, 0.000000000000000000, 0.000000000000000000 ) ) ;
#2460 = EDGE_LOOP ( 'NONE', ( #3169, #1654, #3922, #4708 ) ) ;
#2461 = EDGE_CURVE ( 'NONE', #3631, #3338, #2652, .T. ) ;
#2462 = ORIENTED_EDGE ( 'NONE', *, *, #2630, .T. ) ;
#2463 = DIRECTION ( 'NONE',  ( -1.000000000000000000, 0.000000000000000000, 0.000000000000000000 ) ) ;
#2464 = LINE ( 'NONE', #568, #2369 ) ;
#2465 = EDGE_LOOP ( 'NONE', ( #4265, #94, #1379, #2615, #831, #3480, #971, #227, #294, #69, #2945 ) ) ;
#2466 = EDGE_CURVE ( 'NONE', #4165, #872, #2702, .T. ) ;
#2467 = CARTESIAN_POINT ( 'NONE',  ( -2.399999999999999911, -1.199999999999999956, -0.7699999999999999067 ) ) ;
#2468 = APPLICATION_CONTEXT ( 'automotive_design' ) ;
#2469 = DIRECTION ( 'NONE',  ( 4.818676322157800333E-16, 1.000000000000000000, 1.466503673540475931E-30 ) ) ;
#2470 = ORIENTED_EDGE ( 'NONE', *, *, #4481, .T. ) ;
#2471 = SURFACE_SIDE_STYLE ('',( #3198 ) ) ;
#2472 = CARTESIAN_POINT ( 'NONE',  ( -0.03316504619022000305, -0.1370056143358099887, 0.3499999999999999778 ) ) ;
#2473 =( LENGTH_UNIT ( ) NAMED_UNIT ( * ) SI_UNIT ( .MILLI., .METRE. ) );
#2474 = VECTOR ( 'NONE', #3255, 1000.000000000000000 ) ;
#2475 = DIRECTION ( 'NONE',  ( 0.000000000000000000, 0.000000000000000000, 1.000000000000000000 ) ) ;
#2476 = CARTESIAN_POINT ( 'NONE',  ( 1.699999999999999956, -1.199999999999999956, -0.5699999999999999512 ) ) ;
#2477 = DIRECTION ( 'NONE',  ( 0.000000000000000000, 0.000000000000000000, -1.000000000000000000 ) ) ;
#2478 = DIRECTION ( 'NONE',  ( 1.000000000000000000, 0.000000000000000000, 0.000000000000000000 ) ) ;
#2479 = CARTESIAN_POINT ( 'NONE',  ( 2.700000000000000178, 2.100000000000000089, -0.4699999999999999734 ) ) ;
#2480 = PRESENTATION_LAYER_ASSIGNMENT (  '', '', ( #2862 ) ) ;
#2481 = SURFACE_SIDE_STYLE ('',( #2153 ) ) ;
#2482 = EDGE_CURVE ( 'NONE', #54, #3601, #4178, .T. ) ;
#2483 = CARTESIAN_POINT ( 'NONE',  ( -1.296028625818473889, -0.8787392438591720145, 0.2999999999999999889 ) ) ;
#2484 = DIRECTION ( 'NONE',  ( -1.000000000000000000, 0.000000000000000000, 0.000000000000000000 ) ) ;
#2485 = VERTEX_POINT ( 'NONE', #3691 ) ;
#2486 = CARTESIAN_POINT ( 'NONE',  ( -1.699999999999999956, -2.100000000000000089, -0.7699999999999999067 ) ) ;
#2487 = PRODUCT_CONTEXT ( 'NONE', #2523, 'mechanical' ) ;
#2488 = VERTEX_POINT ( 'NONE', #360 ) ;
#2489 = FILL_AREA_STYLE ('',( #3558 ) ) ;
#2490 = FILL_AREA_STYLE_COLOUR ( '', #1894 ) ;
#2491 = EDGE_CURVE ( 'NONE', #2685, #1641, #3401, .T. ) ;
#2492 = DIRECTION ( 'NONE',  ( 0.000000000000000000, 0.000000000000000000, -1.000000000000000000 ) ) ;
#2493 = DIRECTION ( 'NONE',  ( 1.194186020286708007E-16, -1.000000000000000000, 0.000000000000000000 ) ) ;
#2494 = DIRECTION ( 'NONE',  ( -1.000000000000000000, 0.000000000000000000, 0.000000000000000000 ) ) ;
#2495 = CARTESIAN_POINT ( 'NONE',  ( -2.500000000000000000, 2.100000000000000089, -0.5699999999999999512 ) ) ;
#2496 = MANIFOLD_SOLID_BREP ( 'NONE', #1432 ) ;
#2497 = LINE ( 'NONE', #3311, #1929 ) ;
#2498 = MECHANICAL_DESIGN_GEOMETRIC_PRESENTATION_REPRESENTATION (  '', ( #4284 ), #789 ) ;
#2499 = ORIENTED_EDGE ( 'NONE', *, *, #2646, .T. ) ;
#2500 = DIRECTION ( 'NONE',  ( 0.000000000000000000, 0.000000000000000000, 1.000000000000000000 ) ) ;
#2501 = CYLINDRICAL_SURFACE ( 'NONE', #886, 0.1499999999999999944 ) ;
#2502 = ORIENTED_EDGE ( 'NONE', *, *, #1154, .T. ) ;
#2503 = DIRECTION ( 'NONE',  ( 0.000000000000000000, 0.000000000000000000, 1.000000000000000000 ) ) ;
#2504 = PRESENTATION_LAYER_ASSIGNMENT (  '', '', ( #2193 ) ) ;
#2505 = EDGE_CURVE ( 'NONE', #1406, #1313, #1532, .T. ) ;
#2506 = CIRCLE ( 'NONE', #417, 0.09999999999999999167 ) ;
#2507 = CARTESIAN_POINT ( 'NONE',  ( -0.03316504619022000305, -0.6832195235787659193, 0.3499999999999999778 ) ) ;
#2508 = FILL_AREA_STYLE_COLOUR ( '', #2028 ) ;
#2509 = DIRECTION ( 'NONE',  ( 0.000000000000000000, 0.000000000000000000, -1.000000000000000000 ) ) ;
#2510 = FACE_OUTER_BOUND ( 'NONE', #3999, .T. ) ;
#2511 = STYLED_ITEM ( 'NONE', ( #3577 ), #997 ) ;
#2512 = VECTOR ( 'NONE', #641, 1000.000000000000000 ) ;
#2513 = CIRCLE ( 'NONE', #803, 0.1500000000000000222 ) ;
#2514 = DIRECTION ( 'NONE',  ( 1.000000000000000000, 0.000000000000000000, 0.000000000000000000 ) ) ;
#2515 = DIRECTION ( 'NONE',  ( -1.000000000000000000, 4.818676322157800333E-16, -3.043374519257555240E-15 ) ) ;
#2516 = ADVANCED_FACE ( 'NONE', ( #2967 ), #4505, .F. ) ;
#2517 = ORIENTED_EDGE ( 'NONE', *, *, #3268, .T. ) ;
#2518 = VECTOR ( 'NONE', #515, 1000.000000000000000 ) ;
#2519 = FILL_AREA_STYLE ('',( #1700 ) ) ;
#2520 = SURFACE_SIDE_STYLE ('',( #4360 ) ) ;
#2521 = VECTOR ( 'NONE', #805, 1000.000000000000000 ) ;
#2522 = CARTESIAN_POINT ( 'NONE',  ( 1.699999999999999956, -2.100000000000000089, -0.7699999999999999067 ) ) ;
#2523 = APPLICATION_CONTEXT ( 'automotive_design' ) ;
#2524 = PRODUCT ( 'BIVAR__INC_SMTLA5050RGB', 'BIVAR__INC_SMTLA5050RGB', '', ( #2487 ) ) ;
#2525 = DIRECTION ( 'NONE',  ( 0.000000000000000000, 0.000000000000000000, 1.000000000000000000 ) ) ;
#2526 = ORIENTED_EDGE ( 'NONE', *, *, #1686, .F. ) ;
#2527 = VERTEX_POINT ( 'NONE', #1251 ) ;
#2528 = ORIENTED_EDGE ( 'NONE', *, *, #3470, .T. ) ;
#2529 = CARTESIAN_POINT ( 'NONE',  ( -1.699999999999999956, 2.100000000000000089, -0.7699999999999999067 ) ) ;
#2530 = UNCERTAINTY_MEASURE_WITH_UNIT (LENGTH_MEASURE( 1.000000000000000082E-05 ), #3677, 'distance_accuracy_value', 'NONE');
#2531 = DIRECTION ( 'NONE',  ( 0.000000000000000000, 1.000000000000000000, 0.000000000000000000 ) ) ;
#2532 = ORIENTED_EDGE ( 'NONE', *, *, #2035, .T. ) ;
#2533 = FACE_OUTER_BOUND ( 'NONE', #2606, .T. ) ;
#2534 = LINE ( 'NONE', #324, #3146 ) ;
#2535 =( GEOMETRIC_REPRESENTATION_CONTEXT ( 3 ) GLOBAL_UNCERTAINTY_ASSIGNED_CONTEXT ( ( #1906 ) ) GLOBAL_UNIT_ASSIGNED_CONTEXT ( ( #1086, #1797, #272 ) ) REPRESENTATION_CONTEXT ( 'NONE', 'WORKASPACE' ) );
#2536 = CARTESIAN_POINT ( 'NONE',  ( -1.296028625818473889, -0.7287392438591728805, 0.3499999999999999778 ) ) ;
#2537 = EDGE_CURVE ( 'NONE', #1990, #4132, #485, .T. ) ;
#2538 = ORIENTED_EDGE ( 'NONE', *, *, #3464, .F. ) ;
#2539 = DIRECTION ( 'NONE',  ( 0.000000000000000000, 0.000000000000000000, -1.000000000000000000 ) ) ;
#2540 = PRESENTATION_LAYER_ASSIGNMENT (  '', '', ( #1770 ) ) ;
#2541 = CARTESIAN_POINT ( 'NONE',  ( -2.430009069179265069, -2.500000000000000000, 0.8000000000000000444 ) ) ;
#2542 = VECTOR ( 'NONE', #1134, 1000.000000000000000 ) ;
#2543 = DIRECTION ( 'NONE',  ( 0.000000000000000000, 0.000000000000000000, 1.000000000000000000 ) ) ;
#2544 = LINE ( 'NONE', #1453, #3095 ) ;
#2545 = DIRECTION ( 'NONE',  ( 0.000000000000000000, 1.000000000000000000, 0.000000000000000000 ) ) ;
#2546 = AXIS2_PLACEMENT_3D ( 'NONE', #4403, #1413, #1082 ) ;
#2547 = CARTESIAN_POINT ( 'NONE',  ( -2.399999999999999911, 1.199999999999999956, -0.2999999999999999889 ) ) ;
#2548 = ORIENTED_EDGE ( 'NONE', *, *, #1284, .T. ) ;
#2549 = ORIENTED_EDGE ( 'NONE', *, *, #3803, .T. ) ;
#2550 = DIRECTION ( 'NONE',  ( -1.000000000000000000, 0.000000000000000000, 0.000000000000000000 ) ) ;
#2551 = COLOUR_RGB ( '',1.000000000000000000, 1.000000000000000000, 1.000000000000000000 ) ;
#2552 = AXIS2_PLACEMENT_3D ( 'NONE', #4501, #3011, #2567 ) ;
#2553 = LINE ( 'NONE', #1464, #392 ) ;
#2554 = CARTESIAN_POINT ( 'NONE',  ( -1.146028625818473978, -0.6832195235787659193, 0.3499999999999999778 ) ) ;
#2555 = ORIENTED_EDGE ( 'NONE', *, *, #2954, .T. ) ;
#2556 = DIRECTION ( 'NONE',  ( 1.000000000000000000, 0.000000000000000000, 0.000000000000000000 ) ) ;
#2557 = LINE ( 'NONE', #4509, #4336 ) ;
#2558 = ADVANCED_FACE ( 'NONE', ( #560 ), #894, .F. ) ;
#2559 = ORIENTED_EDGE ( 'NONE', *, *, #3373, .F. ) ;
#2560 = FACE_OUTER_BOUND ( 'NONE', #3736, .T. ) ;
#2561 = ORIENTED_EDGE ( 'NONE', *, *, #4290, .F. ) ;
#2562 = DIRECTION ( 'NONE',  ( 0.000000000000000000, 0.000000000000000000, -1.000000000000000000 ) ) ;
#2563 = VECTOR ( 'NONE', #4116, 1000.000000000000000 ) ;
#2564 = SURFACE_SIDE_STYLE ('',( #3755 ) ) ;
#2565 = ADVANCED_FACE ( 'NONE', ( #2384 ), #1606, .F. ) ;
#2566 = EDGE_CURVE ( 'NONE', #3096, #4365, #3328, .T. ) ;
#2567 = DIRECTION ( 'NONE',  ( 0.000000000000000000, 0.000000000000000000, -1.000000000000000000 ) ) ;
#2568 = CARTESIAN_POINT ( 'NONE',  ( 2.486873320506370444, 2.100000000000000089, -0.2504719656739949896 ) ) ;
#2569 = MANIFOLD_SOLID_BREP ( 'NONE', #2906 ) ;
#2570 = CARTESIAN_POINT ( 'NONE',  ( -2.470127565808669878, 1.199999999999999956, -0.5699999999999999512 ) ) ;
#2571 = MECHANICAL_DESIGN_GEOMETRIC_PRESENTATION_REPRESENTATION (  '', ( #2511 ), #783 ) ;
#2572 = EDGE_CURVE ( 'NONE', #3082, #3144, #1272, .T. ) ;
#2573 =( NAMED_UNIT ( * ) SI_UNIT ( $, .STERADIAN. ) SOLID_ANGLE_UNIT ( ) );
#2574 = CIRCLE ( 'NONE', #1727, 0.1499999999999999667 ) ;
#2575 = ORIENTED_EDGE ( 'NONE', *, *, #1310, .F. ) ;
#2576 =( NAMED_UNIT ( * ) SI_UNIT ( $, .STERADIAN. ) SOLID_ANGLE_UNIT ( ) );
#2577 = UNCERTAINTY_MEASURE_WITH_UNIT (LENGTH_MEASURE( 1.000000000000000082E-05 ), #51, 'distance_accuracy_value', 'NONE');
#2578 = EDGE_CURVE ( 'NONE', #1508, #4620, #4627, .T. ) ;
#2579 = VECTOR ( 'NONE', #2001, 1000.000000000000000 ) ;
#2580 = VERTEX_POINT ( 'NONE', #193 ) ;
#2581 =( NAMED_UNIT ( * ) SI_UNIT ( $, .STERADIAN. ) SOLID_ANGLE_UNIT ( ) );
#2582 = PRESENTATION_STYLE_ASSIGNMENT (( #731 ) ) ;
#2583 = AXIS2_PLACEMENT_3D ( 'NONE', #4461, #4413, #2612 ) ;
#2584 = SURFACE_STYLE_FILL_AREA ( #2662 ) ;
#2585 =( NAMED_UNIT ( * ) PLANE_ANGLE_UNIT ( ) SI_UNIT ( $, .RADIAN. ) );
#2586 = AXIS2_PLACEMENT_3D ( 'NONE', #1032, #1387, #2080 ) ;
#2587 = ORIENTED_EDGE ( 'NONE', *, *, #3329, .F. ) ;
#2588 =( NAMED_UNIT ( * ) SI_UNIT ( $, .STERADIAN. ) SOLID_ANGLE_UNIT ( ) );
#2589 = ORIENTED_EDGE ( 'NONE', *, *, #615, .T. ) ;
#2590 = CARTESIAN_POINT ( 'NONE',  ( -0.5500000000000000444, 2.254834989607330087, -0.5699999999999999512 ) ) ;
#2591 = DIRECTION ( 'NONE',  ( -1.604850264224744813E-16, 1.000000000000000000, 0.000000000000000000 ) ) ;
#2592 = EDGE_LOOP ( 'NONE', ( #187, #991, #1831, #3065 ) ) ;
#2593 = AXIS2_PLACEMENT_3D ( 'NONE', #3132, #1237, #3081 ) ;
#2594 = ORIENTED_EDGE ( 'NONE', *, *, #4148, .T. ) ;
#2595 = PLANE ( 'NONE',  #618 ) ;
#2596 = LINE ( 'NONE', #3376, #2787 ) ;
#2597 = EDGE_CURVE ( 'NONE', #4651, #125, #2433, .T. ) ;
#2598 = EDGE_CURVE ( 'NONE', #2145, #346, #4246, .T. ) ;
#2599 = PLANE ( 'NONE',  #3883 ) ;
#2600 = VECTOR ( 'NONE', #3089, 1000.000000000000000 ) ;
#2601 = AXIS2_PLACEMENT_3D ( 'NONE', #1559, #1194, #68 ) ;
#2602 = AXIS2_PLACEMENT_3D ( 'NONE', #828, #3284, #4741 ) ;
#2603 = PLANE ( 'NONE',  #3150 ) ;
#2604 = ORIENTED_EDGE ( 'NONE', *, *, #1501, .T. ) ;
#2605 = EDGE_CURVE ( 'NONE', #2713, #2970, #171, .T. ) ;
#2606 = EDGE_LOOP ( 'NONE', ( #3267, #4393, #3986, #1103 ) ) ;
#2607 = EDGE_CURVE ( 'NONE', #1313, #366, #3014, .T. ) ;
#2608 = DIRECTION ( 'NONE',  ( -1.971276677246369793E-16, -1.000000000000000000, 0.000000000000000000 ) ) ;
#2609 = ORIENTED_EDGE ( 'NONE', *, *, #4197, .F. ) ;
#2610 = ADVANCED_FACE ( 'NONE', ( #222 ), #1701, .T. ) ;
#2611 = CARTESIAN_POINT ( 'NONE',  ( -1.699999999999999956, 2.081899558550500280E-16, 0.3007161552948415251 ) ) ;
#2612 = DIRECTION ( 'NONE',  ( 0.000000000000000000, -1.000000000000000000, 0.000000000000000000 ) ) ;
#2613 = ORIENTED_EDGE ( 'NONE', *, *, #4294, .F. ) ;
#2614 = SURFACE_SIDE_STYLE ('',( #2271 ) ) ;
#2615 = ORIENTED_EDGE ( 'NONE', *, *, #969, .T. ) ;
#2616 = CARTESIAN_POINT ( 'NONE',  ( 1.600000000000000089, 2.200000000000000178, -0.5699999999999999512 ) ) ;
#2617 = DIRECTION ( 'NONE',  ( -0.05233595624294389709, 0.000000000000000000, 0.9986295347545739443 ) ) ;
#2618 = ORIENTED_EDGE ( 'NONE', *, *, #3600, .F. ) ;
#2619 = CARTESIAN_POINT ( 'NONE',  ( -2.500000000000000000, 2.200000000000000178, 0.000000000000000000 ) ) ;
#2620 = ORIENTED_EDGE ( 'NONE', *, *, #3001, .F. ) ;
#2621 = PRESENTATION_LAYER_ASSIGNMENT (  '', '', ( #1995 ) ) ;
#2622 = CARTESIAN_POINT ( 'NONE',  ( 0.5500000000000000444, 2.254834989607330087, -0.6999999999999999556 ) ) ;
#2623 = DIRECTION ( 'NONE',  ( 0.000000000000000000, 0.000000000000000000, -1.000000000000000000 ) ) ;
#2624 = CARTESIAN_POINT ( 'NONE',  ( -0.1831650461902210036, -0.5332195235787650089, 0.3499999999999999778 ) ) ;
#2625 = AXIS2_PLACEMENT_3D ( 'NONE', #3662, #3310, #3984 ) ;
#2626 = ADVANCED_FACE ( 'NONE', ( #842 ), #2335, .F. ) ;
#2627 = CARTESIAN_POINT ( 'NONE',  ( 2.500000000000000000, 2.500000000000000000, 0.000000000000000000 ) ) ;
#2628 = FACE_OUTER_BOUND ( 'NONE', #3359, .T. ) ;
#2629 = VECTOR ( 'NONE', #3012, 1000.000000000000000 ) ;
#2630 = EDGE_CURVE ( 'NONE', #980, #3786, #2081, .T. ) ;
#2631 = ORIENTED_EDGE ( 'NONE', *, *, #988, .T. ) ;
#2632 = CARTESIAN_POINT ( 'NONE',  ( -1.971607025033959903, 0.8251250982098670139, 0.3499999999999999778 ) ) ;
#2633 = VECTOR ( 'NONE', #3928, 1000.000000000000000 ) ;
#2634 = ORIENTED_EDGE ( 'NONE', *, *, #290, .T. ) ;
#2635 = DIRECTION ( 'NONE',  ( -0.05233595624294389709, 0.000000000000000000, -0.9986295347545739443 ) ) ;
#2636 = SURFACE_SIDE_STYLE ('',( #420 ) ) ;
#2637 = AXIS2_PLACEMENT_3D ( 'NONE', #4023, #4181, #1586 ) ;
#2638 = UNCERTAINTY_MEASURE_WITH_UNIT (LENGTH_MEASURE( 1.000000000000000082E-05 ), #2370, 'distance_accuracy_value', 'NONE');
#2639 = COLOUR_RGB ( '',1.000000000000000000, 1.000000000000000000, 1.000000000000000000 ) ;
#2640 = PRESENTATION_LAYER_ASSIGNMENT (  '', '', ( #3958 ) ) ;
#2641 = CARTESIAN_POINT ( 'NONE',  ( 0.5500000000000000444, -1.050000000000000044, -0.6999999999999999556 ) ) ;
#2642 = CARTESIAN_POINT ( 'NONE',  ( -0.1831650461902200322, -0.1370056143358111822, 0.2999999999999999889 ) ) ;
#2643 = CARTESIAN_POINT ( 'NONE',  ( 0.000000000000000000, 0.000000000000000000, -0.5699999999999999512 ) ) ;
#2644 = LINE ( 'NONE', #2668, #2399 ) ;
#2645 = ORIENTED_EDGE ( 'NONE', *, *, #4197, .T. ) ;
#2646 = EDGE_CURVE ( 'NONE', #1122, #1467, #2884, .T. ) ;
#2647 = DIRECTION ( 'NONE',  ( 0.000000000000000000, 1.000000000000000000, 0.000000000000000000 ) ) ;
#2648 = CARTESIAN_POINT ( 'NONE',  ( -2.486873320506370444, -1.199999999999999956, -0.2504719656739949896 ) ) ;
#2649 = VERTEX_POINT ( 'NONE', #4036 ) ;
#2650 = CARTESIAN_POINT ( 'NONE',  ( 1.562305442492824881, -0.6860159872360379607, 0.3499999999999999778 ) ) ;
#2651 = PRESENTATION_STYLE_ASSIGNMENT (( #1165 ) ) ;
#2652 = LINE ( 'NONE', #4129, #2143 ) ;
#2653 = DIRECTION ( 'NONE',  ( 0.000000000000000000, 0.000000000000000000, -1.000000000000000000 ) ) ;
#2654 = ORIENTED_EDGE ( 'NONE', *, *, #1529, .F. ) ;
#2655 = ORIENTED_EDGE ( 'NONE', *, *, #4705, .T. ) ;
#2656 = VECTOR ( 'NONE', #1510, 1000.000000000000000 ) ;
#2657 = CARTESIAN_POINT ( 'NONE',  ( -1.146028625818473978, -0.7287392438591709931, 0.3499999999999999778 ) ) ;
#2658 = AXIS2_PLACEMENT_3D ( 'NONE', #3893, #2804, #4275 ) ;
#2659 = ORIENTED_EDGE ( 'NONE', *, *, #914, .F. ) ;
#2660 = DIRECTION ( 'NONE',  ( 0.000000000000000000, 1.000000000000000000, 0.000000000000000000 ) ) ;
#2661 = EDGE_LOOP ( 'NONE', ( #2704, #2587, #390, #2063 ) ) ;
#2662 = FILL_AREA_STYLE ('',( #2244 ) ) ;
#2663 = EDGE_CURVE ( 'NONE', #569, #4720, #2104, .T. ) ;
#2664 = PRESENTATION_LAYER_ASSIGNMENT (  '', '', ( #4736 ) ) ;
#2665 = ORIENTED_EDGE ( 'NONE', *, *, #3358, .F. ) ;
#2666 = LINE ( 'NONE', #3638, #4229 ) ;
#2667 = EDGE_CURVE ( 'NONE', #2674, #3091, #4702, .T. ) ;
#2668 = CARTESIAN_POINT ( 'NONE',  ( 1.930905544980989985, -0.8360159872360369837, 0.2999999999999999889 ) ) ;
#2669 = ORIENTED_EDGE ( 'NONE', *, *, #3861, .T. ) ;
#2670 = DIRECTION ( 'NONE',  ( 0.000000000000000000, 0.000000000000000000, -1.000000000000000000 ) ) ;
#2671 = EDGE_CURVE ( 'NONE', #1806, #2321, #2544, .T. ) ;
#2672 =( NAMED_UNIT ( * ) PLANE_ANGLE_UNIT ( ) SI_UNIT ( $, .RADIAN. ) );
#2673 = CARTESIAN_POINT ( 'NONE',  ( 1.930905544980989985, -2.056952929731179935, 0.3499999999999999778 ) ) ;
#2674 = VERTEX_POINT ( 'NONE', #3935 ) ;
#2675 = SURFACE_STYLE_FILL_AREA ( #4405 ) ;
#2676 = CARTESIAN_POINT ( 'NONE',  ( 2.486873320506370444, -1.199999999999999956, -0.2504719656739949896 ) ) ;
#2677 = CIRCLE ( 'NONE', #3918, 0.1500000000000000222 ) ;
#2678 = DIRECTION ( 'NONE',  ( 0.000000000000000000, -1.000000000000000000, 0.000000000000000000 ) ) ;
#2679 = ORIENTED_EDGE ( 'NONE', *, *, #1603, .T. ) ;
#2680 = ORIENTED_EDGE ( 'NONE', *, *, #118, .F. ) ;
#2681 = PLANE ( 'NONE',  #4400 ) ;
#2682 = CARTESIAN_POINT ( 'NONE',  ( -0.1831650461902200322, -0.6832195235787649201, 0.2999999999999999889 ) ) ;
#2683 = VECTOR ( 'NONE', #4451, 1000.000000000000000 ) ;
#2684 = VECTOR ( 'NONE', #2308, 999.9999999999998863 ) ;
#2685 = VERTEX_POINT ( 'NONE', #649 ) ;
#2686 = DIRECTION ( 'NONE',  ( 0.000000000000000000, -1.000000000000000000, 0.000000000000000000 ) ) ;
#2687 =( LENGTH_UNIT ( ) NAMED_UNIT ( * ) SI_UNIT ( .MILLI., .METRE. ) );
#2688 = DIRECTION ( 'NONE',  ( 0.000000000000000000, -1.000000000000000000, 0.000000000000000000 ) ) ;
#2689 = EDGE_LOOP ( 'NONE', ( #1148, #624, #1097, #230 ) ) ;
#2690 = DIRECTION ( 'NONE',  ( 1.000000000000000000, 0.000000000000000000, 0.000000000000000000 ) ) ;
#2691 = DIRECTION ( 'NONE',  ( -0.9986295347545739443, 0.000000000000000000, -0.05233595624294389709 ) ) ;
#2692 = EDGE_LOOP ( 'NONE', ( #1609, #3510, #3119, #3914, #4499 ) ) ;
#2693 =( LENGTH_UNIT ( ) NAMED_UNIT ( * ) SI_UNIT ( .MILLI., .METRE. ) );
#2694 = ORIENTED_EDGE ( 'NONE', *, *, #3518, .F. ) ;
#2695 = EDGE_CURVE ( 'NONE', #461, #2217, #1538, .T. ) ;
#2696 =( NAMED_UNIT ( * ) SI_UNIT ( $, .STERADIAN. ) SOLID_ANGLE_UNIT ( ) );
#2697 = DIRECTION ( 'NONE',  ( -1.000000000000000000, 0.000000000000000000, -3.252606517456518824E-15 ) ) ;
#2698 =( NAMED_UNIT ( * ) PLANE_ANGLE_UNIT ( ) SI_UNIT ( $, .RADIAN. ) );
#2699 = ORIENTED_EDGE ( 'NONE', *, *, #3630, .T. ) ;
#2700 = AXIS2_PLACEMENT_3D ( 'NONE', #2547, #1818, #2180 ) ;
#2701 = CARTESIAN_POINT ( 'NONE',  ( -1.971607025033959903, 0.8251250982098670139, 0.2999999999999999889 ) ) ;
#2702 = LINE ( 'NONE', #3336, #1768 ) ;
#2703 = CARTESIAN_POINT ( 'NONE',  ( 2.399999999999999911, -2.100000000000000089, -0.4699999999999999734 ) ) ;
#2704 = ORIENTED_EDGE ( 'NONE', *, *, #1566, .T. ) ;
#2705 = VERTEX_POINT ( 'NONE', #3589 ) ;
#2706 = CARTESIAN_POINT ( 'NONE',  ( -0.03316504619022000305, 2.110000814877110109, 0.3499999999999999778 ) ) ;
#2707 = STYLED_ITEM ( 'NONE', ( #2843 ), #2724 ) ;
#2708 = EDGE_CURVE ( 'NONE', #4208, #21, #3283, .T. ) ;
#2709 = ORIENTED_EDGE ( 'NONE', *, *, #2572, .F. ) ;
#2710 = VECTOR ( 'NONE', #1742, 1000.000000000000000 ) ;
#2711 = LINE ( 'NONE', #1513, #1079 ) ;
#2712 = LINE ( 'NONE', #3047, #4292 ) ;
#2713 = VERTEX_POINT ( 'NONE', #3232 ) ;
#2714 = PLANE ( 'NONE',  #574 ) ;
#2715 = CARTESIAN_POINT ( 'NONE',  ( -2.430009069179265069, 1.680009069179265069, 0.4000000000000000222 ) ) ;
#2716 = PLANE ( 'NONE',  #431 ) ;
#2717 = CIRCLE ( 'NONE', #4710, 0.5500000000000000444 ) ;
#2718 = CARTESIAN_POINT ( 'NONE',  ( -0.5500000000000000444, 2.254834989607330087, -0.5699999999999999512 ) ) ;
#2719 = DIRECTION ( 'NONE',  ( 0.000000000000000000, 0.000000000000000000, -1.000000000000000000 ) ) ;
#2720 = MECHANICAL_DESIGN_GEOMETRIC_PRESENTATION_REPRESENTATION (  '', ( #1784 ), #4189 ) ;
#2721 = VECTOR ( 'NONE', #1452, 1000.000000000000000 ) ;
#2722 = FILL_AREA_STYLE ('',( #2831 ) ) ;
#2723 = DIRECTION ( 'NONE',  ( 0.05233595624294389709, 0.000000000000000000, 0.9986295347545739443 ) ) ;
#2724 = ADVANCED_FACE ( 'NONE', ( #286 ), #334, .F. ) ;
#2725 = EDGE_CURVE ( 'NONE', #106, #2372, #3960, .T. ) ;
#2726 = LINE ( 'NONE', #3158, #3451 ) ;
#2727 = CARTESIAN_POINT ( 'NONE',  ( 1.930905544980989985, -2.056952929731179935, 0.3499999999999999778 ) ) ;
#2728 = CARTESIAN_POINT ( 'NONE',  ( 1.412305442492821861, 0.4570589046025520519, 0.3499999999999999778 ) ) ;
#2729 = EDGE_LOOP ( 'NONE', ( #1738, #3969, #1868, #2241 ) ) ;
#2730 = ORIENTED_EDGE ( 'NONE', *, *, #702, .F. ) ;
#2731 = VERTEX_POINT ( 'NONE', #4341 ) ;
#2732 = LINE ( 'NONE', #2706, #2964 ) ;
#2733 = ORIENTED_EDGE ( 'NONE', *, *, #4072, .F. ) ;
#2734 = SURFACE_STYLE_FILL_AREA ( #4278 ) ;
#2735 = EDGE_LOOP ( 'NONE', ( #4021, #3895, #1125, #3325 ) ) ;
#2736 = ADVANCED_FACE ( 'NONE', ( #1010 ), #669, .F. ) ;
#2737 = FILL_AREA_STYLE_COLOUR ( '', #3293 ) ;
#2738 = CARTESIAN_POINT ( 'NONE',  ( -2.700000000000000178, -2.100000000000000089, -0.4699999999999999734 ) ) ;
#2739 = VECTOR ( 'NONE', #4485, 1000.000000000000000 ) ;
#2740 = LINE ( 'NONE', #3441, #3205 ) ;
#2741 = SURFACE_SIDE_STYLE ('',( #2003 ) ) ;
#2742 = PRESENTATION_LAYER_ASSIGNMENT (  '', '', ( #3743 ) ) ;
#2743 = AXIS2_PLACEMENT_3D ( 'NONE', #2103, #4715, #2477 ) ;
#2744 = ORIENTED_EDGE ( 'NONE', *, *, #4376, .T. ) ;
#2745 = EDGE_CURVE ( 'NONE', #452, #1042, #4792, .T. ) ;
#2746 = CARTESIAN_POINT ( 'NONE',  ( -1.296028625818473889, 0.6751250982098669917, 0.2999999999999999889 ) ) ;
#2747 = CARTESIAN_POINT ( 'NONE',  ( -2.700000000000000178, 2.100000000000000089, -0.2999999999999999889 ) ) ;
#2748 = DIRECTION ( 'NONE',  ( 0.000000000000000000, -1.000000000000000000, 0.000000000000000000 ) ) ;
#2749 = EDGE_LOOP ( 'NONE', ( #1849, #1145, #393, #1371 ) ) ;
#2750 = VERTEX_POINT ( 'NONE', #3396 ) ;
#2751 = FACE_OUTER_BOUND ( 'NONE', #4269, .T. ) ;
#2752 = CARTESIAN_POINT ( 'NONE',  ( -2.471716000805965319, -1.199999999999999956, -0.5396908546970039522 ) ) ;
#2753 = STYLED_ITEM ( 'NONE', ( #2394 ), #970 ) ;
#2754 = STYLED_ITEM ( 'NONE', ( #1176 ), #4288 ) ;
#2755 = ORIENTED_EDGE ( 'NONE', *, *, #2955, .F. ) ;
#2756 = EDGE_CURVE ( 'NONE', #4639, #4135, #4548, .T. ) ;
#2757 = CARTESIAN_POINT ( 'NONE',  ( 2.500000000000000000, -2.200000000000000178, 0.000000000000000000 ) ) ;
#2758 = CARTESIAN_POINT ( 'NONE',  ( -2.500000000000000000, 2.100000000000000089, -0.2999999999999999889 ) ) ;
#2759 = VERTEX_POINT ( 'NONE', #10 ) ;
#2760 = SURFACE_SIDE_STYLE ('',( #4595 ) ) ;
#2761 = PRESENTATION_LAYER_ASSIGNMENT (  '', '', ( #30 ) ) ;
#2762 = EDGE_CURVE ( 'NONE', #2101, #3326, #367, .T. ) ;
#2763 = VECTOR ( 'NONE', #4541, 1000.000000000000000 ) ;
#2764 = VECTOR ( 'NONE', #1794, 1000.000000000000000 ) ;
#2765 = CARTESIAN_POINT ( 'NONE',  ( 2.471716000805965319, -1.199999999999999956, -0.5396908546970039522 ) ) ;
#2766 = DIRECTION ( 'NONE',  ( 0.000000000000000000, 0.000000000000000000, 1.000000000000000000 ) ) ;
#2767 = FACE_OUTER_BOUND ( 'NONE', #2342, .T. ) ;
#2768 = LINE ( 'NONE', #983, #224 ) ;
#2769 = LINE ( 'NONE', #1697, #3108 ) ;
#2770 = ORIENTED_EDGE ( 'NONE', *, *, #37, .F. ) ;
#2771 = FACE_OUTER_BOUND ( 'NONE', #4688, .T. ) ;
#2772 = CARTESIAN_POINT ( 'NONE',  ( -1.296028625818473889, -0.7287392438591728805, 0.2999999999999999889 ) ) ;
#2773 = ORIENTED_EDGE ( 'NONE', *, *, #2177, .F. ) ;
#2774 = FILL_AREA_STYLE ('',( #4297 ) ) ;
#2775 = CARTESIAN_POINT ( 'NONE',  ( -0.9960286258184740671, -0.6832195235787649201, 0.2999999999999999889 ) ) ;
#2776 = ORIENTED_EDGE ( 'NONE', *, *, #3088, .F. ) ;
#2777 = AXIS2_PLACEMENT_3D ( 'NONE', #1435, #4387, #3791 ) ;
#2778 = ORIENTED_EDGE ( 'NONE', *, *, #2339, .T. ) ;
#2779 = ADVANCED_FACE ( 'NONE', ( #1554 ), #3735, .F. ) ;
#2780 = ORIENTED_EDGE ( 'NONE', *, *, #1360, .F. ) ;
#2781 = DIRECTION ( 'NONE',  ( 0.000000000000000000, 0.000000000000000000, -1.000000000000000000 ) ) ;
#2782 = PRESENTATION_LAYER_ASSIGNMENT (  '', '', ( #2707 ) ) ;
#2783 = ORIENTED_EDGE ( 'NONE', *, *, #1217, .T. ) ;
#2784 = SURFACE_STYLE_USAGE ( .BOTH. , #2346 ) ;
#2785 = EDGE_CURVE ( 'NONE', #2580, #4533, #2596, .T. ) ;
#2786 = EDGE_CURVE ( 'NONE', #3601, #4208, #4402, .T. ) ;
#2787 = VECTOR ( 'NONE', #39, 1000.000000000000000 ) ;
#2788 = CARTESIAN_POINT ( 'NONE',  ( 2.500000000000000000, -1.199999999999999956, -0.2999999999999999889 ) ) ;
#2789 = AXIS2_PLACEMENT_3D ( 'NONE', #1857, #3709, #429 ) ;
#2790 = FACE_OUTER_BOUND ( 'NONE', #1637, .T. ) ;
#2791 = CARTESIAN_POINT ( 'NONE',  ( -2.399999999999999911, -1.199999999999999956, -0.4699999999999999734 ) ) ;
#2792 = VECTOR ( 'NONE', #323, 1000.000000000000000 ) ;
#2793 = FACE_OUTER_BOUND ( 'NONE', #1243, .T. ) ;
#2794 = FACE_OUTER_BOUND ( 'NONE', #399, .T. ) ;
#2795 = EDGE_CURVE ( 'NONE', #1986, #1116, #1081, .T. ) ;
#2796 = VECTOR ( 'NONE', #4632, 1000.000000000000000 ) ;
#2797 = VERTEX_POINT ( 'NONE', #717 ) ;
#2798 = VECTOR ( 'NONE', #4172, 1000.000000000000000 ) ;
#2799 = CARTESIAN_POINT ( 'NONE',  ( -2.463314554501874643, 0.000000000000000000, -0.6999999999999999556 ) ) ;
#2800 = DIRECTION ( 'NONE',  ( -8.673617379884035472E-15, 0.000000000000000000, 1.000000000000000000 ) ) ;
#2801 = FACE_OUTER_BOUND ( 'NONE', #2255, .T. ) ;
#2802 = ORIENTED_EDGE ( 'NONE', *, *, #4287, .T. ) ;
#2803 = CARTESIAN_POINT ( 'NONE',  ( -2.500000000000000000, 1.100000000000000089, 0.000000000000000000 ) ) ;
#2804 = DIRECTION ( 'NONE',  ( 1.000000000000000000, -2.409338161078900167E-16, 0.000000000000000000 ) ) ;
#2805 = ORIENTED_EDGE ( 'NONE', *, *, #696, .F. ) ;
#2806 = ORIENTED_EDGE ( 'NONE', *, *, #2208, .F. ) ;
#2807 = DIRECTION ( 'NONE',  ( -1.896992367213329726E-16, 1.000000000000000000, 0.000000000000000000 ) ) ;
#2808 = DIRECTION ( 'NONE',  ( 0.000000000000000000, 0.000000000000000000, -1.000000000000000000 ) ) ;
#2809 = CIRCLE ( 'NONE', #558, 0.09999999999999999167 ) ;
#2810 = VERTEX_POINT ( 'NONE', #4082 ) ;
#2811 = CYLINDRICAL_SURFACE ( 'NONE', #3044, 1.699999999999999956 ) ;
#2812 = DIRECTION ( 'NONE',  ( 1.000000000000000000, 0.000000000000000000, 0.000000000000000000 ) ) ;
#2813 = EDGE_CURVE ( 'NONE', #2032, #2685, #3688, .T. ) ;
#2814 = ORIENTED_EDGE ( 'NONE', *, *, #3803, .F. ) ;
#2815 = FILL_AREA_STYLE_COLOUR ( '', #2972 ) ;
#2816 =( NAMED_UNIT ( * ) SI_UNIT ( $, .STERADIAN. ) SOLID_ANGLE_UNIT ( ) );
#2817 = LINE ( 'NONE', #4007, #2710 ) ;
#2818 = LINE ( 'NONE', #4268, #1555 ) ;
#2819 = AXIS2_PLACEMENT_3D ( 'NONE', #2642, #4122, #2379 ) ;
#2820 = ORIENTED_EDGE ( 'NONE', *, *, #2505, .T. ) ;
#2821 = ADVANCED_FACE ( 'NONE', ( #742 ), #3332, .F. ) ;
#2822 = LINE ( 'NONE', #2883, #3212 ) ;
#2823 = DIRECTION ( 'NONE',  ( -3.043374519257555240E-15, 0.000000000000000000, 1.000000000000000000 ) ) ;
#2824 = CARTESIAN_POINT ( 'NONE',  ( 0.3603187164337335324, 0.6070589046025529623, 0.3499999999999999778 ) ) ;
#2825 = PLANE ( 'NONE',  #1553 ) ;
#2826 = VERTEX_POINT ( 'NONE', #3057 ) ;
#2827 = CARTESIAN_POINT ( 'NONE',  ( 0.3603187164337324777, 0.4570589046025529956, 0.2999999999999999889 ) ) ;
#2828 = EDGE_LOOP ( 'NONE', ( #1342, #1064, #435, #1874 ) ) ;
#2829 = DIRECTION ( 'NONE',  ( 0.000000000000000000, 0.000000000000000000, 1.000000000000000000 ) ) ;
#2830 =( GEOMETRIC_REPRESENTATION_CONTEXT ( 3 ) GLOBAL_UNCERTAINTY_ASSIGNED_CONTEXT ( ( #2530 ) ) GLOBAL_UNIT_ASSIGNED_CONTEXT ( ( #3677, #1492, #1905 ) ) REPRESENTATION_CONTEXT ( 'NONE', 'WORKASPACE' ) );
#2831 = FILL_AREA_STYLE_COLOUR ( '', #930 ) ;
#2832 = ORIENTED_EDGE ( 'NONE', *, *, #3373, .T. ) ;
#2833 = CARTESIAN_POINT ( 'NONE',  ( -2.500000000000000000, -1.199999999999999956, 0.000000000000000000 ) ) ;
#2834 = AXIS2_PLACEMENT_3D ( 'NONE', #3575, #949, #4661 ) ;
#2835 = LINE ( 'NONE', #4311, #2512 ) ;
#2836 = PRODUCT_DEFINITION_FORMATION_WITH_SPECIFIED_SOURCE ( 'ANY', '', #2524, .NOT_KNOWN. ) ;
#2837 = PRESENTATION_LAYER_ASSIGNMENT (  '', '', ( #1667 ) ) ;
#2838 = EDGE_CURVE ( 'NONE', #1297, #249, #4525, .T. ) ;
#2839 = DIRECTION ( 'NONE',  ( 0.000000000000000000, -1.000000000000000000, 0.000000000000000000 ) ) ;
#2840 = CARTESIAN_POINT ( 'NONE',  ( -2.500000000000000000, 1.199999999999999956, -0.4699999999999999734 ) ) ;
#2841 = EDGE_CURVE ( 'NONE', #249, #3898, #1215, .T. ) ;
#2842 = CARTESIAN_POINT ( 'NONE',  ( 0.5500000000000000444, 2.254834989607330087, -0.6999999999999999556 ) ) ;
#2843 = PRESENTATION_STYLE_ASSIGNMENT (( #2913 ) ) ;
#2844 = PRESENTATION_STYLE_ASSIGNMENT (( #3913 ) ) ;
#2845 = DIRECTION ( 'NONE',  ( 0.000000000000000000, -1.000000000000000000, 0.000000000000000000 ) ) ;
#2846 = ORIENTED_EDGE ( 'NONE', *, *, #2098, .T. ) ;
#2847 = DIRECTION ( 'NONE',  ( 0.000000000000000000, 1.000000000000000000, 0.000000000000000000 ) ) ;
#2848 = DIRECTION ( 'NONE',  ( 0.000000000000000000, 0.000000000000000000, 1.000000000000000000 ) ) ;
#2849 = ORIENTED_EDGE ( 'NONE', *, *, #2131, .T. ) ;
#2850 = ADVANCED_FACE ( 'NONE', ( #2793 ), #3084, .F. ) ;
#2851 = VECTOR ( 'NONE', #3061, 1000.000000000000000 ) ;
#2852 = DIRECTION ( 'NONE',  ( 1.000000000000000000, 0.000000000000000000, 0.000000000000000000 ) ) ;
#2853 = ORIENTED_EDGE ( 'NONE', *, *, #590, .T. ) ;
#2854 =( LENGTH_UNIT ( ) NAMED_UNIT ( * ) SI_UNIT ( .MILLI., .METRE. ) );
#2855 = DIRECTION ( 'NONE',  ( 0.000000000000000000, 0.000000000000000000, 1.000000000000000000 ) ) ;
#2856 = VECTOR ( 'NONE', #1346, 1000.000000000000000 ) ;
#2857 = EDGE_LOOP ( 'NONE', ( #1928, #852, #3894, #1896 ) ) ;
#2858 = CARTESIAN_POINT ( 'NONE',  ( -2.499117102666014834, 2.100000000000000089, -0.01684668471109859733 ) ) ;
#2859 = DIRECTION ( 'NONE',  ( -1.000000000000000000, 0.000000000000000000, 0.000000000000000000 ) ) ;
#2860 = LINE ( 'NONE', #2842, #3983 ) ;
#2861 = CARTESIAN_POINT ( 'NONE',  ( -1.919276727925025128, -2.056952929731179935, 0.2999999999999999889 ) ) ;
#2862 = STYLED_ITEM ( 'NONE', ( #3962 ), #3703 ) ;
#2863 = EDGE_CURVE ( 'NONE', #2444, #2326, #167, .T. ) ;
#2864 = DIRECTION ( 'NONE',  ( 1.000000000000000000, 2.000708728360074935E-16, 0.000000000000000000 ) ) ;
#2865 = EDGE_CURVE ( 'NONE', #1136, #3338, #4266, .T. ) ;
#2866 = AXIS2_PLACEMENT_3D ( 'NONE', #4604, #3860, #189 ) ;
#2867 = VERTEX_POINT ( 'NONE', #2329 ) ;
#2868 = LINE ( 'NONE', #3617, #4545 ) ;
#2869 = CARTESIAN_POINT ( 'NONE',  ( -1.296028625818473889, 0.6751250982098669917, 0.3499999999999999778 ) ) ;
#2870 = ORIENTED_EDGE ( 'NONE', *, *, #4563, .T. ) ;
#2871 = ADVANCED_FACE ( 'NONE', ( #912 ), #4550, .F. ) ;
#2872 = DIRECTION ( 'NONE',  ( 1.000000000000000000, 0.000000000000000000, 0.000000000000000000 ) ) ;
#2873 = AXIS2_PLACEMENT_3D ( 'NONE', #1847, #2531, #4020 ) ;
#2874 = EDGE_CURVE ( 'NONE', #3596, #3701, #2768, .T. ) ;
#2875 = DIRECTION ( 'NONE',  ( 0.000000000000000000, -1.000000000000000000, 0.000000000000000000 ) ) ;
#2876 = PRODUCT_DEFINITION_SHAPE ( 'NONE', 'NONE',  #1478 ) ;
#2877 = ORIENTED_EDGE ( 'NONE', *, *, #1424, .T. ) ;
#2878 = CARTESIAN_POINT ( 'NONE',  ( -1.146028625818473978, -0.7287392438591709931, 0.3499999999999999778 ) ) ;
#2879 =( NAMED_UNIT ( * ) PLANE_ANGLE_UNIT ( ) SI_UNIT ( $, .RADIAN. ) );
#2880 = STYLED_ITEM ( 'NONE', ( #777 ), #1117 ) ;
#2881 = DIRECTION ( 'NONE',  ( -1.000000000000000000, 0.000000000000000000, 0.000000000000000000 ) ) ;
#2882 = CARTESIAN_POINT ( 'NONE',  ( 0.3603187164337335324, 0.6070589046025529623, 0.3499999999999999778 ) ) ;
#2883 = CARTESIAN_POINT ( 'NONE',  ( 2.399999999999999911, 2.100000000000000089, -0.7699999999999999067 ) ) ;
#2884 = LINE ( 'NONE', #2495, #3484 ) ;
#2885 = DIRECTION ( 'NONE',  ( -1.000000000000000000, 0.000000000000000000, 0.000000000000000000 ) ) ;
#2886 = PLANE ( 'NONE',  #1703 ) ;
#2887 = ORIENTED_EDGE ( 'NONE', *, *, #3800, .F. ) ;
#2888 = VECTOR ( 'NONE', #933, 1000.000000000000000 ) ;
#2889 = DIRECTION ( 'NONE',  ( -1.000000000000000000, 0.000000000000000000, 0.000000000000000000 ) ) ;
#2890 = SURFACE_STYLE_USAGE ( .BOTH. , #2968 ) ;
#2891 = ORIENTED_EDGE ( 'NONE', *, *, #4524, .F. ) ;
#2892 = VERTEX_POINT ( 'NONE', #4652 ) ;
#2893 = CARTESIAN_POINT ( 'NONE',  ( 2.463314554501874643, -2.463314554501874643, -0.6999999999999999556 ) ) ;
#2894 = COLOUR_RGB ( '',1.000000000000000000, 1.000000000000000000, 1.000000000000000000 ) ;
#2895 = EDGE_CURVE ( 'NONE', #992, #1406, #757, .T. ) ;
#2896 = CARTESIAN_POINT ( 'NONE',  ( -1.600000000000000089, 2.200000000000000178, -0.5699999999999999512 ) ) ;
#2897 = VERTEX_POINT ( 'NONE', #4312 ) ;
#2898 =( NAMED_UNIT ( * ) SI_UNIT ( $, .STERADIAN. ) SOLID_ANGLE_UNIT ( ) );
#2899 = FILL_AREA_STYLE ('',( #1423 ) ) ;
#2900 = SURFACE_STYLE_FILL_AREA ( #4286 ) ;
#2901 = AXIS2_PLACEMENT_3D ( 'NONE', #1997, #3829, #3900 ) ;
#2902 = EDGE_CURVE ( 'NONE', #1041, #4243, #2908, .T. ) ;
#2903 = EDGE_LOOP ( 'NONE', ( #3371, #40, #3190, #4586 ) ) ;
#2904 = CARTESIAN_POINT ( 'NONE',  ( 1.699999999999999956, -1.199999999999999956, -0.5699999999999999512 ) ) ;
#2905 = MECHANICAL_DESIGN_GEOMETRIC_PRESENTATION_REPRESENTATION (  '', ( #4369 ), #2830 ) ;
#2906 = CLOSED_SHELL ( 'NONE', ( #2002, #4368, #1109, #482, #3725, #4124, #2558, #3711, #3029, #3787, #2626 ) ) ;
#2907 = VERTEX_POINT ( 'NONE', #625 ) ;
#2908 = LINE ( 'NONE', #217, #1063 ) ;
#2909 = FILL_AREA_STYLE_COLOUR ( '', #2639 ) ;
#2910 = ORIENTED_EDGE ( 'NONE', *, *, #2663, .F. ) ;
#2911 = CIRCLE ( 'NONE', #4307, 1.699999999999999956 ) ;
#2912 = AXIS2_PLACEMENT_3D ( 'NONE', #736, #2223, #1494 ) ;
#2913 = SURFACE_STYLE_USAGE ( .BOTH. , #693 ) ;
#2914 = ORIENTED_EDGE ( 'NONE', *, *, #2057, .T. ) ;
#2915 = DIRECTION ( 'NONE',  ( -2.409338161078900167E-16, 1.000000000000000000, 0.000000000000000000 ) ) ;
#2916 = ORIENTED_EDGE ( 'NONE', *, *, #702, .T. ) ;
#2917 = ORIENTED_EDGE ( 'NONE', *, *, #4120, .T. ) ;
#2918 = EDGE_CURVE ( 'NONE', #2088, #2309, #3873, .T. ) ;
#2919 = UNCERTAINTY_MEASURE_WITH_UNIT (LENGTH_MEASURE( 1.000000000000000082E-05 ), #934, 'distance_accuracy_value', 'NONE');
#2920 = LINE ( 'NONE', #1044, #4487 ) ;
#2921 = DIRECTION ( 'NONE',  ( 4.818676322157800333E-16, 1.000000000000000000, 1.751623080406019977E-46 ) ) ;
#2922 = ORIENTED_EDGE ( 'NONE', *, *, #2283, .T. ) ;
#2923 = PLANE ( 'NONE',  #4511 ) ;
#2924 = DIRECTION ( 'NONE',  ( 0.000000000000000000, 0.9986295347545739443, -0.05233595624294389709 ) ) ;
#2925 = EDGE_CURVE ( 'NONE', #3174, #1275, #1343, .T. ) ;
#2926 =( NAMED_UNIT ( * ) SI_UNIT ( $, .STERADIAN. ) SOLID_ANGLE_UNIT ( ) );
#2927 = EDGE_CURVE ( 'NONE', #3352, #1515, #259, .T. ) ;
#2928 = COLOUR_RGB ( '',1.000000000000000000, 1.000000000000000000, 1.000000000000000000 ) ;
#2929 = LINE ( 'NONE', #3705, #3457 ) ;
#2930 = VERTEX_POINT ( 'NONE', #4712 ) ;
#2931 = FACE_OUTER_BOUND ( 'NONE', #1785, .T. ) ;
#2932 = STYLED_ITEM ( 'NONE', ( #311 ), #2736 ) ;
#2933 = LINE ( 'NONE', #4399, #3805 ) ;
#2934 = VERTEX_POINT ( 'NONE', #1428 ) ;
#2935 = VECTOR ( 'NONE', #644, 1000.000000000000000 ) ;
#2936 = FACE_OUTER_BOUND ( 'NONE', #2689, .T. ) ;
#2937 = EDGE_CURVE ( 'NONE', #106, #1806, #2817, .T. ) ;
#2938 = FILL_AREA_STYLE ('',( #811 ) ) ;
#2939 = CARTESIAN_POINT ( 'NONE',  ( 2.500000000000000000, 2.100000000000000089, -0.4699999999999999734 ) ) ;
#2940 = CIRCLE ( 'NONE', #4259, 0.1500000000000000222 ) ;
#2941 = VECTOR ( 'NONE', #2176, 1000.000000000000000 ) ;
#2942 = CYLINDRICAL_SURFACE ( 'NONE', #1433, 1.699999999999999956 ) ;
#2943 = SURFACE_STYLE_FILL_AREA ( #1061 ) ;
#2944 = CARTESIAN_POINT ( 'NONE',  ( -2.430009069179265069, 1.680009069179265069, 0.4000000000000000222 ) ) ;
#2945 = ORIENTED_EDGE ( 'NONE', *, *, #1466, .F. ) ;
#2946 = FACE_OUTER_BOUND ( 'NONE', #4225, .T. ) ;
#2947 = VECTOR ( 'NONE', #962, 1000.000000000000000 ) ;
#2948 = VECTOR ( 'NONE', #859, 1000.000000000000000 ) ;
#2949 = ORIENTED_EDGE ( 'NONE', *, *, #4230, .T. ) ;
#2950 = DIRECTION ( 'NONE',  ( 1.000000000000000000, 1.604850264224744813E-16, 0.000000000000000000 ) ) ;
#2951 = CARTESIAN_POINT ( 'NONE',  ( 2.463314554501874643, 0.000000000000000000, -0.6999999999999999556 ) ) ;
#2952 = ORIENTED_EDGE ( 'NONE', *, *, #2302, .F. ) ;
#2953 = VECTOR ( 'NONE', #1123, 1000.000000000000000 ) ;
#2954 = EDGE_CURVE ( 'NONE', #817, #99, #4674, .T. ) ;
#2955 = EDGE_CURVE ( 'NONE', #4056, #133, #3399, .T. ) ;
#2956 = ORIENTED_EDGE ( 'NONE', *, *, #4547, .F. ) ;
#2957 = EDGE_LOOP ( 'NONE', ( #1843, #3627, #633, #892 ) ) ;
#2958 = CARTESIAN_POINT ( 'NONE',  ( -2.500000000000000000, -2.100000000000000089, 0.000000000000000000 ) ) ;
#2959 = ORIENTED_EDGE ( 'NONE', *, *, #2663, .T. ) ;
#2960 = EDGE_CURVE ( 'NONE', #4208, #1447, #307, .T. ) ;
#2961 = EDGE_CURVE ( 'NONE', #3326, #3091, #2453, .T. ) ;
#2962 = SURFACE_STYLE_USAGE ( .BOTH. , #3308 ) ;
#2963 = PLANE ( 'NONE',  #4340 ) ;
#2964 = VECTOR ( 'NONE', #3848, 1000.000000000000000 ) ;
#2965 = EDGE_CURVE ( 'NONE', #2996, #724, #3229, .T. ) ;
#2966 = LINE ( 'NONE', #4426, #4608 ) ;
#2967 = FACE_OUTER_BOUND ( 'NONE', #3141, .T. ) ;
#2968 = SURFACE_SIDE_STYLE ('',( #2995 ) ) ;
#2969 = VERTEX_POINT ( 'NONE', #2171 ) ;
#2970 = VERTEX_POINT ( 'NONE', #4693 ) ;
#2971 = UNCERTAINTY_MEASURE_WITH_UNIT (LENGTH_MEASURE( 1.000000000000000082E-05 ), #2854, 'distance_accuracy_value', 'NONE');
#2972 = COLOUR_RGB ( '',1.000000000000000000, 1.000000000000000000, 1.000000000000000000 ) ;
#2973 = ORIENTED_EDGE ( 'NONE', *, *, #2795, .T. ) ;
#2974 = CARTESIAN_POINT ( 'NONE',  ( 0.2103187164337325110, 0.4570589046025520519, 0.3499999999999999778 ) ) ;
#2975 =( LENGTH_UNIT ( ) NAMED_UNIT ( * ) SI_UNIT ( .MILLI., .METRE. ) );
#2976 = ORIENTED_EDGE ( 'NONE', *, *, #4010, .F. ) ;
#2977 = DIRECTION ( 'NONE',  ( 0.9961946980917455452, 0.000000000000000000, 0.08715574274765815199 ) ) ;
#2978 = SURFACE_SIDE_STYLE ('',( #4806 ) ) ;
#2979 = EDGE_LOOP ( 'NONE', ( #4249, #940, #1138, #1089, #1459, #2802, #4384, #1661, #2235, #241, #1855 ) ) ;
#2980 = DIRECTION ( 'NONE',  ( 0.000000000000000000, 1.000000000000000000, 0.000000000000000000 ) ) ;
#2981 = CARTESIAN_POINT ( 'NONE',  ( 2.700000000000000178, 1.199999999999999956, -6.982962677686269669E-16 ) ) ;
#2982 = ORIENTED_EDGE ( 'NONE', *, *, #814, .F. ) ;
#2983 =( LENGTH_UNIT ( ) NAMED_UNIT ( * ) SI_UNIT ( .MILLI., .METRE. ) );
#2984 = DIRECTION ( 'NONE',  ( -1.445602896647339311E-15, 0.000000000000000000, 1.000000000000000000 ) ) ;
#2985 = ORIENTED_EDGE ( 'NONE', *, *, #1620, .F. ) ;
#2986 = AXIS2_PLACEMENT_3D ( 'NONE', #1016, #3990, #3897 ) ;
#2987 = CARTESIAN_POINT ( 'NONE',  ( 1.699999999999999956, -1.199999999999999956, -0.7699999999999999067 ) ) ;
#2988 =( NAMED_UNIT ( * ) SI_UNIT ( $, .STERADIAN. ) SOLID_ANGLE_UNIT ( ) );
#2989 = DIRECTION ( 'NONE',  ( 0.000000000000000000, 0.000000000000000000, 1.000000000000000000 ) ) ;
#2990 = AXIS2_PLACEMENT_3D ( 'NONE', #2010, #170, #1652 ) ;
#2991 = VECTOR ( 'NONE', #3129, 1000.000000000000000 ) ;
#2992 = CIRCLE ( 'NONE', #1749, 0.2999999999999999889 ) ;
#2993 =( NAMED_UNIT ( * ) SI_UNIT ( $, .STERADIAN. ) SOLID_ANGLE_UNIT ( ) );
#2994 = CARTESIAN_POINT ( 'NONE',  ( -0.03316504619022000305, -2.056952929731179935, 0.2999999999999999889 ) ) ;
#2995 = SURFACE_STYLE_FILL_AREA ( #1457 ) ;
#2996 = VERTEX_POINT ( 'NONE', #598 ) ;
#2997 = ORIENTED_EDGE ( 'NONE', *, *, #1392, .F. ) ;
#2998 = DIRECTION ( 'NONE',  ( 1.000000000000000000, 2.520540444682889996E-16, 0.000000000000000000 ) ) ;
#2999 = VERTEX_POINT ( 'NONE', #1383 ) ;
#3000 = LINE ( 'NONE', #1565, #695 ) ;
#3001 = EDGE_CURVE ( 'NONE', #2970, #141, #2078, .T. ) ;
#3002 = SURFACE_SIDE_STYLE ('',( #3675 ) ) ;
#3003 = LINE ( 'NONE', #2641, #3687 ) ;
#3004 = DIRECTION ( 'NONE',  ( 1.971276677246369793E-16, 1.000000000000000000, 0.000000000000000000 ) ) ;
#3005 = ORIENTED_EDGE ( 'NONE', *, *, #3997, .T. ) ;
#3006 = DIRECTION ( 'NONE',  ( 0.000000000000000000, 1.000000000000000000, 0.000000000000000000 ) ) ;
#3007 = FILL_AREA_STYLE_COLOUR ( '', #3016 ) ;
#3009 = VERTEX_POINT ( 'NONE', #4355 ) ;
#3008 = VECTOR ( 'NONE', #1838, 1000.000000000000000 ) ;
#3010 = CIRCLE ( 'NONE', #284, 0.1499999999999999667 ) ;
#3011 = DIRECTION ( 'NONE',  ( 0.000000000000000000, -1.000000000000000000, 0.000000000000000000 ) ) ;
#3012 = DIRECTION ( 'NONE',  ( 0.000000000000000000, 1.000000000000000000, 0.000000000000000000 ) ) ;
#3013 = EDGE_LOOP ( 'NONE', ( #1822, #2814, #1477, #4097 ) ) ;
#3014 = CIRCLE ( 'NONE', #4244, 0.2999999999999999889 ) ;
#3015 = EDGE_CURVE ( 'NONE', #4532, #3508, #3632, .T. ) ;
#3016 = COLOUR_RGB ( '',0.7960784313725489669, 0.8235294117647058432, 0.9372549019607843146 ) ;
#3017 = CARTESIAN_POINT ( 'NONE',  ( -2.499117102666014834, -1.199999999999999956, -0.01684668471109859733 ) ) ;
#3018 = CARTESIAN_POINT ( 'NONE',  ( -2.486873320506370444, -2.100000000000000089, -0.2504719656739949896 ) ) ;
#3019 = VECTOR ( 'NONE', #2514, 1000.000000000000000 ) ;
#3020 = ORIENTED_EDGE ( 'NONE', *, *, #1218, .F. ) ;
#3021 = CARTESIAN_POINT ( 'NONE',  ( 2.700000000000000178, 2.100000000000000089, -0.2999999999999999889 ) ) ;
#3022 = COLOUR_RGB ( '',1.000000000000000000, 1.000000000000000000, 1.000000000000000000 ) ;
#3023 = ORIENTED_EDGE ( 'NONE', *, *, #1862, .F. ) ;
#3024 = CARTESIAN_POINT ( 'NONE',  ( -1.600000000000000089, 2.200000000000000178, -0.6999999999999999556 ) ) ;
#3025 = DIRECTION ( 'NONE',  ( 4.818676322157800333E-16, 1.000000000000000000, 1.751623080406019977E-46 ) ) ;
#3026 = ORIENTED_EDGE ( 'NONE', *, *, #1765, .T. ) ;
#3027 = CARTESIAN_POINT ( 'NONE',  ( -2.500000000000000000, 1.680009069179265069, 0.000000000000000000 ) ) ;
#3028 = COLOUR_RGB ( '',1.000000000000000000, 1.000000000000000000, 1.000000000000000000 ) ;
#3029 = ADVANCED_FACE ( 'NONE', ( #1007 ), #2126, .F. ) ;
#3030 = CIRCLE ( 'NONE', #1853, 1.699999999999999956 ) ;
#3031 = VERTEX_POINT ( 'NONE', #4380 ) ;
#3032 = DIRECTION ( 'NONE',  ( 0.000000000000000000, 0.000000000000000000, -1.000000000000000000 ) ) ;
#3033 = SURFACE_STYLE_USAGE ( .BOTH. , #4054 ) ;
#3034 =( NAMED_UNIT ( * ) PLANE_ANGLE_UNIT ( ) SI_UNIT ( $, .RADIAN. ) );
#3035 = ORIENTED_EDGE ( 'NONE', *, *, #899, .T. ) ;
#3036 = LINE ( 'NONE', #3353, #4260 ) ;
#3037 =( NAMED_UNIT ( * ) PLANE_ANGLE_UNIT ( ) SI_UNIT ( $, .RADIAN. ) );
#3038 = ORIENTED_EDGE ( 'NONE', *, *, #578, .T. ) ;
#3039 = CARTESIAN_POINT ( 'NONE',  ( -2.399999999999999911, -2.100000000000000089, -0.4699999999999999734 ) ) ;
#3040 = CARTESIAN_POINT ( 'NONE',  ( -2.463314554501874643, 2.200000000000000178, -0.6999999999999999556 ) ) ;
#3041 = ORIENTED_EDGE ( 'NONE', *, *, #4524, .T. ) ;
#3042 = EDGE_LOOP ( 'NONE', ( #1935, #1608, #3122, #1585 ) ) ;
#3044 = AXIS2_PLACEMENT_3D ( 'NONE', #591, #2829, #2066 ) ;
#3043 =( NAMED_UNIT ( * ) SI_UNIT ( $, .STERADIAN. ) SOLID_ANGLE_UNIT ( ) );
#3045 = LINE ( 'NONE', #848, #3433 ) ;
#3046 = DIRECTION ( 'NONE',  ( -1.000000000000000000, 0.000000000000000000, 0.000000000000000000 ) ) ;
#3047 = CARTESIAN_POINT ( 'NONE',  ( -2.500000000000000000, 1.199999999999999956, -0.4699999999999999734 ) ) ;
#3048 = DIRECTION ( 'NONE',  ( 1.000000000000000000, 0.000000000000000000, 0.000000000000000000 ) ) ;
#3049 = EDGE_CURVE ( 'NONE', #3077, #4639, #664, .T. ) ;
#3050 = ORIENTED_EDGE ( 'NONE', *, *, #4667, .T. ) ;
#3051 = PLANE ( 'NONE',  #3533 ) ;
#3052 =( NAMED_UNIT ( * ) PLANE_ANGLE_UNIT ( ) SI_UNIT ( $, .RADIAN. ) );
#3053 = LINE ( 'NONE', #2619, #676 ) ;
#3054 = ORIENTED_EDGE ( 'NONE', *, *, #906, .F. ) ;
#3055 = SURFACE_STYLE_FILL_AREA ( #86 ) ;
#3056 = AXIS2_PLACEMENT_3D ( 'NONE', #780, #2977, #75 ) ;
#3057 = CARTESIAN_POINT ( 'NONE',  ( -1.971607025033959903, 2.110000814877110109, 0.2999999999999999889 ) ) ;
#3058 = FACE_OUTER_BOUND ( 'NONE', #1356, .T. ) ;
#3059 = LINE ( 'NONE', #1318, #4300 ) ;
#3060 = COLOUR_RGB ( '',1.000000000000000000, 1.000000000000000000, 1.000000000000000000 ) ;
#3061 = DIRECTION ( 'NONE',  ( 0.000000000000000000, 1.000000000000000000, 0.000000000000000000 ) ) ;
#3062 = VECTOR ( 'NONE', #1732, 1000.000000000000000 ) ;
#3063 = CARTESIAN_POINT ( 'NONE',  ( 0.000000000000000000, 0.000000000000000000, 0.3007161552948415251 ) ) ;
#3064 = EDGE_LOOP ( 'NONE', ( #439, #4219, #1790, #404 ) ) ;
#3065 = ORIENTED_EDGE ( 'NONE', *, *, #2052, .T. ) ;
#3066 = DIRECTION ( 'NONE',  ( 1.000000000000000000, 0.000000000000000000, 0.000000000000000000 ) ) ;
#3067 = DIRECTION ( 'NONE',  ( -0.05233595624294389709, 0.000000000000000000, -0.9986295347545739443 ) ) ;
#3068 = AXIS2_PLACEMENT_3D ( 'NONE', #2715, #4236, #2347 ) ;
#3069 = VECTOR ( 'NONE', #1798, 1000.000000000000000 ) ;
#3070 = LINE ( 'NONE', #3745, #2953 ) ;
#3071 = ORIENTED_EDGE ( 'NONE', *, *, #2435, .T. ) ;
#3072 = EDGE_CURVE ( 'NONE', #4703, #4243, #3251, .T. ) ;
#3073 = CARTESIAN_POINT ( 'NONE',  ( 2.499117102666014834, 1.199999999999999956, -0.01684668471109859733 ) ) ;
#3074 = COLOUR_RGB ( '',1.000000000000000000, 1.000000000000000000, 1.000000000000000000 ) ;
#3075 = DIRECTION ( 'NONE',  ( 0.000000000000000000, 1.000000000000000000, 0.000000000000000000 ) ) ;
#3076 = UNCERTAINTY_MEASURE_WITH_UNIT (LENGTH_MEASURE( 1.000000000000000082E-05 ), #4409, 'distance_accuracy_value', 'NONE');
#3077 = VERTEX_POINT ( 'NONE', #1053 ) ;
#3078 = DIRECTION ( 'NONE',  ( 0.000000000000000000, 1.000000000000000000, 0.000000000000000000 ) ) ;
#3079 = EDGE_CURVE ( 'NONE', #1990, #2731, #2253, .T. ) ;
#3080 = SURFACE_SIDE_STYLE ('',( #1622 ) ) ;
#3081 = DIRECTION ( 'NONE',  ( 0.000000000000000000, 0.000000000000000000, 1.000000000000000000 ) ) ;
#3082 = VERTEX_POINT ( 'NONE', #3392 ) ;
#3083 = DIRECTION ( 'NONE',  ( -3.043374519257555240E-15, 0.000000000000000000, 1.000000000000000000 ) ) ;
#3084 = CYLINDRICAL_SURFACE ( 'NONE', #1623, 0.09999999999999982514 ) ;
#3085 = DIRECTION ( 'NONE',  ( 0.000000000000000000, 0.000000000000000000, -1.000000000000000000 ) ) ;
#3086 = ADVANCED_FACE ( 'NONE', ( #3707 ), #56, .T. ) ;
#3087 = CIRCLE ( 'NONE', #2228, 0.2999999999999999889 ) ;
#3088 = EDGE_CURVE ( 'NONE', #376, #4432, #4763, .T. ) ;
#3089 = DIRECTION ( 'NONE',  ( 0.000000000000000000, -1.000000000000000000, 0.000000000000000000 ) ) ;
#3090 = DIRECTION ( 'NONE',  ( 0.000000000000000000, 0.000000000000000000, 1.000000000000000000 ) ) ;
#3091 = VERTEX_POINT ( 'NONE', #4078 ) ;
#3092 = ORIENTED_EDGE ( 'NONE', *, *, #2925, .F. ) ;
#3093 = SURFACE_SIDE_STYLE ('',( #2437 ) ) ;
#3094 = LINE ( 'NONE', #1299, #400 ) ;
#3095 = VECTOR ( 'NONE', #1431, 1000.000000000000000 ) ;
#3096 = VERTEX_POINT ( 'NONE', #1550 ) ;
#3097 = AXIS2_PLACEMENT_3D ( 'NONE', #3978, #4289, #239 ) ;
#3098 = DIRECTION ( 'NONE',  ( 0.000000000000000000, 0.000000000000000000, -1.000000000000000000 ) ) ;
#3099 = ORIENTED_EDGE ( 'NONE', *, *, #2086, .T. ) ;
#3100 = DIRECTION ( 'NONE',  ( -1.000000000000000000, 0.000000000000000000, 0.000000000000000000 ) ) ;
#3101 = MECHANICAL_DESIGN_GEOMETRIC_PRESENTATION_REPRESENTATION (  '', ( #4475 ), #4557 ) ;
#3102 = PRESENTATION_STYLE_ASSIGNMENT (( #4166 ) ) ;
#3103 = MECHANICAL_DESIGN_GEOMETRIC_PRESENTATION_REPRESENTATION (  '', ( #2862 ), #1628 ) ;
#3104 = CARTESIAN_POINT ( 'NONE',  ( -1.699999999999999956, 2.081899558550500280E-16, 0.2999999999999999889 ) ) ;
#3105 = ORIENTED_EDGE ( 'NONE', *, *, #1019, .F. ) ;
#3106 =( NAMED_UNIT ( * ) PLANE_ANGLE_UNIT ( ) SI_UNIT ( $, .RADIAN. ) );
#3107 = SURFACE_STYLE_USAGE ( .BOTH. , #2741 ) ;
#3108 = VECTOR ( 'NONE', #3156, 1000.000000000000000 ) ;
#3109 = EDGE_CURVE ( 'NONE', #452, #1406, #3350, .T. ) ;
#3110 = VECTOR ( 'NONE', #1502, 1000.000000000000000 ) ;
#3111 = DIRECTION ( 'NONE',  ( -1.000000000000000000, 0.000000000000000000, 0.000000000000000000 ) ) ;
#3112 = FILL_AREA_STYLE ('',( #1244 ) ) ;
#3113 = EDGE_LOOP ( 'NONE', ( #271, #3356, #1312, #674 ) ) ;
#3114 = EDGE_CURVE ( 'NONE', #1297, #1002, #1524, .T. ) ;
#3115 = DIRECTION ( 'NONE',  ( 0.000000000000000000, 0.000000000000000000, -1.000000000000000000 ) ) ;
#3116 = DIRECTION ( 'NONE',  ( 0.000000000000000000, 1.000000000000000000, 0.000000000000000000 ) ) ;
#3117 = CARTESIAN_POINT ( 'NONE',  ( -2.399999999999999911, -1.199999999999999956, -0.2999999999999999889 ) ) ;
#3118 = ORIENTED_EDGE ( 'NONE', *, *, #4183, .T. ) ;
#3119 = ORIENTED_EDGE ( 'NONE', *, *, #3825, .T. ) ;
#3120 = PLANE ( 'NONE',  #1414 ) ;
#3121 = EDGE_CURVE ( 'NONE', #3213, #4512, #6, .T. ) ;
#3122 = ORIENTED_EDGE ( 'NONE', *, *, #4423, .F. ) ;
#3123 = CARTESIAN_POINT ( 'NONE',  ( 1.600000000000000089, -1.100000000000000089, -0.6999999999999999556 ) ) ;
#3124 = DIRECTION ( 'NONE',  ( 0.000000000000000000, 0.000000000000000000, -1.000000000000000000 ) ) ;
#3125 = ORIENTED_EDGE ( 'NONE', *, *, #524, .F. ) ;
#3126 = FILL_AREA_STYLE ('',( #1974 ) ) ;
#3127 = DIRECTION ( 'NONE',  ( 1.000000000000000000, -1.522241498270669760E-16, 0.000000000000000000 ) ) ;
#3128 = CIRCLE ( 'NONE', #1871, 0.1499999999999999944 ) ;
#3129 = DIRECTION ( 'NONE',  ( 0.000000000000000000, -1.000000000000000000, 0.000000000000000000 ) ) ;
#3130 = CARTESIAN_POINT ( 'NONE',  ( 1.600000000000000089, 2.200000000000000178, -0.5699999999999999512 ) ) ;
#3131 = DIRECTION ( 'NONE',  ( 0.000000000000000000, -1.000000000000000000, 0.000000000000000000 ) ) ;
#3132 = CARTESIAN_POINT ( 'NONE',  ( -0.03316504619022000305, -0.1370056143358099887, 0.3499999999999999778 ) ) ;
#3133 = DIRECTION ( 'NONE',  ( 0.000000000000000000, 0.000000000000000000, 1.000000000000000000 ) ) ;
#3134 = EDGE_CURVE ( 'NONE', #4533, #4756, #428, .T. ) ;
#3136 = COLOUR_RGB ( '',1.000000000000000000, 1.000000000000000000, 1.000000000000000000 ) ;
#3135 = PRESENTATION_STYLE_ASSIGNMENT (( #1984 ) ) ;
#3137 = ORIENTED_EDGE ( 'NONE', *, *, #873, .F. ) ;
#3138 = CARTESIAN_POINT ( 'NONE',  ( 1.562305442492824881, -0.8360159872360379829, 0.3499999999999999778 ) ) ;
#3139 = CARTESIAN_POINT ( 'NONE',  ( -2.500000000000000000, 1.199999999999999956, 0.000000000000000000 ) ) ;
#3140 =( NAMED_UNIT ( * ) SI_UNIT ( $, .STERADIAN. ) SOLID_ANGLE_UNIT ( ) );
#3141 = EDGE_LOOP ( 'NONE', ( #1774, #928, #4411, #4414 ) ) ;
#3142 =( NAMED_UNIT ( * ) SI_UNIT ( $, .STERADIAN. ) SOLID_ANGLE_UNIT ( ) );
#3143 = DIRECTION ( 'NONE',  ( 0.05233595624294389709, -7.330942177076298741E-18, 0.9986295347545739443 ) ) ;
#3144 = VERTEX_POINT ( 'NONE', #3682 ) ;
#3145 = MECHANICAL_DESIGN_GEOMETRIC_PRESENTATION_REPRESENTATION (  '', ( #2753 ), #1031 ) ;
#3146 = VECTOR ( 'NONE', #3625, 1000.000000000000000 ) ;
#3147 = PLANE ( 'NONE',  #1354 ) ;
#3148 = EDGE_LOOP ( 'NONE', ( #3954, #2654, #533, #4587 ) ) ;
#3149 = PLANE ( 'NONE',  #2901 ) ;
#3150 = AXIS2_PLACEMENT_3D ( 'NONE', #1531, #387, #2306 ) ;
#3151 = VECTOR ( 'NONE', #536, 1000.000000000000000 ) ;
#3152 = EDGE_CURVE ( 'NONE', #477, #1222, #1104, .T. ) ;
#3153 = DIRECTION ( 'NONE',  ( -1.000000000000000000, 0.000000000000000000, -3.071906155375596554E-15 ) ) ;
#3154 = ORIENTED_EDGE ( 'NONE', *, *, #2057, .F. ) ;
#3155 = DIRECTION ( 'NONE',  ( 0.000000000000000000, 0.000000000000000000, 1.000000000000000000 ) ) ;
#3156 = DIRECTION ( 'NONE',  ( -1.000000000000000000, 2.710505431213760099E-16, 0.000000000000000000 ) ) ;
#3157 = ORIENTED_EDGE ( 'NONE', *, *, #2302, .T. ) ;
#3158 = CARTESIAN_POINT ( 'NONE',  ( -2.500000000000000000, -2.100000000000000089, -0.4699999999999999734 ) ) ;
#3159 = DIRECTION ( 'NONE',  ( 0.000000000000000000, 0.000000000000000000, 1.000000000000000000 ) ) ;
#3160 = CARTESIAN_POINT ( 'NONE',  ( 2.471716000805965319, 2.100000000000000089, -0.5396908546970039522 ) ) ;
#3161 = ORIENTED_EDGE ( 'NONE', *, *, #41, .F. ) ;
#3162 = CARTESIAN_POINT ( 'NONE',  ( 1.600000000000000089, 2.200000000000000178, -0.5699999999999999512 ) ) ;
#3163 = VECTOR ( 'NONE', #4700, 1000.000000000000000 ) ;
#3164 = ADVANCED_FACE ( 'NONE', ( #2931 ), #4144, .F. ) ;
#3165 = EDGE_LOOP ( 'NONE', ( #4325, #408, #3222, #1233 ) ) ;
#3166 = ORIENTED_EDGE ( 'NONE', *, *, #3208, .F. ) ;
#3167 = LINE ( 'NONE', #4640, #2068 ) ;
#3168 = CARTESIAN_POINT ( 'NONE',  ( -2.499117102666014834, 2.100000000000000089, -0.01684668471109859733 ) ) ;
#3169 = ORIENTED_EDGE ( 'NONE', *, *, #2221, .F. ) ;
#3170 = LINE ( 'NONE', #4724, #1265 ) ;
#3171 = UNCERTAINTY_MEASURE_WITH_UNIT (LENGTH_MEASURE( 1.000000000000000082E-05 ), #3217, 'distance_accuracy_value', 'NONE');
#3172 = MECHANICAL_DESIGN_GEOMETRIC_PRESENTATION_REPRESENTATION (  '', ( #534 ), #2150 ) ;
#3173 = DIRECTION ( 'NONE',  ( -3.043374519257555240E-15, 0.000000000000000000, -1.000000000000000000 ) ) ;
#3174 = VERTEX_POINT ( 'NONE', #1881 ) ;
#3175 = CARTESIAN_POINT ( 'NONE',  ( -2.700000000000000178, -1.199999999999999956, -0.2999999999999999889 ) ) ;
#3176 = DIRECTION ( 'NONE',  ( 1.000000000000000000, -1.400746772075019846E-16, 0.000000000000000000 ) ) ;
#3177 = STYLED_ITEM ( 'NONE', ( #1829 ), #3397 ) ;
#3178 = CARTESIAN_POINT ( 'NONE',  ( -2.486873320506370444, 2.100000000000000089, -0.2504719656739949896 ) ) ;
#3179 = EDGE_CURVE ( 'NONE', #5, #724, #4101, .T. ) ;
#3180 = VECTOR ( 'NONE', #4343, 1000.000000000000000 ) ;
#3181 = DIRECTION ( 'NONE',  ( -0.05233595624294389709, 0.000000000000000000, 0.9986295347545739443 ) ) ;
#3182 = VECTOR ( 'NONE', #1189, 1000.000000000000000 ) ;
#3183 = ORIENTED_EDGE ( 'NONE', *, *, #4319, .F. ) ;
#3184 = STYLED_ITEM ( 'NONE', ( #953 ), #1825 ) ;
#3185 = AXIS2_PLACEMENT_3D ( 'NONE', #785, #2591, #1476 ) ;
#3186 = DIRECTION ( 'NONE',  ( -1.000000000000000000, 4.818676322157800333E-16, -3.043374519257555240E-15 ) ) ;
#3187 = CARTESIAN_POINT ( 'NONE',  ( -0.03316504619022000305, 2.110000814877110109, 0.3499999999999999778 ) ) ;
#3188 = CARTESIAN_POINT ( 'NONE',  ( 1.262305442492821950, 0.6070589046025529623, 0.2999999999999999889 ) ) ;
#3189 = VERTEX_POINT ( 'NONE', #3730 ) ;
#3190 = ORIENTED_EDGE ( 'NONE', *, *, #1566, .F. ) ;
#3191 =( NAMED_UNIT ( * ) PLANE_ANGLE_UNIT ( ) SI_UNIT ( $, .RADIAN. ) );
#3192 = CARTESIAN_POINT ( 'NONE',  ( -1.699999999999999956, 1.199999999999999956, -0.7699999999999999067 ) ) ;
#3193 = VECTOR ( 'NONE', #3460, 1000.000000000000000 ) ;
#3194 = ORIENTED_EDGE ( 'NONE', *, *, #3749, .T. ) ;
#3195 = ORIENTED_EDGE ( 'NONE', *, *, #2333, .F. ) ;
#3196 = FILL_AREA_STYLE_COLOUR ( '', #1402 ) ;
#3197 = ORIENTED_EDGE ( 'NONE', *, *, #4382, .T. ) ;
#3198 = SURFACE_STYLE_FILL_AREA ( #4332 ) ;
#3199 = CARTESIAN_POINT ( 'NONE',  ( 2.470127565808669878, -2.200000000000000178, -0.5699999999999999512 ) ) ;
#3200 = ADVANCED_FACE ( 'NONE', ( #1832 ), #4123, .F. ) ;
#3201 = CARTESIAN_POINT ( 'NONE',  ( 2.700000000000000178, 2.100000000000000089, -0.2999999999999999889 ) ) ;
#3202 = COLOUR_RGB ( '',1.000000000000000000, 1.000000000000000000, 1.000000000000000000 ) ;
#3203 = CARTESIAN_POINT ( 'NONE',  ( 2.500000000000000000, 2.100000000000000089, 0.000000000000000000 ) ) ;
#3204 = LINE ( 'NONE', #1363, #4113 ) ;
#3205 = VECTOR ( 'NONE', #908, 1000.000000000000000 ) ;
#3206 = ORIENTED_EDGE ( 'NONE', *, *, #3816, .F. ) ;
#3207 = DIRECTION ( 'NONE',  ( 1.000000000000000000, 0.000000000000000000, 0.000000000000000000 ) ) ;
#3208 = EDGE_CURVE ( 'NONE', #1560, #2182, #32, .T. ) ;
#3209 = DIRECTION ( 'NONE',  ( 3.043374519257555240E-15, 0.000000000000000000, -1.000000000000000000 ) ) ;
#3210 = SURFACE_STYLE_FILL_AREA ( #943 ) ;
#3211 = CARTESIAN_POINT ( 'NONE',  ( 1.930905544980989985, -0.8360159872360369837, 0.2999999999999999889 ) ) ;
#3212 = VECTOR ( 'NONE', #221, 1000.000000000000000 ) ;
#3213 = VERTEX_POINT ( 'NONE', #2718 ) ;
#3214 = CARTESIAN_POINT ( 'NONE',  ( 2.500000000000000000, -2.100000000000000089, -0.4699999999999999734 ) ) ;
#3215 = FACE_OUTER_BOUND ( 'NONE', #2903, .T. ) ;
#3216 = ORIENTED_EDGE ( 'NONE', *, *, #2597, .T. ) ;
#3217 =( LENGTH_UNIT ( ) NAMED_UNIT ( * ) SI_UNIT ( .MILLI., .METRE. ) );
#3218 = UNCERTAINTY_MEASURE_WITH_UNIT (LENGTH_MEASURE( 1.000000000000000082E-05 ), #494, 'distance_accuracy_value', 'NONE');
#3219 = AXIS2_PLACEMENT_3D ( 'NONE', #1762, #4672, #237 ) ;
#3220 = CIRCLE ( 'NONE', #269, 0.5500000000000000444 ) ;
#3221 = CARTESIAN_POINT ( 'NONE',  ( -1.919276727925025128, -0.8787392438591720145, 0.3499999999999999778 ) ) ;
#3222 = ORIENTED_EDGE ( 'NONE', *, *, #4718, .F. ) ;
#3223 =( NAMED_UNIT ( * ) PLANE_ANGLE_UNIT ( ) SI_UNIT ( $, .RADIAN. ) );
#3224 = CIRCLE ( 'NONE', #1744, 0.1499999999999999667 ) ;
#3225 = MECHANICAL_DESIGN_GEOMETRIC_PRESENTATION_REPRESENTATION (  '', ( #1667 ), #2129 ) ;
#3226 = SURFACE_STYLE_USAGE ( .BOTH. , #4729 ) ;
#3227 = VECTOR ( 'NONE', #2274, 1000.000000000000000 ) ;
#3228 = EDGE_CURVE ( 'NONE', #522, #2196, #2940, .T. ) ;
#3229 = LINE ( 'NONE', #4031, #298 ) ;
#3230 = LINE ( 'NONE', #2882, #4037 ) ;
#3231 = DIRECTION ( 'NONE',  ( 0.000000000000000000, -1.000000000000000000, 0.000000000000000000 ) ) ;
#3232 = CARTESIAN_POINT ( 'NONE',  ( -2.486873320506370444, 1.199999999999999956, -0.2504719656739949896 ) ) ;
#3233 = FACE_OUTER_BOUND ( 'NONE', #3697, .T. ) ;
#3234 = ORIENTED_EDGE ( 'NONE', *, *, #2177, .T. ) ;
#3235 = ADVANCED_FACE ( 'NONE', ( #1645 ), #4543, .T. ) ;
#3236 = ORIENTED_EDGE ( 'NONE', *, *, #4396, .T. ) ;
#3237 = LINE ( 'NONE', #247, #599 ) ;
#3238 = CARTESIAN_POINT ( 'NONE',  ( 1.412305442492821861, 0.4570589046025520519, 0.2999999999999999889 ) ) ;
#3239 = ORIENTED_EDGE ( 'NONE', *, *, #3348, .T. ) ;
#3240 = EDGE_LOOP ( 'NONE', ( #1442, #3607, #1899, #2849 ) ) ;
#3241 = DIRECTION ( 'NONE',  ( 0.000000000000000000, 0.000000000000000000, 1.000000000000000000 ) ) ;
#3242 = STYLED_ITEM ( 'NONE', ( #3593 ), #2350 ) ;
#3243 = CARTESIAN_POINT ( 'NONE',  ( 0.5500000000000000444, 1.050000000000000044, -0.6999999999999999556 ) ) ;
#3244 = EDGE_LOOP ( 'NONE', ( #732, #3757, #1006, #4748 ) ) ;
#3245 = SURFACE_STYLE_USAGE ( .BOTH. , #1404 ) ;
#3246 = LINE ( 'NONE', #4333, #3403 ) ;
#3247 = DIRECTION ( 'NONE',  ( 1.000000000000000000, 4.818676322157800333E-16, -3.043374519257555240E-15 ) ) ;
#3248 = AXIS2_PLACEMENT_3D ( 'NONE', #865, #3520, #3864 ) ;
#3249 = PRESENTATION_LAYER_ASSIGNMENT (  '', '', ( #534 ) ) ;
#3250 = VERTEX_POINT ( 'NONE', #164 ) ;
#3251 = LINE ( 'NONE', #1028, #3019 ) ;
#3252 = PLANE ( 'NONE',  #1401 ) ;
#3253 = COLOUR_RGB ( '',1.000000000000000000, 1.000000000000000000, 1.000000000000000000 ) ;
#3254 = FACE_OUTER_BOUND ( 'NONE', #1374, .T. ) ;
#3255 = DIRECTION ( 'NONE',  ( 0.000000000000000000, -1.000000000000000000, 0.000000000000000000 ) ) ;
#3256 = PLANE ( 'NONE',  #2602 ) ;
#3257 = MECHANICAL_DESIGN_GEOMETRIC_PRESENTATION_REPRESENTATION (  '', ( #767 ), #683 ) ;
#3258 = DIRECTION ( 'NONE',  ( 0.000000000000000000, 0.000000000000000000, -1.000000000000000000 ) ) ;
#3259 = EDGE_LOOP ( 'NONE', ( #2194, #2137, #4560, #2806, #4277, #4435, #963, #1889, #2561 ) ) ;
#3260 = ADVANCED_FACE ( 'NONE', ( #506 ), #3881, .T. ) ;
#3261 = STYLED_ITEM ( 'NONE', ( #403 ), #4026 ) ;
#3262 = VECTOR ( 'NONE', #2174, 1000.000000000000000 ) ;
#3263 = SURFACE_STYLE_USAGE ( .BOTH. , #1731 ) ;
#3264 = CARTESIAN_POINT ( 'NONE',  ( 2.471716000805965319, -2.100000000000000089, -0.5396908546970039522 ) ) ;
#3265 = ORIENTED_EDGE ( 'NONE', *, *, #1278, .F. ) ;
#3266 = VERTEX_POINT ( 'NONE', #4520 ) ;
#3267 = ORIENTED_EDGE ( 'NONE', *, *, #3816, .T. ) ;
#3268 = EDGE_CURVE ( 'NONE', #2488, #460, #3810, .T. ) ;
#3269 = DIRECTION ( 'NONE',  ( 0.000000000000000000, 0.000000000000000000, -1.000000000000000000 ) ) ;
#3270 = UNCERTAINTY_MEASURE_WITH_UNIT (LENGTH_MEASURE( 1.000000000000000082E-05 ), #2983, 'distance_accuracy_value', 'NONE');
#3271 = VECTOR ( 'NONE', #2161, 1000.000000000000000 ) ;
#3272 = LINE ( 'NONE', #4069, #2256 ) ;
#3273 = VERTEX_POINT ( 'NONE', #1235 ) ;
#3274 = PLANE ( 'NONE',  #3513 ) ;
#3275 = CARTESIAN_POINT ( 'NONE',  ( 2.463314554501874643, -2.200000000000000178, -0.6999999999999999556 ) ) ;
#3276 = ORIENTED_EDGE ( 'NONE', *, *, #2630, .F. ) ;
#3277 = CARTESIAN_POINT ( 'NONE',  ( -2.470127565808669878, 2.100000000000000089, -0.5699999999999999512 ) ) ;
#3278 = ORIENTED_EDGE ( 'NONE', *, *, #4540, .F. ) ;
#3279 = DIRECTION ( 'NONE',  ( 1.000000000000000000, 0.000000000000000000, 0.000000000000000000 ) ) ;
#3280 = LINE ( 'NONE', #240, #3496 ) ;
#3281 = VECTOR ( 'NONE', #1257, 1000.000000000000000 ) ;
#3282 = PLANE ( 'NONE',  #643 ) ;
#3283 = LINE ( 'NONE', #986, #4775 ) ;
#3284 = DIRECTION ( 'NONE',  ( 1.000000000000000000, 4.818676322157800333E-16, -3.043374519257555240E-15 ) ) ;
#3285 = CARTESIAN_POINT ( 'NONE',  ( -0.1831650461902210036, -0.2870056143358110101, 0.2999999999999999889 ) ) ;
#3286 = VERTEX_POINT ( 'NONE', #3494 ) ;
#3287 = ADVANCED_FACE ( 'NONE', ( #2790 ), #450, .T. ) ;
#3288 = PLANE ( 'NONE',  #2777 ) ;
#3289 = CARTESIAN_POINT ( 'NONE',  ( 1.562305442492824881, -0.6860159872360379607, 0.3499999999999999778 ) ) ;
#3290 = ORIENTED_EDGE ( 'NONE', *, *, #372, .T. ) ;
#3291 = ORIENTED_EDGE ( 'NONE', *, *, #1638, .F. ) ;
#3292 = LINE ( 'NONE', #1870, #3972 ) ;
#3293 = COLOUR_RGB ( '',1.000000000000000000, 1.000000000000000000, 1.000000000000000000 ) ;
#3294 = LINE ( 'NONE', #320, #2410 ) ;
#3295 = LINE ( 'NONE', #1441, #716 ) ;
#3296 = SURFACE_STYLE_USAGE ( .BOTH. , #2471 ) ;
#3297 = LINE ( 'NONE', #3407, #2792 ) ;
#3298 = SURFACE_STYLE_USAGE ( .BOTH. , #2978 ) ;
#3299 = ADVANCED_FACE ( 'NONE', ( #4728 ), #2119, .F. ) ;
#3300 = FACE_OUTER_BOUND ( 'NONE', #776, .T. ) ;
#3301 = MECHANICAL_DESIGN_GEOMETRIC_PRESENTATION_REPRESENTATION (  '', ( #2754 ), #1287 ) ;
#3302 = CLOSED_SHELL ( 'NONE', ( #492, #3529, #3788, #495, #1663, #1651, #4318, #208, #3635, #2440, #4644 ) ) ;
#3303 = EDGE_LOOP ( 'NONE', ( #844, #3831, #3719, #3899, #3197, #1473, #361, #149 ) ) ;
#3304 = CARTESIAN_POINT ( 'NONE',  ( -2.700000000000000178, 2.100000000000000089, -0.5699999999999999512 ) ) ;
#3305 = DIRECTION ( 'NONE',  ( -0.05233595624294389709, 0.000000000000000000, 0.9986295347545739443 ) ) ;
#3306 = STYLED_ITEM ( 'NONE', ( #1595 ), #4326 ) ;
#3307 = AXIS2_PLACEMENT_3D ( 'NONE', #3337, #4063, #4363 ) ;
#3308 = SURFACE_SIDE_STYLE ('',( #1527 ) ) ;
#3309 = CIRCLE ( 'NONE', #1824, 0.09999999999999999167 ) ;
#3310 = DIRECTION ( 'NONE',  ( 0.000000000000000000, 0.000000000000000000, -1.000000000000000000 ) ) ;
#3311 = CARTESIAN_POINT ( 'NONE',  ( 2.700000000000000178, -1.199999999999999956, -0.2999999999999999889 ) ) ;
#3312 = DIRECTION ( 'NONE',  ( 0.000000000000000000, -1.000000000000000000, 0.000000000000000000 ) ) ;
#3313 = PLANE ( 'NONE',  #1121 ) ;
#3314 = ORIENTED_EDGE ( 'NONE', *, *, #839, .T. ) ;
#3315 = ORIENTED_EDGE ( 'NONE', *, *, #2865, .T. ) ;
#3316 = CARTESIAN_POINT ( 'NONE',  ( 0.2103187164337330106, -2.056952929731179935, 0.3499999999999999778 ) ) ;
#3317 = UNCERTAINTY_MEASURE_WITH_UNIT (LENGTH_MEASURE( 1.000000000000000082E-05 ), #3382, 'distance_accuracy_value', 'NONE');
#3318 = EDGE_CURVE ( 'NONE', #4685, #2452, #256, .T. ) ;
#3319 = LINE ( 'NONE', #3998, #1172 ) ;
#3320 = CARTESIAN_POINT ( 'NONE',  ( -1.600000000000000089, -2.200000000000000178, -0.5699999999999999512 ) ) ;
#3321 = ORIENTED_EDGE ( 'NONE', *, *, #4010, .T. ) ;
#3322 = FACE_OUTER_BOUND ( 'NONE', #3642, .T. ) ;
#3323 = CARTESIAN_POINT ( 'NONE',  ( 1.600000000000000089, 1.100000000000000089, -0.5699999999999999512 ) ) ;
#3324 = AXIS2_PLACEMENT_3D ( 'NONE', #3989, #2135, #1395 ) ;
#3325 = ORIENTED_EDGE ( 'NONE', *, *, #809, .F. ) ;
#3326 = VERTEX_POINT ( 'NONE', #2423 ) ;
#3327 = DIRECTION ( 'NONE',  ( 0.000000000000000000, 1.000000000000000000, 0.000000000000000000 ) ) ;
#3328 = CIRCLE ( 'NONE', #293, 0.2999999999999999889 ) ;
#3329 = EDGE_CURVE ( 'NONE', #3930, #1050, #3246, .T. ) ;
#3330 = VECTOR ( 'NONE', #4420, 1000.000000000000000 ) ;
#3331 = CARTESIAN_POINT ( 'NONE',  ( 2.499117102666014834, -1.199999999999999956, -0.01684668471109859733 ) ) ;
#3332 = PLANE ( 'NONE',  #1546 ) ;
#3333 =( NAMED_UNIT ( * ) SI_UNIT ( $, .STERADIAN. ) SOLID_ANGLE_UNIT ( ) );
#3334 = AXIS2_PLACEMENT_3D ( 'NONE', #585, #3570, #4205 ) ;
#3335 = LINE ( 'NONE', #1557, #1816 ) ;
#3336 = CARTESIAN_POINT ( 'NONE',  ( -1.600000000000000089, 2.200000000000000178, -0.5699999999999999512 ) ) ;
#3337 = CARTESIAN_POINT ( 'NONE',  ( 2.500000000000000000, 2.500000000000000000, 0.000000000000000000 ) ) ;
#3338 = VERTEX_POINT ( 'NONE', #2046 ) ;
#3339 = CARTESIAN_POINT ( 'NONE',  ( 1.930905544980989985, -2.056952929731179935, 0.3499999999999999778 ) ) ;
#3340 = VECTOR ( 'NONE', #2259, 1000.000000000000000 ) ;
#3341 = PRESENTATION_LAYER_ASSIGNMENT (  '', '', ( #3184 ) ) ;
#3342 = ORIENTED_EDGE ( 'NONE', *, *, #2173, .F. ) ;
#3343 = LINE ( 'NONE', #4804, #3650 ) ;
#3344 = CARTESIAN_POINT ( 'NONE',  ( -0.03316504619022000305, -2.056952929731179935, 0.2999999999999999889 ) ) ;
#3345 = EDGE_LOOP ( 'NONE', ( #470, #673, #1872, #1015 ) ) ;
#3346 =( LENGTH_UNIT ( ) NAMED_UNIT ( * ) SI_UNIT ( .MILLI., .METRE. ) );
#3347 = CARTESIAN_POINT ( 'NONE',  ( 0.5500000000000000444, -1.050000000000000044, -0.5699999999999999512 ) ) ;
#3348 = EDGE_CURVE ( 'NONE', #487, #4087, #760, .T. ) ;
#3349 = EDGE_LOOP ( 'NONE', ( #2363, #24, #3794, #4731 ) ) ;
#3350 = LINE ( 'NONE', #2958, #4634 ) ;
#3351 = FACE_OUTER_BOUND ( 'NONE', #2979, .T. ) ;
#3352 = VERTEX_POINT ( 'NONE', #3199 ) ;
#3353 = CARTESIAN_POINT ( 'NONE',  ( 1.600000000000000089, 1.100000000000000089, -0.5699999999999999512 ) ) ;
#3354 = PRESENTATION_STYLE_ASSIGNMENT (( #4150 ) ) ;
#3355 = CARTESIAN_POINT ( 'NONE',  ( 0.2103187164337325110, 0.4570589046025520519, 0.2999999999999999889 ) ) ;
#3356 = ORIENTED_EDGE ( 'NONE', *, *, #3152, .F. ) ;
#3357 = AXIS2_PLACEMENT_3D ( 'NONE', #870, #1969, #2016 ) ;
#3358 = EDGE_CURVE ( 'NONE', #3919, #1094, #1338, .T. ) ;
#3359 = EDGE_LOOP ( 'NONE', ( #3154, #1953, #3099, #758 ) ) ;
#3360 = EDGE_LOOP ( 'NONE', ( #4187, #2887, #2040, #3234 ) ) ;
#3361 = PLANE ( 'NONE',  #3657 ) ;
#3362 = VECTOR ( 'NONE', #680, 1000.000000000000000 ) ;
#3363 = EDGE_LOOP ( 'NONE', ( #3276, #822, #915, #2269 ) ) ;
#3364 = DIRECTION ( 'NONE',  ( -0.5150380749100549327, 6.307397298776135742E-17, 0.8571673007021118895 ) ) ;
#3365 = ORIENTED_EDGE ( 'NONE', *, *, #313, .T. ) ;
#3366 = AXIS2_PLACEMENT_3D ( 'NONE', #4677, #3613, #4695 ) ;
#3367 = FILL_AREA_STYLE ('',( #2508 ) ) ;
#3368 = CARTESIAN_POINT ( 'NONE',  ( -2.399999999999999911, 1.199999999999999956, -0.4699999999999999734 ) ) ;
#3369 = CARTESIAN_POINT ( 'NONE',  ( 2.399999999999999911, -1.199999999999999956, -0.4699999999999999734 ) ) ;
#3370 =( LENGTH_UNIT ( ) NAMED_UNIT ( * ) SI_UNIT ( .MILLI., .METRE. ) );
#3371 = ORIENTED_EDGE ( 'NONE', *, *, #4239, .F. ) ;
#3372 = EDGE_CURVE ( 'NONE', #3875, #3898, #4310, .T. ) ;
#3373 = EDGE_CURVE ( 'NONE', #2930, #3596, #595, .T. ) ;
#3374 = COLOUR_RGB ( '',1.000000000000000000, 1.000000000000000000, 1.000000000000000000 ) ;
#3375 = LINE ( 'NONE', #4126, #1884 ) ;
#3376 = CARTESIAN_POINT ( 'NONE',  ( 2.430009069179265069, -2.500000000000000000, 0.8000000000000000444 ) ) ;
#3377 = ORIENTED_EDGE ( 'NONE', *, *, #503, .F. ) ;
#3378 = DIRECTION ( 'NONE',  ( 0.000000000000000000, 0.000000000000000000, 1.000000000000000000 ) ) ;
#3379 = VECTOR ( 'NONE', #4176, 1000.000000000000000 ) ;
#3380 = ORIENTED_EDGE ( 'NONE', *, *, #3560, .F. ) ;
#3381 = AXIS2_PLACEMENT_3D ( 'NONE', #784, #2691, #2617 ) ;
#3382 =( LENGTH_UNIT ( ) NAMED_UNIT ( * ) SI_UNIT ( .MILLI., .METRE. ) );
#3383 =( NAMED_UNIT ( * ) PLANE_ANGLE_UNIT ( ) SI_UNIT ( $, .RADIAN. ) );
#3384 = ORIENTED_EDGE ( 'NONE', *, *, #3825, .F. ) ;
#3385 = ORIENTED_EDGE ( 'NONE', *, *, #1941, .T. ) ;
#3386 = FILL_AREA_STYLE ('',( #2264 ) ) ;
#3387 = ADVANCED_FACE ( 'NONE', ( #621 ), #3953, .T. ) ;
#3388 = DIRECTION ( 'NONE',  ( 0.000000000000000000, -1.000000000000000000, 0.000000000000000000 ) ) ;
#3389 = CARTESIAN_POINT ( 'NONE',  ( -1.699999999999999956, 1.199999999999999956, -0.7699999999999999067 ) ) ;
#3390 = ORIENTED_EDGE ( 'NONE', *, *, #3372, .F. ) ;
#3391 = CARTESIAN_POINT ( 'NONE',  ( -2.470127565808669878, 2.200000000000000178, -0.5699999999999999512 ) ) ;
#3392 = CARTESIAN_POINT ( 'NONE',  ( 0.2103187164337325110, 2.110000814877110109, 0.3499999999999999778 ) ) ;
#3394 = ORIENTED_EDGE ( 'NONE', *, *, #3760, .T. ) ;
#3393 = MECHANICAL_DESIGN_GEOMETRIC_PRESENTATION_REPRESENTATION (  '', ( #48 ), #1693 ) ;
#3395 = CARTESIAN_POINT ( 'NONE',  ( -2.500000000000000000, -2.100000000000000089, 0.000000000000000000 ) ) ;
#3396 = CARTESIAN_POINT ( 'NONE',  ( 0.3603187164337339765, 0.8251250982098670139, 0.2999999999999999889 ) ) ;
#3397 = ADVANCED_FACE ( 'NONE', ( #70 ), #126, .F. ) ;
#3398 = DIRECTION ( 'NONE',  ( 1.000000000000000000, 0.000000000000000000, 0.000000000000000000 ) ) ;
#3399 = CIRCLE ( 'NONE', #1539, 0.2999999999999999889 ) ;
#3400 = PRESENTATION_STYLE_ASSIGNMENT (( #4154 ) ) ;
#3401 = LINE ( 'NONE', #4797, #1056 ) ;
#3402 = DIRECTION ( 'NONE',  ( 0.000000000000000000, 0.000000000000000000, 1.000000000000000000 ) ) ;
#3403 = VECTOR ( 'NONE', #1761, 1000.000000000000000 ) ;
#3404 = EDGE_LOOP ( 'NONE', ( #2680, #2613, #1966, #1883 ) ) ;
#3405 = ORIENTED_EDGE ( 'NONE', *, *, #1511, .F. ) ;
#3406 = EDGE_CURVE ( 'NONE', #2485, #4620, #2717, .T. ) ;
#3407 = CARTESIAN_POINT ( 'NONE',  ( 0.2103187164337325110, 2.110000814877110109, 0.3499999999999999778 ) ) ;
#3408 = CARTESIAN_POINT ( 'NONE',  ( 0.3603187164337330328, 0.9751250982098669251, 0.3499999999999999778 ) ) ;
#3409 = AXIS2_PLACEMENT_3D ( 'NONE', #1815, #2845, #1012 ) ;
#3410 = ORIENTED_EDGE ( 'NONE', *, *, #692, .T. ) ;
#3411 = DIRECTION ( 'NONE',  ( 0.000000000000000000, 1.000000000000000000, 0.000000000000000000 ) ) ;
#3412 = CARTESIAN_POINT ( 'NONE',  ( 0.000000000000000000, 0.000000000000000000, -0.5699999999999999512 ) ) ;
#3413 = CIRCLE ( 'NONE', #1326, 2.000000000000000000 ) ;
#3414 = PLANE ( 'NONE',  #3531 ) ;
#3415 = ORIENTED_EDGE ( 'NONE', *, *, #337, .T. ) ;
#3416 = SURFACE_STYLE_FILL_AREA ( #3807 ) ;
#3417 = PRESENTATION_STYLE_ASSIGNMENT (( #528 ) ) ;
#3418 = DIRECTION ( 'NONE',  ( -2.710505431213760099E-16, 1.000000000000000000, 0.000000000000000000 ) ) ;
#3419 = VERTEX_POINT ( 'NONE', #3021 ) ;
#3420 = VECTOR ( 'NONE', #2635, 1000.000000000000000 ) ;
#3421 = FACE_OUTER_BOUND ( 'NONE', #3645, .T. ) ;
#3422 = DIRECTION ( 'NONE',  ( -1.000000000000000000, 0.000000000000000000, 0.000000000000000000 ) ) ;
#3423 = CARTESIAN_POINT ( 'NONE',  ( -2.700000000000000178, -2.100000000000000089, -6.982962677686269669E-16 ) ) ;
#3424 = ADVANCED_FACE ( 'NONE', ( #795 ), #3770, .F. ) ;
#3425 = FACE_OUTER_BOUND ( 'NONE', #4508, .T. ) ;
#3426 = CARTESIAN_POINT ( 'NONE',  ( 1.562305442492824881, -0.8360159872360379829, 0.3499999999999999778 ) ) ;
#3427 = LINE ( 'NONE', #3767, #582 ) ;
#3428 = ORIENTED_EDGE ( 'NONE', *, *, #2841, .F. ) ;
#3429 = ORIENTED_EDGE ( 'NONE', *, *, #1820, .T. ) ;
#3430 = DIRECTION ( 'NONE',  ( 0.000000000000000000, 0.000000000000000000, 1.000000000000000000 ) ) ;
#3431 = LINE ( 'NONE', #4227, #3281 ) ;
#3432 = EDGE_CURVE ( 'NONE', #1846, #3082, #3297, .T. ) ;
#3433 = VECTOR ( 'NONE', #2389, 1000.000000000000000 ) ;
#3434 = ORIENTED_EDGE ( 'NONE', *, *, #4553, .F. ) ;
#3435 = LINE ( 'NONE', #3773, #1083 ) ;
#3436 = ORIENTED_EDGE ( 'NONE', *, *, #2121, .T. ) ;
#3437 = STYLED_ITEM ( 'NONE', ( #801 ), #900 ) ;
#3438 = CYLINDRICAL_SURFACE ( 'NONE', #4076, 0.09999999999999982514 ) ;
#3439 = ORIENTED_EDGE ( 'NONE', *, *, #2086, .F. ) ;
#3440 = EDGE_CURVE ( 'NONE', #1017, #461, #1808, .T. ) ;
#3441 = CARTESIAN_POINT ( 'NONE',  ( 0.5500000000000000444, 1.050000000000000044, -0.5699999999999999512 ) ) ;
#3442 = DIRECTION ( 'NONE',  ( 0.000000000000000000, 0.000000000000000000, -1.000000000000000000 ) ) ;
#3443 = ORIENTED_EDGE ( 'NONE', *, *, #1386, .F. ) ;
#3444 = VECTOR ( 'NONE', #4514, 1000.000000000000000 ) ;
#3445 = ADVANCED_FACE ( 'NONE', ( #1444 ), #2681, .T. ) ;
#3446 = FACE_OUTER_BOUND ( 'NONE', #2735, .T. ) ;
#3447 = CARTESIAN_POINT ( 'NONE',  ( -1.146028625818473978, -0.7287392438591709931, 0.3499999999999999778 ) ) ;
#3448 = ORIENTED_EDGE ( 'NONE', *, *, #13, .T. ) ;
#3449 = AXIS2_PLACEMENT_3D ( 'NONE', #3323, #4051, #735 ) ;
#3450 = CARTESIAN_POINT ( 'NONE',  ( 0.000000000000000000, 0.000000000000000000, -0.5699999999999999512 ) ) ;
#3451 = VECTOR ( 'NONE', #2411, 1000.000000000000000 ) ;
#3452 = CARTESIAN_POINT ( 'NONE',  ( 2.500000000000000000, -2.500000000000000000, 0.000000000000000000 ) ) ;
#3453 = ORIENTED_EDGE ( 'NONE', *, *, #2762, .F. ) ;
#3454 = VERTEX_POINT ( 'NONE', #1561 ) ;
#3455 = CARTESIAN_POINT ( 'NONE',  ( 2.700000000000000178, -1.199999999999999956, -0.5699999999999999512 ) ) ;
#3456 = CARTESIAN_POINT ( 'NONE',  ( 2.486342147991855267, -2.486342147991860596, -0.2606073410281599667 ) ) ;
#3457 = VECTOR ( 'NONE', #4395, 1000.000000000000000 ) ;
#3458 = COLOUR_RGB ( '',1.000000000000000000, 1.000000000000000000, 1.000000000000000000 ) ;
#3459 = EDGE_LOOP ( 'NONE', ( #1416, #4683, #2730, #3385 ) ) ;
#3460 = DIRECTION ( 'NONE',  ( 1.000000000000000000, -1.400746772075019846E-16, 0.000000000000000000 ) ) ;
#3461 = ORIENTED_EDGE ( 'NONE', *, *, #4423, .T. ) ;
#3462 = FACE_BOUND ( 'NONE', #3594, .T. ) ;
#3463 = EDGE_CURVE ( 'NONE', #4090, #3213, #2557, .T. ) ;
#3464 = EDGE_CURVE ( 'NONE', #2196, #3772, #4534, .T. ) ;
#3465 = DIRECTION ( 'NONE',  ( -1.000000000000000000, -2.409338161078900167E-16, 0.000000000000000000 ) ) ;
#3466 = UNCERTAINTY_MEASURE_WITH_UNIT (LENGTH_MEASURE( 1.000000000000000082E-05 ), #3568, 'distance_accuracy_value', 'NONE');
#3467 =( LENGTH_UNIT ( ) NAMED_UNIT ( * ) SI_UNIT ( .MILLI., .METRE. ) );
#3468 = LINE ( 'NONE', #3175, #407 ) ;
#3469 = CARTESIAN_POINT ( 'NONE',  ( 1.699999999999999956, 2.100000000000000089, -0.7699999999999999067 ) ) ;
#3470 = EDGE_CURVE ( 'NONE', #1190, #106, #2407, .T. ) ;
#3471 = CARTESIAN_POINT ( 'NONE',  ( 2.499117102666014834, -2.100000000000000089, -0.01684668471109859733 ) ) ;
#3472 = EDGE_CURVE ( 'NONE', #2930, #1105, #3821, .T. ) ;
#3473 = ORIENTED_EDGE ( 'NONE', *, *, #3963, .F. ) ;
#3474 = DIRECTION ( 'NONE',  ( 0.000000000000000000, 1.000000000000000000, 0.000000000000000000 ) ) ;
#3475 = ORIENTED_EDGE ( 'NONE', *, *, #781, .F. ) ;
#3476 = AXIS2_PLACEMENT_3D ( 'NONE', #672, #3644, #1754 ) ;
#3477 = LINE ( 'NONE', #1250, #1598 ) ;
#3478 = CARTESIAN_POINT ( 'NONE',  ( 2.500000000000000000, 2.100000000000000089, 0.000000000000000000 ) ) ;
#3479 = ORIENTED_EDGE ( 'NONE', *, *, #2461, .F. ) ;
#3480 = ORIENTED_EDGE ( 'NONE', *, *, #2366, .T. ) ;
#3481 = ORIENTED_EDGE ( 'NONE', *, *, #2069, .T. ) ;
#3482 = LINE ( 'NONE', #4226, #4109 ) ;
#3483 = CARTESIAN_POINT ( 'NONE',  ( -0.03316504619022000305, 2.110000814877110109, 0.2999999999999999889 ) ) ;
#3484 = VECTOR ( 'NONE', #3209, 1000.000000000000000 ) ;
#3485 = AXIS2_PLACEMENT_3D ( 'NONE', #2099, #1718, #4734 ) ;
#3486 = FILL_AREA_STYLE ('',( #3920 ) ) ;
#3487 = LINE ( 'NONE', #2758, #3591 ) ;
#3488 = ORIENTED_EDGE ( 'NONE', *, *, #3228, .T. ) ;
#3489 = CARTESIAN_POINT ( 'NONE',  ( 2.500000000000000000, 2.500000000000000000, 0.000000000000000000 ) ) ;
#3490 = CARTESIAN_POINT ( 'NONE',  ( 1.600000000000000089, -2.200000000000000178, -0.5699999999999999512 ) ) ;
#3491 = LINE ( 'NONE', #107, #2763 ) ;
#3492 =( GEOMETRIC_REPRESENTATION_CONTEXT ( 3 ) GLOBAL_UNCERTAINTY_ASSIGNED_CONTEXT ( ( #1119 ) ) GLOBAL_UNIT_ASSIGNED_CONTEXT ( ( #708, #681, #3043 ) ) REPRESENTATION_CONTEXT ( 'NONE', 'WORKASPACE' ) );
#3493 = CARTESIAN_POINT ( 'NONE',  ( 1.262305442492821950, 0.6070589046025529623, 0.3499999999999999778 ) ) ;
#3494 = CARTESIAN_POINT ( 'NONE',  ( 0.2103187164337330106, -2.056952929731179935, 0.2999999999999999889 ) ) ;
#3495 = PLANE ( 'NONE',  #3917 ) ;
#3496 = VECTOR ( 'NONE', #3956, 1000.000000000000000 ) ;
#3497 = VECTOR ( 'NONE', #2200, 1000.000000000000000 ) ;
#3498 = EDGE_CURVE ( 'NONE', #2013, #3769, #65, .T. ) ;
#3499 = DIRECTION ( 'NONE',  ( -1.776016655323405090E-16, 1.000000000000000000, 0.000000000000000000 ) ) ;
#3500 = DIRECTION ( 'NONE',  ( 0.000000000000000000, -1.000000000000000000, 0.000000000000000000 ) ) ;
#3501 = DIRECTION ( 'NONE',  ( 1.185975313885232060E-16, -1.000000000000000000, 0.000000000000000000 ) ) ;
#3502 = ORIENTED_EDGE ( 'NONE', *, *, #787, .F. ) ;
#3503 = ORIENTED_EDGE ( 'NONE', *, *, #2874, .T. ) ;
#3504 = FILL_AREA_STYLE ('',( #1704 ) ) ;
#3505 = DIRECTION ( 'NONE',  ( 3.043374519257555240E-15, 0.000000000000000000, 1.000000000000000000 ) ) ;
#3506 = EDGE_LOOP ( 'NONE', ( #768, #1950, #2973, #1199 ) ) ;
#3507 = ADVANCED_FACE ( 'NONE', ( #2340 ), #489, .F. ) ;
#3508 = VERTEX_POINT ( 'NONE', #1991 ) ;
#3509 = CARTESIAN_POINT ( 'NONE',  ( 0.5500000000000000444, 2.254834989607330087, -0.5699999999999999512 ) ) ;
#3510 = ORIENTED_EDGE ( 'NONE', *, *, #35, .T. ) ;
#3511 = CARTESIAN_POINT ( 'NONE',  ( 0.000000000000000000, -1.100000000000000089, -0.6999999999999999556 ) ) ;
#3512 = PRESENTATION_STYLE_ASSIGNMENT (( #4194 ) ) ;
#3513 = AXIS2_PLACEMENT_3D ( 'NONE', #1760, #322, #3952 ) ;
#3514 = FILL_AREA_STYLE ('',( #3812 ) ) ;
#3515 = ORIENTED_EDGE ( 'NONE', *, *, #2314, .T. ) ;
#3516 = ORIENTED_EDGE ( 'NONE', *, *, #3114, .T. ) ;
#3517 = EDGE_CURVE ( 'NONE', #2488, #2217, #3869, .T. ) ;
#3518 = EDGE_CURVE ( 'NONE', #1323, #4132, #150, .T. ) ;
#3519 = LINE ( 'NONE', #2701, #509 ) ;
#3520 = DIRECTION ( 'NONE',  ( 0.000000000000000000, 1.000000000000000000, 0.000000000000000000 ) ) ;
#3521 = CARTESIAN_POINT ( 'NONE',  ( 2.500000000000000000, 1.199999999999999956, -0.4699999999999999734 ) ) ;
#3522 = ORIENTED_EDGE ( 'NONE', *, *, #2115, .T. ) ;
#3523 = CARTESIAN_POINT ( 'NONE',  ( -0.1831650461902210036, -0.2870056143358110101, 0.2999999999999999889 ) ) ;
#3524 = PLANE ( 'NONE',  #2583 ) ;
#3525 = AXIS2_PLACEMENT_3D ( 'NONE', #507, #1982, #530 ) ;
#3526 = ORIENTED_EDGE ( 'NONE', *, *, #3406, .T. ) ;
#3527 = DIRECTION ( 'NONE',  ( 0.000000000000000000, 0.000000000000000000, -1.000000000000000000 ) ) ;
#3528 = EDGE_LOOP ( 'NONE', ( #3646, #3545, #4659, #2744 ) ) ;
#3529 = ADVANCED_FACE ( 'NONE', ( #2751 ), #2825, .T. ) ;
#3530 = DIRECTION ( 'NONE',  ( 0.000000000000000000, 0.000000000000000000, -1.000000000000000000 ) ) ;
#3531 = AXIS2_PLACEMENT_3D ( 'NONE', #4212, #880, #3048 ) ;
#3532 = AXIS2_PLACEMENT_3D ( 'NONE', #3936, #4272, #629 ) ;
#3533 = AXIS2_PLACEMENT_3D ( 'NONE', #1234, #2322, #526 ) ;
#3534 = ORIENTED_EDGE ( 'NONE', *, *, #1466, .T. ) ;
#3535 = DIRECTION ( 'NONE',  ( 0.000000000000000000, 0.000000000000000000, 1.000000000000000000 ) ) ;
#3536 = CARTESIAN_POINT ( 'NONE',  ( 2.399999999999999911, -2.100000000000000089, -0.2999999999999999889 ) ) ;
#3537 = LINE ( 'NONE', #3858, #4437 ) ;
#3538 = SURFACE_STYLE_USAGE ( .BOTH. , #2051 ) ;
#3539 = EDGE_LOOP ( 'NONE', ( #2620, #1394, #3552, #4727 ) ) ;
#3540 = CARTESIAN_POINT ( 'NONE',  ( 0.5500000000000000444, -1.050000000000000044, -0.5699999999999999512 ) ) ;
#3541 = ORIENTED_EDGE ( 'NONE', *, *, #2333, .T. ) ;
#3542 = CARTESIAN_POINT ( 'NONE',  ( -0.03316504619022000305, -0.6832195235787659193, 0.2999999999999999889 ) ) ;
#3543 =( NAMED_UNIT ( * ) PLANE_ANGLE_UNIT ( ) SI_UNIT ( $, .RADIAN. ) );
#3544 = DIRECTION ( 'NONE',  ( 0.000000000000000000, 0.000000000000000000, 1.000000000000000000 ) ) ;
#3545 = ORIENTED_EDGE ( 'NONE', *, *, #849, .F. ) ;
#3546 = LINE ( 'NONE', #4385, #1245 ) ;
#3547 = PRESENTATION_LAYER_ASSIGNMENT (  '', '', ( #3939 ) ) ;
#3548 = ADVANCED_FACE ( 'NONE', ( #1324 ), #945, .F. ) ;
#3549 = EDGE_LOOP ( 'NONE', ( #950, #1260, #1725, #4469 ) ) ;
#3550 = DIRECTION ( 'NONE',  ( 0.000000000000000000, 0.000000000000000000, -1.000000000000000000 ) ) ;
#3551 = VECTOR ( 'NONE', #792, 1000.000000000000000 ) ;
#3552 = ORIENTED_EDGE ( 'NONE', *, *, #4239, .T. ) ;
#3553 = PLANE ( 'NONE',  #1178 ) ;
#3554 = MECHANICAL_DESIGN_GEOMETRIC_PRESENTATION_REPRESENTATION (  '', ( #1777 ), #4329 ) ;
#3555 = PLANE ( 'NONE',  #840 ) ;
#3556 = ORIENTED_EDGE ( 'NONE', *, *, #134, .T. ) ;
#3557 = CARTESIAN_POINT ( 'NONE',  ( 1.600000000000000089, 2.200000000000000178, -0.6999999999999999556 ) ) ;
#3558 = FILL_AREA_STYLE_COLOUR ( '', #3253 ) ;
#3559 = PRESENTATION_STYLE_ASSIGNMENT (( #3226 ) ) ;
#3560 = EDGE_CURVE ( 'NONE', #4462, #125, #3482, .T. ) ;
#3561 = VECTOR ( 'NONE', #1968, 1000.000000000000000 ) ;
#3562 = DIRECTION ( 'NONE',  ( 0.05233595624294389709, 0.000000000000000000, 0.9986295347545739443 ) ) ;
#3563 = DIRECTION ( 'NONE',  ( -1.000000000000000000, 0.000000000000000000, 0.000000000000000000 ) ) ;
#3564 =( GEOMETRIC_REPRESENTATION_CONTEXT ( 3 ) GLOBAL_UNCERTAINTY_ASSIGNED_CONTEXT ( ( #727 ) ) GLOBAL_UNIT_ASSIGNED_CONTEXT ( ( #1314, #939, #1267 ) ) REPRESENTATION_CONTEXT ( 'NONE', 'WORKASPACE' ) );
#3565 = EDGE_LOOP ( 'NONE', ( #2470, #3183, #1425, #3681 ) ) ;
#3566 =( GEOMETRIC_REPRESENTATION_CONTEXT ( 3 ) GLOBAL_UNCERTAINTY_ASSIGNED_CONTEXT ( ( #1377 ) ) GLOBAL_UNIT_ASSIGNED_CONTEXT ( ( #4424, #433, #3761 ) ) REPRESENTATION_CONTEXT ( 'NONE', 'WORKASPACE' ) );
#3567 =( NAMED_UNIT ( * ) PLANE_ANGLE_UNIT ( ) SI_UNIT ( $, .RADIAN. ) );
#3568 =( LENGTH_UNIT ( ) NAMED_UNIT ( * ) SI_UNIT ( .MILLI., .METRE. ) );
#3569 = CARTESIAN_POINT ( 'NONE',  ( 2.500000000000000000, 2.500000000000000000, 0.000000000000000000 ) ) ;
#3570 = DIRECTION ( 'NONE',  ( 0.000000000000000000, -1.000000000000000000, 0.000000000000000000 ) ) ;
#3571 = VECTOR ( 'NONE', #344, 1000.000000000000000 ) ;
#3572 = ORIENTED_EDGE ( 'NONE', *, *, #3578, .F. ) ;
#3573 = VERTEX_POINT ( 'NONE', #3523 ) ;
#3574 = CARTESIAN_POINT ( 'NONE',  ( 1.699999999999999956, 0.000000000000000000, 0.3007161552948415251 ) ) ;
#3575 = CARTESIAN_POINT ( 'NONE',  ( 0.3603187164337330328, 0.9751250982098669251, 0.2999999999999999889 ) ) ;
#3576 = EDGE_LOOP ( 'NONE', ( #1499, #110, #4605, #2555 ) ) ;
#3577 = PRESENTATION_STYLE_ASSIGNMENT (( #3946 ) ) ;
#3578 = EDGE_CURVE ( 'NONE', #2436, #4800, #1256, .T. ) ;
#3579 = APPLICATION_PROTOCOL_DEFINITION ( 'draft international standard', 'automotive_design', 1998, #2523 ) ;
#3580 = DIRECTION ( 'NONE',  ( -0.08682659386424759762, 0.08682659386424759762, -0.9924325091389669673 ) ) ;
#3581 = ORIENTED_EDGE ( 'NONE', *, *, #337, .F. ) ;
#3582 = FILL_AREA_STYLE_COLOUR ( '', #1728 ) ;
#3583 = SURFACE_SIDE_STYLE ('',( #2097 ) ) ;
#3584 = PLANE ( 'NONE',  #4298 ) ;
#3585 = CARTESIAN_POINT ( 'NONE',  ( -1.146028625818473978, 0.6751250982098659925, 0.3499999999999999778 ) ) ;
#3586 = FACE_OUTER_BOUND ( 'NONE', #4742, .T. ) ;
#3587 = EDGE_CURVE ( 'NONE', #4248, #4462, #3546, .T. ) ;
#3588 = PRESENTATION_LAYER_ASSIGNMENT (  '', '', ( #254 ) ) ;
#3589 = CARTESIAN_POINT ( 'NONE',  ( 2.399999999999999911, 1.199999999999999956, -0.7699999999999999067 ) ) ;
#3590 = PLANE ( 'NONE',  #4445 ) ;
#3591 = VECTOR ( 'NONE', #4537, 1000.000000000000000 ) ;
#3592 = ORIENTED_EDGE ( 'NONE', *, *, #1239, .F. ) ;
#3593 = PRESENTATION_STYLE_ASSIGNMENT (( #3263 ) ) ;
#3594 = EDGE_LOOP ( 'NONE', ( #1282, #1223, #838, #3658 ) ) ;
#3595 = ORIENTED_EDGE ( 'NONE', *, *, #4654, .F. ) ;
#3596 = VERTEX_POINT ( 'NONE', #267 ) ;
#3597 = VECTOR ( 'NONE', #1340, 1000.000000000000000 ) ;
#3598 = VECTOR ( 'NONE', #632, 1000.000000000000000 ) ;
#3599 = FACE_OUTER_BOUND ( 'NONE', #765, .T. ) ;
#3600 = EDGE_CURVE ( 'NONE', #884, #4512, #651, .T. ) ;
#3601 = VERTEX_POINT ( 'NONE', #312 ) ;
#3602 = AXIS2_PLACEMENT_3D ( 'NONE', #76, #472, #499 ) ;
#3603 = SURFACE_STYLE_USAGE ( .BOTH. , #3583 ) ;
#3604 = VECTOR ( 'NONE', #3846, 1000.000000000000000 ) ;
#3605 = SURFACE_SIDE_STYLE ('',( #2120 ) ) ;
#3606 = VECTOR ( 'NONE', #3004, 1000.000000000000000 ) ;
#3607 = ORIENTED_EDGE ( 'NONE', *, *, #692, .F. ) ;
#3608 = EDGE_CURVE ( 'NONE', #896, #1116, #682, .T. ) ;
#3609 = VERTEX_POINT ( 'NONE', #4061 ) ;
#3610 = CARTESIAN_POINT ( 'NONE',  ( 1.930905544980989985, -0.8360159872360369837, 0.3499999999999999778 ) ) ;
#3611 = CARTESIAN_POINT ( 'NONE',  ( 2.399999999999999911, -1.199999999999999956, -0.2999999999999999889 ) ) ;
#3612 = EDGE_CURVE ( 'NONE', #2358, #4639, #2497, .T. ) ;
#3613 = DIRECTION ( 'NONE',  ( 0.000000000000000000, 0.000000000000000000, 1.000000000000000000 ) ) ;
#3614 = FILL_AREA_STYLE_COLOUR ( '', #2313 ) ;
#3615 = CARTESIAN_POINT ( 'NONE',  ( -1.600000000000000089, -2.200000000000000178, -0.5699999999999999512 ) ) ;
#3616 = PLANE ( 'NONE',  #1321 ) ;
#3617 = CARTESIAN_POINT ( 'NONE',  ( -1.699999999999999956, 2.100000000000000089, -0.7699999999999999067 ) ) ;
#3618 = DIRECTION ( 'NONE',  ( -1.000000000000000000, 0.000000000000000000, 0.000000000000000000 ) ) ;
#3619 = VERTEX_POINT ( 'NONE', #1454 ) ;
#3620 = LINE ( 'NONE', #2114, #1891 ) ;
#3621 = AXIS2_PLACEMENT_3D ( 'NONE', #1639, #1682, #2463 ) ;
#3622 = ORIENTED_EDGE ( 'NONE', *, *, #2007, .F. ) ;
#3623 =( LENGTH_UNIT ( ) NAMED_UNIT ( * ) SI_UNIT ( .MILLI., .METRE. ) );
#3624 =( NAMED_UNIT ( * ) PLANE_ANGLE_UNIT ( ) SI_UNIT ( $, .RADIAN. ) );
#3625 = DIRECTION ( 'NONE',  ( 0.000000000000000000, 0.000000000000000000, -1.000000000000000000 ) ) ;
#3626 = MECHANICAL_DESIGN_GEOMETRIC_PRESENTATION_REPRESENTATION (  '', ( #2932 ), #4019 ) ;
#3627 = ORIENTED_EDGE ( 'NONE', *, *, #646, .T. ) ;
#3628 = CARTESIAN_POINT ( 'NONE',  ( 1.600000000000000089, -2.200000000000000178, -0.6999999999999999556 ) ) ;
#3629 = PRESENTATION_LAYER_ASSIGNMENT (  '', '', ( #1777 ) ) ;
#3630 = EDGE_CURVE ( 'NONE', #2892, #3573, #2134, .T. ) ;
#3631 = VERTEX_POINT ( 'NONE', #3665 ) ;
#3632 = LINE ( 'NONE', #4338, #830 ) ;
#3633 = PLANE ( 'NONE',  #2789 ) ;
#3634 = MECHANICAL_DESIGN_GEOMETRIC_PRESENTATION_REPRESENTATION (  '', ( #61 ), #677 ) ;
#3635 = ADVANCED_FACE ( 'NONE', ( #4767 ), #3616, .F. ) ;
#3636 = DIRECTION ( 'NONE',  ( 0.000000000000000000, 0.000000000000000000, -1.000000000000000000 ) ) ;
#3637 = SURFACE_STYLE_USAGE ( .BOTH. , #2520 ) ;
#3638 = CARTESIAN_POINT ( 'NONE',  ( 0.2103187164337325110, 2.110000814877110109, 0.2999999999999999889 ) ) ;
#3639 = VECTOR ( 'NONE', #245, 1000.000000000000000 ) ;
#3640 = VERTEX_POINT ( 'NONE', #2939 ) ;
#3641 = SURFACE_STYLE_USAGE ( .BOTH. , #2481 ) ;
#3642 = EDGE_LOOP ( 'NONE', ( #1397, #2631, #3038, #2362, #2183, #2368, #2249, #3035, #4383 ) ) ;
#3643 = AXIS2_PLACEMENT_3D ( 'NONE', #2650, #773, #2304 ) ;
#3644 = DIRECTION ( 'NONE',  ( 0.000000000000000000, -1.000000000000000000, 0.000000000000000000 ) ) ;
#3645 = EDGE_LOOP ( 'NONE', ( #2214, #55, #4234, #2408 ) ) ;
#3646 = ORIENTED_EDGE ( 'NONE', *, *, #1763, .T. ) ;
#3647 = CARTESIAN_POINT ( 'NONE',  ( 0.2103187164337330106, -2.056952929731179935, 0.3499999999999999778 ) ) ;
#3648 = UNCERTAINTY_MEASURE_WITH_UNIT (LENGTH_MEASURE( 1.000000000000000082E-05 ), #434, 'distance_accuracy_value', 'NONE');
#3649 = EDGE_CURVE ( 'NONE', #3867, #3454, #1775, .T. ) ;
#3650 = VECTOR ( 'NONE', #4330, 1000.000000000000000 ) ;
#3651 = PRESENTATION_STYLE_ASSIGNMENT (( #1440 ) ) ;
#3652 = CARTESIAN_POINT ( 'NONE',  ( 1.600000000000000089, -2.200000000000000178, -0.5699999999999999512 ) ) ;
#3653 = CARTESIAN_POINT ( 'NONE',  ( 0.000000000000000000, 0.000000000000000000, -0.6999999999999999556 ) ) ;
#3654 = DIRECTION ( 'NONE',  ( 0.000000000000000000, 0.000000000000000000, 1.000000000000000000 ) ) ;
#3655 = ORIENTED_EDGE ( 'NONE', *, *, #3472, .F. ) ;
#3656 = CARTESIAN_POINT ( 'NONE',  ( 0.5500000000000000444, 6.735557395310442516E-17, -0.6999999999999999556 ) ) ;
#3657 = AXIS2_PLACEMENT_3D ( 'NONE', #3316, #1092, #1823 ) ;
#3658 = ORIENTED_EDGE ( 'NONE', *, *, #2093, .F. ) ;
#3659 =( NAMED_UNIT ( * ) SI_UNIT ( $, .STERADIAN. ) SOLID_ANGLE_UNIT ( ) );
#3660 = FACE_OUTER_BOUND ( 'NONE', #700, .T. ) ;
#3661 = LINE ( 'NONE', #331, #2721 ) ;
#3662 = CARTESIAN_POINT ( 'NONE',  ( -1.296028625818473889, 0.6751250982098669917, 0.2999999999999999889 ) ) ;
#3663 = VECTOR ( 'NONE', #4648, 1000.000000000000000 ) ;
#3664 = EDGE_CURVE ( 'NONE', #2750, #3919, #1726, .T. ) ;
#3665 = CARTESIAN_POINT ( 'NONE',  ( 1.600000000000000089, 2.200000000000000178, -0.5699999999999999512 ) ) ;
#3666 = CARTESIAN_POINT ( 'NONE',  ( -1.919276727925025128, -2.056952929731179935, 0.3499999999999999778 ) ) ;
#3667 =( NAMED_UNIT ( * ) PLANE_ANGLE_UNIT ( ) SI_UNIT ( $, .RADIAN. ) );
#3668 = ORIENTED_EDGE ( 'NONE', *, *, #2268, .F. ) ;
#3669 = ORIENTED_EDGE ( 'NONE', *, *, #2725, .T. ) ;
#3670 = CARTESIAN_POINT ( 'NONE',  ( -2.500000000000000000, 2.100000000000000089, -0.2999999999999999889 ) ) ;
#3671 = ADVANCED_FACE ( 'NONE', ( #1060 ), #4719, .F. ) ;
#3672 = DIRECTION ( 'NONE',  ( -0.000000000000000000, 1.000000000000000000, 0.000000000000000000 ) ) ;
#3673 = LINE ( 'NONE', #2392, #261 ) ;
#3674 = EDGE_LOOP ( 'NONE', ( #2113, #3377, #2170 ) ) ;
#3675 = SURFACE_STYLE_FILL_AREA ( #3367 ) ;
#3676 = DIRECTION ( 'NONE',  ( 0.000000000000000000, 0.000000000000000000, -1.000000000000000000 ) ) ;
#3677 =( LENGTH_UNIT ( ) NAMED_UNIT ( * ) SI_UNIT ( .MILLI., .METRE. ) );
#3678 = VECTOR ( 'NONE', #258, 1000.000000000000000 ) ;
#3679 = VERTEX_POINT ( 'NONE', #2570 ) ;
#3680 = FILL_AREA_STYLE_COLOUR ( '', #3074 ) ;
#3681 = ORIENTED_EDGE ( 'NONE', *, *, #4382, .F. ) ;
#3682 = CARTESIAN_POINT ( 'NONE',  ( 0.2103187164337325110, 2.110000814877110109, 0.2999999999999999889 ) ) ;
#3683 = CARTESIAN_POINT ( 'NONE',  ( 2.500000000000000000, 2.465004534589634755, 0.4000000000000000222 ) ) ;
#3684 =( GEOMETRIC_REPRESENTATION_CONTEXT ( 3 ) GLOBAL_UNCERTAINTY_ASSIGNED_CONTEXT ( ( #1462 ) ) GLOBAL_UNIT_ASSIGNED_CONTEXT ( ( #4768, #2284, #2573 ) ) REPRESENTATION_CONTEXT ( 'NONE', 'WORKASPACE' ) );
#3685 = AXIS2_PLACEMENT_3D ( 'NONE', #2703, #2678, #3402 ) ;
#3686 = CARTESIAN_POINT ( 'NONE',  ( 1.600000000000000089, -2.200000000000000178, -0.6999999999999999556 ) ) ;
#3687 = VECTOR ( 'NONE', #4121, 1000.000000000000000 ) ;
#3688 = LINE ( 'NONE', #357, #2076 ) ;
#3689 = FACE_OUTER_BOUND ( 'NONE', #2957, .T. ) ;
#3690 = CARTESIAN_POINT ( 'NONE',  ( 0.000000000000000000, 0.000000000000000000, 0.2999999999999999889 ) ) ;
#3691 = CARTESIAN_POINT ( 'NONE',  ( -0.5500000000000000444, 0.000000000000000000, -0.6999999999999999556 ) ) ;
#3692 = FILL_AREA_STYLE_COLOUR ( '', #1368 ) ;
#3693 = EDGE_LOOP ( 'NONE', ( #4419, #706, #2997, #1708 ) ) ;
#3694 = CARTESIAN_POINT ( 'NONE',  ( 2.486873320506370444, 1.199999999999999956, -0.2504719656739949896 ) ) ;
#3695 = UNCERTAINTY_MEASURE_WITH_UNIT (LENGTH_MEASURE( 1.000000000000000082E-05 ), #4743, 'distance_accuracy_value', 'NONE');
#3696 = ADVANCED_FACE ( 'NONE', ( #3233 ), #2886, .F. ) ;
#3697 = EDGE_LOOP ( 'NONE', ( #3891, #3290, #1569, #246, #597, #1013, #3988, #4784, #4009, #944, #1841 ) ) ;
#3698 = ADVANCED_FACE ( 'NONE', ( #3689 ), #4038, .T. ) ;
#3699 = DIRECTION ( 'NONE',  ( 0.000000000000000000, 1.000000000000000000, 0.000000000000000000 ) ) ;
#3700 = DIRECTION ( 'NONE',  ( -1.000000000000000000, 0.000000000000000000, 0.000000000000000000 ) ) ;
#3701 = VERTEX_POINT ( 'NONE', #3211 ) ;
#3702 = FILL_AREA_STYLE_COLOUR ( '', #1666 ) ;
#3703 = ADVANCED_FACE ( 'NONE', ( #4317 ), #670, .F. ) ;
#3704 = CIRCLE ( 'NONE', #4241, 0.09999999999999999167 ) ;
#3705 = CARTESIAN_POINT ( 'NONE',  ( -2.700000000000000178, 1.199999999999999956, -6.982962677686269669E-16 ) ) ;
#3706 = ORIENTED_EDGE ( 'NONE', *, *, #1475, .F. ) ;
#3707 = FACE_OUTER_BOUND ( 'NONE', #369, .T. ) ;
#3708 = COLOUR_RGB ( '',1.000000000000000000, 1.000000000000000000, 1.000000000000000000 ) ;
#3709 = DIRECTION ( 'NONE',  ( -0.9961946980917455452, 0.000000000000000000, 0.08715574274765815199 ) ) ;
#3710 = VERTEX_POINT ( 'NONE', #1504 ) ;
#3711 = ADVANCED_FACE ( 'NONE', ( #3058 ), #4107, .F. ) ;
#3712 = VERTEX_POINT ( 'NONE', #3785 ) ;
#3713 = DIRECTION ( 'NONE',  ( 0.000000000000000000, 0.000000000000000000, -1.000000000000000000 ) ) ;
#3714 = LINE ( 'NONE', #743, #3182 ) ;
#3715 = VECTOR ( 'NONE', #1380, 1000.000000000000000 ) ;
#3716 = CARTESIAN_POINT ( 'NONE',  ( 0.5500000000000000444, 2.254834989607330087, -0.5699999999999999512 ) ) ;
#3717 = PLANE ( 'NONE',  #907 ) ;
#3718 = ORIENTED_EDGE ( 'NONE', *, *, #2607, .T. ) ;
#3719 = ORIENTED_EDGE ( 'NONE', *, *, #4005, .F. ) ;
#3720 = FACE_OUTER_BOUND ( 'NONE', #1375, .T. ) ;
#3721 = CIRCLE ( 'NONE', #457, 0.2999999999999999889 ) ;
#3722 = ORIENTED_EDGE ( 'NONE', *, *, #2366, .F. ) ;
#3723 = CARTESIAN_POINT ( 'NONE',  ( 2.399999999999999911, 2.100000000000000089, -0.4699999999999999734 ) ) ;
#3724 = SURFACE_SIDE_STYLE ('',( #2584 ) ) ;
#3725 = ADVANCED_FACE ( 'NONE', ( #1863 ), #4128, .F. ) ;
#3726 = EDGE_CURVE ( 'NONE', #4365, #992, #455, .T. ) ;
#3727 = DIRECTION ( 'NONE',  ( 0.000000000000000000, 0.000000000000000000, -1.000000000000000000 ) ) ;
#3728 = DIRECTION ( 'NONE',  ( 0.000000000000000000, 0.000000000000000000, -1.000000000000000000 ) ) ;
#3729 = ORIENTED_EDGE ( 'NONE', *, *, #1360, .T. ) ;
#3730 = CARTESIAN_POINT ( 'NONE',  ( 2.500000000000000000, -1.199999999999999956, -0.4699999999999999734 ) ) ;
#3731 = CARTESIAN_POINT ( 'NONE',  ( 2.486873320506370444, -2.100000000000000089, -0.2504719656739949896 ) ) ;
#3732 = EDGE_LOOP ( 'NONE', ( #2853, #2709, #3968, #4699 ) ) ;
#3733 = CARTESIAN_POINT ( 'NONE',  ( 0.000000000000000000, 0.000000000000000000, -0.5699999999999999512 ) ) ;
#3734 = EDGE_CURVE ( 'NONE', #4538, #3640, #3714, .T. ) ;
#3735 = PLANE ( 'NONE',  #1840 ) ;
#3736 = EDGE_LOOP ( 'NONE', ( #3041, #4673 ) ) ;
#3737 = AXIS2_PLACEMENT_3D ( 'NONE', #2632, #4133, #1171 ) ;
#3738 = SURFACE_SIDE_STYLE ('',( #4452 ) ) ;
#3739 =( NAMED_UNIT ( * ) SI_UNIT ( $, .STERADIAN. ) SOLID_ANGLE_UNIT ( ) );
#3740 = VERTEX_POINT ( 'NONE', #1556 ) ;
#3741 = ORIENTED_EDGE ( 'NONE', *, *, #642, .T. ) ;
#3742 = LINE ( 'NONE', #1461, #2739 ) ;
#3743 = STYLED_ITEM ( 'NONE', ( #4542 ), #719 ) ;
#3744 = ORIENTED_EDGE ( 'NONE', *, *, #1765, .F. ) ;
#3745 = CARTESIAN_POINT ( 'NONE',  ( 0.000000000000000000, -2.463314554501874643, -0.6999999999999999556 ) ) ;
#3746 = CARTESIAN_POINT ( 'NONE',  ( 2.399999999999999911, -1.199999999999999956, -0.4699999999999999734 ) ) ;
#3747 = CARTESIAN_POINT ( 'NONE',  ( -0.5500000000000000444, 1.050000000000000044, -0.6999999999999999556 ) ) ;
#3748 = AXIS2_PLACEMENT_3D ( 'NONE', #1902, #1069, #2556 ) ;
#3749 = EDGE_CURVE ( 'NONE', #2649, #410, #3030, .T. ) ;
#3750 = ORIENTED_EDGE ( 'NONE', *, *, #4488, .F. ) ;
#3751 = CARTESIAN_POINT ( 'NONE',  ( -0.1831650461902200322, -0.1370056143358111822, 0.3499999999999999778 ) ) ;
#3752 = ADVANCED_BREP_SHAPE_REPRESENTATION ( 'BIVAR__INC_SMTLA5050RGB', ( #2496, #4110, #4177, #970, #2569, #2206 ), #1903 ) ;
#3753 = FILL_AREA_STYLE ('',( #1412 ) ) ;
#3754 = PRESENTATION_STYLE_ASSIGNMENT (( #3033 ) ) ;
#3756 = CIRCLE ( 'NONE', #3993, 0.1499999999999999667 ) ;
#3755 = SURFACE_STYLE_FILL_AREA ( #2276 ) ;
#3757 = ORIENTED_EDGE ( 'NONE', *, *, #1450, .F. ) ;
#3758 = VECTOR ( 'NONE', #4140, 1000.000000000000114 ) ;
#3759 = VECTOR ( 'NONE', #3550, 1000.000000000000000 ) ;
#3760 = EDGE_CURVE ( 'NONE', #4483, #1122, #1706, .T. ) ;
#3761 =( NAMED_UNIT ( * ) SI_UNIT ( $, .STERADIAN. ) SOLID_ANGLE_UNIT ( ) );
#3762 = DIRECTION ( 'NONE',  ( -1.000000000000000000, 0.000000000000000000, 0.000000000000000000 ) ) ;
#3763 = AXIS2_PLACEMENT_3D ( 'NONE', #2334, #3815, #1952 ) ;
#3764 = VECTOR ( 'NONE', #459, 1000.000000000000000 ) ;
#3765 = ORIENTED_EDGE ( 'NONE', *, *, #832, .F. ) ;
#3766 = FACE_OUTER_BOUND ( 'NONE', #148, .T. ) ;
#3767 = CARTESIAN_POINT ( 'NONE',  ( -1.699999999999999956, 1.199999999999999956, -0.7699999999999999067 ) ) ;
#3768 = ORIENTED_EDGE ( 'NONE', *, *, #1240, .T. ) ;
#3769 = VERTEX_POINT ( 'NONE', #2624 ) ;
#3770 = PLANE ( 'NONE',  #614 ) ;
#3771 = CARTESIAN_POINT ( 'NONE',  ( -2.500000000000000000, 1.204669080539450182E-15, -7.608436298143899539E-15 ) ) ;
#3772 = VERTEX_POINT ( 'NONE', #3355 ) ;
#3773 = CARTESIAN_POINT ( 'NONE',  ( 1.699999999999999956, 2.100000000000000089, -0.7699999999999999067 ) ) ;
#3774 = SURFACE_STYLE_FILL_AREA ( #1201 ) ;
#3775 = FACE_OUTER_BOUND ( 'NONE', #3360, .T. ) ;
#3776 = ORIENTED_EDGE ( 'NONE', *, *, #937, .F. ) ;
#3777 = DIRECTION ( 'NONE',  ( 0.000000000000000000, -1.000000000000000000, 0.000000000000000000 ) ) ;
#3778 = CARTESIAN_POINT ( 'NONE',  ( 2.399999999999999911, -1.199999999999999956, -0.2999999999999999889 ) ) ;
#3779 =( NAMED_UNIT ( * ) SI_UNIT ( $, .STERADIAN. ) SOLID_ANGLE_UNIT ( ) );
#3781 = EDGE_LOOP ( 'NONE', ( #2982, #861, #819, #4348 ) ) ;
#3780 = PRESENTATION_LAYER_ASSIGNMENT (  '', '', ( #3242 ) ) ;
#3782 = EDGE_CURVE ( 'NONE', #2345, #2032, #386, .T. ) ;
#3783 = ADVANCED_FACE ( 'NONE', ( #4526 ), #2963, .T. ) ;
#3784 = AXIS2_PLACEMENT_3D ( 'NONE', #1187, #788, #384 ) ;
#3785 = CARTESIAN_POINT ( 'NONE',  ( -2.700000000000000178, -1.199999999999999956, -0.4699999999999999734 ) ) ;
#3786 = VERTEX_POINT ( 'NONE', #63 ) ;
#3787 = ADVANCED_FACE ( 'NONE', ( #1108 ), #2599, .F. ) ;
#3788 = ADVANCED_FACE ( 'NONE', ( #4218 ), #3813, .F. ) ;
#3789 = VECTOR ( 'NONE', #2881, 1000.000000000000000 ) ;
#3790 = DIRECTION ( 'NONE',  ( 0.000000000000000000, -1.000000000000000000, 0.000000000000000000 ) ) ;
#3791 = DIRECTION ( 'NONE',  ( 0.000000000000000000, 1.000000000000000000, 0.000000000000000000 ) ) ;
#3792 = CARTESIAN_POINT ( 'NONE',  ( 2.486873320506370444, -1.199999999999999956, -0.2504719656739949896 ) ) ;
#3793 = PRESENTATION_LAYER_ASSIGNMENT (  '', '', ( #3177 ) ) ;
#3794 = ORIENTED_EDGE ( 'NONE', *, *, #2154, .T. ) ;
#3795 = ORIENTED_EDGE ( 'NONE', *, *, #3976, .F. ) ;
#3796 = ORIENTED_EDGE ( 'NONE', *, *, #1576, .T. ) ;
#3797 = SURFACE_SIDE_STYLE ('',( #1224 ) ) ;
#3798 = CARTESIAN_POINT ( 'NONE',  ( -2.399999999999999911, -1.199999999999999956, -0.4699999999999999734 ) ) ;
#3799 = VECTOR ( 'NONE', #3258, 1000.000000000000000 ) ;
#3800 = EDGE_CURVE ( 'NONE', #1641, #4568, #117, .T. ) ;
#3801 = DIRECTION ( 'NONE',  ( -1.000000000000000000, 0.000000000000000000, 0.000000000000000000 ) ) ;
#3802 = SURFACE_STYLE_FILL_AREA ( #4186 ) ;
#3803 = EDGE_CURVE ( 'NONE', #2013, #1698, #1604, .T. ) ;
#3804 =( NAMED_UNIT ( * ) PLANE_ANGLE_UNIT ( ) SI_UNIT ( $, .RADIAN. ) );
#3805 = VECTOR ( 'NONE', #3305, 1000.000000000000000 ) ;
#3806 = UNCERTAINTY_MEASURE_WITH_UNIT (LENGTH_MEASURE( 1.000000000000000082E-05 ), #235, 'distance_accuracy_value', 'NONE');
#3807 = FILL_AREA_STYLE ('',( #3832 ) ) ;
#3808 = DIRECTION ( 'NONE',  ( -1.000000000000000000, 0.000000000000000000, 0.000000000000000000 ) ) ;
#3809 = ORIENTED_EDGE ( 'NONE', *, *, #3932, .T. ) ;
#3810 = LINE ( 'NONE', #3469, #606 ) ;
#3811 = ORIENTED_EDGE ( 'NONE', *, *, #3463, .F. ) ;
#3812 = FILL_AREA_STYLE_COLOUR ( '', #917 ) ;
#3813 = PLANE ( 'NONE',  #4486 ) ;
#3814 = ADVANCED_FACE ( 'NONE', ( #2794 ), #889, .F. ) ;
#3815 = DIRECTION ( 'NONE',  ( 0.000000000000000000, 0.000000000000000000, 1.000000000000000000 ) ) ;
#3816 = EDGE_CURVE ( 'NONE', #2934, #4756, #2429, .T. ) ;
#3817 = SURFACE_STYLE_FILL_AREA ( #4584 ) ;
#3818 = DIRECTION ( 'NONE',  ( 0.05233595624294389709, 0.000000000000000000, 0.9986295347545739443 ) ) ;
#3819 = ORIENTED_EDGE ( 'NONE', *, *, #225, .F. ) ;
#3820 = ORIENTED_EDGE ( 'NONE', *, *, #3800, .T. ) ;
#3821 = LINE ( 'NONE', #1947, #543 ) ;
#3822 = CARTESIAN_POINT ( 'NONE',  ( -0.03316504619022000305, -2.056952929731179935, 0.2999999999999999889 ) ) ;
#3823 = VECTOR ( 'NONE', #701, 1000.000000000000000 ) ;
#3824 = ORIENTED_EDGE ( 'NONE', *, *, #4500, .F. ) ;
#3825 = EDGE_CURVE ( 'NONE', #380, #4579, #2818, .T. ) ;
#3826 = CARTESIAN_POINT ( 'NONE',  ( 2.399999999999999911, 2.100000000000000089, -0.7699999999999999067 ) ) ;
#3827 = CARTESIAN_POINT ( 'NONE',  ( 1.699999999999999956, 2.100000000000000089, -0.5699999999999999512 ) ) ;
#3828 = ORIENTED_EDGE ( 'NONE', *, *, #4282, .T. ) ;
#3829 = DIRECTION ( 'NONE',  ( 1.000000000000000000, -2.409338161078900167E-16, 0.000000000000000000 ) ) ;
#3830 = EDGE_CURVE ( 'NONE', #1931, #2485, #512, .T. ) ;
#3831 = ORIENTED_EDGE ( 'NONE', *, *, #1571, .F. ) ;
#3832 = FILL_AREA_STYLE_COLOUR ( '', #890 ) ;
#3833 =( NAMED_UNIT ( * ) SI_UNIT ( $, .STERADIAN. ) SOLID_ANGLE_UNIT ( ) );
#3834 = FILL_AREA_STYLE_COLOUR ( '', #2404 ) ;
#3835 = CYLINDRICAL_SURFACE ( 'NONE', #3525, 0.5500000000000000444 ) ;
#3836 = VECTOR ( 'NONE', #3700, 1000.000000000000000 ) ;
#3837 = DIRECTION ( 'NONE',  ( 1.000000000000000000, 0.000000000000000000, 0.000000000000000000 ) ) ;
#3838 =( LENGTH_UNIT ( ) NAMED_UNIT ( * ) SI_UNIT ( .MILLI., .METRE. ) );
#3839 = DIRECTION ( 'NONE',  ( 4.202755260653517737E-17, -0.08715574274765813811, 0.9961946980917455452 ) ) ;
#3840 = VERTEX_POINT ( 'NONE', #1291 ) ;
#3841 = AXIS2_PLACEMENT_3D ( 'NONE', #3929, #596, #2855 ) ;
#3842 = CARTESIAN_POINT ( 'NONE',  ( -1.146028625818473978, -0.7287392438591709931, 0.2999999999999999889 ) ) ;
#3843 = VECTOR ( 'NONE', #1110, 1000.000000000000000 ) ;
#3844 = CARTESIAN_POINT ( 'NONE',  ( 1.412305442492821861, -0.6860159872360369615, 0.3499999999999999778 ) ) ;
#3845 = VECTOR ( 'NONE', #2056, 1000.000000000000114 ) ;
#3846 = DIRECTION ( 'NONE',  ( 0.000000000000000000, 0.000000000000000000, 1.000000000000000000 ) ) ;
#3847 = ORIENTED_EDGE ( 'NONE', *, *, #2671, .F. ) ;
#3848 = DIRECTION ( 'NONE',  ( -1.000000000000000000, 0.000000000000000000, 0.000000000000000000 ) ) ;
#3849 = ADVANCED_FACE ( 'NONE', ( #480 ), #3906, .T. ) ;
#3850 = ORIENTED_EDGE ( 'NONE', *, *, #4062, .T. ) ;
#3851 = DIRECTION ( 'NONE',  ( 0.000000000000000000, 1.000000000000000000, 0.000000000000000000 ) ) ;
#3852 = VERTEX_POINT ( 'NONE', #1671 ) ;
#3853 = FACE_OUTER_BOUND ( 'NONE', #4257, .T. ) ;
#3854 = CARTESIAN_POINT ( 'NONE',  ( -1.699999999999999956, 2.100000000000000089, -0.7699999999999999067 ) ) ;
#3855 = FACE_OUTER_BOUND ( 'NONE', #1945, .T. ) ;
#3856 = LINE ( 'NONE', #527, #2579 ) ;
#3857 = DIRECTION ( 'NONE',  ( -1.000000000000000000, 0.000000000000000000, 0.000000000000000000 ) ) ;
#3858 = CARTESIAN_POINT ( 'NONE',  ( -1.919276727925025128, -2.056952929731179935, 0.3499999999999999778 ) ) ;
#3859 =( NAMED_UNIT ( * ) PLANE_ANGLE_UNIT ( ) SI_UNIT ( $, .RADIAN. ) );
#3860 = DIRECTION ( 'NONE',  ( 0.000000000000000000, -1.000000000000000000, 0.000000000000000000 ) ) ;
#3861 = EDGE_CURVE ( 'NONE', #2262, #4756, #4551, .T. ) ;
#3862 = VECTOR ( 'NONE', #1943, 1000.000000000000000 ) ;
#3863 = DIRECTION ( 'NONE',  ( 1.000000000000000000, 0.000000000000000000, 0.000000000000000000 ) ) ;
#3864 = DIRECTION ( 'NONE',  ( 8.673617379884035472E-15, 0.000000000000000000, 1.000000000000000000 ) ) ;
#3865 = CARTESIAN_POINT ( 'NONE',  ( -2.700000000000000178, -1.199999999999999956, -0.2999999999999999889 ) ) ;
#3866 = ORIENTED_EDGE ( 'NONE', *, *, #4791, .F. ) ;
#3867 = VERTEX_POINT ( 'NONE', #2053 ) ;
#3868 = ORIENTED_EDGE ( 'NONE', *, *, #766, .T. ) ;
#3869 = LINE ( 'NONE', #869, #2796 ) ;
#3870 = CARTESIAN_POINT ( 'NONE',  ( 2.500000000000000000, -1.100000000000000089, -2.635522335218305240E-17 ) ) ;
#3871 = VECTOR ( 'NONE', #2011, 1000.000000000000000 ) ;
#3872 =( GEOMETRIC_REPRESENTATION_CONTEXT ( 3 ) GLOBAL_UNCERTAINTY_ASSIGNED_CONTEXT ( ( #4046 ) ) GLOBAL_UNIT_ASSIGNED_CONTEXT ( ( #4421, #739, #1668 ) ) REPRESENTATION_CONTEXT ( 'NONE', 'WORKASPACE' ) );
#3873 = CIRCLE ( 'NONE', #3485, 1.699999999999999956 ) ;
#3874 = CARTESIAN_POINT ( 'NONE',  ( 0.000000000000000000, 1.199999999999999956, -0.5699999999999999512 ) ) ;
#3875 = VERTEX_POINT ( 'NONE', #2381 ) ;
#3876 = FACE_OUTER_BOUND ( 'NONE', #1612, .T. ) ;
#3877 = PRESENTATION_LAYER_ASSIGNMENT (  '', '', ( #1393 ) ) ;
#3878 = VECTOR ( 'NONE', #4050, 1000.000000000000000 ) ;
#3879 = EDGE_CURVE ( 'NONE', #4559, #1681, #2769, .T. ) ;
#3880 = SURFACE_STYLE_FILL_AREA ( #475 ) ;
#3881 = CYLINDRICAL_SURFACE ( 'NONE', #4783, 0.2999999999999999334 ) ;
#3882 = DIRECTION ( 'NONE',  ( 2.710505431213760099E-16, 1.000000000000000000, 0.000000000000000000 ) ) ;
#3883 = AXIS2_PLACEMENT_3D ( 'NONE', #2673, #1344, #3499 ) ;
#3884 = SURFACE_STYLE_FILL_AREA ( #2357 ) ;
#3885 = CARTESIAN_POINT ( 'NONE',  ( -1.680009069179265069, 2.430009069179265069, 0.8000000000000000444 ) ) ;
#3886 = ORIENTED_EDGE ( 'NONE', *, *, #1862, .T. ) ;
#3887 = EDGE_CURVE ( 'NONE', #4579, #1846, #2006, .T. ) ;
#3888 = LINE ( 'NONE', #2799, #2600 ) ;
#3889 = DIRECTION ( 'NONE',  ( -1.896992367213329726E-16, 1.000000000000000000, 0.000000000000000000 ) ) ;
#3890 = CYLINDRICAL_SURFACE ( 'NONE', #3532, 0.1499999999999999944 ) ;
#3891 = ORIENTED_EDGE ( 'NONE', *, *, #3879, .F. ) ;
#3892 = CARTESIAN_POINT ( 'NONE',  ( -1.600000000000000089, -1.100000000000000089, -0.5699999999999999512 ) ) ;
#3893 = CARTESIAN_POINT ( 'NONE',  ( 1.699999999999999956, 2.100000000000000089, -0.7699999999999999067 ) ) ;
#3894 = ORIENTED_EDGE ( 'NONE', *, *, #3049, .F. ) ;
#3895 = ORIENTED_EDGE ( 'NONE', *, *, #1501, .F. ) ;
#3896 = CARTESIAN_POINT ( 'NONE',  ( -1.296028625818473889, -0.7287392438591728805, 0.2999999999999999889 ) ) ;
#3897 = DIRECTION ( 'NONE',  ( -8.673617379884035472E-15, 0.000000000000000000, 1.000000000000000000 ) ) ;
#3898 = VERTEX_POINT ( 'NONE', #4624 ) ;
#3899 = ORIENTED_EDGE ( 'NONE', *, *, #3208, .T. ) ;
#3900 = DIRECTION ( 'NONE',  ( -2.409338161078900167E-16, -1.000000000000000000, 0.000000000000000000 ) ) ;
#3901 = COLOUR_RGB ( '',1.000000000000000000, 1.000000000000000000, 1.000000000000000000 ) ;
#3902 = DIRECTION ( 'NONE',  ( -1.000000000000000000, 1.971276677246369793E-16, 0.000000000000000000 ) ) ;
#3903 = DIRECTION ( 'NONE',  ( 0.000000000000000000, -1.000000000000000000, 0.000000000000000000 ) ) ;
#3904 = PLANE ( 'NONE',  #2593 ) ;
#3905 = VECTOR ( 'NONE', #2398, 1000.000000000000000 ) ;
#3907 = CIRCLE ( 'NONE', #878, 0.2999999999999999889 ) ;
#3906 = CYLINDRICAL_SURFACE ( 'NONE', #4645, 0.1499999999999999667 ) ;
#3908 = VERTEX_POINT ( 'NONE', #4008 ) ;
#3909 = ADVANCED_FACE ( 'NONE', ( #283 ), #1385, .F. ) ;
#3910 = STYLED_ITEM ( 'NONE', ( #2041 ), #958 ) ;
#3911 = CARTESIAN_POINT ( 'NONE',  ( -0.9960286258184740671, -0.6832195235787649201, 0.3499999999999999778 ) ) ;
#3912 = CARTESIAN_POINT ( 'NONE',  ( -2.486342147991860596, -2.486342147991855267, -0.2606073410281599667 ) ) ;
#3913 = SURFACE_STYLE_USAGE ( .BOTH. , #4679 ) ;
#3914 = ORIENTED_EDGE ( 'NONE', *, *, #3887, .T. ) ;
#3915 = DIRECTION ( 'NONE',  ( 0.000000000000000000, -1.000000000000000000, 0.000000000000000000 ) ) ;
#3916 = PRODUCT_RELATED_PRODUCT_CATEGORY ( 'part', '', ( #2524 ) ) ;
#3917 = AXIS2_PLACEMENT_3D ( 'NONE', #165, #3882, #1646 ) ;
#3918 = AXIS2_PLACEMENT_3D ( 'NONE', #1330, #1396, #1415 ) ;
#3919 = VERTEX_POINT ( 'NONE', #984 ) ;
#3920 = FILL_AREA_STYLE_COLOUR ( '', #2928 ) ;
#3921 = DIRECTION ( 'NONE',  ( -1.000000000000000000, 0.000000000000000000, 0.000000000000000000 ) ) ;
#3922 = ORIENTED_EDGE ( 'NONE', *, *, #78, .T. ) ;
#3923 = FACE_OUTER_BOUND ( 'NONE', #281, .T. ) ;
#3924 = VECTOR ( 'NONE', #3127, 1000.000000000000000 ) ;
#3925 = PLANE ( 'NONE',  #2009 ) ;
#3926 = ORIENTED_EDGE ( 'NONE', *, *, #2201, .F. ) ;
#3927 =( NAMED_UNIT ( * ) SI_UNIT ( $, .STERADIAN. ) SOLID_ANGLE_UNIT ( ) );
#3928 = DIRECTION ( 'NONE',  ( 0.05233595624294389709, 0.000000000000000000, -0.9986295347545739443 ) ) ;
#3929 = CARTESIAN_POINT ( 'NONE',  ( -2.399999999999999911, -2.100000000000000089, -0.2999999999999999889 ) ) ;
#3930 = VERTEX_POINT ( 'NONE', #2840 ) ;
#3931 = DIRECTION ( 'NONE',  ( 0.000000000000000000, 0.000000000000000000, -1.000000000000000000 ) ) ;
#3932 = EDGE_CURVE ( 'NONE', #1042, #1649, #309, .T. ) ;
#3933 = DIRECTION ( 'NONE',  ( 1.000000000000000000, 0.000000000000000000, 0.000000000000000000 ) ) ;
#3934 = EDGE_LOOP ( 'NONE', ( #4662, #2891, #1101, #3526 ) ) ;
#3935 = CARTESIAN_POINT ( 'NONE',  ( -1.296028625818473889, 0.8251250982098670139, 0.2999999999999999889 ) ) ;
#3936 = CARTESIAN_POINT ( 'NONE',  ( 0.3603187164337324777, 0.4570589046025529956, 0.3499999999999999778 ) ) ;
#3937 = EDGE_CURVE ( 'NONE', #3454, #2892, #771, .T. ) ;
#3938 = PRESENTATION_STYLE_ASSIGNMENT (( #1348 ) ) ;
#3939 = STYLED_ITEM ( 'NONE', ( #567 ), #2219 ) ;
#3940 = EDGE_CURVE ( 'NONE', #2258, #99, #1629, .T. ) ;
#3941 = ORIENTED_EDGE ( 'NONE', *, *, #251, .F. ) ;
#3942 = DIRECTION ( 'NONE',  ( -0.05233595624294389709, 0.000000000000000000, -0.9986295347545739443 ) ) ;
#3943 = CYLINDRICAL_SURFACE ( 'NONE', #2986, 0.09999999999999999167 ) ;
#3944 = MECHANICAL_DESIGN_GEOMETRIC_PRESENTATION_REPRESENTATION (  '', ( #2707 ), #671 ) ;
#3945 = ORIENTED_EDGE ( 'NONE', *, *, #4726, .T. ) ;
#3946 = SURFACE_STYLE_USAGE ( .BOTH. , #1376 ) ;
#3947 = UNCERTAINTY_MEASURE_WITH_UNIT (LENGTH_MEASURE( 1.000000000000000082E-05 ), #2218, 'distance_accuracy_value', 'NONE');
#3948 = ADVANCED_FACE ( 'NONE', ( #1029 ), #3979, .F. ) ;
#3949 = EDGE_CURVE ( 'NONE', #3679, #3786, #2933, .T. ) ;
#3950 = CARTESIAN_POINT ( 'NONE',  ( 0.2103187164337330106, 0.9751250982098680353, 0.3499999999999999778 ) ) ;
#3951 = VERTEX_POINT ( 'NONE', #2476 ) ;
#3952 = DIRECTION ( 'NONE',  ( -4.822120870246889395E-16, 1.000000000000000000, 0.000000000000000000 ) ) ;
#3953 = PLANE ( 'NONE',  #1927 ) ;
#3954 = ORIENTED_EDGE ( 'NONE', *, *, #225, .T. ) ;
#3955 = DIRECTION ( 'NONE',  ( -1.776016655323405090E-16, 1.000000000000000000, 0.000000000000000000 ) ) ;
#3956 = DIRECTION ( 'NONE',  ( -4.818676322157800333E-16, 1.000000000000000000, 0.000000000000000000 ) ) ;
#3957 = VECTOR ( 'NONE', #532, 1000.000000000000114 ) ;
#3958 = STYLED_ITEM ( 'NONE', ( #3651 ), #1921 ) ;
#3959 = PLANE ( 'NONE',  #3366 ) ;
#3960 = LINE ( 'NONE', #628, #910 ) ;
#3961 = FILL_AREA_STYLE_COLOUR ( '', #3458 ) ;
#3962 = PRESENTATION_STYLE_ASSIGNMENT (( #3641 ) ) ;
#3963 = EDGE_CURVE ( 'NONE', #2345, #2999, #687, .T. ) ;
#3964 = EDGE_CURVE ( 'NONE', #3082, #4574, #308, .T. ) ;
#3965 = VERTEX_POINT ( 'NONE', #1054 ) ;
#3966 = LINE ( 'NONE', #631, #3163 ) ;
#3967 = CARTESIAN_POINT ( 'NONE',  ( -0.03316504619022000305, -0.1370056143358099887, 0.3499999999999999778 ) ) ;
#3968 = ORIENTED_EDGE ( 'NONE', *, *, #3432, .F. ) ;
#3969 = ORIENTED_EDGE ( 'NONE', *, *, #350, .F. ) ;
#3970 =( NAMED_UNIT ( * ) SI_UNIT ( $, .STERADIAN. ) SOLID_ANGLE_UNIT ( ) );
#3971 = ADVANCED_FACE ( 'NONE', ( #3660 ), #1449, .T. ) ;
#3972 = VECTOR ( 'NONE', #2550, 1000.000000000000000 ) ;
#3973 = APPLICATION_PROTOCOL_DEFINITION ( 'draft international standard', 'automotive_design', 1998, #2468 ) ;
#3974 = ORIENTED_EDGE ( 'NONE', *, *, #4170, .T. ) ;
#3975 = FILL_AREA_STYLE ('',( #2490 ) ) ;
#3976 = EDGE_CURVE ( 'NONE', #496, #3640, #3280, .T. ) ;
#3977 = ORIENTED_EDGE ( 'NONE', *, *, #2402, .F. ) ;
#3978 = CARTESIAN_POINT ( 'NONE',  ( -2.399999999999999911, -2.100000000000000089, -0.2999999999999999889 ) ) ;
#3979 = PLANE ( 'NONE',  #1072 ) ;
#3980 = MECHANICAL_DESIGN_GEOMETRIC_PRESENTATION_REPRESENTATION (  '', ( #254 ), #1876 ) ;
#3981 = ORIENTED_EDGE ( 'NONE', *, *, #1892, .F. ) ;
#3982 = SURFACE_SIDE_STYLE ('',( #4738 ) ) ;
#3983 = VECTOR ( 'NONE', #3231, 1000.000000000000000 ) ;
#3984 = DIRECTION ( 'NONE',  ( -1.000000000000000000, 0.000000000000000000, 0.000000000000000000 ) ) ;
#3985 = CARTESIAN_POINT ( 'NONE',  ( -2.430009069179265069, 1.680009069179265069, 0.4000000000000000222 ) ) ;
#3986 = ORIENTED_EDGE ( 'NONE', *, *, #508, .F. ) ;
#3987 = DIRECTION ( 'NONE',  ( 0.000000000000000000, -1.000000000000000000, 0.000000000000000000 ) ) ;
#3988 = ORIENTED_EDGE ( 'NONE', *, *, #1284, .F. ) ;
#3989 = CARTESIAN_POINT ( 'NONE',  ( 0.3603187164337330328, 0.9751250982098669251, 0.2999999999999999889 ) ) ;
#3990 = DIRECTION ( 'NONE',  ( 0.000000000000000000, 1.000000000000000000, 0.000000000000000000 ) ) ;
#3991 = ORIENTED_EDGE ( 'NONE', *, *, #4635, .F. ) ;
#3992 = ORIENTED_EDGE ( 'NONE', *, *, #2061, .F. ) ;
#3993 = AXIS2_PLACEMENT_3D ( 'NONE', #1664, #1734, #2092 ) ;
#3994 = DIRECTION ( 'NONE',  ( -1.000000000000000000, 0.000000000000000000, 0.000000000000000000 ) ) ;
#3995 = EDGE_CURVE ( 'NONE', #4027, #2277, #3413, .T. ) ;
#3996 = PRESENTATION_LAYER_ASSIGNMENT (  '', '', ( #4751 ) ) ;
#3997 = EDGE_CURVE ( 'NONE', #2934, #923, #2079, .T. ) ;
#3998 = CARTESIAN_POINT ( 'NONE',  ( -2.465004534589634755, -2.500000000000000000, 0.4000000000000000222 ) ) ;
#3999 = EDGE_LOOP ( 'NONE', ( #546, #2301, #3436, #353 ) ) ;
#4000 = LINE ( 'NONE', #3557, #3362 ) ;
#4001 = CIRCLE ( 'NONE', #2375, 0.5500000000000000444 ) ;
#4002 = MECHANICAL_DESIGN_GEOMETRIC_PRESENTATION_REPRESENTATION (  '', ( #30 ), #1976 ) ;
#4003 = CARTESIAN_POINT ( 'NONE',  ( -2.463314554501874643, 2.463314554501874643, -0.6999999999999999556 ) ) ;
#4004 = ADVANCED_FACE ( 'NONE', ( #3586 ), #3252, .F. ) ;
#4005 = EDGE_CURVE ( 'NONE', #1560, #2021, #3204, .T. ) ;
#4006 =( GEOMETRIC_REPRESENTATION_CONTEXT ( 3 ) GLOBAL_UNCERTAINTY_ASSIGNED_CONTEXT ( ( #209 ) ) GLOBAL_UNIT_ASSIGNED_CONTEXT ( ( #81, #4013, #4518 ) ) REPRESENTATION_CONTEXT ( 'NONE', 'WORKASPACE' ) );
#4007 = CARTESIAN_POINT ( 'NONE',  ( -1.919276727925025128, -0.8787392438591720145, 0.3499999999999999778 ) ) ;
#4008 = CARTESIAN_POINT ( 'NONE',  ( -1.971607025033959903, 0.8251250982098670139, 0.3499999999999999778 ) ) ;
#4009 = ORIENTED_EDGE ( 'NONE', *, *, #1370, .T. ) ;
#4010 = EDGE_CURVE ( 'NONE', #2372, #2810, #4313, .T. ) ;
#4011 = EDGE_CURVE ( 'NONE', #522, #4800, #3230, .T. ) ;
#4012 = DIRECTION ( 'NONE',  ( 1.000000000000000000, -1.971276677246369793E-16, 0.000000000000000000 ) ) ;
#4013 =( NAMED_UNIT ( * ) PLANE_ANGLE_UNIT ( ) SI_UNIT ( $, .RADIAN. ) );
#4014 = CARTESIAN_POINT ( 'NONE',  ( -1.919276727925025128, -0.8787392438591720145, 0.3499999999999999778 ) ) ;
#4015 = LINE ( 'NONE', #1039, #4773 ) ;
#4016 = ORIENTED_EDGE ( 'NONE', *, *, #4319, .T. ) ;
#4017 = ORIENTED_EDGE ( 'NONE', *, *, #4072, .T. ) ;
#4018 = FILL_AREA_STYLE ('',( #4327 ) ) ;
#4019 =( GEOMETRIC_REPRESENTATION_CONTEXT ( 3 ) GLOBAL_UNCERTAINTY_ASSIGNED_CONTEXT ( ( #52 ) ) GLOBAL_UNIT_ASSIGNED_CONTEXT ( ( #1503, #2672, #406 ) ) REPRESENTATION_CONTEXT ( 'NONE', 'WORKASPACE' ) );
#4020 = DIRECTION ( 'NONE',  ( 1.445602896647339311E-15, 0.000000000000000000, 1.000000000000000000 ) ) ;
#4021 = ORIENTED_EDGE ( 'NONE', *, *, #2094, .T. ) ;
#4022 =( NAMED_UNIT ( * ) PLANE_ANGLE_UNIT ( ) SI_UNIT ( $, .RADIAN. ) );
#4023 = CARTESIAN_POINT ( 'NONE',  ( 1.600000000000000089, -2.200000000000000178, -0.5699999999999999512 ) ) ;
#4024 = CARTESIAN_POINT ( 'NONE',  ( 2.500000000000000000, 1.199999999999999956, 0.000000000000000000 ) ) ;
#4025 = VECTOR ( 'NONE', #3931, 1000.000000000000000 ) ;
#4026 = ADVANCED_FACE ( 'NONE', ( #1429 ), #3633, .T. ) ;
#4027 = VERTEX_POINT ( 'NONE', #82 ) ;
#4028 = PLANE ( 'NONE',  #119 ) ;
#4029 = AXIS2_PLACEMENT_3D ( 'NONE', #3536, #3903, #214 ) ;
#4030 = ORIENTED_EDGE ( 'NONE', *, *, #3134, .F. ) ;
#4031 = CARTESIAN_POINT ( 'NONE',  ( 2.500000000000000000, -1.199999999999999956, 0.000000000000000000 ) ) ;
#4032 = DIRECTION ( 'NONE',  ( -1.000000000000000000, 2.710505431213760099E-16, 0.000000000000000000 ) ) ;
#4033 = ORIENTED_EDGE ( 'NONE', *, *, #1084, .F. ) ;
#4034 = VECTOR ( 'NONE', #199, 1000.000000000000000 ) ;
#4035 =( LENGTH_UNIT ( ) NAMED_UNIT ( * ) SI_UNIT ( .MILLI., .METRE. ) );
#4036 = CARTESIAN_POINT ( 'NONE',  ( 1.699999999999999956, 0.000000000000000000, 0.2999999999999999889 ) ) ;
#4037 = VECTOR ( 'NONE', #2149, 1000.000000000000000 ) ;
#4038 = CYLINDRICAL_SURFACE ( 'NONE', #837, 0.2999999999999999334 ) ;
#4039 = ADVANCED_FACE ( 'NONE', ( #3351 ), #4442, .F. ) ;
#4040 = STYLED_ITEM ( 'NONE', ( #713 ), #4110 ) ;
#4041 = CARTESIAN_POINT ( 'NONE',  ( 0.5500000000000000444, -2.240667692902679864, -0.5699999999999999512 ) ) ;
#4042 = LINE ( 'NONE', #4770, #2684 ) ;
#4043 = EDGE_LOOP ( 'NONE', ( #2870, #3991, #4593, #1488 ) ) ;
#4044 = VERTEX_POINT ( 'NONE', #33 ) ;
#4045 = CARTESIAN_POINT ( 'NONE',  ( -2.500000000000000000, -1.199999999999999956, -0.2999999999999999889 ) ) ;
#4046 = UNCERTAINTY_MEASURE_WITH_UNIT (LENGTH_MEASURE( 1.000000000000000082E-05 ), #4421, 'distance_accuracy_value', 'NONE');
#4047 = AXIS2_PLACEMENT_3D ( 'NONE', #1873, #2686, #1149 ) ;
#4048 = LINE ( 'NONE', #704, #3271 ) ;
#4049 = CARTESIAN_POINT ( 'NONE',  ( 2.500000000000000000, 1.199999999999999956, 0.000000000000000000 ) ) ;
#4050 = DIRECTION ( 'NONE',  ( 0.000000000000000000, 0.000000000000000000, -1.000000000000000000 ) ) ;
#4051 = DIRECTION ( 'NONE',  ( -1.522241498270669760E-16, -1.000000000000000000, 0.000000000000000000 ) ) ;
#4052 = FILL_AREA_STYLE ('',( #3680 ) ) ;
#4053 = ORIENTED_EDGE ( 'NONE', *, *, #1712, .T. ) ;
#4054 = SURFACE_SIDE_STYLE ('',( #2225 ) ) ;
#4055 = SURFACE_STYLE_USAGE ( .BOTH. , #2564 ) ;
#4056 = VERTEX_POINT ( 'NONE', #58 ) ;
#4057 = EDGE_CURVE ( 'NONE', #542, #2262, #2198, .T. ) ;
#4058 = DIRECTION ( 'NONE',  ( -2.409338161078900167E-16, 1.000000000000000000, 0.000000000000000000 ) ) ;
#4059 = DIRECTION ( 'NONE',  ( 0.000000000000000000, -1.000000000000000000, 0.000000000000000000 ) ) ;
#4060 = MECHANICAL_DESIGN_GEOMETRIC_PRESENTATION_REPRESENTATION (  '', ( #3437 ), #1887 ) ;
#4061 = CARTESIAN_POINT ( 'NONE',  ( 1.262305442492821950, 0.6070589046025529623, 0.3499999999999999778 ) ) ;
#4062 = EDGE_CURVE ( 'NONE', #2222, #946, #4470, .T. ) ;
#4063 = DIRECTION ( 'NONE',  ( -0.000000000000000000, 0.9961946980917455452, 0.08715574274765815199 ) ) ;
#4064 = ORIENTED_EDGE ( 'NONE', *, *, #1020, .F. ) ;
#4065 = VERTEX_POINT ( 'NONE', #4786 ) ;
#4066 = EDGE_CURVE ( 'NONE', #569, #382, #3053, .T. ) ;
#4067 = SURFACE_SIDE_STYLE ('',( #2291 ) ) ;
#4068 = PRESENTATION_LAYER_ASSIGNMENT (  '', '', ( #1500 ) ) ;
#4069 = CARTESIAN_POINT ( 'NONE',  ( -1.699999999999999956, -2.100000000000000089, -0.7699999999999999067 ) ) ;
#4070 = CARTESIAN_POINT ( 'NONE',  ( -2.500000000000000000, 2.100000000000000089, -0.4699999999999999734 ) ) ;
#4071 = ORIENTED_EDGE ( 'NONE', *, *, #4005, .T. ) ;
#4072 = EDGE_CURVE ( 'NONE', #3701, #2258, #2644, .T. ) ;
#4073 = SURFACE_STYLE_USAGE ( .BOTH. , #3724 ) ;
#4074 = ORIENTED_EDGE ( 'NONE', *, *, #2268, .T. ) ;
#4075 = CARTESIAN_POINT ( 'NONE',  ( 2.700000000000000178, -2.100000000000000089, -0.2999999999999999889 ) ) ;
#4076 = AXIS2_PLACEMENT_3D ( 'NONE', #1617, #3075, #1231 ) ;
#4077 = EDGE_LOOP ( 'NONE', ( #2956, #748, #3342, #1196, #4443, #3706, #3824, #1130, #198, #4016, #4502, #4354, #794, #2263, #868, #3439, #3125, #44, #2091, #157 ) ) ;
#4078 = CARTESIAN_POINT ( 'NONE',  ( -1.146028625818473978, 0.6751250982098659925, 0.2999999999999999889 ) ) ;
#4079 = ORIENTED_EDGE ( 'NONE', *, *, #4057, .T. ) ;
#4080 = PRESENTATION_LAYER_ASSIGNMENT (  '', '', ( #1979 ) ) ;
#4081 = DIRECTION ( 'NONE',  ( 1.000000000000000000, 0.000000000000000000, 0.000000000000000000 ) ) ;
#4082 = CARTESIAN_POINT ( 'NONE',  ( -1.919276727925025128, -0.8787392438591720145, 0.2999999999999999889 ) ) ;
#4083 = CARTESIAN_POINT ( 'NONE',  ( -2.399999999999999911, 2.100000000000000089, -0.2999999999999999889 ) ) ;
#4084 = ADVANCED_FACE ( 'NONE', ( #4498 ), #4145, .F. ) ;
#4085 = FACE_OUTER_BOUND ( 'NONE', #3781, .T. ) ;
#4086 = CARTESIAN_POINT ( 'NONE',  ( 1.699999999999999956, 2.100000000000000089, -0.5699999999999999512 ) ) ;
#4087 = VERTEX_POINT ( 'NONE', #3731 ) ;
#4088 = CARTESIAN_POINT ( 'NONE',  ( 2.500000000000000000, -2.100000000000000089, -0.4699999999999999734 ) ) ;
#4089 = UNCERTAINTY_MEASURE_WITH_UNIT (LENGTH_MEASURE( 1.000000000000000082E-05 ), #3467, 'distance_accuracy_value', 'NONE');
#4090 = VERTEX_POINT ( 'NONE', #1574 ) ;
#4091 = DIRECTION ( 'NONE',  ( -0.08682659386424759762, -0.08682659386424759762, -0.9924325091389669673 ) ) ;
#4092 = CARTESIAN_POINT ( 'NONE',  ( 0.000000000000000000, 2.463314554501874643, -0.6999999999999999556 ) ) ;
#4093 =( NAMED_UNIT ( * ) SI_UNIT ( $, .STERADIAN. ) SOLID_ANGLE_UNIT ( ) );
#4094 = LINE ( 'NONE', #2220, #1589 ) ;
#4095 = VECTOR ( 'NONE', #179, 1000.000000000000000 ) ;
#4096 = EDGE_CURVE ( 'NONE', #2907, #4685, #1153, .T. ) ;
#4097 = ORIENTED_EDGE ( 'NONE', *, *, #1736, .T. ) ;
#4098 = DIRECTION ( 'NONE',  ( 0.000000000000000000, -1.000000000000000000, 0.000000000000000000 ) ) ;
#4099 = CARTESIAN_POINT ( 'NONE',  ( -1.146028625818473978, -0.6832195235787659193, 0.3499999999999999778 ) ) ;
#4100 = ORIENTED_EDGE ( 'NONE', *, *, #2961, .F. ) ;
#4101 = LINE ( 'NONE', #738, #453 ) ;
#4102 = VECTOR ( 'NONE', #2175, 1000.000000000000000 ) ;
#4103 = DIRECTION ( 'NONE',  ( -1.000000000000000000, -2.353123974012615482E-15, 0.000000000000000000 ) ) ;
#4104 = ORIENTED_EDGE ( 'NONE', *, *, #4753, .T. ) ;
#4105 = VECTOR ( 'NONE', #2562, 1000.000000000000000 ) ;
#4106 = SURFACE_STYLE_FILL_AREA ( #2938 ) ;
#4107 = CYLINDRICAL_SURFACE ( 'NONE', #3643, 0.1499999999999999667 ) ;
#4108 = AXIS2_PLACEMENT_3D ( 'NONE', #4623, #2324, #3857 ) ;
#4109 = VECTOR ( 'NONE', #3915, 1000.000000000000000 ) ;
#4110 = MANIFOLD_SOLID_BREP ( 'NONE', #3302 ) ;
#4111 =( NAMED_UNIT ( * ) SI_UNIT ( $, .STERADIAN. ) SOLID_ANGLE_UNIT ( ) );
#4112 = ORIENTED_EDGE ( 'NONE', *, *, #2201, .T. ) ;
#4113 = VECTOR ( 'NONE', #4032, 1000.000000000000000 ) ;
#4114 = ADVANCED_FACE ( 'NONE', ( #857 ), #1078, .T. ) ;
#4115 = ORIENTED_EDGE ( 'NONE', *, *, #1713, .F. ) ;
#4116 = DIRECTION ( 'NONE',  ( -1.971276677246369793E-16, -1.000000000000000000, 0.000000000000000000 ) ) ;
#4117 = ORIENTED_EDGE ( 'NONE', *, *, #2937, .F. ) ;
#4118 =( NAMED_UNIT ( * ) SI_UNIT ( $, .STERADIAN. ) SOLID_ANGLE_UNIT ( ) );
#4119 = DIRECTION ( 'NONE',  ( 1.000000000000000000, 0.000000000000000000, 0.000000000000000000 ) ) ;
#4120 = EDGE_CURVE ( 'NONE', #3769, #2438, #2425, .T. ) ;
#4121 = DIRECTION ( 'NONE',  ( 1.000000000000000000, 0.000000000000000000, 0.000000000000000000 ) ) ;
#4122 = DIRECTION ( 'NONE',  ( 0.000000000000000000, 0.000000000000000000, 1.000000000000000000 ) ) ;
#4123 = CYLINDRICAL_SURFACE ( 'NONE', #1157, 0.09999999999999982514 ) ;
#4124 = ADVANCED_FACE ( 'NONE', ( #2767 ), #909, .T. ) ;
#4125 = VERTEX_POINT ( 'NONE', #4577 ) ;
#4126 = CARTESIAN_POINT ( 'NONE',  ( -1.699999999999999956, -1.199999999999999956, -0.7699999999999999067 ) ) ;
#4127 = VERTEX_POINT ( 'NONE', #1264 ) ;
#4128 = PLANE ( 'NONE',  #617 ) ;
#4129 = CARTESIAN_POINT ( 'NONE',  ( 1.600000000000000089, 2.200000000000000178, -0.5699999999999999512 ) ) ;
#4130 = CARTESIAN_POINT ( 'NONE',  ( 0.2103187164337330106, -2.056952929731179935, 0.2999999999999999889 ) ) ;
#4131 = ORIENTED_EDGE ( 'NONE', *, *, #4553, .T. ) ;
#4132 = VERTEX_POINT ( 'NONE', #112 ) ;
#4133 = DIRECTION ( 'NONE',  ( 1.000000000000000000, 0.000000000000000000, 0.000000000000000000 ) ) ;
#4134 = VECTOR ( 'NONE', #4372, 1000.000000000000000 ) ;
#4135 = VERTEX_POINT ( 'NONE', #3471 ) ;
#4136 = CARTESIAN_POINT ( 'NONE',  ( 2.470127565808669878, 1.100000000000000089, -0.5699999999999999512 ) ) ;
#4137 = CARTESIAN_POINT ( 'NONE',  ( -0.5500000000000000444, -2.240667692902679864, -0.6999999999999999556 ) ) ;
#4138 = ORIENTED_EDGE ( 'NONE', *, *, #3464, .T. ) ;
#4139 = DIRECTION ( 'NONE',  ( 0.000000000000000000, 0.000000000000000000, -1.000000000000000000 ) ) ;
#4140 = DIRECTION ( 'NONE',  ( 0.05226442768871401856, 0.05226442768871401856, 0.9972646886342373396 ) ) ;
#4141 = ADVANCED_FACE ( 'NONE', ( #1309 ), #3904, .F. ) ;
#4142 = EDGE_CURVE ( 'NONE', #2321, #4723, #573, .T. ) ;
#4143 = DIRECTION ( 'NONE',  ( 0.000000000000000000, 1.000000000000000000, 0.000000000000000000 ) ) ;
#4144 = PLANE ( 'NONE',  #2155 ) ;
#4146 = AXIS2_PLACEMENT_3D ( 'NONE', #181, #158, #2022 ) ;
#4145 = PLANE ( 'NONE',  #3185 ) ;
#4147 = ORIENTED_EDGE ( 'NONE', *, *, #1073, .T. ) ;
#4148 = EDGE_CURVE ( 'NONE', #2321, #488, #3537, .T. ) ;
#4149 = VECTOR ( 'NONE', #185, 1000.000000000000000 ) ;
#4150 = SURFACE_STYLE_USAGE ( .BOTH. , #1480 ) ;
#4151 = DIRECTION ( 'NONE',  ( 0.000000000000000000, 0.000000000000000000, -1.000000000000000000 ) ) ;
#4152 = AXIS2_PLACEMENT_3D ( 'NONE', #4658, #266, #1347 ) ;
#4153 = ADVANCED_FACE ( 'NONE', ( #1692 ), #3835, .F. ) ;
#4154 = SURFACE_STYLE_USAGE ( .BOTH. , #4504 ) ;
#4155 = DIRECTION ( 'NONE',  ( 0.000000000000000000, 0.000000000000000000, -1.000000000000000000 ) ) ;
#4156 = LINE ( 'NONE', #2728, #2293 ) ;
#4157 = ORIENTED_EDGE ( 'NONE', *, *, #264, .T. ) ;
#4158 = ORIENTED_EDGE ( 'NONE', *, *, #1737, .F. ) ;
#4159 = DIRECTION ( 'NONE',  ( -4.818676322157800333E-16, 1.000000000000000000, 1.466503673540475931E-30 ) ) ;
#4160 = DIRECTION ( 'NONE',  ( -1.000000000000000000, 0.000000000000000000, 0.000000000000000000 ) ) ;
#4161 = EDGE_LOOP ( 'NONE', ( #4211, #740, #1860, #3429 ) ) ;
#4162 = DIRECTION ( 'NONE',  ( 3.043374519257555240E-15, 0.000000000000000000, -1.000000000000000000 ) ) ;
#4163 = DIRECTION ( 'NONE',  ( 0.05233595624294389709, 0.000000000000000000, -0.9986295347545739443 ) ) ;
#4164 = FACE_OUTER_BOUND ( 'NONE', #3013, .T. ) ;
#4165 = VERTEX_POINT ( 'NONE', #1289 ) ;
#4166 = SURFACE_STYLE_USAGE ( .BOTH. , #4598 ) ;
#4167 = DIRECTION ( 'NONE',  ( 0.000000000000000000, 0.000000000000000000, 1.000000000000000000 ) ) ;
#4168 = ORIENTED_EDGE ( 'NONE', *, *, #313, .F. ) ;
#4169 = ADVANCED_FACE ( 'NONE', ( #1624 ), #3495, .F. ) ;
#4170 = EDGE_CURVE ( 'NONE', #141, #4483, #4601, .T. ) ;
#4171 = AXIS2_PLACEMENT_3D ( 'NONE', #1193, #122, #2800 ) ;
#4172 = DIRECTION ( 'NONE',  ( 1.971276677246369793E-16, 1.000000000000000000, 0.000000000000000000 ) ) ;
#4173 = CARTESIAN_POINT ( 'NONE',  ( 2.500000000000000000, -1.199999999999999956, 0.000000000000000000 ) ) ;
#4174 = CARTESIAN_POINT ( 'NONE',  ( 0.000000000000000000, 0.000000000000000000, 0.4000000000000000222 ) ) ;
#4175 = ORIENTED_EDGE ( 'NONE', *, *, #2482, .F. ) ;
#4176 = DIRECTION ( 'NONE',  ( -1.000000000000000000, 0.000000000000000000, 0.000000000000000000 ) ) ;
#4177 = MANIFOLD_SOLID_BREP ( 'NONE', #2047 ) ;
#4178 = LINE ( 'NONE', #43, #1911 ) ;
#4179 = LINE ( 'NONE', #3478, #1038 ) ;
#4180 = ORIENTED_EDGE ( 'NONE', *, *, #1859, .F. ) ;
#4181 = DIRECTION ( 'NONE',  ( -1.000000000000000000, 1.971276677246369793E-16, 0.000000000000000000 ) ) ;
#4182 = DIRECTION ( 'NONE',  ( 1.000000000000000000, 0.000000000000000000, 0.000000000000000000 ) ) ;
#4183 = EDGE_CURVE ( 'NONE', #2897, #2059, #2534, .T. ) ;
#4184 = PRESENTATION_LAYER_ASSIGNMENT (  '', '', ( #1783 ) ) ;
#4185 = CARTESIAN_POINT ( 'NONE',  ( -1.699999999999999956, 2.081899558550500280E-16, 0.3007161552948415251 ) ) ;
#4186 = FILL_AREA_STYLE ('',( #851 ) ) ;
#4187 = ORIENTED_EDGE ( 'NONE', *, *, #4718, .T. ) ;
#4188 = FACE_OUTER_BOUND ( 'NONE', #929, .T. ) ;
#4189 =( GEOMETRIC_REPRESENTATION_CONTEXT ( 3 ) GLOBAL_UNCERTAINTY_ASSIGNED_CONTEXT ( ( #3648 ) ) GLOBAL_UNIT_ASSIGNED_CONTEXT ( ( #434, #2698, #1835 ) ) REPRESENTATION_CONTEXT ( 'NONE', 'WORKASPACE' ) );
#4190 = VECTOR ( 'NONE', #2812, 1000.000000000000000 ) ;
#4191 = SURFACE_STYLE_USAGE ( .BOTH. , #104 ) ;
#4192 = UNCERTAINTY_MEASURE_WITH_UNIT (LENGTH_MEASURE( 1.000000000000000082E-05 ), #1644, 'distance_accuracy_value', 'NONE');
#4193 = CYLINDRICAL_SURFACE ( 'NONE', #1292, 0.1499999999999999944 ) ;
#4194 = SURFACE_STYLE_USAGE ( .BOTH. , #1573 ) ;
#4195 = CARTESIAN_POINT ( 'NONE',  ( -2.700000000000000178, -3.299999999999999822, -8.306732565912529366E-15 ) ) ;
#4196 = DIRECTION ( 'NONE',  ( -1.000000000000000000, 9.105833465946929316E-17, 0.000000000000000000 ) ) ;
#4197 = EDGE_CURVE ( 'NONE', #2759, #1560, #1026, .T. ) ;
#4198 = DIRECTION ( 'NONE',  ( 0.000000000000000000, 0.000000000000000000, -1.000000000000000000 ) ) ;
#4199 = ORIENTED_EDGE ( 'NONE', *, *, #2841, .T. ) ;
#4200 = DIRECTION ( 'NONE',  ( 0.000000000000000000, 0.000000000000000000, -1.000000000000000000 ) ) ;
#4201 = CARTESIAN_POINT ( 'NONE',  ( -2.399999999999999911, -2.100000000000000089, -0.4699999999999999734 ) ) ;
#4202 = DIRECTION ( 'NONE',  ( -1.000000000000000000, 0.000000000000000000, 0.000000000000000000 ) ) ;
#4203 = ORIENTED_EDGE ( 'NONE', *, *, #3072, .F. ) ;
#4204 = ADVANCED_FACE ( 'NONE', ( #2510 ), #2142, .T. ) ;
#4206 = VECTOR ( 'NONE', #4589, 1000.000000000000000 ) ;
#4205 = DIRECTION ( 'NONE',  ( 0.000000000000000000, 0.000000000000000000, -1.000000000000000000 ) ) ;
#4207 = LINE ( 'NONE', #490, #4 ) ;
#4208 = VERTEX_POINT ( 'NONE', #1004 ) ;
#4209 =( NAMED_UNIT ( * ) SI_UNIT ( $, .STERADIAN. ) SOLID_ANGLE_UNIT ( ) );
#4210 = LINE ( 'NONE', #3827, #3444 ) ;
#4211 = ORIENTED_EDGE ( 'NONE', *, *, #105, .T. ) ;
#4212 = CARTESIAN_POINT ( 'NONE',  ( 0.3603187164337324777, 0.4570589046025529956, 0.3499999999999999778 ) ) ;
#4213 = AXIS2_PLACEMENT_3D ( 'NONE', #3746, #1848, #1901 ) ;
#4214 = ADVANCED_FACE ( 'NONE', ( #956 ), #3584, .F. ) ;
#4215 = CARTESIAN_POINT ( 'NONE',  ( 1.600000000000000089, -1.100000000000000089, -0.5699999999999999512 ) ) ;
#4216 = CARTESIAN_POINT ( 'NONE',  ( -0.03316504619022000305, -2.056952929731179935, 0.3499999999999999778 ) ) ;
#4217 =( NAMED_UNIT ( * ) SI_UNIT ( $, .STERADIAN. ) SOLID_ANGLE_UNIT ( ) );
#4218 = FACE_OUTER_BOUND ( 'NONE', #1858, .T. ) ;
#4219 = ORIENTED_EDGE ( 'NONE', *, *, #4638, .F. ) ;
#4220 = DIRECTION ( 'NONE',  ( 7.228014483236696753E-15, 0.000000000000000000, 1.000000000000000000 ) ) ;
#4221 = CONICAL_SURFACE ( 'NONE', #3602, 1.699999999999999956, 0.5410520681182430236 ) ;
#4222 = DIRECTION ( 'NONE',  ( -1.000000000000000000, 0.000000000000000000, 0.000000000000000000 ) ) ;
#4223 = CARTESIAN_POINT ( 'NONE',  ( 0.3603187164337339765, 0.8251250982098670139, 0.3499999999999999778 ) ) ;
#4224 = ORIENTED_EDGE ( 'NONE', *, *, #3114, .F. ) ;
#4225 = EDGE_LOOP ( 'NONE', ( #1751, #4064, #2770, #4138 ) ) ;
#4226 = CARTESIAN_POINT ( 'NONE',  ( -2.500000000000000000, 2.500000000000000000, 0.000000000000000000 ) ) ;
#4227 = CARTESIAN_POINT ( 'NONE',  ( 0.5500000000000000444, 2.254834989607330087, -0.5699999999999999512 ) ) ;
#4228 = VECTOR ( 'NONE', #374, 1000.000000000000000 ) ;
#4229 = VECTOR ( 'NONE', #2885, 1000.000000000000000 ) ;
#4230 = EDGE_CURVE ( 'NONE', #1649, #1733, #2835, .T. ) ;
#4231 = EDGE_CURVE ( 'NONE', #173, #2934, #1405, .T. ) ;
#4232 = DIRECTION ( 'NONE',  ( 0.000000000000000000, -1.000000000000000000, 0.000000000000000000 ) ) ;
#4233 = LINE ( 'NONE', #902, #2439 ) ;
#4234 = ORIENTED_EDGE ( 'NONE', *, *, #2466, .F. ) ;
#4235 = SURFACE_STYLE_USAGE ( .BOTH. , #2760 ) ;
#4236 = DIRECTION ( 'NONE',  ( 0.000000000000000000, -1.000000000000000000, 0.000000000000000000 ) ) ;
#4237 = UNCERTAINTY_MEASURE_WITH_UNIT (LENGTH_MEASURE( 1.000000000000000082E-05 ), #1507, 'distance_accuracy_value', 'NONE');
#4238 = DIRECTION ( 'NONE',  ( -3.043374519257555240E-15, 0.000000000000000000, -1.000000000000000000 ) ) ;
#4239 = EDGE_CURVE ( 'NONE', #2713, #4483, #982, .T. ) ;
#4240 = DIRECTION ( 'NONE',  ( 0.000000000000000000, 1.000000000000000000, 0.000000000000000000 ) ) ;
#4241 = AXIS2_PLACEMENT_3D ( 'NONE', #3039, #2260, #2209 ) ;
#4242 = CARTESIAN_POINT ( 'NONE',  ( 1.930905544980989985, 2.110000814877110109, 0.3499999999999999778 ) ) ;
#4243 = VERTEX_POINT ( 'NONE', #3275 ) ;
#4244 = AXIS2_PLACEMENT_3D ( 'NONE', #1295, #919, #3159 ) ;
#4245 = DIRECTION ( 'NONE',  ( -1.000000000000000000, 0.000000000000000000, 0.000000000000000000 ) ) ;
#4246 = LINE ( 'NONE', #2747, #2856 ) ;
#4247 = DIRECTION ( 'NONE',  ( 0.000000000000000000, 0.000000000000000000, -1.000000000000000000 ) ) ;
#4248 = VERTEX_POINT ( 'NONE', #4003 ) ;
#4249 = ORIENTED_EDGE ( 'NONE', *, *, #1019, .T. ) ;
#4250 = LINE ( 'NONE', #541, #481 ) ;
#4251 = VECTOR ( 'NONE', #3006, 1000.000000000000000 ) ;
#4252 = ORIENTED_EDGE ( 'NONE', *, *, #2121, .F. ) ;
#4253 = AXIS2_PLACEMENT_3D ( 'NONE', #3304, #2275, #377 ) ;
#4254 = EDGE_LOOP ( 'NONE', ( #3502, #3481, #1934, #2548 ) ) ;
#4255 = CARTESIAN_POINT ( 'NONE',  ( 1.562305442492824881, -0.8360159872360379829, 0.2999999999999999889 ) ) ;
#4256 = CARTESIAN_POINT ( 'NONE',  ( -2.399999999999999911, 2.100000000000000089, -0.7699999999999999067 ) ) ;
#4257 = EDGE_LOOP ( 'NONE', ( #3945, #2985, #4331, #1878 ) ) ;
#4258 = FACE_OUTER_BOUND ( 'NONE', #501, .T. ) ;
#4259 = AXIS2_PLACEMENT_3D ( 'NONE', #2400, #2766, #2300 ) ;
#4260 = VECTOR ( 'NONE', #2670, 1000.000000000000000 ) ;
#4261 = CARTESIAN_POINT ( 'NONE',  ( 2.700000000000000178, -3.299999999999999822, -0.4699999999999999734 ) ) ;
#4262 = FILL_AREA_STYLE ('',( #136 ) ) ;
#4263 = EDGE_CURVE ( 'NONE', #2358, #1238, #4691, .T. ) ;
#4264 = DIRECTION ( 'NONE',  ( 0.000000000000000000, 1.000000000000000000, 0.000000000000000000 ) ) ;
#4265 = ORIENTED_EDGE ( 'NONE', *, *, #2069, .F. ) ;
#4266 = LINE ( 'NONE', #4578, #142 ) ;
#4267 = VERTEX_POINT ( 'NONE', #4649 ) ;
#4268 = CARTESIAN_POINT ( 'NONE',  ( 0.3603187164337339765, 0.8251250982098670139, 0.3499999999999999778 ) ) ;
#4269 = EDGE_LOOP ( 'NONE', ( #2528, #807, #925, #2332, #1809, #845, #1535, #1864, #1659 ) ) ;
#4270 = DIRECTION ( 'NONE',  ( 1.000000000000000000, 1.604850264224744813E-16, 0.000000000000000000 ) ) ;
#4271 = SURFACE_STYLE_USAGE ( .BOTH. , #2360 ) ;
#4272 = DIRECTION ( 'NONE',  ( 0.000000000000000000, 0.000000000000000000, -1.000000000000000000 ) ) ;
#4273 = EDGE_LOOP ( 'NONE', ( #538, #3050, #1679, #3534 ) ) ;
#4274 =( NAMED_UNIT ( * ) SI_UNIT ( $, .STERADIAN. ) SOLID_ANGLE_UNIT ( ) );
#4275 = DIRECTION ( 'NONE',  ( -2.409338161078900167E-16, -1.000000000000000000, 0.000000000000000000 ) ) ;
#4276 = VECTOR ( 'NONE', #3241, 1000.000000000000000 ) ;
#4277 = ORIENTED_EDGE ( 'NONE', *, *, #564, .F. ) ;
#4278 = FILL_AREA_STYLE ('',( #1709 ) ) ;
#4279 = CARTESIAN_POINT ( 'NONE',  ( 2.500000000000000000, 2.100000000000000089, -0.2999999999999999889 ) ) ;
#4280 = ORIENTED_EDGE ( 'NONE', *, *, #607, .T. ) ;
#4281 = LINE ( 'NONE', #951, #1091 ) ;
#4282 = EDGE_CURVE ( 'NONE', #3419, #2222, #2074, .T. ) ;
#4283 = LINE ( 'NONE', #1938, #4714 ) ;
#4284 = STYLED_ITEM ( 'NONE', ( #1357 ), #863 ) ;
#4285 =( NAMED_UNIT ( * ) PLANE_ANGLE_UNIT ( ) SI_UNIT ( $, .RADIAN. ) );
#4286 = FILL_AREA_STYLE ('',( #622 ) ) ;
#4287 = EDGE_CURVE ( 'NONE', #4351, #452, #27, .T. ) ;
#4288 = ADVANCED_FACE ( 'NONE', ( #1787 ), #4335, .F. ) ;
#4289 = DIRECTION ( 'NONE',  ( 0.000000000000000000, 1.000000000000000000, 0.000000000000000000 ) ) ;
#4290 = EDGE_CURVE ( 'NONE', #3091, #3454, #4094, .T. ) ;
#4292 = VECTOR ( 'NONE', #2371, 1000.000000000000000 ) ;
#4291 = DIRECTION ( 'NONE',  ( 1.000000000000000000, 0.000000000000000000, 0.000000000000000000 ) ) ;
#4293 = ORIENTED_EDGE ( 'NONE', *, *, #2813, .T. ) ;
#4294 = EDGE_CURVE ( 'NONE', #755, #4432, #1519, .T. ) ;
#4295 = DIRECTION ( 'NONE',  ( 1.000000000000000000, 2.520540444682889996E-16, 0.000000000000000000 ) ) ;
#4296 = CYLINDRICAL_SURFACE ( 'NONE', #4152, 0.1499999999999999667 ) ;
#4297 = FILL_AREA_STYLE_COLOUR ( '', #1851 ) ;
#4298 = AXIS2_PLACEMENT_3D ( 'NONE', #302, #3247, #1359 ) ;
#4299 = ADVANCED_FACE ( 'NONE', ( #3775 ), #1875, .F. ) ;
#4300 = VECTOR ( 'NONE', #559, 1000.000000000000000 ) ;
#4301 = ORIENTED_EDGE ( 'NONE', *, *, #578, .F. ) ;
#4302 = DIRECTION ( 'NONE',  ( 1.000000000000000000, 0.000000000000000000, 0.000000000000000000 ) ) ;
#4303 = ORIENTED_EDGE ( 'NONE', *, *, #969, .F. ) ;
#4304 = ORIENTED_EDGE ( 'NONE', *, *, #466, .T. ) ;
#4305 = CARTESIAN_POINT ( 'NONE',  ( 2.700000000000000178, 1.199999999999999956, -0.4699999999999999734 ) ) ;
#4306 = PRESENTATION_LAYER_ASSIGNMENT (  '', '', ( #351 ) ) ;
#4307 = AXIS2_PLACEMENT_3D ( 'NONE', #195, #4696, #2459 ) ;
#4308 = VECTOR ( 'NONE', #1285, 1000.000000000000000 ) ;
#4309 = DIRECTION ( 'NONE',  ( 0.000000000000000000, 0.000000000000000000, 1.000000000000000000 ) ) ;
#4310 = LINE ( 'NONE', #2833, #2633 ) ;
#4311 = CARTESIAN_POINT ( 'NONE',  ( -2.500000000000000000, -1.199999999999999956, -0.5699999999999999512 ) ) ;
#4312 = CARTESIAN_POINT ( 'NONE',  ( 0.5500000000000000444, 1.050000000000000044, -0.5699999999999999512 ) ) ;
#4313 = LINE ( 'NONE', #626, #2008 ) ;
#4314 = ADVANCED_FACE ( 'NONE', ( #4493 ), #422, .F. ) ;
#4315 = ADVANCED_FACE ( 'NONE', ( #1568 ), #3438, .F. ) ;
#4316 = DIRECTION ( 'NONE',  ( -1.971276677246369793E-16, -1.000000000000000000, 0.000000000000000000 ) ) ;
#4317 = FACE_OUTER_BOUND ( 'NONE', #2315, .T. ) ;
#4318 = ADVANCED_FACE ( 'NONE', ( #4164 ), #826, .F. ) ;
#4319 = EDGE_CURVE ( 'NONE', #2527, #3965, #1926, .T. ) ;
#4320 = MECHANICAL_DESIGN_GEOMETRIC_PRESENTATION_REPRESENTATION (  '', ( #3939 ), #2305 ) ;
#4321 = EDGE_LOOP ( 'NONE', ( #2416, #539, #4053, #275 ) ) ;
#4322 = DIRECTION ( 'NONE',  ( 0.000000000000000000, 0.000000000000000000, 1.000000000000000000 ) ) ;
#4323 = FACE_OUTER_BOUND ( 'NONE', #197, .T. ) ;
#4324 = VECTOR ( 'NONE', #581, 1000.000000000000114 ) ;
#4325 = ORIENTED_EDGE ( 'NONE', *, *, #4594, .F. ) ;
#4326 = ADVANCED_FACE ( 'NONE', ( #3876 ), #4221, .F. ) ;
#4327 = FILL_AREA_STYLE_COLOUR ( '', #4602 ) ;
#4328 = UNCERTAINTY_MEASURE_WITH_UNIT (LENGTH_MEASURE( 1.000000000000000082E-05 ), #4350, 'distance_accuracy_value', 'NONE');
#4329 =( GEOMETRIC_REPRESENTATION_CONTEXT ( 3 ) GLOBAL_UNCERTAINTY_ASSIGNED_CONTEXT ( ( #1618 ) ) GLOBAL_UNIT_ASSIGNED_CONTEXT ( ( #770, #3037, #2988 ) ) REPRESENTATION_CONTEXT ( 'NONE', 'WORKASPACE' ) );
#4330 = DIRECTION ( 'NONE',  ( 0.000000000000000000, 0.000000000000000000, -1.000000000000000000 ) ) ;
#4331 = ORIENTED_EDGE ( 'NONE', *, *, #1712, .F. ) ;
#4332 = FILL_AREA_STYLE ('',( #3582 ) ) ;
#4333 = CARTESIAN_POINT ( 'NONE',  ( -2.500000000000000000, 1.199999999999999956, 0.000000000000000000 ) ) ;
#4334 = AXIS2_PLACEMENT_3D ( 'NONE', #4690, #1025, #3176 ) ;
#4335 = PLANE ( 'NONE',  #3449 ) ;
#4336 = VECTOR ( 'NONE', #820, 1000.000000000000000 ) ;
#4337 = ORIENTED_EDGE ( 'NONE', *, *, #66, .T. ) ;
#4338 = CARTESIAN_POINT ( 'NONE',  ( 1.699999999999999956, -1.199999999999999956, -0.7699999999999999067 ) ) ;
#4339 = DIRECTION ( 'NONE',  ( 0.000000000000000000, 0.000000000000000000, 1.000000000000000000 ) ) ;
#4340 = AXIS2_PLACEMENT_3D ( 'NONE', #2281, #2989, #3398 ) ;
#4341 = CARTESIAN_POINT ( 'NONE',  ( -1.600000000000000089, 1.100000000000000089, -0.6999999999999999556 ) ) ;
#4342 = DIRECTION ( 'NONE',  ( 0.000000000000000000, -1.000000000000000000, 0.000000000000000000 ) ) ;
#4343 = DIRECTION ( 'NONE',  ( -8.998760675425409848E-17, 1.000000000000000000, 0.000000000000000000 ) ) ;
#4344 = ORIENTED_EDGE ( 'NONE', *, *, #3649, .F. ) ;
#4345 = ORIENTED_EDGE ( 'NONE', *, *, #988, .F. ) ;
#4346 = FACE_OUTER_BOUND ( 'NONE', #1996, .T. ) ;
#4347 = CARTESIAN_POINT ( 'NONE',  ( 1.412305442492821861, -0.6860159872360369615, 0.2999999999999999889 ) ) ;
#4348 = ORIENTED_EDGE ( 'NONE', *, *, #350, .T. ) ;
#4349 = CARTESIAN_POINT ( 'NONE',  ( -2.500000000000000000, 1.199999999999999956, -0.2999999999999999889 ) ) ;
#4350 =( LENGTH_UNIT ( ) NAMED_UNIT ( * ) SI_UNIT ( .MILLI., .METRE. ) );
#4351 = VERTEX_POINT ( 'NONE', #1975 ) ;
#4352 = DIRECTION ( 'NONE',  ( 0.05233595624294389709, 0.000000000000000000, -0.9986295347545739443 ) ) ;
#4353 = ADVANCED_FACE ( 'NONE', ( #1204 ), #905, .F. ) ;
#4354 = ORIENTED_EDGE ( 'NONE', *, *, #2131, .F. ) ;
#4355 = CARTESIAN_POINT ( 'NONE',  ( 2.470127565808669878, -1.100000000000000089, -0.5699999999999999512 ) ) ;
#4356 = DIRECTION ( 'NONE',  ( 0.000000000000000000, 0.000000000000000000, -1.000000000000000000 ) ) ;
#4357 = VECTOR ( 'NONE', #981, 1000.000000000000000 ) ;
#4358 = DIRECTION ( 'NONE',  ( 0.000000000000000000, -1.000000000000000000, 0.000000000000000000 ) ) ;
#4359 = VECTOR ( 'NONE', #3025, 1000.000000000000000 ) ;
#4360 = SURFACE_STYLE_FILL_AREA ( #1411 ) ;
#4361 = SURFACE_SIDE_STYLE ('',( #449 ) ) ;
#4362 = DIRECTION ( 'NONE',  ( 2.710505431213760099E-16, 1.000000000000000000, 0.000000000000000000 ) ) ;
#4363 = DIRECTION ( 'NONE',  ( 1.000000000000000000, 0.000000000000000000, 0.000000000000000000 ) ) ;
#4364 = ORIENTED_EDGE ( 'NONE', *, *, #3949, .F. ) ;
#4365 = VERTEX_POINT ( 'NONE', #2738 ) ;
#4366 = CARTESIAN_POINT ( 'NONE',  ( 1.262305442492821950, 0.4570589046025529956, 0.3499999999999999778 ) ) ;
#4367 = UNCERTAINTY_MEASURE_WITH_UNIT (LENGTH_MEASURE( 1.000000000000000082E-05 ), #2473, 'distance_accuracy_value', 'NONE');
#4368 = ADVANCED_FACE ( 'NONE', ( #448 ), #3414, .T. ) ;
#4369 = STYLED_ITEM ( 'NONE', ( #1852 ), #4299 ) ;
#4370 = PLANE ( 'NONE',  #166 ) ;
#4371 = EDGE_LOOP ( 'NONE', ( #867, #1534, #954, #4789 ) ) ;
#4372 = DIRECTION ( 'NONE',  ( 0.000000000000000000, 0.000000000000000000, -1.000000000000000000 ) ) ;
#4373 = AXIS2_PLACEMENT_3D ( 'NONE', #4572, #3100, #525 ) ;
#4374 = DIRECTION ( 'NONE',  ( 1.000000000000000000, 0.000000000000000000, 0.000000000000000000 ) ) ;
#4375 = VECTOR ( 'NONE', #1607, 1000.000000000000000 ) ;
#4376 = EDGE_CURVE ( 'NONE', #1515, #4703, #1998, .T. ) ;
#4377 = ORIENTED_EDGE ( 'NONE', *, *, #1177, .T. ) ;
#4378 = SURFACE_STYLE_USAGE ( .BOTH. , #711 ) ;
#4379 = ORIENTED_EDGE ( 'NONE', *, *, #1737, .T. ) ;
#4380 = CARTESIAN_POINT ( 'NONE',  ( -1.971607025033959903, 2.110000814877110109, 0.3499999999999999778 ) ) ;
#4381 = DIRECTION ( 'NONE',  ( 0.000000000000000000, 0.000000000000000000, 1.000000000000000000 ) ) ;
#4382 = EDGE_CURVE ( 'NONE', #2182, #4125, #2231, .T. ) ;
#4383 = ORIENTED_EDGE ( 'NONE', *, *, #1977, .T. ) ;
#4384 = ORIENTED_EDGE ( 'NONE', *, *, #3109, .T. ) ;
#4385 = CARTESIAN_POINT ( 'NONE',  ( -2.500000000000000000, 2.500000000000000000, 0.000000000000000000 ) ) ;
#4386 = ORIENTED_EDGE ( 'NONE', *, *, #2144, .F. ) ;
#4387 = DIRECTION ( 'NONE',  ( 1.000000000000000000, 0.000000000000000000, 0.000000000000000000 ) ) ;
#4388 = DIRECTION ( 'NONE',  ( 0.000000000000000000, -0.9986295347545739443, -0.05233595624294389709 ) ) ;
#4389 = ORIENTED_EDGE ( 'NONE', *, *, #4142, .F. ) ;
#4390 = LINE ( 'NONE', #3339, #703 ) ;
#4391 = CARTESIAN_POINT ( 'NONE',  ( 0.3603187164337324777, 0.4570589046025529956, 0.2999999999999999889 ) ) ;
#4392 = LINE ( 'NONE', #2951, #1580 ) ;
#4393 = ORIENTED_EDGE ( 'NONE', *, *, #642, .F. ) ;
#4394 = DIRECTION ( 'NONE',  ( 0.000000000000000000, 1.000000000000000000, 0.000000000000000000 ) ) ;
#4395 = DIRECTION ( 'NONE',  ( -3.043374519257555240E-15, 0.000000000000000000, 1.000000000000000000 ) ) ;
#4396 = EDGE_CURVE ( 'NONE', #2810, #488, #3335, .T. ) ;
#4397 = ORIENTED_EDGE ( 'NONE', *, *, #3664, .T. ) ;
#4398 = DIRECTION ( 'NONE',  ( 0.000000000000000000, 0.000000000000000000, -1.000000000000000000 ) ) ;
#4399 = CARTESIAN_POINT ( 'NONE',  ( -2.500000000000000000, 1.199999999999999956, 0.000000000000000000 ) ) ;
#4400 = AXIS2_PLACEMENT_3D ( 'NONE', #3455, #4159, #1070 ) ;
#4401 = LINE ( 'NONE', #9, #1937 ) ;
#4402 = LINE ( 'NONE', #2202, #2629 ) ;
#4403 = CARTESIAN_POINT ( 'NONE',  ( 0.3603187164337339765, 0.8251250982098670139, 0.3499999999999999778 ) ) ;
#4404 = VERTEX_POINT ( 'NONE', #744 ) ;
#4405 = FILL_AREA_STYLE ('',( #791 ) ) ;
#4406 = CARTESIAN_POINT ( 'NONE',  ( -1.600000000000000089, -2.200000000000000178, -0.6999999999999999556 ) ) ;
#4407 = ORIENTED_EDGE ( 'NONE', *, *, #4120, .F. ) ;
#4408 = ORIENTED_EDGE ( 'NONE', *, *, #3587, .F. ) ;
#4409 =( LENGTH_UNIT ( ) NAMED_UNIT ( * ) SI_UNIT ( .MILLI., .METRE. ) );
#4410 = UNCERTAINTY_MEASURE_WITH_UNIT (LENGTH_MEASURE( 1.000000000000000082E-05 ), #1932, 'distance_accuracy_value', 'NONE');
#4411 = ORIENTED_EDGE ( 'NONE', *, *, #1209, .F. ) ;
#4412 = DIRECTION ( 'NONE',  ( 0.000000000000000000, 0.000000000000000000, 1.000000000000000000 ) ) ;
#4413 = DIRECTION ( 'NONE',  ( 0.000000000000000000, 0.000000000000000000, -1.000000000000000000 ) ) ;
#4414 = ORIENTED_EDGE ( 'NONE', *, *, #3932, .F. ) ;
#4415 = DIRECTION ( 'NONE',  ( -0.08715574274765813811, 0.000000000000000000, -0.9961946980917455452 ) ) ;
#4416 = DIRECTION ( 'NONE',  ( -0.000000000000000000, 1.000000000000000000, 0.000000000000000000 ) ) ;
#4417 = EDGE_LOOP ( 'NONE', ( #1205, #4112, #4337, #4489 ) ) ;
#4418 = DIRECTION ( 'NONE',  ( 0.000000000000000000, 0.000000000000000000, -1.000000000000000000 ) ) ;
#4419 = ORIENTED_EDGE ( 'NONE', *, *, #659, .T. ) ;
#4420 = DIRECTION ( 'NONE',  ( -1.000000000000000000, 0.000000000000000000, 0.000000000000000000 ) ) ;
#4421 =( LENGTH_UNIT ( ) NAMED_UNIT ( * ) SI_UNIT ( .MILLI., .METRE. ) );
#4422 = VERTEX_POINT ( 'NONE', #412 ) ;
#4423 = EDGE_CURVE ( 'NONE', #1486, #2897, #1942, .T. ) ;
#4424 =( LENGTH_UNIT ( ) NAMED_UNIT ( * ) SI_UNIT ( .MILLI., .METRE. ) );
#4425 = VECTOR ( 'NONE', #1150, 1000.000000000000000 ) ;
#4426 = CARTESIAN_POINT ( 'NONE',  ( -1.699999999999999956, 2.100000000000000089, -0.7699999999999999067 ) ) ;
#4427 = FILL_AREA_STYLE ('',( #2286 ) ) ;
#4428 = EDGE_LOOP ( 'NONE', ( #3365, #2559, #589, #430 ) ) ;
#4429 = CARTESIAN_POINT ( 'NONE',  ( -2.465004534589634755, 1.680009069179265069, 0.4000000000000000222 ) ) ;
#4430 = VECTOR ( 'NONE', #101, 1000.000000000000000 ) ;
#4431 = EDGE_CURVE ( 'NONE', #2211, #4127, #1893, .T. ) ;
#4432 = VERTEX_POINT ( 'NONE', #2627 ) ;
#4433 = PLANE ( 'NONE',  #4464 ) ;
#4434 = PLANE ( 'NONE',  #2108 ) ;
#4435 = ORIENTED_EDGE ( 'NONE', *, *, #663, .F. ) ;
#4436 = PRESENTATION_STYLE_ASSIGNMENT (( #3298 ) ) ;
#4437 = VECTOR ( 'NONE', #215, 1000.000000000000000 ) ;
#4438 = CARTESIAN_POINT ( 'NONE',  ( 0.2103187164337325110, 2.110000814877110109, 0.3499999999999999778 ) ) ;
#4439 = VECTOR ( 'NONE', #987, 1000.000000000000000 ) ;
#4440 = CARTESIAN_POINT ( 'NONE',  ( -0.9960286258184740671, -0.1370056143358111822, 0.3499999999999999778 ) ) ;
#4441 = ORIENTED_EDGE ( 'NONE', *, *, #3612, .F. ) ;
#4442 = PLANE ( 'NONE',  #60 ) ;
#4443 = ORIENTED_EDGE ( 'NONE', *, *, #1240, .F. ) ;
#4444 = VECTOR ( 'NONE', #1262, 1000.000000000000000 ) ;
#4445 = AXIS2_PLACEMENT_3D ( 'NONE', #3615, #1907, #3728 ) ;
#4446 = ORIENTED_EDGE ( 'NONE', *, *, #1536, .T. ) ;
#4447 = FACE_OUTER_BOUND ( 'NONE', #3303, .T. ) ;
#4448 = ADVANCED_FACE ( 'NONE', ( #1085, #359 ), #2603, .T. ) ;
#4449 = CARTESIAN_POINT ( 'NONE',  ( 1.262305442492821950, 0.6070589046025529623, 0.3499999999999999778 ) ) ;
#4450 = EDGE_LOOP ( 'NONE', ( #4017, #2065, #3941, #3448 ) ) ;
#4451 = DIRECTION ( 'NONE',  ( 0.000000000000000000, -1.000000000000000000, 0.000000000000000000 ) ) ;
#4452 = SURFACE_STYLE_FILL_AREA ( #4427 ) ;
#4453 = CARTESIAN_POINT ( 'NONE',  ( 0.5500000000000000444, 1.050000000000000044, -0.6999999999999999556 ) ) ;
#4454 = ORIENTED_EDGE ( 'NONE', *, *, #3600, .T. ) ;
#4455 = EDGE_LOOP ( 'NONE', ( #593, #3722, #274, #4636 ) ) ;
#4456 = ADVANCED_FACE ( 'NONE', ( #4085 ), #2942, .F. ) ;
#4457 = DIRECTION ( 'NONE',  ( -4.818676322157800333E-16, 1.000000000000000000, 0.000000000000000000 ) ) ;
#4458 = ORIENTED_EDGE ( 'NONE', *, *, #2457, .F. ) ;
#4459 = EDGE_CURVE ( 'NONE', #3266, #1076, #2966, .T. ) ;
#4460 = DIRECTION ( 'NONE',  ( 1.000000000000000000, 0.000000000000000000, -3.071906155375596554E-15 ) ) ;
#4461 = CARTESIAN_POINT ( 'NONE',  ( 0.000000000000000000, 0.000000000000000000, -0.5699999999999999512 ) ) ;
#4462 = VERTEX_POINT ( 'NONE', #4529 ) ;
#4463 = FILL_AREA_STYLE ('',( #1445 ) ) ;
#4464 = AXIS2_PLACEMENT_3D ( 'NONE', #3509, #4302, #4617 ) ;
#4465 = EDGE_LOOP ( 'NONE', ( #3765, #1023, #4280, #3850, #4446, #1331, #12, #1897, #2645, #4071, #4033 ) ) ;
#4466 = CARTESIAN_POINT ( 'NONE',  ( -1.699999999999999956, -2.100000000000000089, -0.7699999999999999067 ) ) ;
#4467 = FACE_OUTER_BOUND ( 'NONE', #4254, .T. ) ;
#4468 = CARTESIAN_POINT ( 'NONE',  ( -1.699999999999999956, -1.199999999999999956, -0.7699999999999999067 ) ) ;
#4469 = ORIENTED_EDGE ( 'NONE', *, *, #2466, .T. ) ;
#4470 = CIRCLE ( 'NONE', #4650, 0.2999999999999999889 ) ;
#4471 = VECTOR ( 'NONE', #3155, 1000.000000000000000 ) ;
#4472 = DIRECTION ( 'NONE',  ( -3.043374519257555240E-15, 0.000000000000000000, 1.000000000000000000 ) ) ;
#4473 = ORIENTED_EDGE ( 'NONE', *, *, #3861, .F. ) ;
#4474 = DIRECTION ( 'NONE',  ( 0.000000000000000000, 0.000000000000000000, -1.000000000000000000 ) ) ;
#4475 = STYLED_ITEM ( 'NONE', ( #3754 ), #3164 ) ;
#4476 = ORIENTED_EDGE ( 'NONE', *, *, #2925, .T. ) ;
#4477 = AXIS2_PLACEMENT_3D ( 'NONE', #1047, #3430, #96 ) ;
#4478 = SURFACE_SIDE_STYLE ('',( #1837 ) ) ;
#4479 = LINE ( 'NONE', #4086, #3862 ) ;
#4480 = CARTESIAN_POINT ( 'NONE',  ( 1.699999999999999956, 1.199999999999999956, -0.7699999999999999067 ) ) ;
#4481 = EDGE_CURVE ( 'NONE', #2182, #3965, #3477, .T. ) ;
#4482 = ORIENTED_EDGE ( 'NONE', *, *, #4594, .T. ) ;
#4483 = VERTEX_POINT ( 'NONE', #1987 ) ;
#4484 = DIRECTION ( 'NONE',  ( -1.000000000000000000, 0.000000000000000000, 0.000000000000000000 ) ) ;
#4485 = DIRECTION ( 'NONE',  ( -1.971276677246369793E-16, -1.000000000000000000, 0.000000000000000000 ) ) ;
#4486 = AXIS2_PLACEMENT_3D ( 'NONE', #3447, #4291, #3474 ) ;
#4487 = VECTOR ( 'NONE', #1759, 1000.000000000000000 ) ;
#4488 = EDGE_CURVE ( 'NONE', #3908, #373, #1963, .T. ) ;
#4489 = ORIENTED_EDGE ( 'NONE', *, *, #3608, .T. ) ;
#4490 = CARTESIAN_POINT ( 'NONE',  ( 2.463314554501874643, -1.100000000000000089, -0.6999999999999999556 ) ) ;
#4491 = CARTESIAN_POINT ( 'NONE',  ( -2.470127565808669878, 2.500000000000000000, -0.5699999999999999512 ) ) ;
#4492 =( NAMED_UNIT ( * ) PLANE_ANGLE_UNIT ( ) SI_UNIT ( $, .RADIAN. ) );
#4493 = FACE_OUTER_BOUND ( 'NONE', #3674, .T. ) ;
#4494 = VECTOR ( 'NONE', #278, 1000.000000000000000 ) ;
#4495 = ORIENTED_EDGE ( 'NONE', *, *, #1741, .T. ) ;
#4496 =( NAMED_UNIT ( * ) SI_UNIT ( $, .STERADIAN. ) SOLID_ANGLE_UNIT ( ) );
#4497 = DIRECTION ( 'NONE',  ( -1.000000000000000000, 0.000000000000000000, 0.000000000000000000 ) ) ;
#4498 = FACE_OUTER_BOUND ( 'NONE', #4043, .T. ) ;
#4499 = ORIENTED_EDGE ( 'NONE', *, *, #3432, .T. ) ;
#4500 = EDGE_CURVE ( 'NONE', #1136, #755, #3059, .T. ) ;
#4501 = CARTESIAN_POINT ( 'NONE',  ( -0.03316504619022000305, 2.110000814877110109, 0.3499999999999999778 ) ) ;
#4502 = ORIENTED_EDGE ( 'NONE', *, *, #1482, .F. ) ;
#4503 = VECTOR ( 'NONE', #563, 1000.000000000000000 ) ;
#4504 = SURFACE_SIDE_STYLE ('',( #2675 ) ) ;
#4505 = CYLINDRICAL_SURFACE ( 'NONE', #4171, 0.09999999999999999167 ) ;
#4506 = CARTESIAN_POINT ( 'NONE',  ( 1.930905544980989985, -2.056952929731179935, 0.2999999999999999889 ) ) ;
#4507 = ORIENTED_EDGE ( 'NONE', *, *, #442, .F. ) ;
#4508 = EDGE_LOOP ( 'NONE', ( #518, #3828, #699, #178 ) ) ;
#4509 = CARTESIAN_POINT ( 'NONE',  ( -0.5500000000000000444, 2.254834989607330087, -0.5699999999999999512 ) ) ;
#4510 = CARTESIAN_POINT ( 'NONE',  ( 2.700000000000000178, -1.199999999999999956, -0.4699999999999999734 ) ) ;
#4511 = AXIS2_PLACEMENT_3D ( 'NONE', #955, #594, #2449 ) ;
#4512 = VERTEX_POINT ( 'NONE', #1631 ) ;
#4513 = DIRECTION ( 'NONE',  ( 0.000000000000000000, 1.000000000000000000, 0.000000000000000000 ) ) ;
#4514 = DIRECTION ( 'NONE',  ( 2.409338161078900167E-16, 1.000000000000000000, 0.000000000000000000 ) ) ;
#4515 = ADVANCED_FACE ( 'NONE', ( #918 ), #1605, .T. ) ;
#4516 = ORIENTED_EDGE ( 'NONE', *, *, #251, .T. ) ;
#4517 =( LENGTH_UNIT ( ) NAMED_UNIT ( * ) SI_UNIT ( .MILLI., .METRE. ) );
#4518 =( NAMED_UNIT ( * ) SI_UNIT ( $, .STERADIAN. ) SOLID_ANGLE_UNIT ( ) );
#4519 = ORIENTED_EDGE ( 'NONE', *, *, #2115, .F. ) ;
#4520 = CARTESIAN_POINT ( 'NONE',  ( -1.699999999999999956, 1.199999999999999956, -0.7699999999999999067 ) ) ;
#4521 = FILL_AREA_STYLE ('',( #137 ) ) ;
#4522 = ORIENTED_EDGE ( 'NONE', *, *, #280, .T. ) ;
#4523 = CARTESIAN_POINT ( 'NONE',  ( -1.600000000000000089, 2.200000000000000178, -0.5699999999999999512 ) ) ;
#4524 = EDGE_CURVE ( 'NONE', #1931, #1508, #4001, .T. ) ;
#4525 = LINE ( 'NONE', #140, #4471 ) ;
#4526 = FACE_OUTER_BOUND ( 'NONE', #685, .T. ) ;
#4527 = PRESENTATION_LAYER_ASSIGNMENT (  '', '', ( #1207 ) ) ;
#4528 = CIRCLE ( 'NONE', #270, 1.699999999999999956 ) ;
#4529 = CARTESIAN_POINT ( 'NONE',  ( -2.500000000000000000, 2.500000000000000000, 0.000000000000000000 ) ) ;
#4530 = DIRECTION ( 'NONE',  ( 0.000000000000000000, 0.000000000000000000, -1.000000000000000000 ) ) ;
#4531 = LINE ( 'NONE', #3792, #1817 ) ;
#4532 = VERTEX_POINT ( 'NONE', #4607 ) ;
#4533 = VERTEX_POINT ( 'NONE', #4626 ) ;
#4534 = LINE ( 'NONE', #2311, #3878 ) ;
#4535 = LINE ( 'NONE', #2752, #4206 ) ;
#4536 = FACE_OUTER_BOUND ( 'NONE', #2289, .T. ) ;
#4537 = DIRECTION ( 'NONE',  ( 0.000000000000000000, -1.000000000000000000, 0.000000000000000000 ) ) ;
#4538 = VERTEX_POINT ( 'NONE', #2029 ) ;
#4539 = CARTESIAN_POINT ( 'NONE',  ( 1.674465648097735060E-16, 1.100000000000000089, -0.6999999999999999556 ) ) ;
#4540 = EDGE_CURVE ( 'NONE', #2032, #1509, #121, .T. ) ;
#4541 = DIRECTION ( 'NONE',  ( 1.000000000000000000, 0.000000000000000000, 0.000000000000000000 ) ) ;
#4542 = PRESENTATION_STYLE_ASSIGNMENT (( #2352 ) ) ;
#4543 = PLANE ( 'NONE',  #4108 ) ;
#4544 = EDGE_CURVE ( 'NONE', #4044, #1733, #2726, .T. ) ;
#4546 = ORIENTED_EDGE ( 'NONE', *, *, #2061, .T. ) ;
#4545 = VECTOR ( 'NONE', #2889, 1000.000000000000000 ) ;
#4547 = EDGE_CURVE ( 'NONE', #1323, #3273, #3888, .T. ) ;
#4548 = CIRCLE ( 'NONE', #3784, 0.2999999999999999889 ) ;
#4549 = DIRECTION ( 'NONE',  ( 1.000000000000000000, -4.818676322157800333E-16, 0.000000000000000000 ) ) ;
#4550 = PLANE ( 'NONE',  #2316 ) ;
#4551 = LINE ( 'NONE', #860, #385 ) ;
#4552 = ORIENTED_EDGE ( 'NONE', *, *, #411, .F. ) ;
#4553 = EDGE_CURVE ( 'NONE', #130, #102, #2359, .T. ) ;
#4554 = CARTESIAN_POINT ( 'NONE',  ( 2.399999999999999911, -2.100000000000000089, -0.7699999999999999067 ) ) ;
#4555 = CARTESIAN_POINT ( 'NONE',  ( -2.700000000000000178, 1.301042606982605912E-15, -8.306732565912529366E-15 ) ) ;
#4556 = CARTESIAN_POINT ( 'NONE',  ( 0.000000000000000000, 2.200000000000000178, -0.6999999999999999556 ) ) ;
#4557 =( GEOMETRIC_REPRESENTATION_CONTEXT ( 3 ) GLOBAL_UNCERTAINTY_ASSIGNED_CONTEXT ( ( #3270 ) ) GLOBAL_UNIT_ASSIGNED_CONTEXT ( ( #2983, #402, #3659 ) ) REPRESENTATION_CONTEXT ( 'NONE', 'WORKASPACE' ) );
#4558 = ORIENTED_EDGE ( 'NONE', *, *, #590, .F. ) ;
#4559 = VERTEX_POINT ( 'NONE', #4554 ) ;
#4560 = ORIENTED_EDGE ( 'NONE', *, *, #4753, .F. ) ;
#4561 = DIRECTION ( 'NONE',  ( 1.000000000000000000, 0.000000000000000000, 0.000000000000000000 ) ) ;
#4562 = DIRECTION ( 'NONE',  ( 1.000000000000000000, 0.000000000000000000, 0.000000000000000000 ) ) ;
#4563 = EDGE_CURVE ( 'NONE', #373, #2674, #3519, .T. ) ;
#4564 = AXIS2_PLACEMENT_3D ( 'NONE', #3892, #2033, #4561 ) ;
#4565 = EDGE_LOOP ( 'NONE', ( #749, #3473, #1417, #3820 ) ) ;
#4566 =( NAMED_UNIT ( * ) PLANE_ANGLE_UNIT ( ) SI_UNIT ( $, .RADIAN. ) );
#4567 = DIRECTION ( 'NONE',  ( 0.000000000000000000, -1.000000000000000000, 0.000000000000000000 ) ) ;
#4568 = VERTEX_POINT ( 'NONE', #2432 ) ;
#4569 = DIRECTION ( 'NONE',  ( 0.9986295347545739443, 0.000000000000000000, -0.05233595624294389709 ) ) ;
#4570 = VECTOR ( 'NONE', #4198, 1000.000000000000000 ) ;
#4571 = STYLED_ITEM ( 'NONE', ( #1886 ), #1716 ) ;
#4572 = CARTESIAN_POINT ( 'NONE',  ( -0.03316504619022000305, -2.056952929731179935, 0.3499999999999999778 ) ) ;
#4573 = UNCERTAINTY_MEASURE_WITH_UNIT (LENGTH_MEASURE( 1.000000000000000082E-05 ), #2687, 'distance_accuracy_value', 'NONE');
#4574 = VERTEX_POINT ( 'NONE', #579 ) ;
#4575 =( NAMED_UNIT ( * ) PLANE_ANGLE_UNIT ( ) SI_UNIT ( $, .RADIAN. ) );
#4576 = DIRECTION ( 'NONE',  ( 0.000000000000000000, 0.000000000000000000, 1.000000000000000000 ) ) ;
#4577 = CARTESIAN_POINT ( 'NONE',  ( 1.600000000000000089, 1.100000000000000089, -0.5699999999999999512 ) ) ;
#4578 = CARTESIAN_POINT ( 'NONE',  ( 2.500000000000000000, 2.200000000000000178, 0.000000000000000000 ) ) ;
#4579 = VERTEX_POINT ( 'NONE', #192 ) ;
#4580 = EDGE_CURVE ( 'NONE', #1695, #639, #3224, .T. ) ;
#4581 = ADVANCED_FACE ( 'NONE', ( #2771 ), #535, .T. ) ;
#4582 = PRESENTATION_LAYER_ASSIGNMENT (  '', '', ( #2880 ) ) ;
#4583 = CARTESIAN_POINT ( 'NONE',  ( 2.399999999999999911, 2.100000000000000089, -0.2999999999999999889 ) ) ;
#4584 = FILL_AREA_STYLE ('',( #1319 ) ) ;
#4585 = CARTESIAN_POINT ( 'NONE',  ( 1.930905544980989985, -0.8360159872360369837, 0.3499999999999999778 ) ) ;
#4586 = ORIENTED_EDGE ( 'NONE', *, *, #3760, .F. ) ;
#4587 = ORIENTED_EDGE ( 'NONE', *, *, #2598, .F. ) ;
#4588 = PRESENTATION_STYLE_ASSIGNMENT (( #2364 ) ) ;
#4589 = DIRECTION ( 'NONE',  ( 0.000000000000000000, -1.000000000000000000, 0.000000000000000000 ) ) ;
#4590 = ADVANCED_FACE ( 'NONE', ( #3425 ), #2383, .T. ) ;
#4591 = CARTESIAN_POINT ( 'NONE',  ( 0.5500000000000000444, -2.240667692902679864, -0.5699999999999999512 ) ) ;
#4592 = LINE ( 'NONE', #3874, #4430 ) ;
#4593 = ORIENTED_EDGE ( 'NONE', *, *, #1977, .F. ) ;
#4594 = EDGE_CURVE ( 'NONE', #2999, #1509, #91, .T. ) ;
#4595 = SURFACE_STYLE_FILL_AREA ( #3126 ) ;
#4596 = SURFACE_STYLE_FILL_AREA ( #1261 ) ;
#4597 =( GEOMETRIC_REPRESENTATION_CONTEXT ( 3 ) GLOBAL_UNCERTAINTY_ASSIGNED_CONTEXT ( ( #4573 ) ) GLOBAL_UNIT_ASSIGNED_CONTEXT ( ( #2687, #310, #627 ) ) REPRESENTATION_CONTEXT ( 'NONE', 'WORKASPACE' ) );
#4598 = SURFACE_SIDE_STYLE ('',( #3416 ) ) ;
#4599 = LINE ( 'NONE', #856, #1022 ) ;
#4600 = CARTESIAN_POINT ( 'NONE',  ( 2.470127565808669878, 2.500000000000000000, -0.5699999999999999512 ) ) ;
#4601 = LINE ( 'NONE', #552, #423 ) ;
#4602 = COLOUR_RGB ( '',1.000000000000000000, 1.000000000000000000, 1.000000000000000000 ) ;
#4603 = FILL_AREA_STYLE_COLOUR ( '', #2233 ) ;
#4604 = CARTESIAN_POINT ( 'NONE',  ( 1.600000000000000089, -2.200000000000000178, -0.5699999999999999512 ) ) ;
#4605 = ORIENTED_EDGE ( 'NONE', *, *, #2272, .F. ) ;
#4606 = AXIS2_PLACEMENT_3D ( 'NONE', #887, #2719, #2403 ) ;
#4607 = CARTESIAN_POINT ( 'NONE',  ( 1.699999999999999956, -1.199999999999999956, -0.7699999999999999067 ) ) ;
#4608 = VECTOR ( 'NONE', #484, 1000.000000000000000 ) ;
#4609 = DIRECTION ( 'NONE',  ( -0.05233595624294389709, 0.000000000000000000, 0.9986295347545739443 ) ) ;
#4610 = AXIS2_PLACEMENT_3D ( 'NONE', #3289, #4747, #1436 ) ;
#4611 = VERTEX_POINT ( 'NONE', #3138 ) ;
#4612 = CARTESIAN_POINT ( 'NONE',  ( -2.463314554501874643, 1.100000000000000089, -0.6999999999999999556 ) ) ;
#4613 = AXIS2_PLACEMENT_3D ( 'NONE', #827, #3777, #502 ) ;
#4614 = CIRCLE ( 'NONE', #36, 0.1499999999999999667 ) ;
#4615 = ADVANCED_FACE ( 'NONE', ( #1294 ), #841, .F. ) ;
#4616 = ORIENTED_EDGE ( 'NONE', *, *, #3472, .T. ) ;
#4617 = DIRECTION ( 'NONE',  ( 0.000000000000000000, 1.000000000000000000, 0.000000000000000000 ) ) ;
#4618 = FACE_BOUND ( 'NONE', #84, .T. ) ;
#4619 = ORIENTED_EDGE ( 'NONE', *, *, #2144, .T. ) ;
#4620 = VERTEX_POINT ( 'NONE', #3656 ) ;
#4621 = SURFACE_STYLE_FILL_AREA ( #1593 ) ;
#4622 = LINE ( 'NONE', #2788, #571 ) ;
#4623 = CARTESIAN_POINT ( 'NONE',  ( 2.500000000000000000, -2.500000000000000000, 0.000000000000000000 ) ) ;
#4624 = CARTESIAN_POINT ( 'NONE',  ( -2.470127565808669878, -1.199999999999999956, -0.5699999999999999512 ) ) ;
#4625 = VECTOR ( 'NONE', #4222, 1000.000000000000000 ) ;
#4626 = CARTESIAN_POINT ( 'NONE',  ( 2.430009069179265069, 2.430009069179265069, 0.8000000000000000444 ) ) ;
#4627 = LINE ( 'NONE', #145, #53 ) ;
#4628 = FACE_OUTER_BOUND ( 'NONE', #3064, .T. ) ;
#4629 = VERTEX_POINT ( 'NONE', #4466 ) ;
#4630 = ORIENTED_EDGE ( 'NONE', *, *, #1782, .F. ) ;
#4631 = ORIENTED_EDGE ( 'NONE', *, *, #718, .F. ) ;
#4632 = DIRECTION ( 'NONE',  ( 1.000000000000000000, 0.000000000000000000, 0.000000000000000000 ) ) ;
#4633 = PLANE ( 'NONE',  #2658 ) ;
#4634 = VECTOR ( 'NONE', #1448, 1000.000000000000000 ) ;
#4635 = EDGE_CURVE ( 'NONE', #2101, #2674, #326, .T. ) ;
#4636 = ORIENTED_EDGE ( 'NONE', *, *, #372, .F. ) ;
#4637 = COLOUR_RGB ( '',1.000000000000000000, 1.000000000000000000, 1.000000000000000000 ) ;
#4638 = EDGE_CURVE ( 'NONE', #3740, #3601, #1810, .T. ) ;
#4639 = VERTEX_POINT ( 'NONE', #4075 ) ;
#4640 = CARTESIAN_POINT ( 'NONE',  ( 1.412305442492821861, -0.6860159872360369615, 0.3499999999999999778 ) ) ;
#4641 = LINE ( 'NONE', #927, #1113 ) ;
#4642 = ORIENTED_EDGE ( 'NONE', *, *, #2085, .T. ) ;
#4643 = VECTOR ( 'NONE', #2864, 1000.000000000000000 ) ;
#4644 = ADVANCED_FACE ( 'NONE', ( #3300 ), #4761, .F. ) ;
#4645 = AXIS2_PLACEMENT_3D ( 'NONE', #1961, #3085, #576 ) ;
#4646 = MECHANICAL_DESIGN_GEOMETRIC_PRESENTATION_REPRESENTATION (  '', ( #4571 ), #3566 ) ;
#4647 = ORIENTED_EDGE ( 'NONE', *, *, #1055, .T. ) ;
#4648 = DIRECTION ( 'NONE',  ( -4.818676322157800333E-16, 1.000000000000000000, 1.751623080406019977E-46 ) ) ;
#4649 = CARTESIAN_POINT ( 'NONE',  ( -1.600000000000000089, -1.100000000000000089, -0.6999999999999999556 ) ) ;
#4650 = AXIS2_PLACEMENT_3D ( 'NONE', #1933, #1135, #2984 ) ;
#4651 = VERTEX_POINT ( 'NONE', #2195 ) ;
#4652 = CARTESIAN_POINT ( 'NONE',  ( -0.9960286258184729569, -0.2870056143358115097, 0.2999999999999999889 ) ) ;
#4653 = DIRECTION ( 'NONE',  ( 1.000000000000000000, 0.000000000000000000, 0.000000000000000000 ) ) ;
#4654 = EDGE_CURVE ( 'NONE', #2797, #346, #2929, .T. ) ;
#4655 = EDGE_LOOP ( 'NONE', ( #619, #2820, #3718, #1229 ) ) ;
#4656 = VECTOR ( 'NONE', #3046, 1000.000000000000000 ) ;
#4657 =( NAMED_UNIT ( * ) SI_UNIT ( $, .STERADIAN. ) SOLID_ANGLE_UNIT ( ) );
#4658 = CARTESIAN_POINT ( 'NONE',  ( -0.9960286258184740671, -0.6832195235787649201, 0.3499999999999999778 ) ) ;
#4659 = ORIENTED_EDGE ( 'NONE', *, *, #1803, .F. ) ;
#4660 = ORIENTED_EDGE ( 'NONE', *, *, #3517, .F. ) ;
#4661 = DIRECTION ( 'NONE',  ( 1.000000000000000000, 0.000000000000000000, 0.000000000000000000 ) ) ;
#4662 = ORIENTED_EDGE ( 'NONE', *, *, #2578, .F. ) ;
#4663 = ORIENTED_EDGE ( 'NONE', *, *, #196, .F. ) ;
#4664 = UNCERTAINTY_MEASURE_WITH_UNIT (LENGTH_MEASURE( 1.000000000000000082E-05 ), #1750, 'distance_accuracy_value', 'NONE');
#4665 = VECTOR ( 'NONE', #1118, 1000.000000000000000 ) ;
#4666 = DIRECTION ( 'NONE',  ( 1.000000000000000000, 0.000000000000000000, 0.000000000000000000 ) ) ;
#4667 = EDGE_CURVE ( 'NONE', #5, #2288, #3309, .T. ) ;
#4668 = ADVANCED_FACE ( 'NONE', ( #2560 ), #3, .T. ) ;
#4669 = ORIENTED_EDGE ( 'NONE', *, *, #730, .F. ) ;
#4670 = SURFACE_STYLE_FILL_AREA ( #2096 ) ;
#4671 = CARTESIAN_POINT ( 'NONE',  ( 1.930905544980989985, 2.110000814877110109, 0.2999999999999999889 ) ) ;
#4672 = DIRECTION ( 'NONE',  ( 0.000000000000000000, 1.000000000000000000, 0.000000000000000000 ) ) ;
#4673 = ORIENTED_EDGE ( 'NONE', *, *, #2221, .T. ) ;
#4674 = LINE ( 'NONE', #1362, #990 ) ;
#4675 = CARTESIAN_POINT ( 'NONE',  ( 1.562305442492824881, -0.6860159872360379607, 0.2999999999999999889 ) ) ;
#4676 = EDGE_CURVE ( 'NONE', #4723, #2013, #2169, .T. ) ;
#4677 = CARTESIAN_POINT ( 'NONE',  ( 0.000000000000000000, 0.000000000000000000, -0.6999999999999999556 ) ) ;
#4678 = DIRECTION ( 'NONE',  ( 0.000000000000000000, 0.000000000000000000, 1.000000000000000000 ) ) ;
#4679 = SURFACE_SIDE_STYLE ('',( #3210 ) ) ;
#4680 = CARTESIAN_POINT ( 'NONE',  ( -0.5500000000000000444, 2.254834989607330087, -0.6999999999999999556 ) ) ;
#4681 = MECHANICAL_DESIGN_GEOMETRIC_PRESENTATION_REPRESENTATION (  '', ( #2451 ), #3684 ) ;
#4682 = VECTOR ( 'NONE', #2105, 1000.000000000000000 ) ;
#4683 = ORIENTED_EDGE ( 'NONE', *, *, #4011, .F. ) ;
#4684 = CARTESIAN_POINT ( 'NONE',  ( -1.146028625818473978, -0.6832195235787659193, 0.2999999999999999889 ) ) ;
#4685 = VERTEX_POINT ( 'NONE', #2146 ) ;
#4686 =( GEOMETRIC_REPRESENTATION_CONTEXT ( 3 ) GLOBAL_UNCERTAINTY_ASSIGNED_CONTEXT ( ( #4664 ) ) GLOBAL_UNIT_ASSIGNED_CONTEXT ( ( #1750, #1011, #3140 ) ) REPRESENTATION_CONTEXT ( 'NONE', 'WORKASPACE' ) );
#4687 = FACE_OUTER_BOUND ( 'NONE', #2729, .T. ) ;
#4688 = EDGE_LOOP ( 'NONE', ( #4158, #4642, #1052, #1521 ) ) ;
#4689 = PRESENTATION_STYLE_ASSIGNMENT (( #3245 ) ) ;
#4690 = CARTESIAN_POINT ( 'NONE',  ( 1.600000000000000089, -1.100000000000000089, -0.5699999999999999512 ) ) ;
#4691 = LINE ( 'NONE', #662, #2199 ) ;
#4692 = ADVANCED_FACE ( 'NONE', ( #1789 ), #4028, .F. ) ;
#4693 = CARTESIAN_POINT ( 'NONE',  ( -2.499117102666014834, 1.199999999999999956, -0.01684668471109859733 ) ) ;
#4694 = DIRECTION ( 'NONE',  ( 0.000000000000000000, 0.000000000000000000, -1.000000000000000000 ) ) ;
#4695 = DIRECTION ( 'NONE',  ( 1.000000000000000000, 0.000000000000000000, 0.000000000000000000 ) ) ;
#4696 = DIRECTION ( 'NONE',  ( 0.000000000000000000, 0.000000000000000000, 1.000000000000000000 ) ) ;
#4697 = DIRECTION ( 'NONE',  ( 1.000000000000000000, -2.710505431213760099E-16, 0.000000000000000000 ) ) ;
#4698 = CIRCLE ( 'NONE', #2700, 0.09999999999999999167 ) ;
#4699 = ORIENTED_EDGE ( 'NONE', *, *, #551, .T. ) ;
#4700 = DIRECTION ( 'NONE',  ( 0.000000000000000000, 0.000000000000000000, -1.000000000000000000 ) ) ;
#4701 = CARTESIAN_POINT ( 'NONE',  ( 1.930905544980989985, -0.8360159872360369837, 0.3499999999999999778 ) ) ;
#4702 = CIRCLE ( 'NONE', #2625, 0.1499999999999999667 ) ;
#4703 = VERTEX_POINT ( 'NONE', #3628 ) ;
#4704 = FACE_OUTER_BOUND ( 'NONE', #4321, .T. ) ;
#4705 = EDGE_CURVE ( 'NONE', #3631, #4065, #684, .T. ) ;
#4706 = MECHANICAL_DESIGN_GEOMETRIC_PRESENTATION_REPRESENTATION (  '', ( #57 ), #1458 ) ;
#4707 = LINE ( 'NONE', #999, #4494 ) ;
#4708 = ORIENTED_EDGE ( 'NONE', *, *, #3830, .F. ) ;
#4709 = PRESENTATION_LAYER_ASSIGNMENT (  '', '', ( #61 ) ) ;
#4710 = AXIS2_PLACEMENT_3D ( 'NONE', #3653, #3676, #4759 ) ;
#4711 = EDGE_LOOP ( 'NONE', ( #2914, #1185, #3744, #4546 ) ) ;
#4712 = CARTESIAN_POINT ( 'NONE',  ( 1.930905544980989985, -2.056952929731179935, 0.3499999999999999778 ) ) ;
#4713 = CARTESIAN_POINT ( 'NONE',  ( 1.930905544980989985, 2.110000814877110109, 0.3499999999999999778 ) ) ;
#4714 = VECTOR ( 'NONE', #1714, 1000.000000000000000 ) ;
#4715 = DIRECTION ( 'NONE',  ( 0.000000000000000000, -1.000000000000000000, 0.000000000000000000 ) ) ;
#4716 = CARTESIAN_POINT ( 'NONE',  ( -1.600000000000000089, 2.200000000000000178, -0.5699999999999999512 ) ) ;
#4717 = LINE ( 'NONE', #1572, #2521 ) ;
#4718 = EDGE_CURVE ( 'NONE', #3840, #4568, #3003, .T. ) ;
#4719 = PLANE ( 'NONE',  #2546 ) ;
#4720 = VERTEX_POINT ( 'NONE', #3277 ) ;
#4721 = PLANE ( 'NONE',  #3476 ) ;
#4722 = CARTESIAN_POINT ( 'NONE',  ( -1.146028625818473978, -0.7287392438591709931, 0.2999999999999999889 ) ) ;
#4723 = VERTEX_POINT ( 'NONE', #4732 ) ;
#4724 = CARTESIAN_POINT ( 'NONE',  ( -0.1831650461902210036, -0.2870056143358110101, 0.3499999999999999778 ) ) ;
#4725 = VECTOR ( 'NONE', #4457, 1000.000000000000000 ) ;
#4726 = EDGE_CURVE ( 'NONE', #4127, #3951, #1426, .T. ) ;
#4727 = ORIENTED_EDGE ( 'NONE', *, *, #4170, .F. ) ;
#4728 = FACE_OUTER_BOUND ( 'NONE', #3240, .T. ) ;
#4729 = SURFACE_SIDE_STYLE ('',( #2900 ) ) ;
#4730 = AXIS2_PLACEMENT_3D ( 'NONE', #3798, #465, #1948 ) ;
#4731 = ORIENTED_EDGE ( 'NONE', *, *, #3517, .T. ) ;
#4732 = CARTESIAN_POINT ( 'NONE',  ( -0.03316504619022000305, -2.056952929731179935, 0.3499999999999999778 ) ) ;
#4733 = EDGE_LOOP ( 'NONE', ( #18, #4619, #2910, #4744, #1280, #1382, #83, #1164 ) ) ;
#4734 = DIRECTION ( 'NONE',  ( 1.000000000000000000, 0.000000000000000000, 0.000000000000000000 ) ) ;
#4735 = CARTESIAN_POINT ( 'NONE',  ( 0.000000000000000000, 0.000000000000000000, 0.8000000000000000444 ) ) ;
#4736 = STYLED_ITEM ( 'NONE', ( #1127 ), #874 ) ;
#4737 = ORIENTED_EDGE ( 'NONE', *, *, #524, .T. ) ;
#4738 = SURFACE_STYLE_FILL_AREA ( #2519 ) ;
#4739 = PRESENTATION_LAYER_ASSIGNMENT (  '', '', ( #497 ) ) ;
#4740 = DIRECTION ( 'NONE',  ( -2.520540444682889996E-16, 1.000000000000000000, 0.000000000000000000 ) ) ;
#4741 = DIRECTION ( 'NONE',  ( -3.043374519257555240E-15, 0.000000000000000000, -1.000000000000000000 ) ) ;
#4742 = EDGE_LOOP ( 'NONE', ( #113, #2138, #2420, #797 ) ) ;
#4743 =( LENGTH_UNIT ( ) NAMED_UNIT ( * ) SI_UNIT ( .MILLI., .METRE. ) );
#4744 = ORIENTED_EDGE ( 'NONE', *, *, #1877, .T. ) ;
#4745 = VECTOR ( 'NONE', #3530, 1000.000000000000000 ) ;
#4746 = DIRECTION ( 'NONE',  ( 0.000000000000000000, -1.000000000000000000, 0.000000000000000000 ) ) ;
#4747 = DIRECTION ( 'NONE',  ( 0.000000000000000000, 0.000000000000000000, -1.000000000000000000 ) ) ;
#4748 = ORIENTED_EDGE ( 'NONE', *, *, #1782, .T. ) ;
#4749 = ORIENTED_EDGE ( 'NONE', *, *, #1269, .F. ) ;
#4750 =( NAMED_UNIT ( * ) PLANE_ANGLE_UNIT ( ) SI_UNIT ( $, .RADIAN. ) );
#4751 = STYLED_ITEM ( 'NONE', ( #2354 ), #4153 ) ;
#4752 = CLOSED_SHELL ( 'NONE', ( #4515, #932, #4084, #1184, #1717, #4141, #4807, #960, #3849, #2395, #50 ) ) ;
#4753 = EDGE_CURVE ( 'NONE', #2826, #373, #1548, .T. ) ;
#4754 = LINE ( 'NONE', #1804, #3571 ) ;
#4755 = CARTESIAN_POINT ( 'NONE',  ( 0.5500000000000000444, 6.735557395310442516E-17, -0.5699999999999999512 ) ) ;
#4756 = VERTEX_POINT ( 'NONE', #2298 ) ;
#4757 = DIRECTION ( 'NONE',  ( 0.000000000000000000, 0.000000000000000000, 1.000000000000000000 ) ) ;
#4758 =( GEOMETRIC_REPRESENTATION_CONTEXT ( 3 ) GLOBAL_UNCERTAINTY_ASSIGNED_CONTEXT ( ( #2185 ) ) GLOBAL_UNIT_ASSIGNED_CONTEXT ( ( #2374, #548, #855 ) ) REPRESENTATION_CONTEXT ( 'NONE', 'WORKASPACE' ) );
#4759 = DIRECTION ( 'NONE',  ( -1.000000000000000000, 0.000000000000000000, 0.000000000000000000 ) ) ;
#4760 = ADVANCED_FACE ( 'NONE', ( #1179 ), #1597, .F. ) ;
#4761 = CYLINDRICAL_SURFACE ( 'NONE', #2377, 0.1499999999999999667 ) ;
#4762 = ORIENTED_EDGE ( 'NONE', *, *, #1563, .T. ) ;
#4763 = LINE ( 'NONE', #354, #4251 ) ;
#4764 = DIRECTION ( 'NONE',  ( 0.000000000000000000, -1.000000000000000000, 0.000000000000000000 ) ) ;
#4765 = LINE ( 'NONE', #3395, #2248 ) ;
#4766 = SURFACE_STYLE_FILL_AREA ( #1367 ) ;
#4767 = FACE_OUTER_BOUND ( 'NONE', #325, .T. ) ;
#4768 =( LENGTH_UNIT ( ) NAMED_UNIT ( * ) SI_UNIT ( .MILLI., .METRE. ) );
#4769 = CARTESIAN_POINT ( 'NONE',  ( -0.9960286258184729569, -0.2870056143358115097, 0.3499999999999999778 ) ) ;
#4770 = CARTESIAN_POINT ( 'NONE',  ( 1.699999999999999956, 0.000000000000000000, 0.3007161552948415251 ) ) ;
#4771 = ORIENTED_EDGE ( 'NONE', *, *, #3940, .T. ) ;
#4772 = ORIENTED_EDGE ( 'NONE', *, *, #3949, .T. ) ;
#4773 = VECTOR ( 'NONE', #2915, 1000.000000000000000 ) ;
#4774 = ADVANCED_FACE ( 'NONE', ( #3855 ), #3051, .F. ) ;
#4775 = VECTOR ( 'NONE', #2478, 1000.000000000000000 ) ;
#4776 = CARTESIAN_POINT ( 'NONE',  ( 2.499117102666014834, 2.100000000000000089, -0.01684668471109859733 ) ) ;
#4777 = ORIENTED_EDGE ( 'NONE', *, *, #3997, .F. ) ;
#4778 = PLANE ( 'NONE',  #721 ) ;
#4779 = ADVANCED_FACE ( 'NONE', ( #2376 ), #2716, .F. ) ;
#4780 =( NAMED_UNIT ( * ) SI_UNIT ( $, .STERADIAN. ) SOLID_ANGLE_UNIT ( ) );
#4781 = VECTOR ( 'NONE', #3111, 1000.000000000000000 ) ;
#4782 = ORIENTED_EDGE ( 'NONE', *, *, #3372, .T. ) ;
#4783 = AXIS2_PLACEMENT_3D ( 'NONE', #1981, #1308, #829 ) ;
#4784 = ORIENTED_EDGE ( 'NONE', *, *, #4667, .F. ) ;
#4785 = DIRECTION ( 'NONE',  ( -1.000000000000000000, 0.000000000000000000, 0.000000000000000000 ) ) ;
#4786 = CARTESIAN_POINT ( 'NONE',  ( 1.600000000000000089, 2.200000000000000178, -0.6999999999999999556 ) ) ;
#4787 = ORIENTED_EDGE ( 'NONE', *, *, #2695, .T. ) ;
#4788 = EDGE_CURVE ( 'NONE', #4568, #2999, #882, .T. ) ;
#4789 = ORIENTED_EDGE ( 'NONE', *, *, #1217, .F. ) ;
#4790 = LINE ( 'NONE', #1479, #2798 ) ;
#4791 = EDGE_CURVE ( 'NONE', #3951, #2996, #3491, .T. ) ;
#4792 = LINE ( 'NONE', #2648, #1919 ) ;
#4793 = STYLED_ITEM ( 'NONE', ( #3135 ), #3814 ) ;
#4794 = VECTOR ( 'NONE', #3837, 1000.000000000000000 ) ;
#4795 = DIRECTION ( 'NONE',  ( 0.000000000000000000, 0.000000000000000000, 1.000000000000000000 ) ) ;
#4796 = DIRECTION ( 'NONE',  ( 0.000000000000000000, 0.000000000000000000, 1.000000000000000000 ) ) ;
#4797 = CARTESIAN_POINT ( 'NONE',  ( 0.5500000000000000444, -1.050000000000000044, -0.5699999999999999512 ) ) ;
#4798 = PRESENTATION_STYLE_ASSIGNMENT (( #2181 ) ) ;
#4799 = ORIENTED_EDGE ( 'NONE', *, *, #977, .F. ) ;
#4800 = VERTEX_POINT ( 'NONE', #162 ) ;
#4801 = DIRECTION ( 'NONE',  ( 1.000000000000000000, 2.000708728360074935E-16, 0.000000000000000000 ) ) ;
#4802 = UNCERTAINTY_MEASURE_WITH_UNIT (LENGTH_MEASURE( 1.000000000000000082E-05 ), #1600, 'distance_accuracy_value', 'NONE');
#4803 = ORIENTED_EDGE ( 'NONE', *, *, #2961, .T. ) ;
#4804 = CARTESIAN_POINT ( 'NONE',  ( 1.930905544980989985, 0.8251250982098670139, 0.3499999999999999778 ) ) ;
#4805 = LINE ( 'NONE', #4491, #4425 ) ;
#4806 = SURFACE_STYLE_FILL_AREA ( #4463 ) ;
#4807 = ADVANCED_FACE ( 'NONE', ( #1570 ), #4193, .T. ) ;
ENDSEC;
END-ISO-10303-21;
